[feat/rb08-production-handoff 627cb19] fix(rb07): bind caption rules to the same verified world route
 Date: Thu Oct 8 13:18:53 2026 +0000
 4 files changed, 22 insertions(+), 8 deletions(-)
[feat/rb08-production-handoff 9d8ebb2] fix(rb07): capture author edition before asynchronous inspection
 Date: Thu Oct 8 13:34:06 2026 +0000
 2 files changed, 3 insertions(+), 1 deletion(-)
[feat/rb08-production-handoff 8122160] docs: bind RB07 production verification to eleven candidates
 Date: Thu Oct 8 13:58:42 2026 +0000
 1262 files changed, 649204 insertions(+), 430 deletions(-)
 create mode 100644 docs/quality/current-review/evidence/rb07-production/README.md
 create mode 100644 docs/quality/current-review/evidence/rb07-production/candidate-1/ARTIFACTS.json
 create mode 100644 docs/quality/current-review/evidence/rb07-production/candidate-1/build.log
 create mode 100644 docs/quality/current-review/evidence/rb07-production/candidate-1/candidate-binding.json
 create mode 100644 docs/quality/current-review/evidence/rb07-production/candidate-1/docs.log
 create mode 100644 docs/quality/current-review/evidence/rb07-production/candidate-1/e2e.log
 create mode 100644 docs/quality/current-review/evidence/rb07-production/candidate-1/independent/ARTIFACT_BINDING.json
 create mode 100644 docs/quality/current-review/evidence/rb07-production/candidate-1/independent/INDEPENDENT_REVIEW.json
 create mode 100644 docs/quality/current-review/evidence/rb07-production/candidate-1/independent/INDEPENDENT_REVIEW.md
 create mode 100644 docs/quality/current-review/evidence/rb07-production/candidate-1/independent/SOURCE_COMMIT_BINDING.json
 create mode 100644 docs/quality/current-review/evidence/rb07-production/candidate-1/independent/independent-app-production-followup.mjs
 create mode 100644 docs/quality/current-review/evidence/rb07-production/candidate-1/independent/independent-app-production-harness.html
 create mode 100644 docs/quality/current-review/evidence/rb07-production/candidate-1/independent/independent-app-production-harness.tsx
 create mode 100644 docs/quality/current-review/evidence/rb07-production/candidate-1/independent/independent-app-production.mjs
 create mode 100644 docs/quality/current-review/evidence/rb07-production/candidate-1/independent/independent-playwright.config.ts
 create mode 100644 docs/quality/current-review/evidence/rb07-production/candidate-1/independent/independent/ORIGINAL_CONTRACTS.json
 create mode 100644 docs/quality/current-review/evidence/rb07-production/candidate-1/independent/independent/browser-classified-results.json
 create mode 100644 docs/quality/current-review/evidence/rb07-production/candidate-1/independent/independent/browser-production-followup.json
 create mode 100644 docs/quality/current-review/evidence/rb07-production/candidate-1/independent/independent/browser-production-followup.log
 create mode 100644 docs/quality/current-review/evidence/rb07-production/candidate-1/independent/independent/browser-production.json
 create mode 100644 docs/quality/current-review/evidence/rb07-production/candidate-1/independent/independent/browser-production.log
 create mode 100644 docs/quality/current-review/evidence/rb07-production/candidate-1/independent/independent/browser-run2/fixtures/R7U01-split-away-switch-failure-cold-after.json
 create mode 100644 docs/quality/current-review/evidence/rb07-production/candidate-1/independent/independent/browser-run2/fixtures/R7U02-copy-merge-keeps-history-source-after.json
 create mode 100644 docs/quality/current-review/evidence/rb07-production/candidate-1/independent/independent/browser-run2/fixtures/R7U02-observation.json
 create mode 100644 docs/quality/current-review/evidence/rb07-production/candidate-1/independent/independent/browser-run2/fixtures/R7U03-material-ack-next-clear-cold-after.json
 create mode 100644 docs/quality/current-review/evidence/rb07-production/candidate-1/independent/independent/browser-run2/fixtures/R7U04-stale-material-input-retained-after.json
 create mode 100644 docs/quality/current-review/evidence/rb07-production/candidate-1/independent/independent/browser-run2/fixtures/R7U05-dependent-frame-review-after.json
 create mode 100644 docs/quality/current-review/evidence/rb07-production/candidate-1/independent/independent/browser-run2/fixtures/R7U05-observation.json
 create mode 100644 docs/quality/current-review/evidence/rb07-production/candidate-1/independent/independent/browser-run2/fixtures/R7U06-acquired-time-normal-failure-after.json
 create mode 100644 docs/quality/current-review/evidence/rb07-production/candidate-1/independent/independent/browser-run2/fixtures/R7U07-chapter-flow-cues-timecode-after.json
 create mode 100644 docs/quality/current-review/evidence/rb07-production/candidate-1/independent/independent/browser-run2/raw.log
 create mode 100644 docs/quality/current-review/evidence/rb07-production/candidate-1/independent/independent/browser-run2/results.json
 create mode 100644 docs/quality/current-review/evidence/rb07-production/candidate-1/independent/independent/browser-run2/script.mjs
 create mode 100644 docs/quality/current-review/evidence/rb07-production/candidate-1/independent/independent/browser-setup1/README.md
 create mode 100644 docs/quality/current-review/evidence/rb07-production/candidate-1/independent/independent/browser-setup1/fixtures/R7U01-split-away-switch-failure-cold-after.json
 create mode 100644 docs/quality/current-review/evidence/rb07-production/candidate-1/independent/independent/browser-setup1/fixtures/R7U02-copy-merge-keeps-history-source-after.json
 create mode 100644 docs/quality/current-review/evidence/rb07-production/candidate-1/independent/independent/browser-setup1/fixtures/R7U03-material-ack-next-clear-cold-after.json
 create mode 100644 docs/quality/current-review/evidence/rb07-production/candidate-1/independent/independent/browser-setup1/fixtures/R7U04-stale-material-input-retained-after.json
 create mode 100644 docs/quality/current-review/evidence/rb07-production/candidate-1/independent/independent/browser-setup1/fixtures/R7U05-dependent-frame-review-after.json
 create mode 100644 docs/quality/current-review/evidence/rb07-production/candidate-1/independent/independent/browser-setup1/fixtures/R7U06-acquired-time-normal-failure-after.json
 create mode 100644 docs/quality/current-review/evidence/rb07-production/candidate-1/independent/independent/browser-setup1/fixtures/R7U07-chapter-flow-cues-timecode-after.json
 create mode 100644 docs/quality/current-review/evidence/rb07-production/candidate-1/independent/independent/browser-setup1/raw.log
 create mode 100644 docs/quality/current-review/evidence/rb07-production/candidate-1/independent/independent/browser-setup1/results.json
 create mode 100644 docs/quality/current-review/evidence/rb07-production/candidate-1/independent/independent/browser-setup1/script.mjs
 create mode 100644 docs/quality/current-review/evidence/rb07-production/candidate-1/independent/independent/build-setup/first-build.log
 create mode 100644 docs/quality/current-review/evidence/rb07-production/candidate-1/independent/independent/build-setup/reviewer-test-before-type-fix.ts
 create mode 100644 docs/quality/current-review/evidence/rb07-production/candidate-1/independent/independent/build.log
 create mode 100644 docs/quality/current-review/evidence/rb07-production/candidate-1/independent/independent/domain-boundaries.log
 create mode 100644 docs/quality/current-review/evidence/rb07-production/candidate-1/independent/independent/domain-fixture-diagnostic.log
 create mode 100644 docs/quality/current-review/evidence/rb07-production/candidate-1/independent/independent/domain-run1/fixtures/R7D01.json
 create mode 100644 docs/quality/current-review/evidence/rb07-production/candidate-1/independent/independent/domain-run1/fixtures/R7D02.json
 create mode 100644 docs/quality/current-review/evidence/rb07-production/candidate-1/independent/independent/domain-run1/fixtures/R7D06.json
 create mode 100644 docs/quality/current-review/evidence/rb07-production/candidate-1/independent/independent/domain-run1/fixtures/R7D08.json
 create mode 100644 docs/quality/current-review/evidence/rb07-production/candidate-1/independent/independent/domain-run1/fixtures/R7D09.json
 create mode 100644 docs/quality/current-review/evidence/rb07-production/candidate-1/independent/independent/domain-run1/fixtures/R7D11.json
 create mode 100644 docs/quality/current-review/evidence/rb07-production/candidate-1/independent/independent/domain-run1/fixtures/split-saved.scenario
 create mode 100644 docs/quality/current-review/evidence/rb07-production/candidate-1/independent/independent/domain-run1/log.txt
 create mode 100644 docs/quality/current-review/evidence/rb07-production/candidate-1/independent/independent/domain-run1/test.ts
 create mode 100644 docs/quality/current-review/evidence/rb07-production/candidate-1/independent/independent/domain-run2/fixtures/R7D01.json
 create mode 100644 docs/quality/current-review/evidence/rb07-production/candidate-1/independent/independent/domain-run2/fixtures/R7D02.json
 create mode 100644 docs/quality/current-review/evidence/rb07-production/candidate-1/independent/independent/domain-run2/fixtures/R7D06.json
 create mode 100644 docs/quality/current-review/evidence/rb07-production/candidate-1/independent/independent/domain-run2/fixtures/R7D08.json
 create mode 100644 docs/quality/current-review/evidence/rb07-production/candidate-1/independent/independent/domain-run2/fixtures/R7D09.json
 create mode 100644 docs/quality/current-review/evidence/rb07-production/candidate-1/independent/independent/domain-run2/fixtures/R7D11.json
 create mode 100644 docs/quality/current-review/evidence/rb07-production/candidate-1/independent/independent/domain-run2/log.txt
 create mode 100644 docs/quality/current-review/evidence/rb07-production/candidate-1/independent/independent/domain-run2/test.ts
 create mode 100644 docs/quality/current-review/evidence/rb07-production/candidate-1/independent/independent/domain-siblings.log
 create mode 100644 docs/quality/current-review/evidence/rb07-production/candidate-1/independent/independent/fixture-validity.log
 create mode 100644 docs/quality/current-review/evidence/rb07-production/candidate-1/independent/independent/fixtures/R7D01.json
 create mode 100644 docs/quality/current-review/evidence/rb07-production/candidate-1/independent/independent/fixtures/R7D02.json
 create mode 100644 docs/quality/current-review/evidence/rb07-production/candidate-1/independent/independent/fixtures/R7D06.json
 create mode 100644 docs/quality/current-review/evidence/rb07-production/candidate-1/independent/independent/fixtures/R7D08.json
 create mode 100644 docs/quality/current-review/evidence/rb07-production/candidate-1/independent/independent/fixtures/R7D09.json
 create mode 100644 docs/quality/current-review/evidence/rb07-production/candidate-1/independent/independent/fixtures/R7D11.json
 create mode 100644 docs/quality/current-review/evidence/rb07-production/candidate-1/independent/independent/fixtures/R7D13.json
 create mode 100644 docs/quality/current-review/evidence/rb07-production/candidate-1/independent/independent/fixtures/R7D14.json
 create mode 100644 docs/quality/current-review/evidence/rb07-production/candidate-1/independent/independent/fixtures/R7U01-split-away-switch-failure-cold-after.json
 create mode 100644 docs/quality/current-review/evidence/rb07-production/candidate-1/independent/independent/fixtures/R7U02-copy-merge-keeps-history-source-after.json
 create mode 100644 docs/quality/current-review/evidence/rb07-production/candidate-1/independent/independent/fixtures/R7U02-observation.json
 create mode 100644 docs/quality/current-review/evidence/rb07-production/candidate-1/independent/independent/fixtures/R7U03-material-ack-next-clear-cold-after.json
 create mode 100644 docs/quality/current-review/evidence/rb07-production/candidate-1/independent/independent/fixtures/R7U03-order.json
 create mode 100644 docs/quality/current-review/evidence/rb07-production/candidate-1/independent/independent/fixtures/R7U04-stale-material-input-retained-after.json
 create mode 100644 docs/quality/current-review/evidence/rb07-production/candidate-1/independent/independent/fixtures/R7U05-dependent-frame-review-after.json
 create mode 100644 docs/quality/current-review/evidence/rb07-production/candidate-1/independent/independent/fixtures/R7U05-observation.json
 create mode 100644 docs/quality/current-review/evidence/rb07-production/candidate-1/independent/independent/fixtures/R7U06-acquired-time-normal-failure-after.json
 create mode 100644 docs/quality/current-review/evidence/rb07-production/candidate-1/independent/independent/fixtures/R7U07-chapter-flow-cues-timecode-after.json
 create mode 100644 docs/quality/current-review/evidence/rb07-production/candidate-1/independent/independent/fixtures/new-a.wav
 create mode 100644 docs/quality/current-review/evidence/rb07-production/candidate-1/independent/independent/fixtures/new-b.mp4
 create mode 100644 docs/quality/current-review/evidence/rb07-production/candidate-1/independent/independent/fixtures/original-production.json
 create mode 100644 docs/quality/current-review/evidence/rb07-production/candidate-1/independent/independent/fixtures/split-saved.scenario
 create mode 100644 docs/quality/current-review/evidence/rb07-production/candidate-1/independent/independent/fixtures/ui-production.json
 create mode 100644 docs/quality/current-review/evidence/rb07-production/candidate-1/independent/independent/preview.log
 create mode 100644 docs/quality/current-review/evidence/rb07-production/candidate-1/independent/independent/production-browser.json
 create mode 100644 docs/quality/current-review/evidence/rb07-production/candidate-1/independent/independent/production-browser.log
 create mode 100644 docs/quality/current-review/evidence/rb07-production/candidate-1/independent/independent/production-traces/.last-run.json
 create mode 100644 docs/quality/current-review/evidence/rb07-production/candidate-1/independent/independent/setup-fixture/README.md
 create mode 100644 docs/quality/current-review/evidence/rb07-production/candidate-1/independent/independent/setup-fixture/original-log.txt
 create mode 100644 docs/quality/current-review/evidence/rb07-production/candidate-1/independent/independent/setup-fixture/original-test.ts
 create mode 100644 docs/quality/current-review/evidence/rb07-production/candidate-1/independent/independent/setup-fixture/ui-flow-original-test.ts
 create mode 100644 docs/quality/current-review/evidence/rb07-production/candidate-1/independent/independent/setup-fixture/ui-flow-original.log
 create mode 100644 docs/quality/current-review/evidence/rb07-production/candidate-1/independent/independent/setup-fixture/valid-fixture-result-shape.log
 create mode 100644 docs/quality/current-review/evidence/rb07-production/candidate-1/independent/independent/vite.log
 create mode 100644 docs/quality/current-review/evidence/rb07-production/candidate-1/independent/source-manifest.json
 create mode 100644 docs/quality/current-review/evidence/rb07-production/candidate-1/independent/tests/independent-rb07-boundaries.test.ts
 create mode 100644 docs/quality/current-review/evidence/rb07-production/candidate-1/independent/tests/independent-rb07-sibling-boundaries.test.ts
 create mode 100644 docs/quality/current-review/evidence/rb07-production/candidate-1/independent/tests/independent-rb07-ui-inputs.test.ts
 create mode 100644 docs/quality/current-review/evidence/rb07-production/candidate-1/independent/write-final-review.py
 create mode 100644 docs/quality/current-review/evidence/rb07-production/candidate-1/plan.log
 create mode 100644 docs/quality/current-review/evidence/rb07-production/candidate-1/python.log
 create mode 100644 docs/quality/current-review/evidence/rb07-production/candidate-1/schema-diff.log
 create mode 100644 docs/quality/current-review/evidence/rb07-production/candidate-1/schema.log
 create mode 100644 docs/quality/current-review/evidence/rb07-production/candidate-1/source-manifest.json
 create mode 100644 docs/quality/current-review/evidence/rb07-production/candidate-1/unit.json
 create mode 100644 docs/quality/current-review/evidence/rb07-production/candidate-1/unit.log
 create mode 100644 docs/quality/current-review/evidence/rb07-production/candidate-10/ARTIFACTS.json
 create mode 100644 docs/quality/current-review/evidence/rb07-production/candidate-10/build.log
 create mode 100644 docs/quality/current-review/evidence/rb07-production/candidate-10/candidate-binding.json
 create mode 100644 docs/quality/current-review/evidence/rb07-production/candidate-10/docs.log
 create mode 100644 docs/quality/current-review/evidence/rb07-production/candidate-10/e2e.log
 create mode 100644 docs/quality/current-review/evidence/rb07-production/candidate-10/independent/ARTIFACT_BINDING.json
 create mode 100644 docs/quality/current-review/evidence/rb07-production/candidate-10/independent/INDEPENDENT_REVIEW.json
 create mode 100644 docs/quality/current-review/evidence/rb07-production/candidate-10/independent/INDEPENDENT_REVIEW.md
 create mode 100644 docs/quality/current-review/evidence/rb07-production/candidate-10/independent/SOURCE_COMMIT_BINDING.json
 create mode 100644 docs/quality/current-review/evidence/rb07-production/candidate-10/independent/independent-app-fixed-harness.html
 create mode 100644 docs/quality/current-review/evidence/rb07-production/candidate-10/independent/independent-app-fixed-harness.tsx
 create mode 100644 docs/quality/current-review/evidence/rb07-production/candidate-10/independent/independent-app-fixed.mjs
 create mode 100644 docs/quality/current-review/evidence/rb07-production/candidate-10/independent/independent-app-local-rule.mjs
 create mode 100644 docs/quality/current-review/evidence/rb07-production/candidate-10/independent/independent-app-production-harness.html
 create mode 100644 docs/quality/current-review/evidence/rb07-production/candidate-10/independent/independent-app-production-harness.tsx
 create mode 100644 docs/quality/current-review/evidence/rb07-production/candidate-10/independent/independent-app-production.mjs
 create mode 100644 docs/quality/current-review/evidence/rb07-production/candidate-10/independent/independent-app-relation-harness.html
 create mode 100644 docs/quality/current-review/evidence/rb07-production/candidate-10/independent/independent-app-relation-harness.tsx
 create mode 100644 docs/quality/current-review/evidence/rb07-production/candidate-10/independent/independent-app-relation-world.mjs
 create mode 100644 docs/quality/current-review/evidence/rb07-production/candidate-10/independent/independent-app-reuse-harness.html
 create mode 100644 docs/quality/current-review/evidence/rb07-production/candidate-10/independent/independent-app-reuse-harness.tsx
 create mode 100644 docs/quality/current-review/evidence/rb07-production/candidate-10/independent/independent-app-reuse.mjs
 create mode 100644 docs/quality/current-review/evidence/rb07-production/candidate-10/independent/independent-app-speaker-harness.html
 create mode 100644 docs/quality/current-review/evidence/rb07-production/candidate-10/independent/independent-app-speaker-harness.tsx
 create mode 100644 docs/quality/current-review/evidence/rb07-production/candidate-10/independent/independent-app-speaker.mjs
 create mode 100644 docs/quality/current-review/evidence/rb07-production/candidate-10/independent/independent-app-world-harness.html
 create mode 100644 docs/quality/current-review/evidence/rb07-production/candidate-10/independent/independent-app-world-harness.tsx
 create mode 100644 docs/quality/current-review/evidence/rb07-production/candidate-10/independent/independent-app-world-local-harness.html
 create mode 100644 docs/quality/current-review/evidence/rb07-production/candidate-10/independent/independent-app-world-local-harness.tsx
 create mode 100644 docs/quality/current-review/evidence/rb07-production/candidate-10/independent/independent-app-world-route-harness.html
 create mode 100644 docs/quality/current-review/evidence/rb07-production/candidate-10/independent/independent-app-world-route-harness.tsx
 create mode 100644 docs/quality/current-review/evidence/rb07-production/candidate-10/independent/independent-app-world-route.mjs
 create mode 100644 docs/quality/current-review/evidence/rb07-production/candidate-10/independent/independent-app-world.mjs
 create mode 100644 docs/quality/current-review/evidence/rb07-production/candidate-10/independent/independent-playwright.config.ts
 create mode 100644 docs/quality/current-review/evidence/rb07-production/candidate-10/independent/independent/INPUT_BINDING.json
 create mode 100644 docs/quality/current-review/evidence/rb07-production/candidate-10/independent/independent/ORIGINAL_CONTRACTS.json
 create mode 100644 docs/quality/current-review/evidence/rb07-production/candidate-10/independent/independent/ORIGINAL_FIXED_CONTRACTS.json
 create mode 100644 docs/quality/current-review/evidence/rb07-production/candidate-10/independent/independent/browser-fixed.json
 create mode 100644 docs/quality/current-review/evidence/rb07-production/candidate-10/independent/independent/browser-fixed.log
 create mode 100644 docs/quality/current-review/evidence/rb07-production/candidate-10/independent/independent/browser-local-rule.json
 create mode 100644 docs/quality/current-review/evidence/rb07-production/candidate-10/independent/independent/browser-local-rule.log
 create mode 100644 docs/quality/current-review/evidence/rb07-production/candidate-10/independent/independent/browser-production.json
 create mode 100644 docs/quality/current-review/evidence/rb07-production/candidate-10/independent/independent/browser-production.log
 create mode 100644 docs/quality/current-review/evidence/rb07-production/candidate-10/independent/independent/browser-relation-world.json
 create mode 100644 docs/quality/current-review/evidence/rb07-production/candidate-10/independent/independent/browser-relation-world.log
 create mode 100644 docs/quality/current-review/evidence/rb07-production/candidate-10/independent/independent/browser-reuse.json
 create mode 100644 docs/quality/current-review/evidence/rb07-production/candidate-10/independent/independent/browser-reuse.log
 create mode 100644 docs/quality/current-review/evidence/rb07-production/candidate-10/independent/independent/browser-speaker.json
 create mode 100644 docs/quality/current-review/evidence/rb07-production/candidate-10/independent/independent/browser-speaker.log
 create mode 100644 docs/quality/current-review/evidence/rb07-production/candidate-10/independent/independent/browser-world-route.json
 create mode 100644 docs/quality/current-review/evidence/rb07-production/candidate-10/independent/independent/browser-world-route.log
 create mode 100644 docs/quality/current-review/evidence/rb07-production/candidate-10/independent/independent/browser-world.json
 create mode 100644 docs/quality/current-review/evidence/rb07-production/candidate-10/independent/independent/browser-world.log
 create mode 100644 docs/quality/current-review/evidence/rb07-production/candidate-10/independent/independent/build.log
 create mode 100644 docs/quality/current-review/evidence/rb07-production/candidate-10/independent/independent/domain-actual-download.log
 create mode 100644 docs/quality/current-review/evidence/rb07-production/candidate-10/independent/independent/domain-reinspection.log
 create mode 100644 docs/quality/current-review/evidence/rb07-production/candidate-10/independent/independent/domain-world-capture-control.log
 create mode 100644 docs/quality/current-review/evidence/rb07-production/candidate-10/independent/independent/domain-world-context-safety.log
 create mode 100644 docs/quality/current-review/evidence/rb07-production/candidate-10/independent/independent/fixtures/CAP-control.json
 create mode 100644 docs/quality/current-review/evidence/rb07-production/candidate-10/independent/independent/fixtures/CTX-R1.json
 create mode 100644 docs/quality/current-review/evidence/rb07-production/candidate-10/independent/independent/fixtures/CTX-R2.json
 create mode 100644 docs/quality/current-review/evidence/rb07-production/candidate-10/independent/independent/fixtures/CTX-R3.json
 create mode 100644 docs/quality/current-review/evidence/rb07-production/candidate-10/independent/independent/fixtures/R7D01.json
 create mode 100644 docs/quality/current-review/evidence/rb07-production/candidate-10/independent/independent/fixtures/R7D02.json
 create mode 100644 docs/quality/current-review/evidence/rb07-production/candidate-10/independent/independent/fixtures/R7D06.json
 create mode 100644 docs/quality/current-review/evidence/rb07-production/candidate-10/independent/independent/fixtures/R7D08.json
 create mode 100644 docs/quality/current-review/evidence/rb07-production/candidate-10/independent/independent/fixtures/R7D09.json
 create mode 100644 docs/quality/current-review/evidence/rb07-production/candidate-10/independent/independent/fixtures/R7D11.json
 create mode 100644 docs/quality/current-review/evidence/rb07-production/candidate-10/independent/independent/fixtures/R7D13.json
 create mode 100644 docs/quality/current-review/evidence/rb07-production/candidate-10/independent/independent/fixtures/R7D14.json
 create mode 100644 docs/quality/current-review/evidence/rb07-production/candidate-10/independent/independent/fixtures/R7D15.json
 create mode 100644 docs/quality/current-review/evidence/rb07-production/candidate-10/independent/independent/fixtures/R7D17-roundtrip.json
 create mode 100644 docs/quality/current-review/evidence/rb07-production/candidate-10/independent/independent/fixtures/R7D17.json
 create mode 100644 docs/quality/current-review/evidence/rb07-production/candidate-10/independent/independent/fixtures/R7D18.json
 create mode 100644 docs/quality/current-review/evidence/rb07-production/candidate-10/independent/independent/fixtures/R7D19.json
 create mode 100644 docs/quality/current-review/evidence/rb07-production/candidate-10/independent/independent/fixtures/R7D20.json
 create mode 100644 docs/quality/current-review/evidence/rb07-production/candidate-10/independent/independent/fixtures/R7D22-native.json
 create mode 100644 docs/quality/current-review/evidence/rb07-production/candidate-10/independent/independent/fixtures/R7D22.json
 create mode 100644 docs/quality/current-review/evidence/rb07-production/candidate-10/independent/independent/fixtures/R7D23-before.json
 create mode 100644 docs/quality/current-review/evidence/rb07-production/candidate-10/independent/independent/fixtures/R7D23-clone.json
 create mode 100644 docs/quality/current-review/evidence/rb07-production/candidate-10/independent/independent/fixtures/R7D23-new.json
 create mode 100644 docs/quality/current-review/evidence/rb07-production/candidate-10/independent/independent/fixtures/R7D24.json
 create mode 100644 docs/quality/current-review/evidence/rb07-production/candidate-10/independent/independent/fixtures/R7D25-after.json
 create mode 100644 docs/quality/current-review/evidence/rb07-production/candidate-10/independent/independent/fixtures/R7D25-before.json
 create mode 100644 docs/quality/current-review/evidence/rb07-production/candidate-10/independent/independent/fixtures/R7D25-clone.json
 create mode 100644 docs/quality/current-review/evidence/rb07-production/candidate-10/independent/independent/fixtures/R7D25-complete.scenario
 create mode 100644 docs/quality/current-review/evidence/rb07-production/candidate-10/independent/independent/fixtures/R7D25-new.json
 create mode 100644 docs/quality/current-review/evidence/rb07-production/candidate-10/independent/independent/fixtures/R7D26.json
 create mode 100644 docs/quality/current-review/evidence/rb07-production/candidate-10/independent/independent/fixtures/R7U01-split-away-switch-failure-cold-after.json
 create mode 100644 docs/quality/current-review/evidence/rb07-production/candidate-10/independent/independent/fixtures/R7U02-copy-merge-keeps-history-source-after.json
 create mode 100644 docs/quality/current-review/evidence/rb07-production/candidate-10/independent/independent/fixtures/R7U02-observation.json
 create mode 100644 docs/quality/current-review/evidence/rb07-production/candidate-10/independent/independent/fixtures/R7U03-material-ack-next-clear-cold-after.json
 create mode 100644 docs/quality/current-review/evidence/rb07-production/candidate-10/independent/independent/fixtures/R7U03-order.json
 create mode 100644 docs/quality/current-review/evidence/rb07-production/candidate-10/independent/independent/fixtures/R7U04-stale-material-input-retained-after.json
 create mode 100644 docs/quality/current-review/evidence/rb07-production/candidate-10/independent/independent/fixtures/R7U05-dependent-frame-review-after.json
 create mode 100644 docs/quality/current-review/evidence/rb07-production/candidate-10/independent/independent/fixtures/R7U05-observation.json
 create mode 100644 docs/quality/current-review/evidence/rb07-production/candidate-10/independent/independent/fixtures/R7U06-acquired-time-normal-failure-after.json
 create mode 100644 docs/quality/current-review/evidence/rb07-production/candidate-10/independent/independent/fixtures/R7U07-chapter-flow-cues-timecode-after.json
 create mode 100644 docs/quality/current-review/evidence/rb07-production/candidate-10/independent/independent/fixtures/R7U08-fixed-old-frame-no-live-cues-after.json
 create mode 100644 docs/quality/current-review/evidence/rb07-production/candidate-10/independent/independent/fixtures/R7U08-observation.json
 create mode 100644 docs/quality/current-review/evidence/rb07-production/candidate-10/independent/independent/fixtures/R7U09-fixed-subtitle-speaker-candidates-after.json
 create mode 100644 docs/quality/current-review/evidence/rb07-production/candidate-10/independent/independent/fixtures/R7U09-observation.json
 create mode 100644 docs/quality/current-review/evidence/rb07-production/candidate-10/independent/independent/fixtures/R7U10-fixed-subtitle-speaker-candidates-after.json
 create mode 100644 docs/quality/current-review/evidence/rb07-production/candidate-10/independent/independent/fixtures/R7U10-observation.json
 create mode 100644 docs/quality/current-review/evidence/rb07-production/candidate-10/independent/independent/fixtures/R7U11-12-observation.json
 create mode 100644 docs/quality/current-review/evidence/rb07-production/candidate-10/independent/independent/fixtures/R7U12-old-world-complete.scenario
 create mode 100644 docs/quality/current-review/evidence/rb07-production/candidate-10/independent/independent/fixtures/R7U13-observation.json
 create mode 100644 docs/quality/current-review/evidence/rb07-production/candidate-10/independent/independent/fixtures/R7U14-archive-clone.json
 create mode 100644 docs/quality/current-review/evidence/rb07-production/candidate-10/independent/independent/fixtures/R7U14-archive-new.json
 create mode 100644 docs/quality/current-review/evidence/rb07-production/candidate-10/independent/independent/fixtures/R7U14-archive-observation.json
 create mode 100644 docs/quality/current-review/evidence/rb07-production/candidate-10/independent/independent/fixtures/R7U14-observation.json
 create mode 100644 docs/quality/current-review/evidence/rb07-production/candidate-10/independent/independent/fixtures/R7U14-relation-world-complete.scenario
 create mode 100644 docs/quality/current-review/evidence/rb07-production/candidate-10/independent/independent/fixtures/R7U15-observation.json
 create mode 100644 docs/quality/current-review/evidence/rb07-production/candidate-10/independent/independent/fixtures/new-a.wav
 create mode 100644 docs/quality/current-review/evidence/rb07-production/candidate-10/independent/independent/fixtures/new-b.mp4
 create mode 100644 docs/quality/current-review/evidence/rb07-production/candidate-10/independent/independent/fixtures/original-production.json
 create mode 100644 docs/quality/current-review/evidence/rb07-production/candidate-10/independent/independent/fixtures/reuse-production.json
 create mode 100644 docs/quality/current-review/evidence/rb07-production/candidate-10/independent/independent/fixtures/split-saved.scenario
 create mode 100644 docs/quality/current-review/evidence/rb07-production/candidate-10/independent/independent/fixtures/ui-fixed-production.json
 create mode 100644 docs/quality/current-review/evidence/rb07-production/candidate-10/independent/independent/fixtures/ui-fixed-speaker-production.json
 create mode 100644 docs/quality/current-review/evidence/rb07-production/candidate-10/independent/independent/fixtures/ui-production.json
 create mode 100644 docs/quality/current-review/evidence/rb07-production/candidate-10/independent/independent/fixtures/world-local-rule-production.json
 create mode 100644 docs/quality/current-review/evidence/rb07-production/candidate-10/independent/independent/fixtures/world-new-current-production.json
 create mode 100644 docs/quality/current-review/evidence/rb07-production/candidate-10/independent/independent/fixtures/world-production.json
 create mode 100644 docs/quality/current-review/evidence/rb07-production/candidate-10/independent/independent/fixtures/world-relation-production.json
 create mode 100644 docs/quality/current-review/evidence/rb07-production/candidate-10/independent/independent/fixtures/world-route-production.json
 create mode 100644 docs/quality/current-review/evidence/rb07-production/candidate-10/independent/independent/preview.log
 create mode 100644 docs/quality/current-review/evidence/rb07-production/candidate-10/independent/independent/production-browser.json
 create mode 100644 docs/quality/current-review/evidence/rb07-production/candidate-10/independent/independent/production-browser.log
 create mode 100644 docs/quality/current-review/evidence/rb07-production/candidate-10/independent/independent/production-traces/.last-run.json
 create mode 100644 docs/quality/current-review/evidence/rb07-production/candidate-10/independent/independent/reviewer-ts-setup1/build.log
 create mode 100644 docs/quality/current-review/evidence/rb07-production/candidate-10/independent/independent/reviewer-ts-setup1/preview-before-build.log
 create mode 100644 docs/quality/current-review/evidence/rb07-production/candidate-10/independent/independent/reviewer-ts-setup1/test.ts
 create mode 100644 docs/quality/current-review/evidence/rb07-production/candidate-10/independent/independent/vite.log
 create mode 100644 docs/quality/current-review/evidence/rb07-production/candidate-10/independent/source-manifest.json
 create mode 100644 docs/quality/current-review/evidence/rb07-production/candidate-10/independent/tests/independent-rb07-boundaries.test.ts
 create mode 100644 docs/quality/current-review/evidence/rb07-production/candidate-10/independent/tests/independent-rb07-fixed-boundaries.test.ts
 create mode 100644 docs/quality/current-review/evidence/rb07-production/candidate-10/independent/tests/independent-rb07-fixed-speaker.test.ts
 create mode 100644 docs/quality/current-review/evidence/rb07-production/candidate-10/independent/tests/independent-rb07-local-rule-anchor.test.ts
 create mode 100644 docs/quality/current-review/evidence/rb07-production/candidate-10/independent/tests/independent-rb07-production-view.test.ts
 create mode 100644 docs/quality/current-review/evidence/rb07-production/candidate-10/independent/tests/independent-rb07-relation-world-citation.test.ts
 create mode 100644 docs/quality/current-review/evidence/rb07-production/candidate-10/independent/tests/independent-rb07-sibling-boundaries.test.ts
 create mode 100644 docs/quality/current-review/evidence/rb07-production/candidate-10/independent/tests/independent-rb07-ui-inputs.test.ts
 create mode 100644 docs/quality/current-review/evidence/rb07-production/candidate-10/independent/tests/independent-rb07-ui-relation-download.test.ts
 create mode 100644 docs/quality/current-review/evidence/rb07-production/candidate-10/independent/tests/independent-rb07-world-capture-control.test.ts
 create mode 100644 docs/quality/current-review/evidence/rb07-production/candidate-10/independent/tests/independent-rb07-world-context-safety.test.ts
 create mode 100644 docs/quality/current-review/evidence/rb07-production/candidate-10/independent/tests/independent-rb07-world-route-context.test.ts
 create mode 100644 docs/quality/current-review/evidence/rb07-production/candidate-10/independent/write-final-review.py
 create mode 100644 docs/quality/current-review/evidence/rb07-production/candidate-10/plan.log
 create mode 100644 docs/quality/current-review/evidence/rb07-production/candidate-10/python.log
 create mode 100644 docs/quality/current-review/evidence/rb07-production/candidate-10/results.json
 create mode 100644 docs/quality/current-review/evidence/rb07-production/candidate-10/schema-diff.log
 create mode 100644 docs/quality/current-review/evidence/rb07-production/candidate-10/schema.log
 create mode 100644 docs/quality/current-review/evidence/rb07-production/candidate-10/source-manifest.json
 create mode 100644 docs/quality/current-review/evidence/rb07-production/candidate-10/unit.json
 create mode 100644 docs/quality/current-review/evidence/rb07-production/candidate-10/unit.log
 create mode 100644 docs/quality/current-review/evidence/rb07-production/candidate-11/ARTIFACTS.json
 create mode 100644 docs/quality/current-review/evidence/rb07-production/candidate-11/build-info.json
 create mode 100644 docs/quality/current-review/evidence/rb07-production/candidate-11/build.log
 create mode 100644 docs/quality/current-review/evidence/rb07-production/candidate-11/candidate-binding.json
 create mode 100644 docs/quality/current-review/evidence/rb07-production/candidate-11/docs.log
 create mode 100644 docs/quality/current-review/evidence/rb07-production/candidate-11/e2e.log
 create mode 100644 docs/quality/current-review/evidence/rb07-production/candidate-11/independent/ARTIFACT_BINDING.json
 create mode 100644 docs/quality/current-review/evidence/rb07-production/candidate-11/independent/INDEPENDENT_REVIEW.json
 create mode 100644 docs/quality/current-review/evidence/rb07-production/candidate-11/independent/INDEPENDENT_REVIEW.md
 create mode 100644 docs/quality/current-review/evidence/rb07-production/candidate-11/independent/SOURCE_COMMIT_BINDING.json
 create mode 100644 docs/quality/current-review/evidence/rb07-production/candidate-11/independent/independent-app-fixed-harness.html
 create mode 100644 docs/quality/current-review/evidence/rb07-production/candidate-11/independent/independent-app-fixed-harness.tsx
 create mode 100644 docs/quality/current-review/evidence/rb07-production/candidate-11/independent/independent-app-fixed.mjs
 create mode 100644 docs/quality/current-review/evidence/rb07-production/candidate-11/independent/independent-app-local-rule.mjs
 create mode 100644 docs/quality/current-review/evidence/rb07-production/candidate-11/independent/independent-app-production-harness.html
 create mode 100644 docs/quality/current-review/evidence/rb07-production/candidate-11/independent/independent-app-production-harness.tsx
 create mode 100644 docs/quality/current-review/evidence/rb07-production/candidate-11/independent/independent-app-production.mjs
 create mode 100644 docs/quality/current-review/evidence/rb07-production/candidate-11/independent/independent-app-relation-harness.html
 create mode 100644 docs/quality/current-review/evidence/rb07-production/candidate-11/independent/independent-app-relation-harness.tsx
 create mode 100644 docs/quality/current-review/evidence/rb07-production/candidate-11/independent/independent-app-relation-world.mjs
 create mode 100644 docs/quality/current-review/evidence/rb07-production/candidate-11/independent/independent-app-reuse-harness.html
 create mode 100644 docs/quality/current-review/evidence/rb07-production/candidate-11/independent/independent-app-reuse-harness.tsx
 create mode 100644 docs/quality/current-review/evidence/rb07-production/candidate-11/independent/independent-app-reuse.mjs
 create mode 100644 docs/quality/current-review/evidence/rb07-production/candidate-11/independent/independent-app-speaker-harness.html
 create mode 100644 docs/quality/current-review/evidence/rb07-production/candidate-11/independent/independent-app-speaker-harness.tsx
 create mode 100644 docs/quality/current-review/evidence/rb07-production/candidate-11/independent/independent-app-speaker.mjs
 create mode 100644 docs/quality/current-review/evidence/rb07-production/candidate-11/independent/independent-app-world-harness.html
 create mode 100644 docs/quality/current-review/evidence/rb07-production/candidate-11/independent/independent-app-world-harness.tsx
 create mode 100644 docs/quality/current-review/evidence/rb07-production/candidate-11/independent/independent-app-world-local-harness.html
 create mode 100644 docs/quality/current-review/evidence/rb07-production/candidate-11/independent/independent-app-world-local-harness.tsx
 create mode 100644 docs/quality/current-review/evidence/rb07-production/candidate-11/independent/independent-app-world-route-harness.html
 create mode 100644 docs/quality/current-review/evidence/rb07-production/candidate-11/independent/independent-app-world-route-harness.tsx
 create mode 100644 docs/quality/current-review/evidence/rb07-production/candidate-11/independent/independent-app-world-route.mjs
 create mode 100644 docs/quality/current-review/evidence/rb07-production/candidate-11/independent/independent-app-world.mjs
 create mode 100644 docs/quality/current-review/evidence/rb07-production/candidate-11/independent/independent-playwright.config.ts
 create mode 100644 docs/quality/current-review/evidence/rb07-production/candidate-11/independent/independent/INPUT_BINDING.json
 create mode 100644 docs/quality/current-review/evidence/rb07-production/candidate-11/independent/independent/ORIGINAL_CONTRACTS.json
 create mode 100644 docs/quality/current-review/evidence/rb07-production/candidate-11/independent/independent/ORIGINAL_FIXED_CONTRACTS.json
 create mode 100644 docs/quality/current-review/evidence/rb07-production/candidate-11/independent/independent/browser-fixed.json
 create mode 100644 docs/quality/current-review/evidence/rb07-production/candidate-11/independent/independent/browser-fixed.log
 create mode 100644 docs/quality/current-review/evidence/rb07-production/candidate-11/independent/independent/browser-local-rule.json
 create mode 100644 docs/quality/current-review/evidence/rb07-production/candidate-11/independent/independent/browser-local-rule.log
 create mode 100644 docs/quality/current-review/evidence/rb07-production/candidate-11/independent/independent/browser-production.json
 create mode 100644 docs/quality/current-review/evidence/rb07-production/candidate-11/independent/independent/browser-production.log
 create mode 100644 docs/quality/current-review/evidence/rb07-production/candidate-11/independent/independent/browser-relation-world.json
 create mode 100644 docs/quality/current-review/evidence/rb07-production/candidate-11/independent/independent/browser-relation-world.log
 create mode 100644 docs/quality/current-review/evidence/rb07-production/candidate-11/independent/independent/browser-reuse.json
 create mode 100644 docs/quality/current-review/evidence/rb07-production/candidate-11/independent/independent/browser-reuse.log
 create mode 100644 docs/quality/current-review/evidence/rb07-production/candidate-11/independent/independent/browser-speaker.json
 create mode 100644 docs/quality/current-review/evidence/rb07-production/candidate-11/independent/independent/browser-speaker.log
 create mode 100644 docs/quality/current-review/evidence/rb07-production/candidate-11/independent/independent/browser-world-route.json
 create mode 100644 docs/quality/current-review/evidence/rb07-production/candidate-11/independent/independent/browser-world-route.log
 create mode 100644 docs/quality/current-review/evidence/rb07-production/candidate-11/independent/independent/browser-world.json
 create mode 100644 docs/quality/current-review/evidence/rb07-production/candidate-11/independent/independent/browser-world.log
 create mode 100644 docs/quality/current-review/evidence/rb07-production/candidate-11/independent/independent/build.log
 create mode 100644 docs/quality/current-review/evidence/rb07-production/candidate-11/independent/independent/domain-actual-download.log
 create mode 100644 docs/quality/current-review/evidence/rb07-production/candidate-11/independent/independent/domain-reinspection.log
 create mode 100644 docs/quality/current-review/evidence/rb07-production/candidate-11/independent/independent/fixtures/CAP-R1.json
 create mode 100644 docs/quality/current-review/evidence/rb07-production/candidate-11/independent/independent/fixtures/CAP-control.json
 create mode 100644 docs/quality/current-review/evidence/rb07-production/candidate-11/independent/independent/fixtures/CTX-R1.json
 create mode 100644 docs/quality/current-review/evidence/rb07-production/candidate-11/independent/independent/fixtures/CTX-R2.json
 create mode 100644 docs/quality/current-review/evidence/rb07-production/candidate-11/independent/independent/fixtures/CTX-R3.json
 create mode 100644 docs/quality/current-review/evidence/rb07-production/candidate-11/independent/independent/fixtures/R7D01.json
 create mode 100644 docs/quality/current-review/evidence/rb07-production/candidate-11/independent/independent/fixtures/R7D02.json
 create mode 100644 docs/quality/current-review/evidence/rb07-production/candidate-11/independent/independent/fixtures/R7D06.json
 create mode 100644 docs/quality/current-review/evidence/rb07-production/candidate-11/independent/independent/fixtures/R7D08.json
 create mode 100644 docs/quality/current-review/evidence/rb07-production/candidate-11/independent/independent/fixtures/R7D09.json
 create mode 100644 docs/quality/current-review/evidence/rb07-production/candidate-11/independent/independent/fixtures/R7D11.json
 create mode 100644 docs/quality/current-review/evidence/rb07-production/candidate-11/independent/independent/fixtures/R7D13.json
 create mode 100644 docs/quality/current-review/evidence/rb07-production/candidate-11/independent/independent/fixtures/R7D14.json
 create mode 100644 docs/quality/current-review/evidence/rb07-production/candidate-11/independent/independent/fixtures/R7D15.json
 create mode 100644 docs/quality/current-review/evidence/rb07-production/candidate-11/independent/independent/fixtures/R7D17-roundtrip.json
 create mode 100644 docs/quality/current-review/evidence/rb07-production/candidate-11/independent/independent/fixtures/R7D17.json
 create mode 100644 docs/quality/current-review/evidence/rb07-production/candidate-11/independent/independent/fixtures/R7D18.json
 create mode 100644 docs/quality/current-review/evidence/rb07-production/candidate-11/independent/independent/fixtures/R7D19.json
 create mode 100644 docs/quality/current-review/evidence/rb07-production/candidate-11/independent/independent/fixtures/R7D20.json
 create mode 100644 docs/quality/current-review/evidence/rb07-production/candidate-11/independent/independent/fixtures/R7D22-native.json
 create mode 100644 docs/quality/current-review/evidence/rb07-production/candidate-11/independent/independent/fixtures/R7D22.json
 create mode 100644 docs/quality/current-review/evidence/rb07-production/candidate-11/independent/independent/fixtures/R7D23-before.json
 create mode 100644 docs/quality/current-review/evidence/rb07-production/candidate-11/independent/independent/fixtures/R7D23-clone.json
 create mode 100644 docs/quality/current-review/evidence/rb07-production/candidate-11/independent/independent/fixtures/R7D23-new.json
 create mode 100644 docs/quality/current-review/evidence/rb07-production/candidate-11/independent/independent/fixtures/R7D24.json
 create mode 100644 docs/quality/current-review/evidence/rb07-production/candidate-11/independent/independent/fixtures/R7D25-after.json
 create mode 100644 docs/quality/current-review/evidence/rb07-production/candidate-11/independent/independent/fixtures/R7D25-before.json
 create mode 100644 docs/quality/current-review/evidence/rb07-production/candidate-11/independent/independent/fixtures/R7D25-clone.json
 create mode 100644 docs/quality/current-review/evidence/rb07-production/candidate-11/independent/independent/fixtures/R7D25-complete.scenario
 create mode 100644 docs/quality/current-review/evidence/rb07-production/candidate-11/independent/independent/fixtures/R7D25-new.json
 create mode 100644 docs/quality/current-review/evidence/rb07-production/candidate-11/independent/independent/fixtures/R7D26.json
 create mode 100644 docs/quality/current-review/evidence/rb07-production/candidate-11/independent/independent/fixtures/R7U01-split-away-switch-failure-cold-after.json
 create mode 100644 docs/quality/current-review/evidence/rb07-production/candidate-11/independent/independent/fixtures/R7U02-copy-merge-keeps-history-source-after.json
 create mode 100644 docs/quality/current-review/evidence/rb07-production/candidate-11/independent/independent/fixtures/R7U02-observation.json
 create mode 100644 docs/quality/current-review/evidence/rb07-production/candidate-11/independent/independent/fixtures/R7U03-material-ack-next-clear-cold-after.json
 create mode 100644 docs/quality/current-review/evidence/rb07-production/candidate-11/independent/independent/fixtures/R7U03-order.json
 create mode 100644 docs/quality/current-review/evidence/rb07-production/candidate-11/independent/independent/fixtures/R7U04-stale-material-input-retained-after.json
 create mode 100644 docs/quality/current-review/evidence/rb07-production/candidate-11/independent/independent/fixtures/R7U05-dependent-frame-review-after.json
 create mode 100644 docs/quality/current-review/evidence/rb07-production/candidate-11/independent/independent/fixtures/R7U05-observation.json
 create mode 100644 docs/quality/current-review/evidence/rb07-production/candidate-11/independent/independent/fixtures/R7U06-acquired-time-normal-failure-after.json
 create mode 100644 docs/quality/current-review/evidence/rb07-production/candidate-11/independent/independent/fixtures/R7U07-chapter-flow-cues-timecode-after.json
 create mode 100644 docs/quality/current-review/evidence/rb07-production/candidate-11/independent/independent/fixtures/R7U08-fixed-old-frame-no-live-cues-after.json
 create mode 100644 docs/quality/current-review/evidence/rb07-production/candidate-11/independent/independent/fixtures/R7U08-observation.json
 create mode 100644 docs/quality/current-review/evidence/rb07-production/candidate-11/independent/independent/fixtures/R7U09-fixed-subtitle-speaker-candidates-after.json
 create mode 100644 docs/quality/current-review/evidence/rb07-production/candidate-11/independent/independent/fixtures/R7U09-observation.json
 create mode 100644 docs/quality/current-review/evidence/rb07-production/candidate-11/independent/independent/fixtures/R7U10-fixed-subtitle-speaker-candidates-after.json
 create mode 100644 docs/quality/current-review/evidence/rb07-production/candidate-11/independent/independent/fixtures/R7U10-observation.json
 create mode 100644 docs/quality/current-review/evidence/rb07-production/candidate-11/independent/independent/fixtures/R7U11-12-observation.json
 create mode 100644 docs/quality/current-review/evidence/rb07-production/candidate-11/independent/independent/fixtures/R7U12-old-world-complete.scenario
 create mode 100644 docs/quality/current-review/evidence/rb07-production/candidate-11/independent/independent/fixtures/R7U13-observation.json
 create mode 100644 docs/quality/current-review/evidence/rb07-production/candidate-11/independent/independent/fixtures/R7U14-archive-clone.json
 create mode 100644 docs/quality/current-review/evidence/rb07-production/candidate-11/independent/independent/fixtures/R7U14-archive-new.json
 create mode 100644 docs/quality/current-review/evidence/rb07-production/candidate-11/independent/independent/fixtures/R7U14-archive-observation.json
 create mode 100644 docs/quality/current-review/evidence/rb07-production/candidate-11/independent/independent/fixtures/R7U14-observation.json
 create mode 100644 docs/quality/current-review/evidence/rb07-production/candidate-11/independent/independent/fixtures/R7U14-relation-world-complete.scenario
 create mode 100644 docs/quality/current-review/evidence/rb07-production/candidate-11/independent/independent/fixtures/R7U15-observation.json
 create mode 100644 docs/quality/current-review/evidence/rb07-production/candidate-11/independent/independent/fixtures/new-a.wav
 create mode 100644 docs/quality/current-review/evidence/rb07-production/candidate-11/independent/independent/fixtures/new-b.mp4
 create mode 100644 docs/quality/current-review/evidence/rb07-production/candidate-11/independent/independent/fixtures/original-production.json
 create mode 100644 docs/quality/current-review/evidence/rb07-production/candidate-11/independent/independent/fixtures/reuse-production.json
 create mode 100644 docs/quality/current-review/evidence/rb07-production/candidate-11/independent/independent/fixtures/split-saved.scenario
 create mode 100644 docs/quality/current-review/evidence/rb07-production/candidate-11/independent/independent/fixtures/ui-fixed-production.json
 create mode 100644 docs/quality/current-review/evidence/rb07-production/candidate-11/independent/independent/fixtures/ui-fixed-speaker-production.json
 create mode 100644 docs/quality/current-review/evidence/rb07-production/candidate-11/independent/independent/fixtures/ui-production.json
 create mode 100644 docs/quality/current-review/evidence/rb07-production/candidate-11/independent/independent/fixtures/world-local-rule-production.json
 create mode 100644 docs/quality/current-review/evidence/rb07-production/candidate-11/independent/independent/fixtures/world-new-current-production.json
 create mode 100644 docs/quality/current-review/evidence/rb07-production/candidate-11/independent/independent/fixtures/world-production.json
 create mode 100644 docs/quality/current-review/evidence/rb07-production/candidate-11/independent/independent/fixtures/world-relation-production.json
 create mode 100644 docs/quality/current-review/evidence/rb07-production/candidate-11/independent/independent/fixtures/world-route-production.json
 create mode 100644 docs/quality/current-review/evidence/rb07-production/candidate-11/independent/independent/preview.log
 create mode 100644 docs/quality/current-review/evidence/rb07-production/candidate-11/independent/independent/production-browser.json
 create mode 100644 docs/quality/current-review/evidence/rb07-production/candidate-11/independent/independent/production-browser.log
 create mode 100644 docs/quality/current-review/evidence/rb07-production/candidate-11/independent/independent/production-traces/.last-run.json
 create mode 100644 docs/quality/current-review/evidence/rb07-production/candidate-11/independent/independent/vite.log
 create mode 100644 docs/quality/current-review/evidence/rb07-production/candidate-11/independent/source-manifest.json
 create mode 100644 docs/quality/current-review/evidence/rb07-production/candidate-11/independent/tests/independent-rb07-boundaries.test.ts
 create mode 100644 docs/quality/current-review/evidence/rb07-production/candidate-11/independent/tests/independent-rb07-fixed-boundaries.test.ts
 create mode 100644 docs/quality/current-review/evidence/rb07-production/candidate-11/independent/tests/independent-rb07-fixed-speaker.test.ts
 create mode 100644 docs/quality/current-review/evidence/rb07-production/candidate-11/independent/tests/independent-rb07-local-rule-anchor.test.ts
 create mode 100644 docs/quality/current-review/evidence/rb07-production/candidate-11/independent/tests/independent-rb07-production-view.test.ts
 create mode 100644 docs/quality/current-review/evidence/rb07-production/candidate-11/independent/tests/independent-rb07-relation-world-citation.test.ts
 create mode 100644 docs/quality/current-review/evidence/rb07-production/candidate-11/independent/tests/independent-rb07-sibling-boundaries.test.ts
 create mode 100644 docs/quality/current-review/evidence/rb07-production/candidate-11/independent/tests/independent-rb07-ui-inputs.test.ts
 create mode 100644 docs/quality/current-review/evidence/rb07-production/candidate-11/independent/tests/independent-rb07-ui-relation-download.test.ts
 create mode 100644 docs/quality/current-review/evidence/rb07-production/candidate-11/independent/tests/independent-rb07-world-capture-control.test.ts
 create mode 100644 docs/quality/current-review/evidence/rb07-production/candidate-11/independent/tests/independent-rb07-world-context-safety.test.ts
 create mode 100644 docs/quality/current-review/evidence/rb07-production/candidate-11/independent/tests/independent-rb07-world-route-context.test.ts
 create mode 100644 docs/quality/current-review/evidence/rb07-production/candidate-11/independent/write-final-review.py
 create mode 100644 docs/quality/current-review/evidence/rb07-production/candidate-11/plan.log
 create mode 100644 docs/quality/current-review/evidence/rb07-production/candidate-11/python.log
 create mode 100644 docs/quality/current-review/evidence/rb07-production/candidate-11/results.json
 create mode 100644 docs/quality/current-review/evidence/rb07-production/candidate-11/schema-diff.log
 create mode 100644 docs/quality/current-review/evidence/rb07-production/candidate-11/schema.log
 create mode 100644 docs/quality/current-review/evidence/rb07-production/candidate-11/source-manifest.json
 create mode 100644 docs/quality/current-review/evidence/rb07-production/candidate-11/unit.json
 create mode 100644 docs/quality/current-review/evidence/rb07-production/candidate-11/unit.log
 create mode 100644 docs/quality/current-review/evidence/rb07-production/candidate-2/ARTIFACTS.json
 create mode 100644 docs/quality/current-review/evidence/rb07-production/candidate-2/build.log
 create mode 100644 docs/quality/current-review/evidence/rb07-production/candidate-2/candidate-binding.json
 create mode 100644 docs/quality/current-review/evidence/rb07-production/candidate-2/commit.log
 create mode 100644 docs/quality/current-review/evidence/rb07-production/candidate-2/docs.log
 create mode 100644 docs/quality/current-review/evidence/rb07-production/candidate-2/e2e.log
 create mode 100644 docs/quality/current-review/evidence/rb07-production/candidate-2/plan.log
 create mode 100644 docs/quality/current-review/evidence/rb07-production/candidate-2/python.log
 create mode 100644 docs/quality/current-review/evidence/rb07-production/candidate-2/schema-diff.log
 create mode 100644 docs/quality/current-review/evidence/rb07-production/candidate-2/schema.log
 create mode 100644 docs/quality/current-review/evidence/rb07-production/candidate-2/source-manifest.json
 create mode 100644 docs/quality/current-review/evidence/rb07-production/candidate-2/unit.json
 create mode 100644 docs/quality/current-review/evidence/rb07-production/candidate-2/unit.log
 create mode 100644 docs/quality/current-review/evidence/rb07-production/candidate-3/ARTIFACTS.json
 create mode 100644 docs/quality/current-review/evidence/rb07-production/candidate-3/build.log
 create mode 100644 docs/quality/current-review/evidence/rb07-production/candidate-3/candidate-binding.json
 create mode 100644 docs/quality/current-review/evidence/rb07-production/candidate-3/commit.log
 create mode 100644 docs/quality/current-review/evidence/rb07-production/candidate-3/e2e.log
 create mode 100644 docs/quality/current-review/evidence/rb07-production/candidate-3/independent/ARTIFACT_BINDING.json
 create mode 100644 docs/quality/current-review/evidence/rb07-production/candidate-3/independent/INDEPENDENT_REVIEW.json
 create mode 100644 docs/quality/current-review/evidence/rb07-production/candidate-3/independent/INDEPENDENT_REVIEW.md
 create mode 100644 docs/quality/current-review/evidence/rb07-production/candidate-3/independent/SOURCE_COMMIT_BINDING.json
 create mode 100644 docs/quality/current-review/evidence/rb07-production/candidate-3/independent/independent-app-fixed-harness.html
 create mode 100644 docs/quality/current-review/evidence/rb07-production/candidate-3/independent/independent-app-fixed-harness.tsx
 create mode 100644 docs/quality/current-review/evidence/rb07-production/candidate-3/independent/independent-app-fixed.mjs
 create mode 100644 docs/quality/current-review/evidence/rb07-production/candidate-3/independent/independent-app-production-harness.html
 create mode 100644 docs/quality/current-review/evidence/rb07-production/candidate-3/independent/independent-app-production-harness.tsx
 create mode 100644 docs/quality/current-review/evidence/rb07-production/candidate-3/independent/independent-app-production.mjs
 create mode 100644 docs/quality/current-review/evidence/rb07-production/candidate-3/independent/independent-playwright.config.ts
 create mode 100644 docs/quality/current-review/evidence/rb07-production/candidate-3/independent/independent/INPUT_BINDING.json
 create mode 100644 docs/quality/current-review/evidence/rb07-production/candidate-3/independent/independent/ORIGINAL_CONTRACTS.json
 create mode 100644 docs/quality/current-review/evidence/rb07-production/candidate-3/independent/independent/browser-fixed.json
 create mode 100644 docs/quality/current-review/evidence/rb07-production/candidate-3/independent/independent/browser-fixed.log
 create mode 100644 docs/quality/current-review/evidence/rb07-production/candidate-3/independent/independent/browser-production.json
 create mode 100644 docs/quality/current-review/evidence/rb07-production/candidate-3/independent/independent/browser-production.log
 create mode 100644 docs/quality/current-review/evidence/rb07-production/candidate-3/independent/independent/build.log
 create mode 100644 docs/quality/current-review/evidence/rb07-production/candidate-3/independent/independent/domain-fixed-boundaries.log
 create mode 100644 docs/quality/current-review/evidence/rb07-production/candidate-3/independent/independent/domain-reinspection.log
 create mode 100644 docs/quality/current-review/evidence/rb07-production/candidate-3/independent/independent/fixtures/R7D01.json
 create mode 100644 docs/quality/current-review/evidence/rb07-production/candidate-3/independent/independent/fixtures/R7D02.json
 create mode 100644 docs/quality/current-review/evidence/rb07-production/candidate-3/independent/independent/fixtures/R7D06.json
 create mode 100644 docs/quality/current-review/evidence/rb07-production/candidate-3/independent/independent/fixtures/R7D08.json
 create mode 100644 docs/quality/current-review/evidence/rb07-production/candidate-3/independent/independent/fixtures/R7D09.json
 create mode 100644 docs/quality/current-review/evidence/rb07-production/candidate-3/independent/independent/fixtures/R7D11.json
 create mode 100644 docs/quality/current-review/evidence/rb07-production/candidate-3/independent/independent/fixtures/R7D13.json
 create mode 100644 docs/quality/current-review/evidence/rb07-production/candidate-3/independent/independent/fixtures/R7D14.json
 create mode 100644 docs/quality/current-review/evidence/rb07-production/candidate-3/independent/independent/fixtures/R7D15.json
 create mode 100644 docs/quality/current-review/evidence/rb07-production/candidate-3/independent/independent/fixtures/R7U01-split-away-switch-failure-cold-after.json
 create mode 100644 docs/quality/current-review/evidence/rb07-production/candidate-3/independent/independent/fixtures/R7U02-copy-merge-keeps-history-source-after.json
 create mode 100644 docs/quality/current-review/evidence/rb07-production/candidate-3/independent/independent/fixtures/R7U02-observation.json
 create mode 100644 docs/quality/current-review/evidence/rb07-production/candidate-3/independent/independent/fixtures/R7U03-material-ack-next-clear-cold-after.json
 create mode 100644 docs/quality/current-review/evidence/rb07-production/candidate-3/independent/independent/fixtures/R7U03-order.json
 create mode 100644 docs/quality/current-review/evidence/rb07-production/candidate-3/independent/independent/fixtures/R7U04-stale-material-input-retained-after.json
 create mode 100644 docs/quality/current-review/evidence/rb07-production/candidate-3/independent/independent/fixtures/R7U05-dependent-frame-review-after.json
 create mode 100644 docs/quality/current-review/evidence/rb07-production/candidate-3/independent/independent/fixtures/R7U05-observation.json
 create mode 100644 docs/quality/current-review/evidence/rb07-production/candidate-3/independent/independent/fixtures/R7U06-acquired-time-normal-failure-after.json
 create mode 100644 docs/quality/current-review/evidence/rb07-production/candidate-3/independent/independent/fixtures/R7U07-chapter-flow-cues-timecode-after.json
 create mode 100644 docs/quality/current-review/evidence/rb07-production/candidate-3/independent/independent/fixtures/R7U08-fixed-old-frame-no-live-cues-after.json
 create mode 100644 docs/quality/current-review/evidence/rb07-production/candidate-3/independent/independent/fixtures/R7U08-observation.json
 create mode 100644 docs/quality/current-review/evidence/rb07-production/candidate-3/independent/independent/fixtures/new-a.wav
 create mode 100644 docs/quality/current-review/evidence/rb07-production/candidate-3/independent/independent/fixtures/new-b.mp4
 create mode 100644 docs/quality/current-review/evidence/rb07-production/candidate-3/independent/independent/fixtures/original-production.json
 create mode 100644 docs/quality/current-review/evidence/rb07-production/candidate-3/independent/independent/fixtures/split-saved.scenario
 create mode 100644 docs/quality/current-review/evidence/rb07-production/candidate-3/independent/independent/fixtures/ui-fixed-production.json
 create mode 100644 docs/quality/current-review/evidence/rb07-production/candidate-3/independent/independent/fixtures/ui-production.json
 create mode 100644 docs/quality/current-review/evidence/rb07-production/candidate-3/independent/independent/preview.log
 create mode 100644 docs/quality/current-review/evidence/rb07-production/candidate-3/independent/independent/production-browser.json
 create mode 100644 docs/quality/current-review/evidence/rb07-production/candidate-3/independent/independent/production-browser.log
 create mode 100644 docs/quality/current-review/evidence/rb07-production/candidate-3/independent/independent/production-traces/.last-run.json
 create mode 100644 docs/quality/current-review/evidence/rb07-production/candidate-3/independent/independent/vite.log
 create mode 100644 docs/quality/current-review/evidence/rb07-production/candidate-3/independent/source-manifest.json
 create mode 100644 docs/quality/current-review/evidence/rb07-production/candidate-3/independent/tests/independent-rb07-boundaries.test.ts
 create mode 100644 docs/quality/current-review/evidence/rb07-production/candidate-3/independent/tests/independent-rb07-fixed-boundaries.test.ts
 create mode 100644 docs/quality/current-review/evidence/rb07-production/candidate-3/independent/tests/independent-rb07-sibling-boundaries.test.ts
 create mode 100644 docs/quality/current-review/evidence/rb07-production/candidate-3/independent/tests/independent-rb07-ui-inputs.test.ts
 create mode 100644 docs/quality/current-review/evidence/rb07-production/candidate-3/independent/write-final-review.py
 create mode 100644 docs/quality/current-review/evidence/rb07-production/candidate-3/python.log
 create mode 100644 docs/quality/current-review/evidence/rb07-production/candidate-3/source-manifest.json
 create mode 100644 docs/quality/current-review/evidence/rb07-production/candidate-3/unit.json
 create mode 100644 docs/quality/current-review/evidence/rb07-production/candidate-3/unit.log
 create mode 100644 docs/quality/current-review/evidence/rb07-production/candidate-4/ARTIFACTS.json
 create mode 100644 docs/quality/current-review/evidence/rb07-production/candidate-4/build.log
 create mode 100644 docs/quality/current-review/evidence/rb07-production/candidate-4/candidate-binding.json
 create mode 100644 docs/quality/current-review/evidence/rb07-production/candidate-4/commit.log
 create mode 100644 docs/quality/current-review/evidence/rb07-production/candidate-4/docs.log
 create mode 100644 docs/quality/current-review/evidence/rb07-production/candidate-4/e2e.log
 create mode 100644 docs/quality/current-review/evidence/rb07-production/candidate-4/independent/ARTIFACT_BINDING.json
 create mode 100644 docs/quality/current-review/evidence/rb07-production/candidate-4/independent/INDEPENDENT_REVIEW.json
 create mode 100644 docs/quality/current-review/evidence/rb07-production/candidate-4/independent/INDEPENDENT_REVIEW.md
 create mode 100644 docs/quality/current-review/evidence/rb07-production/candidate-4/independent/SOURCE_COMMIT_BINDING.json
 create mode 100644 docs/quality/current-review/evidence/rb07-production/candidate-4/independent/independent-app-fixed-harness.html
 create mode 100644 docs/quality/current-review/evidence/rb07-production/candidate-4/independent/independent-app-fixed-harness.tsx
 create mode 100644 docs/quality/current-review/evidence/rb07-production/candidate-4/independent/independent-app-fixed.mjs
 create mode 100644 docs/quality/current-review/evidence/rb07-production/candidate-4/independent/independent-app-production-harness.html
 create mode 100644 docs/quality/current-review/evidence/rb07-production/candidate-4/independent/independent-app-production-harness.tsx
 create mode 100644 docs/quality/current-review/evidence/rb07-production/candidate-4/independent/independent-app-production.mjs
 create mode 100644 docs/quality/current-review/evidence/rb07-production/candidate-4/independent/independent-app-speaker-harness.html
 create mode 100644 docs/quality/current-review/evidence/rb07-production/candidate-4/independent/independent-app-speaker-harness.tsx
 create mode 100644 docs/quality/current-review/evidence/rb07-production/candidate-4/independent/independent-app-speaker.mjs
 create mode 100644 docs/quality/current-review/evidence/rb07-production/candidate-4/independent/independent-playwright.config.ts
 create mode 100644 docs/quality/current-review/evidence/rb07-production/candidate-4/independent/independent/INPUT_BINDING.json
 create mode 100644 docs/quality/current-review/evidence/rb07-production/candidate-4/independent/independent/ORIGINAL_CONTRACTS.json
 create mode 100644 docs/quality/current-review/evidence/rb07-production/candidate-4/independent/independent/ORIGINAL_FIXED_CONTRACTS.json
 create mode 100644 docs/quality/current-review/evidence/rb07-production/candidate-4/independent/independent/browser-fixed.json
 create mode 100644 docs/quality/current-review/evidence/rb07-production/candidate-4/independent/independent/browser-fixed.log
 create mode 100644 docs/quality/current-review/evidence/rb07-production/candidate-4/independent/independent/browser-production.json
 create mode 100644 docs/quality/current-review/evidence/rb07-production/candidate-4/independent/independent/browser-production.log
 create mode 100644 docs/quality/current-review/evidence/rb07-production/candidate-4/independent/independent/browser-speaker.json
 create mode 100644 docs/quality/current-review/evidence/rb07-production/candidate-4/independent/independent/browser-speaker.log
 create mode 100644 docs/quality/current-review/evidence/rb07-production/candidate-4/independent/independent/build.log
 create mode 100644 docs/quality/current-review/evidence/rb07-production/candidate-4/independent/independent/domain-fixed-speaker.log
 create mode 100644 docs/quality/current-review/evidence/rb07-production/candidate-4/independent/independent/domain-reinspection.log
 create mode 100644 docs/quality/current-review/evidence/rb07-production/candidate-4/independent/independent/domain-speaker-first/raw.log
 create mode 100644 docs/quality/current-review/evidence/rb07-production/candidate-4/independent/independent/domain-speaker-first/result.json
 create mode 100644 docs/quality/current-review/evidence/rb07-production/candidate-4/independent/independent/domain-speaker-first/test.ts
 create mode 100644 docs/quality/current-review/evidence/rb07-production/candidate-4/independent/independent/fixtures/R7D01.json
 create mode 100644 docs/quality/current-review/evidence/rb07-production/candidate-4/independent/independent/fixtures/R7D02.json
 create mode 100644 docs/quality/current-review/evidence/rb07-production/candidate-4/independent/independent/fixtures/R7D06.json
 create mode 100644 docs/quality/current-review/evidence/rb07-production/candidate-4/independent/independent/fixtures/R7D08.json
 create mode 100644 docs/quality/current-review/evidence/rb07-production/candidate-4/independent/independent/fixtures/R7D09.json
 create mode 100644 docs/quality/current-review/evidence/rb07-production/candidate-4/independent/independent/fixtures/R7D11.json
 create mode 100644 docs/quality/current-review/evidence/rb07-production/candidate-4/independent/independent/fixtures/R7D13.json
 create mode 100644 docs/quality/current-review/evidence/rb07-production/candidate-4/independent/independent/fixtures/R7D14.json
 create mode 100644 docs/quality/current-review/evidence/rb07-production/candidate-4/independent/independent/fixtures/R7D15.json
 create mode 100644 docs/quality/current-review/evidence/rb07-production/candidate-4/independent/independent/fixtures/R7D17.json
 create mode 100644 docs/quality/current-review/evidence/rb07-production/candidate-4/independent/independent/fixtures/R7U01-split-away-switch-failure-cold-after.json
 create mode 100644 docs/quality/current-review/evidence/rb07-production/candidate-4/independent/independent/fixtures/R7U02-copy-merge-keeps-history-source-after.json
 create mode 100644 docs/quality/current-review/evidence/rb07-production/candidate-4/independent/independent/fixtures/R7U02-observation.json
 create mode 100644 docs/quality/current-review/evidence/rb07-production/candidate-4/independent/independent/fixtures/R7U03-material-ack-next-clear-cold-after.json
 create mode 100644 docs/quality/current-review/evidence/rb07-production/candidate-4/independent/independent/fixtures/R7U03-order.json
 create mode 100644 docs/quality/current-review/evidence/rb07-production/candidate-4/independent/independent/fixtures/R7U04-stale-material-input-retained-after.json
 create mode 100644 docs/quality/current-review/evidence/rb07-production/candidate-4/independent/independent/fixtures/R7U05-dependent-frame-review-after.json
 create mode 100644 docs/quality/current-review/evidence/rb07-production/candidate-4/independent/independent/fixtures/R7U05-observation.json
 create mode 100644 docs/quality/current-review/evidence/rb07-production/candidate-4/independent/independent/fixtures/R7U06-acquired-time-normal-failure-after.json
 create mode 100644 docs/quality/current-review/evidence/rb07-production/candidate-4/independent/independent/fixtures/R7U07-chapter-flow-cues-timecode-after.json
 create mode 100644 docs/quality/current-review/evidence/rb07-production/candidate-4/independent/independent/fixtures/R7U08-fixed-old-frame-no-live-cues-after.json
 create mode 100644 docs/quality/current-review/evidence/rb07-production/candidate-4/independent/independent/fixtures/R7U08-observation.json
 create mode 100644 docs/quality/current-review/evidence/rb07-production/candidate-4/independent/independent/fixtures/R7U09-fixed-subtitle-speaker-candidates-after.json
 create mode 100644 docs/quality/current-review/evidence/rb07-production/candidate-4/independent/independent/fixtures/R7U09-observation.json
 create mode 100644 docs/quality/current-review/evidence/rb07-production/candidate-4/independent/independent/fixtures/new-a.wav
 create mode 100644 docs/quality/current-review/evidence/rb07-production/candidate-4/independent/independent/fixtures/new-b.mp4
 create mode 100644 docs/quality/current-review/evidence/rb07-production/candidate-4/independent/independent/fixtures/original-production.json
 create mode 100644 docs/quality/current-review/evidence/rb07-production/candidate-4/independent/independent/fixtures/split-saved.scenario
 create mode 100644 docs/quality/current-review/evidence/rb07-production/candidate-4/independent/independent/fixtures/ui-fixed-production.json
 create mode 100644 docs/quality/current-review/evidence/rb07-production/candidate-4/independent/independent/fixtures/ui-fixed-speaker-production.json
 create mode 100644 docs/quality/current-review/evidence/rb07-production/candidate-4/independent/independent/fixtures/ui-production.json
 create mode 100644 docs/quality/current-review/evidence/rb07-production/candidate-4/independent/independent/preview.log
 create mode 100644 docs/quality/current-review/evidence/rb07-production/candidate-4/independent/independent/production-browser.json
 create mode 100644 docs/quality/current-review/evidence/rb07-production/candidate-4/independent/independent/production-browser.log
 create mode 100644 docs/quality/current-review/evidence/rb07-production/candidate-4/independent/independent/production-traces/.last-run.json
 create mode 100644 docs/quality/current-review/evidence/rb07-production/candidate-4/independent/independent/reviewer-typecheck.log
 create mode 100644 docs/quality/current-review/evidence/rb07-production/candidate-4/independent/independent/vite.log
 create mode 100644 docs/quality/current-review/evidence/rb07-production/candidate-4/independent/source-manifest.json
 create mode 100644 docs/quality/current-review/evidence/rb07-production/candidate-4/independent/tests/independent-rb07-boundaries.test.ts
 create mode 100644 docs/quality/current-review/evidence/rb07-production/candidate-4/independent/tests/independent-rb07-fixed-boundaries.test.ts
 create mode 100644 docs/quality/current-review/evidence/rb07-production/candidate-4/independent/tests/independent-rb07-fixed-speaker.test.ts
 create mode 100644 docs/quality/current-review/evidence/rb07-production/candidate-4/independent/tests/independent-rb07-sibling-boundaries.test.ts
 create mode 100644 docs/quality/current-review/evidence/rb07-production/candidate-4/independent/tests/independent-rb07-ui-inputs.test.ts
 create mode 100644 docs/quality/current-review/evidence/rb07-production/candidate-4/independent/write-final-review.py
 create mode 100644 docs/quality/current-review/evidence/rb07-production/candidate-4/plan.log
 create mode 100644 docs/quality/current-review/evidence/rb07-production/candidate-4/python.log
 create mode 100644 docs/quality/current-review/evidence/rb07-production/candidate-4/schema-diff.log
 create mode 100644 docs/quality/current-review/evidence/rb07-production/candidate-4/schema.log
 create mode 100644 docs/quality/current-review/evidence/rb07-production/candidate-4/source-manifest.json
 create mode 100644 docs/quality/current-review/evidence/rb07-production/candidate-4/unit.json
 create mode 100644 docs/quality/current-review/evidence/rb07-production/candidate-4/unit.log
 create mode 100644 docs/quality/current-review/evidence/rb07-production/candidate-5/ARTIFACTS.json
 create mode 100644 docs/quality/current-review/evidence/rb07-production/candidate-5/build.log
 create mode 100644 docs/quality/current-review/evidence/rb07-production/candidate-5/candidate-binding.json
 create mode 100644 docs/quality/current-review/evidence/rb07-production/candidate-5/commit.log
 create mode 100644 docs/quality/current-review/evidence/rb07-production/candidate-5/docs.log
 create mode 100644 docs/quality/current-review/evidence/rb07-production/candidate-5/e2e.log
 create mode 100644 docs/quality/current-review/evidence/rb07-production/candidate-5/independent/ARTIFACT_BINDING.json
 create mode 100644 docs/quality/current-review/evidence/rb07-production/candidate-5/independent/INDEPENDENT_REVIEW.json
 create mode 100644 docs/quality/current-review/evidence/rb07-production/candidate-5/independent/INDEPENDENT_REVIEW.md
 create mode 100644 docs/quality/current-review/evidence/rb07-production/candidate-5/independent/SOURCE_COMMIT_BINDING.json
 create mode 100644 docs/quality/current-review/evidence/rb07-production/candidate-5/independent/independent-app-fixed-harness.html
 create mode 100644 docs/quality/current-review/evidence/rb07-production/candidate-5/independent/independent-app-fixed-harness.tsx
 create mode 100644 docs/quality/current-review/evidence/rb07-production/candidate-5/independent/independent-app-fixed.mjs
 create mode 100644 docs/quality/current-review/evidence/rb07-production/candidate-5/independent/independent-app-production-harness.html
 create mode 100644 docs/quality/current-review/evidence/rb07-production/candidate-5/independent/independent-app-production-harness.tsx
 create mode 100644 docs/quality/current-review/evidence/rb07-production/candidate-5/independent/independent-app-production.mjs
 create mode 100644 docs/quality/current-review/evidence/rb07-production/candidate-5/independent/independent-app-reuse-harness.html
 create mode 100644 docs/quality/current-review/evidence/rb07-production/candidate-5/independent/independent-app-reuse-harness.tsx
 create mode 100644 docs/quality/current-review/evidence/rb07-production/candidate-5/independent/independent-app-reuse.mjs
 create mode 100644 docs/quality/current-review/evidence/rb07-production/candidate-5/independent/independent-app-speaker-harness.html
 create mode 100644 docs/quality/current-review/evidence/rb07-production/candidate-5/independent/independent-app-speaker-harness.tsx
 create mode 100644 docs/quality/current-review/evidence/rb07-production/candidate-5/independent/independent-app-speaker.mjs
 create mode 100644 docs/quality/current-review/evidence/rb07-production/candidate-5/independent/independent-playwright.config.ts
 create mode 100644 docs/quality/current-review/evidence/rb07-production/candidate-5/independent/independent/INPUT_BINDING.json
 create mode 100644 docs/quality/current-review/evidence/rb07-production/candidate-5/independent/independent/ORIGINAL_CONTRACTS.json
 create mode 100644 docs/quality/current-review/evidence/rb07-production/candidate-5/independent/independent/ORIGINAL_FIXED_CONTRACTS.json
 create mode 100644 docs/quality/current-review/evidence/rb07-production/candidate-5/independent/independent/browser-fixed.json
 create mode 100644 docs/quality/current-review/evidence/rb07-production/candidate-5/independent/independent/browser-fixed.log
 create mode 100644 docs/quality/current-review/evidence/rb07-production/candidate-5/independent/independent/browser-production.json
 create mode 100644 docs/quality/current-review/evidence/rb07-production/candidate-5/independent/independent/browser-production.log
 create mode 100644 docs/quality/current-review/evidence/rb07-production/candidate-5/independent/independent/browser-reuse.json
 create mode 100644 docs/quality/current-review/evidence/rb07-production/candidate-5/independent/independent/browser-reuse.log
 create mode 100644 docs/quality/current-review/evidence/rb07-production/candidate-5/independent/independent/browser-speaker.json
 create mode 100644 docs/quality/current-review/evidence/rb07-production/candidate-5/independent/independent/browser-speaker.log
 create mode 100644 docs/quality/current-review/evidence/rb07-production/candidate-5/independent/independent/build.log
 create mode 100644 docs/quality/current-review/evidence/rb07-production/candidate-5/independent/independent/domain-production-view.log
 create mode 100644 docs/quality/current-review/evidence/rb07-production/candidate-5/independent/independent/domain-reinspection.log
 create mode 100644 docs/quality/current-review/evidence/rb07-production/candidate-5/independent/independent/fixtures/R7D01.json
 create mode 100644 docs/quality/current-review/evidence/rb07-production/candidate-5/independent/independent/fixtures/R7D02.json
 create mode 100644 docs/quality/current-review/evidence/rb07-production/candidate-5/independent/independent/fixtures/R7D06.json
 create mode 100644 docs/quality/current-review/evidence/rb07-production/candidate-5/independent/independent/fixtures/R7D08.json
 create mode 100644 docs/quality/current-review/evidence/rb07-production/candidate-5/independent/independent/fixtures/R7D09.json
 create mode 100644 docs/quality/current-review/evidence/rb07-production/candidate-5/independent/independent/fixtures/R7D11.json
 create mode 100644 docs/quality/current-review/evidence/rb07-production/candidate-5/independent/independent/fixtures/R7D13.json
 create mode 100644 docs/quality/current-review/evidence/rb07-production/candidate-5/independent/independent/fixtures/R7D14.json
 create mode 100644 docs/quality/current-review/evidence/rb07-production/candidate-5/independent/independent/fixtures/R7D15.json
 create mode 100644 docs/quality/current-review/evidence/rb07-production/candidate-5/independent/independent/fixtures/R7D17-roundtrip.json
 create mode 100644 docs/quality/current-review/evidence/rb07-production/candidate-5/independent/independent/fixtures/R7D17.json
 create mode 100644 docs/quality/current-review/evidence/rb07-production/candidate-5/independent/independent/fixtures/R7D18.json
 create mode 100644 docs/quality/current-review/evidence/rb07-production/candidate-5/independent/independent/fixtures/R7D19.json
 create mode 100644 docs/quality/current-review/evidence/rb07-production/candidate-5/independent/independent/fixtures/R7D20.json
 create mode 100644 docs/quality/current-review/evidence/rb07-production/candidate-5/independent/independent/fixtures/R7U01-split-away-switch-failure-cold-after.json
 create mode 100644 docs/quality/current-review/evidence/rb07-production/candidate-5/independent/independent/fixtures/R7U02-copy-merge-keeps-history-source-after.json
 create mode 100644 docs/quality/current-review/evidence/rb07-production/candidate-5/independent/independent/fixtures/R7U02-observation.json
 create mode 100644 docs/quality/current-review/evidence/rb07-production/candidate-5/independent/independent/fixtures/R7U03-material-ack-next-clear-cold-after.json
 create mode 100644 docs/quality/current-review/evidence/rb07-production/candidate-5/independent/independent/fixtures/R7U03-order.json
 create mode 100644 docs/quality/current-review/evidence/rb07-production/candidate-5/independent/independent/fixtures/R7U04-stale-material-input-retained-after.json
 create mode 100644 docs/quality/current-review/evidence/rb07-production/candidate-5/independent/independent/fixtures/R7U05-dependent-frame-review-after.json
 create mode 100644 docs/quality/current-review/evidence/rb07-production/candidate-5/independent/independent/fixtures/R7U05-observation.json
 create mode 100644 docs/quality/current-review/evidence/rb07-production/candidate-5/independent/independent/fixtures/R7U06-acquired-time-normal-failure-after.json
 create mode 100644 docs/quality/current-review/evidence/rb07-production/candidate-5/independent/independent/fixtures/R7U07-chapter-flow-cues-timecode-after.json
 create mode 100644 docs/quality/current-review/evidence/rb07-production/candidate-5/independent/independent/fixtures/R7U08-fixed-old-frame-no-live-cues-after.json
 create mode 100644 docs/quality/current-review/evidence/rb07-production/candidate-5/independent/independent/fixtures/R7U08-observation.json
 create mode 100644 docs/quality/current-review/evidence/rb07-production/candidate-5/independent/independent/fixtures/R7U09-fixed-subtitle-speaker-candidates-after.json
 create mode 100644 docs/quality/current-review/evidence/rb07-production/candidate-5/independent/independent/fixtures/R7U09-observation.json
 create mode 100644 docs/quality/current-review/evidence/rb07-production/candidate-5/independent/independent/fixtures/R7U10-fixed-subtitle-speaker-candidates-after.json
 create mode 100644 docs/quality/current-review/evidence/rb07-production/candidate-5/independent/independent/fixtures/R7U10-observation.json
 create mode 100644 docs/quality/current-review/evidence/rb07-production/candidate-5/independent/independent/fixtures/new-a.wav
 create mode 100644 docs/quality/current-review/evidence/rb07-production/candidate-5/independent/independent/fixtures/new-b.mp4
 create mode 100644 docs/quality/current-review/evidence/rb07-production/candidate-5/independent/independent/fixtures/original-production.json
 create mode 100644 docs/quality/current-review/evidence/rb07-production/candidate-5/independent/independent/fixtures/reuse-production.json
 create mode 100644 docs/quality/current-review/evidence/rb07-production/candidate-5/independent/independent/fixtures/split-saved.scenario
 create mode 100644 docs/quality/current-review/evidence/rb07-production/candidate-5/independent/independent/fixtures/ui-fixed-production.json
 create mode 100644 docs/quality/current-review/evidence/rb07-production/candidate-5/independent/independent/fixtures/ui-fixed-speaker-production.json
 create mode 100644 docs/quality/current-review/evidence/rb07-production/candidate-5/independent/independent/fixtures/ui-production.json
 create mode 100644 docs/quality/current-review/evidence/rb07-production/candidate-5/independent/independent/fixtures/world-new-current-production.json
 create mode 100644 docs/quality/current-review/evidence/rb07-production/candidate-5/independent/independent/fixtures/world-production.json
 create mode 100644 docs/quality/current-review/evidence/rb07-production/candidate-5/independent/independent/preview.log
 create mode 100644 docs/quality/current-review/evidence/rb07-production/candidate-5/independent/independent/production-browser.json
 create mode 100644 docs/quality/current-review/evidence/rb07-production/candidate-5/independent/independent/production-browser.log
 create mode 100644 docs/quality/current-review/evidence/rb07-production/candidate-5/independent/independent/production-traces/.last-run.json
 create mode 100644 docs/quality/current-review/evidence/rb07-production/candidate-5/independent/independent/production-view-run1/R7D20.json
 create mode 100644 docs/quality/current-review/evidence/rb07-production/candidate-5/independent/independent/production-view-run1/raw.log
 create mode 100644 docs/quality/current-review/evidence/rb07-production/candidate-5/independent/independent/production-view-run1/test.ts
 create mode 100644 docs/quality/current-review/evidence/rb07-production/candidate-5/independent/independent/production-view-run2/raw.log
 create mode 100644 docs/quality/current-review/evidence/rb07-production/candidate-5/independent/independent/production-view-run2/test.ts
 create mode 100644 docs/quality/current-review/evidence/rb07-production/candidate-5/independent/independent/unverified-contract-transition/original-raw.log
 create mode 100644 docs/quality/current-review/evidence/rb07-production/candidate-5/independent/independent/unverified-contract-transition/original-result.json
 create mode 100644 docs/quality/current-review/evidence/rb07-production/candidate-5/independent/independent/unverified-contract-transition/original-test.ts
 create mode 100644 docs/quality/current-review/evidence/rb07-production/candidate-5/independent/independent/vite.log
 create mode 100644 docs/quality/current-review/evidence/rb07-production/candidate-5/independent/source-manifest.json
 create mode 100644 docs/quality/current-review/evidence/rb07-production/candidate-5/independent/tests/independent-rb07-boundaries.test.ts
 create mode 100644 docs/quality/current-review/evidence/rb07-production/candidate-5/independent/tests/independent-rb07-fixed-boundaries.test.ts
 create mode 100644 docs/quality/current-review/evidence/rb07-production/candidate-5/independent/tests/independent-rb07-fixed-speaker.test.ts
 create mode 100644 docs/quality/current-review/evidence/rb07-production/candidate-5/independent/tests/independent-rb07-production-view.test.ts
 create mode 100644 docs/quality/current-review/evidence/rb07-production/candidate-5/independent/tests/independent-rb07-sibling-boundaries.test.ts
 create mode 100644 docs/quality/current-review/evidence/rb07-production/candidate-5/independent/tests/independent-rb07-ui-inputs.test.ts
 create mode 100644 docs/quality/current-review/evidence/rb07-production/candidate-5/independent/write-final-review.py
 create mode 100644 docs/quality/current-review/evidence/rb07-production/candidate-5/plan.log
 create mode 100644 docs/quality/current-review/evidence/rb07-production/candidate-5/python.log
 create mode 100644 docs/quality/current-review/evidence/rb07-production/candidate-5/schema-diff.log
 create mode 100644 docs/quality/current-review/evidence/rb07-production/candidate-5/schema.log
 create mode 100644 docs/quality/current-review/evidence/rb07-production/candidate-5/source-manifest.json
 create mode 100644 docs/quality/current-review/evidence/rb07-production/candidate-5/unit.json
 create mode 100644 docs/quality/current-review/evidence/rb07-production/candidate-5/unit.log
 create mode 100644 docs/quality/current-review/evidence/rb07-production/candidate-6/ARTIFACTS.json
 create mode 100644 docs/quality/current-review/evidence/rb07-production/candidate-6/build.log
 create mode 100644 docs/quality/current-review/evidence/rb07-production/candidate-6/candidate-binding.json
 create mode 100644 docs/quality/current-review/evidence/rb07-production/candidate-6/docs.log
 create mode 100644 docs/quality/current-review/evidence/rb07-production/candidate-6/e2e.log
 create mode 100644 docs/quality/current-review/evidence/rb07-production/candidate-6/independent/ARTIFACT_BINDING.json
 create mode 100644 docs/quality/current-review/evidence/rb07-production/candidate-6/independent/INDEPENDENT_REVIEW.json
 create mode 100644 docs/quality/current-review/evidence/rb07-production/candidate-6/independent/INDEPENDENT_REVIEW.md
 create mode 100644 docs/quality/current-review/evidence/rb07-production/candidate-6/independent/SOURCE_COMMIT_BINDING.json
 create mode 100644 docs/quality/current-review/evidence/rb07-production/candidate-6/independent/independent-app-fixed-harness.html
 create mode 100644 docs/quality/current-review/evidence/rb07-production/candidate-6/independent/independent-app-fixed-harness.tsx
 create mode 100644 docs/quality/current-review/evidence/rb07-production/candidate-6/independent/independent-app-fixed.mjs
 create mode 100644 docs/quality/current-review/evidence/rb07-production/candidate-6/independent/independent-app-local-rule.mjs
 create mode 100644 docs/quality/current-review/evidence/rb07-production/candidate-6/independent/independent-app-production-harness.html
 create mode 100644 docs/quality/current-review/evidence/rb07-production/candidate-6/independent/independent-app-production-harness.tsx
 create mode 100644 docs/quality/current-review/evidence/rb07-production/candidate-6/independent/independent-app-production.mjs
 create mode 100644 docs/quality/current-review/evidence/rb07-production/candidate-6/independent/independent-app-reuse-harness.html
 create mode 100644 docs/quality/current-review/evidence/rb07-production/candidate-6/independent/independent-app-reuse-harness.tsx
 create mode 100644 docs/quality/current-review/evidence/rb07-production/candidate-6/independent/independent-app-reuse.mjs
 create mode 100644 docs/quality/current-review/evidence/rb07-production/candidate-6/independent/independent-app-speaker-harness.html
 create mode 100644 docs/quality/current-review/evidence/rb07-production/candidate-6/independent/independent-app-speaker-harness.tsx
 create mode 100644 docs/quality/current-review/evidence/rb07-production/candidate-6/independent/independent-app-speaker.mjs
 create mode 100644 docs/quality/current-review/evidence/rb07-production/candidate-6/independent/independent-app-world-harness.html
 create mode 100644 docs/quality/current-review/evidence/rb07-production/candidate-6/independent/independent-app-world-harness.tsx
 create mode 100644 docs/quality/current-review/evidence/rb07-production/candidate-6/independent/independent-app-world-local-harness.html
 create mode 100644 docs/quality/current-review/evidence/rb07-production/candidate-6/independent/independent-app-world-local-harness.tsx
 create mode 100644 docs/quality/current-review/evidence/rb07-production/candidate-6/independent/independent-app-world.mjs
 create mode 100644 docs/quality/current-review/evidence/rb07-production/candidate-6/independent/independent-playwright.config.ts
 create mode 100644 docs/quality/current-review/evidence/rb07-production/candidate-6/independent/independent/INPUT_BINDING.json
 create mode 100644 docs/quality/current-review/evidence/rb07-production/candidate-6/independent/independent/ORIGINAL_CONTRACTS.json
 create mode 100644 docs/quality/current-review/evidence/rb07-production/candidate-6/independent/independent/ORIGINAL_FIXED_CONTRACTS.json
 create mode 100644 docs/quality/current-review/evidence/rb07-production/candidate-6/independent/independent/browser-fixed.json
 create mode 100644 docs/quality/current-review/evidence/rb07-production/candidate-6/independent/independent/browser-fixed.log
 create mode 100644 docs/quality/current-review/evidence/rb07-production/candidate-6/independent/independent/browser-local-rule.json
 create mode 100644 docs/quality/current-review/evidence/rb07-production/candidate-6/independent/independent/browser-local-rule.log
 create mode 100644 docs/quality/current-review/evidence/rb07-production/candidate-6/independent/independent/browser-production.json
 create mode 100644 docs/quality/current-review/evidence/rb07-production/candidate-6/independent/independent/browser-production.log
 create mode 100644 docs/quality/current-review/evidence/rb07-production/candidate-6/independent/independent/browser-reuse.json
 create mode 100644 docs/quality/current-review/evidence/rb07-production/candidate-6/independent/independent/browser-reuse.log
 create mode 100644 docs/quality/current-review/evidence/rb07-production/candidate-6/independent/independent/browser-speaker.json
 create mode 100644 docs/quality/current-review/evidence/rb07-production/candidate-6/independent/independent/browser-speaker.log
 create mode 100644 docs/quality/current-review/evidence/rb07-production/candidate-6/independent/independent/browser-world.json
 create mode 100644 docs/quality/current-review/evidence/rb07-production/candidate-6/independent/independent/browser-world.log
 create mode 100644 docs/quality/current-review/evidence/rb07-production/candidate-6/independent/independent/build.log
 create mode 100644 docs/quality/current-review/evidence/rb07-production/candidate-6/independent/independent/domain-local-rule.log
 create mode 100644 docs/quality/current-review/evidence/rb07-production/candidate-6/independent/independent/domain-production-view.log
 create mode 100644 docs/quality/current-review/evidence/rb07-production/candidate-6/independent/independent/domain-reinspection.log
 create mode 100644 docs/quality/current-review/evidence/rb07-production/candidate-6/independent/independent/fixtures/R7D01.json
 create mode 100644 docs/quality/current-review/evidence/rb07-production/candidate-6/independent/independent/fixtures/R7D02.json
 create mode 100644 docs/quality/current-review/evidence/rb07-production/candidate-6/independent/independent/fixtures/R7D06.json
 create mode 100644 docs/quality/current-review/evidence/rb07-production/candidate-6/independent/independent/fixtures/R7D08.json
 create mode 100644 docs/quality/current-review/evidence/rb07-production/candidate-6/independent/independent/fixtures/R7D09.json
 create mode 100644 docs/quality/current-review/evidence/rb07-production/candidate-6/independent/independent/fixtures/R7D11.json
 create mode 100644 docs/quality/current-review/evidence/rb07-production/candidate-6/independent/independent/fixtures/R7D13.json
 create mode 100644 docs/quality/current-review/evidence/rb07-production/candidate-6/independent/independent/fixtures/R7D14.json
 create mode 100644 docs/quality/current-review/evidence/rb07-production/candidate-6/independent/independent/fixtures/R7D15.json
 create mode 100644 docs/quality/current-review/evidence/rb07-production/candidate-6/independent/independent/fixtures/R7D17-roundtrip.json
 create mode 100644 docs/quality/current-review/evidence/rb07-production/candidate-6/independent/independent/fixtures/R7D17.json
 create mode 100644 docs/quality/current-review/evidence/rb07-production/candidate-6/independent/independent/fixtures/R7D18.json
 create mode 100644 docs/quality/current-review/evidence/rb07-production/candidate-6/independent/independent/fixtures/R7D19.json
 create mode 100644 docs/quality/current-review/evidence/rb07-production/candidate-6/independent/independent/fixtures/R7D20.json
 create mode 100644 docs/quality/current-review/evidence/rb07-production/candidate-6/independent/independent/fixtures/R7D22-native.json
 create mode 100644 docs/quality/current-review/evidence/rb07-production/candidate-6/independent/independent/fixtures/R7D22.json
 create mode 100644 docs/quality/current-review/evidence/rb07-production/candidate-6/independent/independent/fixtures/R7D23-before.json
 create mode 100644 docs/quality/current-review/evidence/rb07-production/candidate-6/independent/independent/fixtures/R7D24.json
 create mode 100644 docs/quality/current-review/evidence/rb07-production/candidate-6/independent/independent/fixtures/R7U01-split-away-switch-failure-cold-after.json
 create mode 100644 docs/quality/current-review/evidence/rb07-production/candidate-6/independent/independent/fixtures/R7U02-copy-merge-keeps-history-source-after.json
 create mode 100644 docs/quality/current-review/evidence/rb07-production/candidate-6/independent/independent/fixtures/R7U02-observation.json
 create mode 100644 docs/quality/current-review/evidence/rb07-production/candidate-6/independent/independent/fixtures/R7U03-material-ack-next-clear-cold-after.json
 create mode 100644 docs/quality/current-review/evidence/rb07-production/candidate-6/independent/independent/fixtures/R7U03-order.json
 create mode 100644 docs/quality/current-review/evidence/rb07-production/candidate-6/independent/independent/fixtures/R7U04-stale-material-input-retained-after.json
 create mode 100644 docs/quality/current-review/evidence/rb07-production/candidate-6/independent/independent/fixtures/R7U05-dependent-frame-review-after.json
 create mode 100644 docs/quality/current-review/evidence/rb07-production/candidate-6/independent/independent/fixtures/R7U05-observation.json
 create mode 100644 docs/quality/current-review/evidence/rb07-production/candidate-6/independent/independent/fixtures/R7U06-acquired-time-normal-failure-after.json
 create mode 100644 docs/quality/current-review/evidence/rb07-production/candidate-6/independent/independent/fixtures/R7U07-chapter-flow-cues-timecode-after.json
 create mode 100644 docs/quality/current-review/evidence/rb07-production/candidate-6/independent/independent/fixtures/R7U08-fixed-old-frame-no-live-cues-after.json
 create mode 100644 docs/quality/current-review/evidence/rb07-production/candidate-6/independent/independent/fixtures/R7U08-observation.json
 create mode 100644 docs/quality/current-review/evidence/rb07-production/candidate-6/independent/independent/fixtures/R7U09-fixed-subtitle-speaker-candidates-after.json
 create mode 100644 docs/quality/current-review/evidence/rb07-production/candidate-6/independent/independent/fixtures/R7U09-observation.json
 create mode 100644 docs/quality/current-review/evidence/rb07-production/candidate-6/independent/independent/fixtures/R7U10-fixed-subtitle-speaker-candidates-after.json
 create mode 100644 docs/quality/current-review/evidence/rb07-production/candidate-6/independent/independent/fixtures/R7U10-observation.json
 create mode 100644 docs/quality/current-review/evidence/rb07-production/candidate-6/independent/independent/fixtures/R7U11-12-observation.json
 create mode 100644 docs/quality/current-review/evidence/rb07-production/candidate-6/independent/independent/fixtures/R7U13-observation.json
 create mode 100644 docs/quality/current-review/evidence/rb07-production/candidate-6/independent/independent/fixtures/new-a.wav
 create mode 100644 docs/quality/current-review/evidence/rb07-production/candidate-6/independent/independent/fixtures/new-b.mp4
 create mode 100644 docs/quality/current-review/evidence/rb07-production/candidate-6/independent/independent/fixtures/original-production.json
 create mode 100644 docs/quality/current-review/evidence/rb07-production/candidate-6/independent/independent/fixtures/reuse-production.json
 create mode 100644 docs/quality/current-review/evidence/rb07-production/candidate-6/independent/independent/fixtures/split-saved.scenario
 create mode 100644 docs/quality/current-review/evidence/rb07-production/candidate-6/independent/independent/fixtures/ui-fixed-production.json
 create mode 100644 docs/quality/current-review/evidence/rb07-production/candidate-6/independent/independent/fixtures/ui-fixed-speaker-production.json
 create mode 100644 docs/quality/current-review/evidence/rb07-production/candidate-6/independent/independent/fixtures/ui-production.json
 create mode 100644 docs/quality/current-review/evidence/rb07-production/candidate-6/independent/independent/fixtures/world-local-rule-production.json
 create mode 100644 docs/quality/current-review/evidence/rb07-production/candidate-6/independent/independent/fixtures/world-new-current-production.json
 create mode 100644 docs/quality/current-review/evidence/rb07-production/candidate-6/independent/independent/fixtures/world-production.json
 create mode 100644 docs/quality/current-review/evidence/rb07-production/candidate-6/independent/independent/preview.log
 create mode 100644 docs/quality/current-review/evidence/rb07-production/candidate-6/independent/independent/production-browser.json
 create mode 100644 docs/quality/current-review/evidence/rb07-production/candidate-6/independent/independent/production-browser.log
 create mode 100644 docs/quality/current-review/evidence/rb07-production/candidate-6/independent/independent/production-traces/.last-run.json
 create mode 100644 docs/quality/current-review/evidence/rb07-production/candidate-6/independent/independent/vite.log
 create mode 100644 docs/quality/current-review/evidence/rb07-production/candidate-6/independent/source-manifest.json
 create mode 100644 docs/quality/current-review/evidence/rb07-production/candidate-6/independent/tests/independent-rb07-boundaries.test.ts
 create mode 100644 docs/quality/current-review/evidence/rb07-production/candidate-6/independent/tests/independent-rb07-fixed-boundaries.test.ts
 create mode 100644 docs/quality/current-review/evidence/rb07-production/candidate-6/independent/tests/independent-rb07-fixed-speaker.test.ts
 create mode 100644 docs/quality/current-review/evidence/rb07-production/candidate-6/independent/tests/independent-rb07-local-rule-anchor.test.ts
 create mode 100644 docs/quality/current-review/evidence/rb07-production/candidate-6/independent/tests/independent-rb07-production-view.test.ts
 create mode 100644 docs/quality/current-review/evidence/rb07-production/candidate-6/independent/tests/independent-rb07-sibling-boundaries.test.ts
 create mode 100644 docs/quality/current-review/evidence/rb07-production/candidate-6/independent/tests/independent-rb07-ui-inputs.test.ts
 create mode 100644 docs/quality/current-review/evidence/rb07-production/candidate-6/independent/write-final-review.py
 create mode 100644 docs/quality/current-review/evidence/rb07-production/candidate-6/plan.log
 create mode 100644 docs/quality/current-review/evidence/rb07-production/candidate-6/python.log
 create mode 100644 docs/quality/current-review/evidence/rb07-production/candidate-6/schema-correct-diff.log
 create mode 100644 docs/quality/current-review/evidence/rb07-production/candidate-6/schema-correct.log
 create mode 100644 docs/quality/current-review/evidence/rb07-production/candidate-6/schema-diff.log
 create mode 100644 docs/quality/current-review/evidence/rb07-production/candidate-6/schema.log
 create mode 100644 docs/quality/current-review/evidence/rb07-production/candidate-6/source-manifest.json
 create mode 100644 docs/quality/current-review/evidence/rb07-production/candidate-6/unit.json
 create mode 100644 docs/quality/current-review/evidence/rb07-production/candidate-6/unit.log
 create mode 100644 docs/quality/current-review/evidence/rb07-production/candidate-7/ARTIFACTS.json
 create mode 100644 docs/quality/current-review/evidence/rb07-production/candidate-7/build.log
 create mode 100644 docs/quality/current-review/evidence/rb07-production/candidate-7/candidate-binding.json
 create mode 100644 docs/quality/current-review/evidence/rb07-production/candidate-7/docs.log
 create mode 100644 docs/quality/current-review/evidence/rb07-production/candidate-7/e2e.log
 create mode 100644 docs/quality/current-review/evidence/rb07-production/candidate-7/independent/ARTIFACT_BINDING.json
 create mode 100644 docs/quality/current-review/evidence/rb07-production/candidate-7/independent/INDEPENDENT_REVIEW.json
 create mode 100644 docs/quality/current-review/evidence/rb07-production/candidate-7/independent/INDEPENDENT_REVIEW.md
 create mode 100644 docs/quality/current-review/evidence/rb07-production/candidate-7/independent/SOURCE_COMMIT_BINDING.json
 create mode 100644 docs/quality/current-review/evidence/rb07-production/candidate-7/independent/independent-app-fixed-harness.html
 create mode 100644 docs/quality/current-review/evidence/rb07-production/candidate-7/independent/independent-app-fixed-harness.tsx
 create mode 100644 docs/quality/current-review/evidence/rb07-production/candidate-7/independent/independent-app-fixed.mjs
 create mode 100644 docs/quality/current-review/evidence/rb07-production/candidate-7/independent/independent-app-local-rule.mjs
 create mode 100644 docs/quality/current-review/evidence/rb07-production/candidate-7/independent/independent-app-production-harness.html
 create mode 100644 docs/quality/current-review/evidence/rb07-production/candidate-7/independent/independent-app-production-harness.tsx
 create mode 100644 docs/quality/current-review/evidence/rb07-production/candidate-7/independent/independent-app-production.mjs
 create mode 100644 docs/quality/current-review/evidence/rb07-production/candidate-7/independent/independent-app-reuse-harness.html
 create mode 100644 docs/quality/current-review/evidence/rb07-production/candidate-7/independent/independent-app-reuse-harness.tsx
 create mode 100644 docs/quality/current-review/evidence/rb07-production/candidate-7/independent/independent-app-reuse.mjs
 create mode 100644 docs/quality/current-review/evidence/rb07-production/candidate-7/independent/independent-app-speaker-harness.html
 create mode 100644 docs/quality/current-review/evidence/rb07-production/candidate-7/independent/independent-app-speaker-harness.tsx
 create mode 100644 docs/quality/current-review/evidence/rb07-production/candidate-7/independent/independent-app-speaker.mjs
 create mode 100644 docs/quality/current-review/evidence/rb07-production/candidate-7/independent/independent-app-world-harness.html
 create mode 100644 docs/quality/current-review/evidence/rb07-production/candidate-7/independent/independent-app-world-harness.tsx
 create mode 100644 docs/quality/current-review/evidence/rb07-production/candidate-7/independent/independent-app-world-local-harness.html
 create mode 100644 docs/quality/current-review/evidence/rb07-production/candidate-7/independent/independent-app-world-local-harness.tsx
 create mode 100644 docs/quality/current-review/evidence/rb07-production/candidate-7/independent/independent-app-world.mjs
 create mode 100644 docs/quality/current-review/evidence/rb07-production/candidate-7/independent/independent-playwright.config.ts
 create mode 100644 docs/quality/current-review/evidence/rb07-production/candidate-7/independent/independent/INPUT_BINDING.json
 create mode 100644 docs/quality/current-review/evidence/rb07-production/candidate-7/independent/independent/ORIGINAL_CONTRACTS.json
 create mode 100644 docs/quality/current-review/evidence/rb07-production/candidate-7/independent/independent/ORIGINAL_FIXED_CONTRACTS.json
 create mode 100644 docs/quality/current-review/evidence/rb07-production/candidate-7/independent/independent/browser-local-rule.json
 create mode 100644 docs/quality/current-review/evidence/rb07-production/candidate-7/independent/independent/browser-local-rule.log
 create mode 100644 docs/quality/current-review/evidence/rb07-production/candidate-7/independent/independent/browser-world.json
 create mode 100644 docs/quality/current-review/evidence/rb07-production/candidate-7/independent/independent/browser-world.log
 create mode 100644 docs/quality/current-review/evidence/rb07-production/candidate-7/independent/independent/domain-production-view.log
 create mode 100644 docs/quality/current-review/evidence/rb07-production/candidate-7/independent/independent/domain-reinspection.log
 create mode 100644 docs/quality/current-review/evidence/rb07-production/candidate-7/independent/independent/fixtures/R7D01.json
 create mode 100644 docs/quality/current-review/evidence/rb07-production/candidate-7/independent/independent/fixtures/R7D02.json
 create mode 100644 docs/quality/current-review/evidence/rb07-production/candidate-7/independent/independent/fixtures/R7D06.json
 create mode 100644 docs/quality/current-review/evidence/rb07-production/candidate-7/independent/independent/fixtures/R7D08.json
 create mode 100644 docs/quality/current-review/evidence/rb07-production/candidate-7/independent/independent/fixtures/R7D09.json
 create mode 100644 docs/quality/current-review/evidence/rb07-production/candidate-7/independent/independent/fixtures/R7D11.json
 create mode 100644 docs/quality/current-review/evidence/rb07-production/candidate-7/independent/independent/fixtures/R7D13.json
 create mode 100644 docs/quality/current-review/evidence/rb07-production/candidate-7/independent/independent/fixtures/R7D14.json
 create mode 100644 docs/quality/current-review/evidence/rb07-production/candidate-7/independent/independent/fixtures/R7D15.json
 create mode 100644 docs/quality/current-review/evidence/rb07-production/candidate-7/independent/independent/fixtures/R7D17-roundtrip.json
 create mode 100644 docs/quality/current-review/evidence/rb07-production/candidate-7/independent/independent/fixtures/R7D17.json
 create mode 100644 docs/quality/current-review/evidence/rb07-production/candidate-7/independent/independent/fixtures/R7D18.json
 create mode 100644 docs/quality/current-review/evidence/rb07-production/candidate-7/independent/independent/fixtures/R7D19.json
 create mode 100644 docs/quality/current-review/evidence/rb07-production/candidate-7/independent/independent/fixtures/R7D20.json
 create mode 100644 docs/quality/current-review/evidence/rb07-production/candidate-7/independent/independent/fixtures/R7D22-native.json
 create mode 100644 docs/quality/current-review/evidence/rb07-production/candidate-7/independent/independent/fixtures/R7D22.json
 create mode 100644 docs/quality/current-review/evidence/rb07-production/candidate-7/independent/independent/fixtures/R7D23-before.json
 create mode 100644 docs/quality/current-review/evidence/rb07-production/candidate-7/independent/independent/fixtures/R7D23-clone.json
 create mode 100644 docs/quality/current-review/evidence/rb07-production/candidate-7/independent/independent/fixtures/R7D23-new.json
 create mode 100644 docs/quality/current-review/evidence/rb07-production/candidate-7/independent/independent/fixtures/R7D24.json
 create mode 100644 docs/quality/current-review/evidence/rb07-production/candidate-7/independent/independent/fixtures/R7U11-12-observation.json
 create mode 100644 docs/quality/current-review/evidence/rb07-production/candidate-7/independent/independent/fixtures/R7U12-old-world-complete.scenario
 create mode 100644 docs/quality/current-review/evidence/rb07-production/candidate-7/independent/independent/fixtures/R7U13-observation.json
 create mode 100644 docs/quality/current-review/evidence/rb07-production/candidate-7/independent/independent/fixtures/new-a.wav
 create mode 100644 docs/quality/current-review/evidence/rb07-production/candidate-7/independent/independent/fixtures/new-b.mp4
 create mode 100644 docs/quality/current-review/evidence/rb07-production/candidate-7/independent/independent/fixtures/original-production.json
 create mode 100644 docs/quality/current-review/evidence/rb07-production/candidate-7/independent/independent/fixtures/reuse-production.json
 create mode 100644 docs/quality/current-review/evidence/rb07-production/candidate-7/independent/independent/fixtures/split-saved.scenario
 create mode 100644 docs/quality/current-review/evidence/rb07-production/candidate-7/independent/independent/fixtures/ui-fixed-production.json
 create mode 100644 docs/quality/current-review/evidence/rb07-production/candidate-7/independent/independent/fixtures/ui-fixed-speaker-production.json
 create mode 100644 docs/quality/current-review/evidence/rb07-production/candidate-7/independent/independent/fixtures/ui-production.json
 create mode 100644 docs/quality/current-review/evidence/rb07-production/candidate-7/independent/independent/fixtures/world-local-rule-production.json
 create mode 100644 docs/quality/current-review/evidence/rb07-production/candidate-7/independent/independent/fixtures/world-new-current-production.json
 create mode 100644 docs/quality/current-review/evidence/rb07-production/candidate-7/independent/independent/fixtures/world-production.json
 create mode 100644 docs/quality/current-review/evidence/rb07-production/candidate-7/independent/independent/vite.log
 create mode 100644 docs/quality/current-review/evidence/rb07-production/candidate-7/independent/source-manifest.json
 create mode 100644 docs/quality/current-review/evidence/rb07-production/candidate-7/independent/tests/independent-rb07-boundaries.test.ts
 create mode 100644 docs/quality/current-review/evidence/rb07-production/candidate-7/independent/tests/independent-rb07-fixed-boundaries.test.ts
 create mode 100644 docs/quality/current-review/evidence/rb07-production/candidate-7/independent/tests/independent-rb07-fixed-speaker.test.ts
 create mode 100644 docs/quality/current-review/evidence/rb07-production/candidate-7/independent/tests/independent-rb07-local-rule-anchor.test.ts
 create mode 100644 docs/quality/current-review/evidence/rb07-production/candidate-7/independent/tests/independent-rb07-production-view.test.ts
 create mode 100644 docs/quality/current-review/evidence/rb07-production/candidate-7/independent/tests/independent-rb07-sibling-boundaries.test.ts
 create mode 100644 docs/quality/current-review/evidence/rb07-production/candidate-7/independent/tests/independent-rb07-ui-inputs.test.ts
 create mode 100644 docs/quality/current-review/evidence/rb07-production/candidate-7/independent/write-final-review.py
 create mode 100644 docs/quality/current-review/evidence/rb07-production/candidate-7/plan.log
 create mode 100644 docs/quality/current-review/evidence/rb07-production/candidate-7/python.log
 create mode 100644 docs/quality/current-review/evidence/rb07-production/candidate-7/schema-diff.log
 create mode 100644 docs/quality/current-review/evidence/rb07-production/candidate-7/schema.log
 create mode 100644 docs/quality/current-review/evidence/rb07-production/candidate-7/source-manifest.json
 create mode 100644 docs/quality/current-review/evidence/rb07-production/candidate-7/unit.json
 create mode 100644 docs/quality/current-review/evidence/rb07-production/candidate-7/unit.log
 create mode 100644 docs/quality/current-review/evidence/rb07-production/candidate-8/ARTIFACTS.json
 create mode 100644 docs/quality/current-review/evidence/rb07-production/candidate-8/build.log
 create mode 100644 docs/quality/current-review/evidence/rb07-production/candidate-8/candidate-binding.json
 create mode 100644 docs/quality/current-review/evidence/rb07-production/candidate-8/docs.log
 create mode 100644 docs/quality/current-review/evidence/rb07-production/candidate-8/e2e.log
 create mode 100644 docs/quality/current-review/evidence/rb07-production/candidate-8/independent/ARTIFACT_BINDING.json
 create mode 100644 docs/quality/current-review/evidence/rb07-production/candidate-8/independent/INDEPENDENT_REVIEW.json
 create mode 100644 docs/quality/current-review/evidence/rb07-production/candidate-8/independent/INDEPENDENT_REVIEW.md
 create mode 100644 docs/quality/current-review/evidence/rb07-production/candidate-8/independent/SOURCE_COMMIT_BINDING.json
 create mode 100644 docs/quality/current-review/evidence/rb07-production/candidate-8/independent/independent-app-fixed-harness.html
 create mode 100644 docs/quality/current-review/evidence/rb07-production/candidate-8/independent/independent-app-fixed-harness.tsx
 create mode 100644 docs/quality/current-review/evidence/rb07-production/candidate-8/independent/independent-app-fixed.mjs
 create mode 100644 docs/quality/current-review/evidence/rb07-production/candidate-8/independent/independent-app-local-rule.mjs
 create mode 100644 docs/quality/current-review/evidence/rb07-production/candidate-8/independent/independent-app-production-harness.html
 create mode 100644 docs/quality/current-review/evidence/rb07-production/candidate-8/independent/independent-app-production-harness.tsx
 create mode 100644 docs/quality/current-review/evidence/rb07-production/candidate-8/independent/independent-app-production.mjs
 create mode 100644 docs/quality/current-review/evidence/rb07-production/candidate-8/independent/independent-app-relation-harness.html
 create mode 100644 docs/quality/current-review/evidence/rb07-production/candidate-8/independent/independent-app-relation-harness.tsx
 create mode 100644 docs/quality/current-review/evidence/rb07-production/candidate-8/independent/independent-app-relation-world.mjs
 create mode 100644 docs/quality/current-review/evidence/rb07-production/candidate-8/independent/independent-app-reuse-harness.html
 create mode 100644 docs/quality/current-review/evidence/rb07-production/candidate-8/independent/independent-app-reuse-harness.tsx
 create mode 100644 docs/quality/current-review/evidence/rb07-production/candidate-8/independent/independent-app-reuse.mjs
 create mode 100644 docs/quality/current-review/evidence/rb07-production/candidate-8/independent/independent-app-speaker-harness.html
 create mode 100644 docs/quality/current-review/evidence/rb07-production/candidate-8/independent/independent-app-speaker-harness.tsx
 create mode 100644 docs/quality/current-review/evidence/rb07-production/candidate-8/independent/independent-app-speaker.mjs
 create mode 100644 docs/quality/current-review/evidence/rb07-production/candidate-8/independent/independent-app-world-harness.html
 create mode 100644 docs/quality/current-review/evidence/rb07-production/candidate-8/independent/independent-app-world-harness.tsx
 create mode 100644 docs/quality/current-review/evidence/rb07-production/candidate-8/independent/independent-app-world-local-harness.html
 create mode 100644 docs/quality/current-review/evidence/rb07-production/candidate-8/independent/independent-app-world-local-harness.tsx
 create mode 100644 docs/quality/current-review/evidence/rb07-production/candidate-8/independent/independent-app-world.mjs
 create mode 100644 docs/quality/current-review/evidence/rb07-production/candidate-8/independent/independent-playwright.config.ts
 create mode 100644 docs/quality/current-review/evidence/rb07-production/candidate-8/independent/independent/INPUT_BINDING.json
 create mode 100644 docs/quality/current-review/evidence/rb07-production/candidate-8/independent/independent/ORIGINAL_CONTRACTS.json
 create mode 100644 docs/quality/current-review/evidence/rb07-production/candidate-8/independent/independent/ORIGINAL_FIXED_CONTRACTS.json
 create mode 100644 docs/quality/current-review/evidence/rb07-production/candidate-8/independent/independent/browser-fixed.json
 create mode 100644 docs/quality/current-review/evidence/rb07-production/candidate-8/independent/independent/browser-fixed.log
 create mode 100644 docs/quality/current-review/evidence/rb07-production/candidate-8/independent/independent/browser-local-rule.json
 create mode 100644 docs/quality/current-review/evidence/rb07-production/candidate-8/independent/independent/browser-local-rule.log
 create mode 100644 docs/quality/current-review/evidence/rb07-production/candidate-8/independent/independent/browser-production.json
 create mode 100644 docs/quality/current-review/evidence/rb07-production/candidate-8/independent/independent/browser-production.log
 create mode 100644 docs/quality/current-review/evidence/rb07-production/candidate-8/independent/independent/browser-relation-world.json
 create mode 100644 docs/quality/current-review/evidence/rb07-production/candidate-8/independent/independent/browser-relation-world.log
 create mode 100644 docs/quality/current-review/evidence/rb07-production/candidate-8/independent/independent/browser-reuse.json
 create mode 100644 docs/quality/current-review/evidence/rb07-production/candidate-8/independent/independent/browser-reuse.log
 create mode 100644 docs/quality/current-review/evidence/rb07-production/candidate-8/independent/independent/browser-speaker.json
 create mode 100644 docs/quality/current-review/evidence/rb07-production/candidate-8/independent/independent/browser-speaker.log
 create mode 100644 docs/quality/current-review/evidence/rb07-production/candidate-8/independent/independent/browser-world.json
 create mode 100644 docs/quality/current-review/evidence/rb07-production/candidate-8/independent/independent/browser-world.log
 create mode 100644 docs/quality/current-review/evidence/rb07-production/candidate-8/independent/independent/build.log
 create mode 100644 docs/quality/current-review/evidence/rb07-production/candidate-8/independent/independent/domain-reinspection.log
 create mode 100644 docs/quality/current-review/evidence/rb07-production/candidate-8/independent/independent/domain-relation-world.log
 create mode 100644 docs/quality/current-review/evidence/rb07-production/candidate-8/independent/independent/domain-ui-relation-download.log
 create mode 100644 docs/quality/current-review/evidence/rb07-production/candidate-8/independent/independent/fixtures/R7D01.json
 create mode 100644 docs/quality/current-review/evidence/rb07-production/candidate-8/independent/independent/fixtures/R7D02.json
 create mode 100644 docs/quality/current-review/evidence/rb07-production/candidate-8/independent/independent/fixtures/R7D06.json
 create mode 100644 docs/quality/current-review/evidence/rb07-production/candidate-8/independent/independent/fixtures/R7D08.json
 create mode 100644 docs/quality/current-review/evidence/rb07-production/candidate-8/independent/independent/fixtures/R7D09.json
 create mode 100644 docs/quality/current-review/evidence/rb07-production/candidate-8/independent/independent/fixtures/R7D11.json
 create mode 100644 docs/quality/current-review/evidence/rb07-production/candidate-8/independent/independent/fixtures/R7D13.json
 create mode 100644 docs/quality/current-review/evidence/rb07-production/candidate-8/independent/independent/fixtures/R7D14.json
 create mode 100644 docs/quality/current-review/evidence/rb07-production/candidate-8/independent/independent/fixtures/R7D15.json
 create mode 100644 docs/quality/current-review/evidence/rb07-production/candidate-8/independent/independent/fixtures/R7D17-roundtrip.json
 create mode 100644 docs/quality/current-review/evidence/rb07-production/candidate-8/independent/independent/fixtures/R7D17.json
 create mode 100644 docs/quality/current-review/evidence/rb07-production/candidate-8/independent/independent/fixtures/R7D18.json
 create mode 100644 docs/quality/current-review/evidence/rb07-production/candidate-8/independent/independent/fixtures/R7D19.json
 create mode 100644 docs/quality/current-review/evidence/rb07-production/candidate-8/independent/independent/fixtures/R7D20.json
 create mode 100644 docs/quality/current-review/evidence/rb07-production/candidate-8/independent/independent/fixtures/R7D22-native.json
 create mode 100644 docs/quality/current-review/evidence/rb07-production/candidate-8/independent/independent/fixtures/R7D22.json
 create mode 100644 docs/quality/current-review/evidence/rb07-production/candidate-8/independent/independent/fixtures/R7D23-before.json
 create mode 100644 docs/quality/current-review/evidence/rb07-production/candidate-8/independent/independent/fixtures/R7D23-clone.json
 create mode 100644 docs/quality/current-review/evidence/rb07-production/candidate-8/independent/independent/fixtures/R7D23-new.json
 create mode 100644 docs/quality/current-review/evidence/rb07-production/candidate-8/independent/independent/fixtures/R7D24.json
 create mode 100644 docs/quality/current-review/evidence/rb07-production/candidate-8/independent/independent/fixtures/R7D25-after.json
 create mode 100644 docs/quality/current-review/evidence/rb07-production/candidate-8/independent/independent/fixtures/R7D25-before.json
 create mode 100644 docs/quality/current-review/evidence/rb07-production/candidate-8/independent/independent/fixtures/R7D25-complete.scenario
 create mode 100644 docs/quality/current-review/evidence/rb07-production/candidate-8/independent/independent/fixtures/R7U01-split-away-switch-failure-cold-after.json
 create mode 100644 docs/quality/current-review/evidence/rb07-production/candidate-8/independent/independent/fixtures/R7U02-copy-merge-keeps-history-source-after.json
 create mode 100644 docs/quality/current-review/evidence/rb07-production/candidate-8/independent/independent/fixtures/R7U02-observation.json
 create mode 100644 docs/quality/current-review/evidence/rb07-production/candidate-8/independent/independent/fixtures/R7U03-material-ack-next-clear-cold-after.json
 create mode 100644 docs/quality/current-review/evidence/rb07-production/candidate-8/independent/independent/fixtures/R7U03-order.json
 create mode 100644 docs/quality/current-review/evidence/rb07-production/candidate-8/independent/independent/fixtures/R7U04-stale-material-input-retained-after.json
 create mode 100644 docs/quality/current-review/evidence/rb07-production/candidate-8/independent/independent/fixtures/R7U05-dependent-frame-review-after.json
 create mode 100644 docs/quality/current-review/evidence/rb07-production/candidate-8/independent/independent/fixtures/R7U05-observation.json
 create mode 100644 docs/quality/current-review/evidence/rb07-production/candidate-8/independent/independent/fixtures/R7U06-acquired-time-normal-failure-after.json
 create mode 100644 docs/quality/current-review/evidence/rb07-production/candidate-8/independent/independent/fixtures/R7U07-chapter-flow-cues-timecode-after.json
 create mode 100644 docs/quality/current-review/evidence/rb07-production/candidate-8/independent/independent/fixtures/R7U08-fixed-old-frame-no-live-cues-after.json
 create mode 100644 docs/quality/current-review/evidence/rb07-production/candidate-8/independent/independent/fixtures/R7U08-observation.json
 create mode 100644 docs/quality/current-review/evidence/rb07-production/candidate-8/independent/independent/fixtures/R7U09-fixed-subtitle-speaker-candidates-after.json
 create mode 100644 docs/quality/current-review/evidence/rb07-production/candidate-8/independent/independent/fixtures/R7U09-observation.json
 create mode 100644 docs/quality/current-review/evidence/rb07-production/candidate-8/independent/independent/fixtures/R7U10-fixed-subtitle-speaker-candidates-after.json
 create mode 100644 docs/quality/current-review/evidence/rb07-production/candidate-8/independent/independent/fixtures/R7U10-observation.json
 create mode 100644 docs/quality/current-review/evidence/rb07-production/candidate-8/independent/independent/fixtures/R7U11-12-observation.json
 create mode 100644 docs/quality/current-review/evidence/rb07-production/candidate-8/independent/independent/fixtures/R7U12-old-world-complete.scenario
 create mode 100644 docs/quality/current-review/evidence/rb07-production/candidate-8/independent/independent/fixtures/R7U13-observation.json
 create mode 100644 docs/quality/current-review/evidence/rb07-production/candidate-8/independent/independent/fixtures/R7U14-archive-observation.json
 create mode 100644 docs/quality/current-review/evidence/rb07-production/candidate-8/independent/independent/fixtures/R7U14-observation.json
 create mode 100644 docs/quality/current-review/evidence/rb07-production/candidate-8/independent/independent/fixtures/R7U14-relation-world-complete.scenario
 create mode 100644 docs/quality/current-review/evidence/rb07-production/candidate-8/independent/independent/fixtures/new-a.wav
 create mode 100644 docs/quality/current-review/evidence/rb07-production/candidate-8/independent/independent/fixtures/new-b.mp4
 create mode 100644 docs/quality/current-review/evidence/rb07-production/candidate-8/independent/independent/fixtures/original-production.json
 create mode 100644 docs/quality/current-review/evidence/rb07-production/candidate-8/independent/independent/fixtures/reuse-production.json
 create mode 100644 docs/quality/current-review/evidence/rb07-production/candidate-8/independent/independent/fixtures/split-saved.scenario
 create mode 100644 docs/quality/current-review/evidence/rb07-production/candidate-8/independent/independent/fixtures/ui-fixed-production.json
 create mode 100644 docs/quality/current-review/evidence/rb07-production/candidate-8/independent/independent/fixtures/ui-fixed-speaker-production.json
 create mode 100644 docs/quality/current-review/evidence/rb07-production/candidate-8/independent/independent/fixtures/ui-production.json
 create mode 100644 docs/quality/current-review/evidence/rb07-production/candidate-8/independent/independent/fixtures/world-local-rule-production.json
 create mode 100644 docs/quality/current-review/evidence/rb07-production/candidate-8/independent/independent/fixtures/world-new-current-production.json
 create mode 100644 docs/quality/current-review/evidence/rb07-production/candidate-8/independent/independent/fixtures/world-production.json
 create mode 100644 docs/quality/current-review/evidence/rb07-production/candidate-8/independent/independent/fixtures/world-relation-production.json
 create mode 100644 docs/quality/current-review/evidence/rb07-production/candidate-8/independent/independent/preview.log
 create mode 100644 docs/quality/current-review/evidence/rb07-production/candidate-8/independent/independent/production-browser.json
 create mode 100644 docs/quality/current-review/evidence/rb07-production/candidate-8/independent/independent/production-browser.log
 create mode 100644 docs/quality/current-review/evidence/rb07-production/candidate-8/independent/independent/production-traces/.last-run.json
 create mode 100644 docs/quality/current-review/evidence/rb07-production/candidate-8/independent/independent/relation-world-run1/raw.log
 create mode 100644 docs/quality/current-review/evidence/rb07-production/candidate-8/independent/independent/relation-world-run1/test.ts
 create mode 100644 docs/quality/current-review/evidence/rb07-production/candidate-8/independent/independent/vite.log
 create mode 100644 docs/quality/current-review/evidence/rb07-production/candidate-8/independent/source-manifest.json
 create mode 100644 docs/quality/current-review/evidence/rb07-production/candidate-8/independent/tests/independent-rb07-boundaries.test.ts
 create mode 100644 docs/quality/current-review/evidence/rb07-production/candidate-8/independent/tests/independent-rb07-fixed-boundaries.test.ts
 create mode 100644 docs/quality/current-review/evidence/rb07-production/candidate-8/independent/tests/independent-rb07-fixed-speaker.test.ts
 create mode 100644 docs/quality/current-review/evidence/rb07-production/candidate-8/independent/tests/independent-rb07-local-rule-anchor.test.ts
 create mode 100644 docs/quality/current-review/evidence/rb07-production/candidate-8/independent/tests/independent-rb07-production-view.test.ts
 create mode 100644 docs/quality/current-review/evidence/rb07-production/candidate-8/independent/tests/independent-rb07-relation-world-citation.test.ts
 create mode 100644 docs/quality/current-review/evidence/rb07-production/candidate-8/independent/tests/independent-rb07-sibling-boundaries.test.ts
 create mode 100644 docs/quality/current-review/evidence/rb07-production/candidate-8/independent/tests/independent-rb07-ui-inputs.test.ts
 create mode 100644 docs/quality/current-review/evidence/rb07-production/candidate-8/independent/tests/independent-rb07-ui-relation-download.test.ts
 create mode 100644 docs/quality/current-review/evidence/rb07-production/candidate-8/independent/write-final-review.py
 create mode 100644 docs/quality/current-review/evidence/rb07-production/candidate-8/plan.log
 create mode 100644 docs/quality/current-review/evidence/rb07-production/candidate-8/python.log
 create mode 100644 docs/quality/current-review/evidence/rb07-production/candidate-8/schema-diff.log
 create mode 100644 docs/quality/current-review/evidence/rb07-production/candidate-8/schema.log
 create mode 100644 docs/quality/current-review/evidence/rb07-production/candidate-8/source-manifest.json
 create mode 100644 docs/quality/current-review/evidence/rb07-production/candidate-8/unit.json
 create mode 100644 docs/quality/current-review/evidence/rb07-production/candidate-8/unit.log
 create mode 100644 docs/quality/current-review/evidence/rb07-production/candidate-9/ARTIFACTS.json
 create mode 100644 docs/quality/current-review/evidence/rb07-production/candidate-9/build.log
 create mode 100644 docs/quality/current-review/evidence/rb07-production/candidate-9/candidate-binding.json
 create mode 100644 docs/quality/current-review/evidence/rb07-production/candidate-9/docs.log
 create mode 100644 docs/quality/current-review/evidence/rb07-production/candidate-9/e2e.log
 create mode 100644 docs/quality/current-review/evidence/rb07-production/candidate-9/independent/ARTIFACT_BINDING.json
 create mode 100644 docs/quality/current-review/evidence/rb07-production/candidate-9/independent/INDEPENDENT_REVIEW.json
 create mode 100644 docs/quality/current-review/evidence/rb07-production/candidate-9/independent/INDEPENDENT_REVIEW.md
 create mode 100644 docs/quality/current-review/evidence/rb07-production/candidate-9/independent/SOURCE_COMMIT_BINDING.json
 create mode 100644 docs/quality/current-review/evidence/rb07-production/candidate-9/independent/independent-app-fixed-harness.html
 create mode 100644 docs/quality/current-review/evidence/rb07-production/candidate-9/independent/independent-app-fixed-harness.tsx
 create mode 100644 docs/quality/current-review/evidence/rb07-production/candidate-9/independent/independent-app-fixed.mjs
 create mode 100644 docs/quality/current-review/evidence/rb07-production/candidate-9/independent/independent-app-local-rule.mjs
 create mode 100644 docs/quality/current-review/evidence/rb07-production/candidate-9/independent/independent-app-production-harness.html
 create mode 100644 docs/quality/current-review/evidence/rb07-production/candidate-9/independent/independent-app-production-harness.tsx
 create mode 100644 docs/quality/current-review/evidence/rb07-production/candidate-9/independent/independent-app-production.mjs
 create mode 100644 docs/quality/current-review/evidence/rb07-production/candidate-9/independent/independent-app-relation-harness.html
 create mode 100644 docs/quality/current-review/evidence/rb07-production/candidate-9/independent/independent-app-relation-harness.tsx
 create mode 100644 docs/quality/current-review/evidence/rb07-production/candidate-9/independent/independent-app-relation-world.mjs
 create mode 100644 docs/quality/current-review/evidence/rb07-production/candidate-9/independent/independent-app-reuse-harness.html
 create mode 100644 docs/quality/current-review/evidence/rb07-production/candidate-9/independent/independent-app-reuse-harness.tsx
 create mode 100644 docs/quality/current-review/evidence/rb07-production/candidate-9/independent/independent-app-reuse.mjs
 create mode 100644 docs/quality/current-review/evidence/rb07-production/candidate-9/independent/independent-app-speaker-harness.html
 create mode 100644 docs/quality/current-review/evidence/rb07-production/candidate-9/independent/independent-app-speaker-harness.tsx
 create mode 100644 docs/quality/current-review/evidence/rb07-production/candidate-9/independent/independent-app-speaker.mjs
 create mode 100644 docs/quality/current-review/evidence/rb07-production/candidate-9/independent/independent-app-world-harness.html
 create mode 100644 docs/quality/current-review/evidence/rb07-production/candidate-9/independent/independent-app-world-harness.tsx
 create mode 100644 docs/quality/current-review/evidence/rb07-production/candidate-9/independent/independent-app-world-local-harness.html
 create mode 100644 docs/quality/current-review/evidence/rb07-production/candidate-9/independent/independent-app-world-local-harness.tsx
 create mode 100644 docs/quality/current-review/evidence/rb07-production/candidate-9/independent/independent-app-world-route-harness.html
 create mode 100644 docs/quality/current-review/evidence/rb07-production/candidate-9/independent/independent-app-world-route-harness.tsx
 create mode 100644 docs/quality/current-review/evidence/rb07-production/candidate-9/independent/independent-app-world-route.mjs
 create mode 100644 docs/quality/current-review/evidence/rb07-production/candidate-9/independent/independent-app-world.mjs
 create mode 100644 docs/quality/current-review/evidence/rb07-production/candidate-9/independent/independent-playwright.config.ts
 create mode 100644 docs/quality/current-review/evidence/rb07-production/candidate-9/independent/independent/INPUT_BINDING.json
 create mode 100644 docs/quality/current-review/evidence/rb07-production/candidate-9/independent/independent/ORIGINAL_CONTRACTS.json
 create mode 100644 docs/quality/current-review/evidence/rb07-production/candidate-9/independent/independent/ORIGINAL_FIXED_CONTRACTS.json
 create mode 100644 docs/quality/current-review/evidence/rb07-production/candidate-9/independent/independent/browser-fixed.json
 create mode 100644 docs/quality/current-review/evidence/rb07-production/candidate-9/independent/independent/browser-fixed.log
 create mode 100644 docs/quality/current-review/evidence/rb07-production/candidate-9/independent/independent/browser-local-rule.json
 create mode 100644 docs/quality/current-review/evidence/rb07-production/candidate-9/independent/independent/browser-local-rule.log
 create mode 100644 docs/quality/current-review/evidence/rb07-production/candidate-9/independent/independent/browser-production.json
 create mode 100644 docs/quality/current-review/evidence/rb07-production/candidate-9/independent/independent/browser-production.log
 create mode 100644 docs/quality/current-review/evidence/rb07-production/candidate-9/independent/independent/browser-relation-world.json
 create mode 100644 docs/quality/current-review/evidence/rb07-production/candidate-9/independent/independent/browser-relation-world.log
 create mode 100644 docs/quality/current-review/evidence/rb07-production/candidate-9/independent/independent/browser-reuse.json
 create mode 100644 docs/quality/current-review/evidence/rb07-production/candidate-9/independent/independent/browser-reuse.log
 create mode 100644 docs/quality/current-review/evidence/rb07-production/candidate-9/independent/independent/browser-speaker.json
 create mode 100644 docs/quality/current-review/evidence/rb07-production/candidate-9/independent/independent/browser-speaker.log
 create mode 100644 docs/quality/current-review/evidence/rb07-production/candidate-9/independent/independent/browser-world-route.json
 create mode 100644 docs/quality/current-review/evidence/rb07-production/candidate-9/independent/independent/browser-world-route.log
 create mode 100644 docs/quality/current-review/evidence/rb07-production/candidate-9/independent/independent/browser-world.json
 create mode 100644 docs/quality/current-review/evidence/rb07-production/candidate-9/independent/independent/browser-world.log
 create mode 100644 docs/quality/current-review/evidence/rb07-production/candidate-9/independent/independent/build.log
 create mode 100644 docs/quality/current-review/evidence/rb07-production/candidate-9/independent/independent/domain-reinspection.log
 create mode 100644 docs/quality/current-review/evidence/rb07-production/candidate-9/independent/independent/domain-ui-relation-download.log
 create mode 100644 docs/quality/current-review/evidence/rb07-production/candidate-9/independent/independent/domain-world-route.log
 create mode 100644 docs/quality/current-review/evidence/rb07-production/candidate-9/independent/independent/fixtures/R7D01.json
 create mode 100644 docs/quality/current-review/evidence/rb07-production/candidate-9/independent/independent/fixtures/R7D02.json
 create mode 100644 docs/quality/current-review/evidence/rb07-production/candidate-9/independent/independent/fixtures/R7D06.json
 create mode 100644 docs/quality/current-review/evidence/rb07-production/candidate-9/independent/independent/fixtures/R7D08.json
 create mode 100644 docs/quality/current-review/evidence/rb07-production/candidate-9/independent/independent/fixtures/R7D09.json
 create mode 100644 docs/quality/current-review/evidence/rb07-production/candidate-9/independent/independent/fixtures/R7D11.json
 create mode 100644 docs/quality/current-review/evidence/rb07-production/candidate-9/independent/independent/fixtures/R7D13.json
 create mode 100644 docs/quality/current-review/evidence/rb07-production/candidate-9/independent/independent/fixtures/R7D14.json
 create mode 100644 docs/quality/current-review/evidence/rb07-production/candidate-9/independent/independent/fixtures/R7D15.json
 create mode 100644 docs/quality/current-review/evidence/rb07-production/candidate-9/independent/independent/fixtures/R7D17-roundtrip.json
 create mode 100644 docs/quality/current-review/evidence/rb07-production/candidate-9/independent/independent/fixtures/R7D17.json
 create mode 100644 docs/quality/current-review/evidence/rb07-production/candidate-9/independent/independent/fixtures/R7D18.json
 create mode 100644 docs/quality/current-review/evidence/rb07-production/candidate-9/independent/independent/fixtures/R7D19.json
 create mode 100644 docs/quality/current-review/evidence/rb07-production/candidate-9/independent/independent/fixtures/R7D20.json
 create mode 100644 docs/quality/current-review/evidence/rb07-production/candidate-9/independent/independent/fixtures/R7D22-native.json
 create mode 100644 docs/quality/current-review/evidence/rb07-production/candidate-9/independent/independent/fixtures/R7D22.json
 create mode 100644 docs/quality/current-review/evidence/rb07-production/candidate-9/independent/independent/fixtures/R7D23-before.json
 create mode 100644 docs/quality/current-review/evidence/rb07-production/candidate-9/independent/independent/fixtures/R7D23-clone.json
 create mode 100644 docs/quality/current-review/evidence/rb07-production/candidate-9/independent/independent/fixtures/R7D23-new.json
 create mode 100644 docs/quality/current-review/evidence/rb07-production/candidate-9/independent/independent/fixtures/R7D24.json
 create mode 100644 docs/quality/current-review/evidence/rb07-production/candidate-9/independent/independent/fixtures/R7D25-after.json
 create mode 100644 docs/quality/current-review/evidence/rb07-production/candidate-9/independent/independent/fixtures/R7D25-before.json
 create mode 100644 docs/quality/current-review/evidence/rb07-production/candidate-9/independent/independent/fixtures/R7D25-clone.json
 create mode 100644 docs/quality/current-review/evidence/rb07-production/candidate-9/independent/independent/fixtures/R7D25-complete.scenario
 create mode 100644 docs/quality/current-review/evidence/rb07-production/candidate-9/independent/independent/fixtures/R7D25-new.json
 create mode 100644 docs/quality/current-review/evidence/rb07-production/candidate-9/independent/independent/fixtures/R7D26.json
 create mode 100644 docs/quality/current-review/evidence/rb07-production/candidate-9/independent/independent/fixtures/R7U01-split-away-switch-failure-cold-after.json
 create mode 100644 docs/quality/current-review/evidence/rb07-production/candidate-9/independent/independent/fixtures/R7U02-copy-merge-keeps-history-source-after.json
 create mode 100644 docs/quality/current-review/evidence/rb07-production/candidate-9/independent/independent/fixtures/R7U02-observation.json
 create mode 100644 docs/quality/current-review/evidence/rb07-production/candidate-9/independent/independent/fixtures/R7U03-material-ack-next-clear-cold-after.json
 create mode 100644 docs/quality/current-review/evidence/rb07-production/candidate-9/independent/independent/fixtures/R7U03-order.json
 create mode 100644 docs/quality/current-review/evidence/rb07-production/candidate-9/independent/independent/fixtures/R7U04-stale-material-input-retained-after.json
 create mode 100644 docs/quality/current-review/evidence/rb07-production/candidate-9/independent/independent/fixtures/R7U05-dependent-frame-review-after.json
 create mode 100644 docs/quality/current-review/evidence/rb07-production/candidate-9/independent/independent/fixtures/R7U05-observation.json
 create mode 100644 docs/quality/current-review/evidence/rb07-production/candidate-9/independent/independent/fixtures/R7U06-acquired-time-normal-failure-after.json
 create mode 100644 docs/quality/current-review/evidence/rb07-production/candidate-9/independent/independent/fixtures/R7U07-chapter-flow-cues-timecode-after.json
 create mode 100644 docs/quality/current-review/evidence/rb07-production/candidate-9/independent/independent/fixtures/R7U08-fixed-old-frame-no-live-cues-after.json
 create mode 100644 docs/quality/current-review/evidence/rb07-production/candidate-9/independent/independent/fixtures/R7U08-observation.json
 create mode 100644 docs/quality/current-review/evidence/rb07-production/candidate-9/independent/independent/fixtures/R7U09-fixed-subtitle-speaker-candidates-after.json
 create mode 100644 docs/quality/current-review/evidence/rb07-production/candidate-9/independent/independent/fixtures/R7U09-observation.json
 create mode 100644 docs/quality/current-review/evidence/rb07-production/candidate-9/independent/independent/fixtures/R7U10-fixed-subtitle-speaker-candidates-after.json
 create mode 100644 docs/quality/current-review/evidence/rb07-production/candidate-9/independent/independent/fixtures/R7U10-observation.json
 create mode 100644 docs/quality/current-review/evidence/rb07-production/candidate-9/independent/independent/fixtures/R7U11-12-observation.json
 create mode 100644 docs/quality/current-review/evidence/rb07-production/candidate-9/independent/independent/fixtures/R7U12-old-world-complete.scenario
 create mode 100644 docs/quality/current-review/evidence/rb07-production/candidate-9/independent/independent/fixtures/R7U13-observation.json
 create mode 100644 docs/quality/current-review/evidence/rb07-production/candidate-9/independent/independent/fixtures/R7U14-archive-clone.json
 create mode 100644 docs/quality/current-review/evidence/rb07-production/candidate-9/independent/independent/fixtures/R7U14-archive-new.json
 create mode 100644 docs/quality/current-review/evidence/rb07-production/candidate-9/independent/independent/fixtures/R7U14-archive-observation.json
 create mode 100644 docs/quality/current-review/evidence/rb07-production/candidate-9/independent/independent/fixtures/R7U14-observation.json
 create mode 100644 docs/quality/current-review/evidence/rb07-production/candidate-9/independent/independent/fixtures/R7U14-relation-world-complete.scenario
 create mode 100644 docs/quality/current-review/evidence/rb07-production/candidate-9/independent/independent/fixtures/R7U15-observation.json
 create mode 100644 docs/quality/current-review/evidence/rb07-production/candidate-9/independent/independent/fixtures/new-a.wav
 create mode 100644 docs/quality/current-review/evidence/rb07-production/candidate-9/independent/independent/fixtures/new-b.mp4
 create mode 100644 docs/quality/current-review/evidence/rb07-production/candidate-9/independent/independent/fixtures/original-production.json
 create mode 100644 docs/quality/current-review/evidence/rb07-production/candidate-9/independent/independent/fixtures/reuse-production.json
 create mode 100644 docs/quality/current-review/evidence/rb07-production/candidate-9/independent/independent/fixtures/split-saved.scenario
 create mode 100644 docs/quality/current-review/evidence/rb07-production/candidate-9/independent/independent/fixtures/ui-fixed-production.json
 create mode 100644 docs/quality/current-review/evidence/rb07-production/candidate-9/independent/independent/fixtures/ui-fixed-speaker-production.json
 create mode 100644 docs/quality/current-review/evidence/rb07-production/candidate-9/independent/independent/fixtures/ui-production.json
 create mode 100644 docs/quality/current-review/evidence/rb07-production/candidate-9/independent/independent/fixtures/world-local-rule-production.json
 create mode 100644 docs/quality/current-review/evidence/rb07-production/candidate-9/independent/independent/fixtures/world-new-current-production.json
 create mode 100644 docs/quality/current-review/evidence/rb07-production/candidate-9/independent/independent/fixtures/world-production.json
 create mode 100644 docs/quality/current-review/evidence/rb07-production/candidate-9/independent/independent/fixtures/world-relation-production.json
 create mode 100644 docs/quality/current-review/evidence/rb07-production/candidate-9/independent/independent/fixtures/world-route-production.json
 create mode 100644 docs/quality/current-review/evidence/rb07-production/candidate-9/independent/independent/preview.log
 create mode 100644 docs/quality/current-review/evidence/rb07-production/candidate-9/independent/independent/production-browser.json
 create mode 100644 docs/quality/current-review/evidence/rb07-production/candidate-9/independent/independent/production-browser.log
 create mode 100644 docs/quality/current-review/evidence/rb07-production/candidate-9/independent/independent/production-traces/.last-run.json
 create mode 100644 docs/quality/current-review/evidence/rb07-production/candidate-9/independent/independent/real-download-inspect-run1/raw.log
 create mode 100644 docs/quality/current-review/evidence/rb07-production/candidate-9/independent/independent/real-download-inspect-run1/test.ts
 create mode 100644 docs/quality/current-review/evidence/rb07-production/candidate-9/independent/independent/vite.log
 create mode 100644 docs/quality/current-review/evidence/rb07-production/candidate-9/independent/independent/world-route-ui-setup1/harness.mjs
 create mode 100644 docs/quality/current-review/evidence/rb07-production/candidate-9/independent/independent/world-route-ui-setup1/raw.log
 create mode 100644 docs/quality/current-review/evidence/rb07-production/candidate-9/independent/independent/world-route-ui-setup1/result.json
 create mode 100644 docs/quality/current-review/evidence/rb07-production/candidate-9/independent/source-manifest.json
 create mode 100644 docs/quality/current-review/evidence/rb07-production/candidate-9/independent/tests/independent-rb07-boundaries.test.ts
 create mode 100644 docs/quality/current-review/evidence/rb07-production/candidate-9/independent/tests/independent-rb07-fixed-boundaries.test.ts
 create mode 100644 docs/quality/current-review/evidence/rb07-production/candidate-9/independent/tests/independent-rb07-fixed-speaker.test.ts
 create mode 100644 docs/quality/current-review/evidence/rb07-production/candidate-9/independent/tests/independent-rb07-local-rule-anchor.test.ts
 create mode 100644 docs/quality/current-review/evidence/rb07-production/candidate-9/independent/tests/independent-rb07-production-view.test.ts
 create mode 100644 docs/quality/current-review/evidence/rb07-production/candidate-9/independent/tests/independent-rb07-relation-world-citation.test.ts
 create mode 100644 docs/quality/current-review/evidence/rb07-production/candidate-9/independent/tests/independent-rb07-sibling-boundaries.test.ts
 create mode 100644 docs/quality/current-review/evidence/rb07-production/candidate-9/independent/tests/independent-rb07-ui-inputs.test.ts
 create mode 100644 docs/quality/current-review/evidence/rb07-production/candidate-9/independent/tests/independent-rb07-ui-relation-download.test.ts
 create mode 100644 docs/quality/current-review/evidence/rb07-production/candidate-9/independent/tests/independent-rb07-world-route-context.test.ts
 create mode 100644 docs/quality/current-review/evidence/rb07-production/candidate-9/independent/write-final-review.py
 create mode 100644 docs/quality/current-review/evidence/rb07-production/candidate-9/plan.log
 create mode 100644 docs/quality/current-review/evidence/rb07-production/candidate-9/python.log
 create mode 100644 docs/quality/current-review/evidence/rb07-production/candidate-9/schema-diff.log
 create mode 100644 docs/quality/current-review/evidence/rb07-production/candidate-9/schema.log
 create mode 100644 docs/quality/current-review/evidence/rb07-production/candidate-9/source-manifest.json
 create mode 100644 docs/quality/current-review/evidence/rb07-production/candidate-9/unit.json
 create mode 100644 docs/quality/current-review/evidence/rb07-production/candidate-9/unit.log
 create mode 100644 docs/quality/current-review/evidence/rb07-production/candidate-history.json
 create mode 100644 docs/quality/current-review/evidence/rb07-production/working-negative-and-harness/ARTIFACTS.json
 create mode 100644 docs/quality/current-review/evidence/rb07-production/working-negative-and-harness/shinariokanri-rb07-fix6.log
 create mode 100644 docs/quality/current-review/evidence/rb07-production/working-negative-and-harness/shinariokanri-rb07-fix6b.log
 create mode 100644 docs/quality/current-review/evidence/rb07-production/working-negative-and-harness/shinariokanri-rb07-fix6c.log
 create mode 100644 docs/quality/current-review/evidence/rb07-production/working-negative-and-harness/shinariokanri-rb07-fix7.log
 create mode 100644 docs/quality/current-review/evidence/rb07-production/working-negative-and-harness/shinariokanri-rb07-fix8.log
 create mode 100644 docs/quality/current-review/evidence/rb07-production/working-negative-and-harness/shinariokanri-rb07-fix9.log
 create mode 100644 docs/quality/current-review/evidence/rb07-production/working-negative-and-harness/shinariokanri-rb07-fix9b.log
 create mode 100644 docs/quality/current-review/evidence/rb07-production/working-negative-and-harness/shinariokanri-rb07-navigation-cherry.log
 create mode 100644 docs/quality/current-review/evidence/rb07-production/working-negative-and-harness/shinariokanri-rb07-production-1.log
 create mode 100644 docs/quality/current-review/evidence/rb07-production/working-negative-and-harness/shinariokanri-rb07-production-2.log
 create mode 100644 docs/quality/current-review/evidence/rb07-production/working-negative-and-harness/shinariokanri-rb07-production-3.log
 create mode 100644 docs/quality/current-review/evidence/rb07-production/working-negative-and-harness/shinariokanri-rb07-production-4.log
 create mode 100644 docs/quality/current-review/evidence/rb07-production/working-negative-and-harness/shinariokanri-rb07-production-capture-unit1.log
 create mode 100644 docs/quality/current-review/evidence/rb07-production/working-negative-and-harness/shinariokanri-rb07-production10.log
 create mode 100644 docs/quality/current-review/evidence/rb07-production/working-negative-and-harness/shinariokanri-rb07-production11.log
 create mode 100644 docs/quality/current-review/evidence/rb07-production/working-negative-and-harness/shinariokanri-rb07-production12.log
 create mode 100644 docs/quality/current-review/evidence/rb07-production/working-negative-and-harness/shinariokanri-rb07-production13.log
 create mode 100644 docs/quality/current-review/evidence/rb07-production/working-negative-and-harness/shinariokanri-rb07-production5.log
 create mode 100644 docs/quality/current-review/evidence/rb07-production/working-negative-and-harness/shinariokanri-rb07-production6.log
 create mode 100644 docs/quality/current-review/evidence/rb07-production/working-negative-and-harness/shinariokanri-rb07-production7.log
 create mode 100644 docs/quality/current-review/evidence/rb07-production/working-negative-and-harness/shinariokanri-rb07-production8.log
 create mode 100644 docs/quality/current-review/evidence/rb07-production/working-negative-and-harness/shinariokanri-rb07-production9.log
 create mode 100644 docs/quality/current-review/evidence/rb07-production/working-negative-and-harness/shinariokanri-rb07-proof-record.log
 create mode 100644 docs/quality/current-review/evidence/rb07-production/working-negative-and-harness/shinariokanri-rb07-rb06-evidence-cherry.log
 create mode 100644 docs/quality/current-review/evidence/rb07-production/working-negative-and-harness/shinariokanri-rb07-rb06-item-cherry.log
 create mode 100644 docs/quality/current-review/evidence/rb07-production/working-negative-and-harness/shinariokanri-rb07-route-world-types1.log
 create mode 100644 docs/quality/current-review/evidence/rb07-production/working-negative-and-harness/shinariokanri-rb07-route-world-types2.log
 create mode 100644 docs/quality/current-review/evidence/rb07-production/working-negative-and-harness/shinariokanri-rb07-route-world-unit1.log
 create mode 100644 docs/quality/current-review/evidence/rb07-production/working-negative-and-harness/shinariokanri-rb07-route-world-unit2.log
 create mode 100644 docs/quality/current-review/evidence/rb07-production/working-negative-and-harness/shinariokanri-rb07-schema-work-2.log
 create mode 100644 docs/quality/current-review/evidence/rb07-production/working-negative-and-harness/shinariokanri-rb07-schema-work.log
 create mode 100644 docs/quality/current-review/evidence/rb07-production/working-negative-and-harness/shinariokanri-rb07-schema.log
 create mode 100644 docs/quality/current-review/evidence/rb07-production/working-negative-and-harness/shinariokanri-rb07-source-commit.log
 create mode 100644 docs/quality/current-review/evidence/rb07-production/working-negative-and-harness/shinariokanri-rb07-target14.log
 create mode 100644 docs/quality/current-review/evidence/rb07-production/working-negative-and-harness/shinariokanri-rb07-target15.log
 create mode 100644 docs/quality/current-review/evidence/rb07-production/working-negative-and-harness/shinariokanri-rb07-target16.log
 create mode 100644 docs/quality/current-review/evidence/rb07-production/working-negative-and-harness/shinariokanri-rb07-target17.log
 create mode 100644 docs/quality/current-review/evidence/rb07-production/working-negative-and-harness/shinariokanri-rb07-target18.log
 create mode 100644 docs/quality/current-review/evidence/rb07-production/working-negative-and-harness/shinariokanri-rb07-types-1.log
 create mode 100644 docs/quality/current-review/evidence/rb07-production/working-negative-and-harness/shinariokanri-rb07-types-10.log
 create mode 100644 docs/quality/current-review/evidence/rb07-production/working-negative-and-harness/shinariokanri-rb07-types-11.log
 create mode 100644 docs/quality/current-review/evidence/rb07-production/working-negative-and-harness/shinariokanri-rb07-types-12.log
 create mode 100644 docs/quality/current-review/evidence/rb07-production/working-negative-and-harness/shinariokanri-rb07-types-13.log
 create mode 100644 docs/quality/current-review/evidence/rb07-production/working-negative-and-harness/shinariokanri-rb07-types-2.log
 create mode 100644 docs/quality/current-review/evidence/rb07-production/working-negative-and-harness/shinariokanri-rb07-types-3.log
 create mode 100644 docs/quality/current-review/evidence/rb07-production/working-negative-and-harness/shinariokanri-rb07-types-4.log
 create mode 100644 docs/quality/current-review/evidence/rb07-production/working-negative-and-harness/shinariokanri-rb07-types-5.log
 create mode 100644 docs/quality/current-review/evidence/rb07-production/working-negative-and-harness/shinariokanri-rb07-types-6.log
 create mode 100644 docs/quality/current-review/evidence/rb07-production/working-negative-and-harness/shinariokanri-rb07-types-7.log
 create mode 100644 docs/quality/current-review/evidence/rb07-production/working-negative-and-harness/shinariokanri-rb07-types-8.log
 create mode 100644 docs/quality/current-review/evidence/rb07-production/working-negative-and-harness/shinariokanri-rb07-types-9.log
 create mode 100644 docs/quality/current-review/evidence/rb07-production/working-negative-and-harness/shinariokanri-rb07-types14.log
 create mode 100644 docs/quality/current-review/evidence/rb07-production/working-negative-and-harness/shinariokanri-rb07-types15.log
 create mode 100644 docs/quality/current-review/evidence/rb07-production/working-negative-and-harness/shinariokanri-rb07-types16.log
 create mode 100644 docs/quality/current-review/evidence/rb07-production/working-negative-and-harness/shinariokanri-rb07-types17.log
 create mode 100644 docs/quality/current-review/evidence/rb07-production/working-negative-and-harness/shinariokanri-rb07-types18.log
 create mode 100644 docs/quality/current-review/evidence/rb07-production/working-negative-and-harness/shinariokanri-rb07-types19.log
 create mode 100644 docs/quality/current-review/evidence/rb07-production/working-negative-and-harness/shinariokanri-rb07-types20.log
 create mode 100644 docs/quality/current-review/evidence/rb07-production/working-negative-and-harness/shinariokanri-rb07-types21.log
 create mode 100644 docs/quality/current-review/evidence/rb07-production/working-negative-and-harness/shinariokanri-rb07-types22.log
 create mode 100644 docs/quality/current-review/evidence/rb07-production/working-negative-and-harness/shinariokanri-rb07-types23.log
 create mode 100644 docs/quality/current-review/evidence/rb07-production/working-negative-and-harness/shinariokanri-rb07-types24.log
 create mode 100644 docs/quality/current-review/evidence/rb07-production/working-negative-and-harness/shinariokanri-rb07-types25.log
 create mode 100644 docs/quality/current-review/evidence/rb07-production/working-negative-and-harness/shinariokanri-rb07-types6.log
 create mode 100644 docs/quality/current-review/evidence/rb07-production/working-negative-and-harness/shinariokanri-rb07-types6b.log
 create mode 100644 docs/quality/current-review/evidence/rb07-production/working-negative-and-harness/shinariokanri-rb07-types7.log
 create mode 100644 docs/quality/current-review/evidence/rb07-production/working-negative-and-harness/shinariokanri-rb07-types8.log
 create mode 100644 docs/quality/current-review/evidence/rb07-production/working-negative-and-harness/shinariokanri-rb07-types9.log
 create mode 100644 docs/quality/current-review/evidence/rb07-production/working-negative-and-harness/shinariokanri-rb07-types9b.log
 create mode 100644 docs/quality/current-review/evidence/rb07-production/working-negative-and-harness/shinariokanri-rb07-ui1.log
 create mode 100644 docs/quality/current-review/evidence/rb07-production/working-negative-and-harness/shinariokanri-rb07-ui2.log
 create mode 100644 docs/quality/current-review/evidence/rb07-production/working-negative-and-harness/shinariokanri-rb07-ui3.log
 create mode 100644 docs/quality/current-review/evidence/rb07-production/working-negative-and-harness/shinariokanri-rb07-working-build.log
 create mode 100644 docs/quality/current-review/evidence/rb07-production/working-negative-and-harness/shinariokanri-rb07-working-build2.log
