verify	Set up job	﻿2026-10-09T12:02:31.8961309Z Current runner version: '2.337.0'
verify	Set up job	2026-10-09T12:02:31.8991312Z ##[group]Runner Image Provisioner
verify	Set up job	2026-10-09T12:02:31.8992599Z Hosted Compute Agent
verify	Set up job	2026-10-09T12:02:31.8993348Z Version: 20261002.596
verify	Set up job	2026-10-09T12:02:31.8993983Z Commit: c3d12f3313a95f25162a1503be624f3b0617f8c0
verify	Set up job	2026-10-09T12:02:31.8994693Z Build Date: 2026-10-02T22:28:27Z
verify	Set up job	2026-10-09T12:02:31.8995441Z Worker ID: {5f052fd0-e1ff-452e-9756-866b69ededbe}
verify	Set up job	2026-10-09T12:02:31.8996182Z Region: westcentralus
verify	Set up job	2026-10-09T12:02:31.8996850Z Cloud: Azure
verify	Set up job	2026-10-09T12:02:31.8997393Z ##[endgroup]
verify	Set up job	2026-10-09T12:02:31.8998995Z ##[group]Operating System
verify	Set up job	2026-10-09T12:02:31.8999743Z Ubuntu
verify	Set up job	2026-10-09T12:02:31.9000275Z 24.04.5
verify	Set up job	2026-10-09T12:02:31.9000851Z LTS
verify	Set up job	2026-10-09T12:02:31.9001568Z ##[endgroup]
verify	Set up job	2026-10-09T12:02:31.9002161Z ##[group]Runner Image
verify	Set up job	2026-10-09T12:02:31.9002861Z Image: ubuntu-24.04
verify	Set up job	2026-10-09T12:02:31.9003418Z Version: 20261004.327.1
verify	Set up job	2026-10-09T12:02:31.9004560Z Included Software: https://github.com/actions/runner-images/blob/ubuntu24/20261004.327/images/ubuntu/Ubuntu2404-Readme.md
verify	Set up job	2026-10-09T12:02:31.9006333Z Image Release: https://github.com/actions/runner-images/releases/tag/ubuntu24%2F20261004.327
verify	Set up job	2026-10-09T12:02:31.9007392Z ##[endgroup]
verify	Set up job	2026-10-09T12:02:31.9008471Z ##[group]GITHUB_TOKEN Permissions
verify	Set up job	2026-10-09T12:02:31.9010572Z Contents: read
verify	Set up job	2026-10-09T12:02:31.9011213Z Metadata: read
verify	Set up job	2026-10-09T12:02:31.9012325Z ##[endgroup]
verify	Set up job	2026-10-09T12:02:31.9014792Z Secret source: Actions
verify	Set up job	2026-10-09T12:02:31.9015872Z Cache mode: write
verify	Set up job	2026-10-09T12:02:31.9016609Z Prepare workflow directory
verify	Set up job	2026-10-09T12:02:31.9381942Z Prepare all required actions
verify	Set up job	2026-10-09T12:02:31.9432636Z Getting action download info
verify	Set up job	2026-10-09T12:02:32.2800698Z Download action repository 'actions/checkout@v4' (SHA:11d5960a326750d5838078e36cf38b85af677262)
verify	Set up job	2026-10-09T12:02:32.3925018Z Download action repository 'actions/setup-node@v4' (SHA:49933ea5288caeca8642d1e84afbd3f7d6820020)
verify	Set up job	2026-10-09T12:02:32.4892222Z Download action repository 'actions/upload-artifact@v4' (SHA:ea165f8d65b6e75b540449e92b4886f43607fa02)
verify	Set up job	2026-10-09T12:02:32.7082926Z Complete job name: verify
verify	Run actions/checkout@v4	﻿2026-10-09T12:02:32.7988038Z ##[group]Run actions/checkout@v4
verify	Run actions/checkout@v4	2026-10-09T12:02:32.7989649Z with:
verify	Run actions/checkout@v4	2026-10-09T12:02:32.7990732Z   repository: chameleonjp-lab/shinariokanri
verify	Run actions/checkout@v4	2026-10-09T12:02:32.7997504Z   token: ***
verify	Run actions/checkout@v4	2026-10-09T12:02:32.7997961Z   ssh-strict: true
verify	Run actions/checkout@v4	2026-10-09T12:02:32.7998398Z   ssh-user: git
verify	Run actions/checkout@v4	2026-10-09T12:02:32.7999025Z   persist-credentials: true
verify	Run actions/checkout@v4	2026-10-09T12:02:32.7999619Z   clean: true
verify	Run actions/checkout@v4	2026-10-09T12:02:32.8000126Z   sparse-checkout-cone-mode: true
verify	Run actions/checkout@v4	2026-10-09T12:02:32.8000850Z   fetch-depth: 1
verify	Run actions/checkout@v4	2026-10-09T12:02:32.8002785Z   fetch-tags: false
verify	Run actions/checkout@v4	2026-10-09T12:02:32.8003410Z   show-progress: true
verify	Run actions/checkout@v4	2026-10-09T12:02:32.8004547Z   lfs: false
verify	Run actions/checkout@v4	2026-10-09T12:02:32.8005043Z   submodules: false
verify	Run actions/checkout@v4	2026-10-09T12:02:32.8005660Z   set-safe-directory: true
verify	Run actions/checkout@v4	2026-10-09T12:02:32.8006271Z   allow-unsafe-pr-checkout: false
verify	Run actions/checkout@v4	2026-10-09T12:02:32.8007458Z ##[endgroup]
verify	Run actions/checkout@v4	2026-10-09T12:02:32.9169809Z Syncing repository: chameleonjp-lab/shinariokanri
verify	Run actions/checkout@v4	2026-10-09T12:02:32.9173155Z ##[group]Getting Git version info
verify	Run actions/checkout@v4	2026-10-09T12:02:32.9174793Z Working directory is '/home/runner/work/shinariokanri/shinariokanri'
verify	Run actions/checkout@v4	2026-10-09T12:02:32.9176252Z [command]/usr/bin/git version
verify	Run actions/checkout@v4	2026-10-09T12:02:32.9295397Z git version 2.55.0
verify	Run actions/checkout@v4	2026-10-09T12:02:32.9349930Z ##[endgroup]
verify	Run actions/checkout@v4	2026-10-09T12:02:32.9384701Z Temporarily overriding HOME='/home/runner/work/_temp/99961dcd-510d-43cf-9fab-8b927c44c990' before making global git config changes
verify	Run actions/checkout@v4	2026-10-09T12:02:32.9388023Z Adding repository directory to the temporary git global config as a safe directory
verify	Run actions/checkout@v4	2026-10-09T12:02:32.9390563Z [command]/usr/bin/git config --global --add safe.directory /home/runner/work/shinariokanri/shinariokanri
verify	Run actions/checkout@v4	2026-10-09T12:02:32.9482563Z Deleting the contents of '/home/runner/work/shinariokanri/shinariokanri'
verify	Run actions/checkout@v4	2026-10-09T12:02:32.9485199Z ##[group]Initializing the repository
verify	Run actions/checkout@v4	2026-10-09T12:02:32.9486798Z [command]/usr/bin/git init /home/runner/work/shinariokanri/shinariokanri
verify	Run actions/checkout@v4	2026-10-09T12:02:32.9660757Z hint: Using 'master' as the name for the initial branch. This default branch name
verify	Run actions/checkout@v4	2026-10-09T12:02:32.9667375Z hint: will change to "main" in Git 3.0. To configure the initial branch name
verify	Run actions/checkout@v4	2026-10-09T12:02:32.9669605Z hint: to use in all of your new repositories, which will suppress this warning,
verify	Run actions/checkout@v4	2026-10-09T12:02:32.9671346Z hint: call:
verify	Run actions/checkout@v4	2026-10-09T12:02:32.9672811Z hint:
verify	Run actions/checkout@v4	2026-10-09T12:02:32.9674070Z hint: 	git config --global init.defaultBranch <name>
verify	Run actions/checkout@v4	2026-10-09T12:02:32.9675717Z hint:
verify	Run actions/checkout@v4	2026-10-09T12:02:32.9676976Z hint: Names commonly chosen instead of 'master' are 'main', 'trunk' and
verify	Run actions/checkout@v4	2026-10-09T12:02:32.9678863Z hint: 'development'. The just-created branch can be renamed via this command:
verify	Run actions/checkout@v4	2026-10-09T12:02:32.9680366Z hint:
verify	Run actions/checkout@v4	2026-10-09T12:02:32.9681344Z hint: 	git branch -m <name>
verify	Run actions/checkout@v4	2026-10-09T12:02:32.9683355Z hint:
verify	Run actions/checkout@v4	2026-10-09T12:02:32.9684934Z hint: Disable this message with "git config set advice.defaultBranchName false"
verify	Run actions/checkout@v4	2026-10-09T12:02:32.9687417Z Initialized empty Git repository in /home/runner/work/shinariokanri/shinariokanri/.git/
verify	Run actions/checkout@v4	2026-10-09T12:02:32.9691821Z [command]/usr/bin/git remote add origin https://github.com/chameleonjp-lab/shinariokanri
verify	Run actions/checkout@v4	2026-10-09T12:02:32.9744998Z ##[endgroup]
verify	Run actions/checkout@v4	2026-10-09T12:02:32.9746836Z ##[group]Disabling automatic garbage collection
verify	Run actions/checkout@v4	2026-10-09T12:02:32.9752652Z [command]/usr/bin/git config --local gc.auto 0
verify	Run actions/checkout@v4	2026-10-09T12:02:32.9791248Z ##[endgroup]
verify	Run actions/checkout@v4	2026-10-09T12:02:32.9793433Z ##[group]Setting up auth
verify	Run actions/checkout@v4	2026-10-09T12:02:32.9800444Z [command]/usr/bin/git config --local --name-only --get-regexp core\.sshCommand
verify	Run actions/checkout@v4	2026-10-09T12:02:32.9859102Z [command]/usr/bin/git submodule foreach --recursive sh -c "git config --local --name-only --get-regexp 'core\.sshCommand' && git config --local --unset-all 'core.sshCommand' || :"
verify	Run actions/checkout@v4	2026-10-09T12:02:33.0302708Z [command]/usr/bin/git config --local --name-only --get-regexp http\.https\:\/\/github\.com\/\.extraheader
verify	Run actions/checkout@v4	2026-10-09T12:02:33.0345578Z [command]/usr/bin/git submodule foreach --recursive sh -c "git config --local --name-only --get-regexp 'http\.https\:\/\/github\.com\/\.extraheader' && git config --local --unset-all 'http.https://github.com/.extraheader' || :"
verify	Run actions/checkout@v4	2026-10-09T12:02:33.0677401Z [command]/usr/bin/git config --local --name-only --get-regexp ^includeIf\.gitdir:
verify	Run actions/checkout@v4	2026-10-09T12:02:33.0883126Z [command]/usr/bin/git submodule foreach --recursive git config --local --show-origin --name-only --get-regexp remote.origin.url
verify	Run actions/checkout@v4	2026-10-09T12:02:33.0895146Z [command]/usr/bin/git config --local http.https://github.com/.extraheader AUTHORIZATION: basic ***
verify	Run actions/checkout@v4	2026-10-09T12:02:33.0939581Z ##[endgroup]
verify	Run actions/checkout@v4	2026-10-09T12:02:33.0940568Z ##[group]Fetching the repository
verify	Run actions/checkout@v4	2026-10-09T12:02:33.0950418Z [command]/usr/bin/git -c protocol.version=2 fetch --no-tags --prune --no-recurse-submodules --depth=1 origin +1953d38ad924970b86f54869b9d0b48acdc9fa30:refs/remotes/pull/23/merge
verify	Run actions/checkout@v4	2026-10-09T12:02:41.8982708Z From https://github.com/chameleonjp-lab/shinariokanri
verify	Run actions/checkout@v4	2026-10-09T12:02:41.9004004Z  * [new ref]         1953d38ad924970b86f54869b9d0b48acdc9fa30 -> pull/23/merge
verify	Run actions/checkout@v4	2026-10-09T12:02:41.9007085Z ##[endgroup]
verify	Run actions/checkout@v4	2026-10-09T12:02:41.9008108Z ##[group]Determining the checkout info
verify	Run actions/checkout@v4	2026-10-09T12:02:41.9009249Z ##[endgroup]
verify	Run actions/checkout@v4	2026-10-09T12:02:41.9010222Z [command]/usr/bin/git sparse-checkout disable
verify	Run actions/checkout@v4	2026-10-09T12:02:41.9072381Z [command]/usr/bin/git config --local --unset-all extensions.worktreeConfig
verify	Run actions/checkout@v4	2026-10-09T12:02:41.9112551Z ##[group]Checking out the ref
verify	Run actions/checkout@v4	2026-10-09T12:02:41.9116421Z [command]/usr/bin/git checkout --progress --force refs/remotes/pull/23/merge
verify	Run actions/checkout@v4	2026-10-09T12:02:42.9277675Z Updating files:  81% (7887/9631)
verify	Run actions/checkout@v4	2026-10-09T12:02:43.0112078Z Updating files:  82% (7898/9631)
verify	Run actions/checkout@v4	2026-10-09T12:02:43.1762168Z Updating files:  83% (7994/9631)
verify	Run actions/checkout@v4	2026-10-09T12:02:43.2164977Z Updating files:  84% (8091/9631)
verify	Run actions/checkout@v4	2026-10-09T12:02:43.2824844Z Updating files:  85% (8187/9631)
verify	Run actions/checkout@v4	2026-10-09T12:02:43.3092567Z Updating files:  86% (8283/9631)
verify	Run actions/checkout@v4	2026-10-09T12:02:43.3193769Z Updating files:  87% (8379/9631)
verify	Run actions/checkout@v4	2026-10-09T12:02:43.3263189Z Updating files:  88% (8476/9631)
verify	Run actions/checkout@v4	2026-10-09T12:02:43.3326597Z Updating files:  89% (8572/9631)
verify	Run actions/checkout@v4	2026-10-09T12:02:43.3391248Z Updating files:  90% (8668/9631)
verify	Run actions/checkout@v4	2026-10-09T12:02:43.3445094Z Updating files:  91% (8765/9631)
verify	Run actions/checkout@v4	2026-10-09T12:02:43.3494366Z Updating files:  92% (8861/9631)
verify	Run actions/checkout@v4	2026-10-09T12:02:43.3544618Z Updating files:  93% (8957/9631)
verify	Run actions/checkout@v4	2026-10-09T12:02:43.3601890Z Updating files:  94% (9054/9631)
verify	Run actions/checkout@v4	2026-10-09T12:02:43.3669129Z Updating files:  95% (9150/9631)
verify	Run actions/checkout@v4	2026-10-09T12:02:43.3757226Z Updating files:  96% (9246/9631)
verify	Run actions/checkout@v4	2026-10-09T12:02:43.3856596Z Updating files:  97% (9343/9631)
verify	Run actions/checkout@v4	2026-10-09T12:02:43.3960661Z Updating files:  98% (9439/9631)
verify	Run actions/checkout@v4	2026-10-09T12:02:43.4055982Z Updating files:  99% (9535/9631)
verify	Run actions/checkout@v4	2026-10-09T12:02:43.4058146Z Updating files: 100% (9631/9631)
verify	Run actions/checkout@v4	2026-10-09T12:02:43.4059389Z Updating files: 100% (9631/9631), done.
verify	Run actions/checkout@v4	2026-10-09T12:02:43.4711830Z Note: switching to 'refs/remotes/pull/23/merge'.
verify	Run actions/checkout@v4	2026-10-09T12:02:43.4712562Z 
verify	Run actions/checkout@v4	2026-10-09T12:02:43.4712876Z You are in 'detached HEAD' state. You can look around, make experimental
verify	Run actions/checkout@v4	2026-10-09T12:02:43.4713776Z changes and commit them, and you can discard any commits you make in this
verify	Run actions/checkout@v4	2026-10-09T12:02:43.4714781Z state without impacting any branches by switching back to a branch.
verify	Run actions/checkout@v4	2026-10-09T12:02:43.4715328Z 
verify	Run actions/checkout@v4	2026-10-09T12:02:43.4715656Z If you want to create a new branch to retain commits you create, you may
verify	Run actions/checkout@v4	2026-10-09T12:02:43.4716477Z do so (now or later) by using -c with the switch command. Example:
verify	Run actions/checkout@v4	2026-10-09T12:02:43.4716990Z 
verify	Run actions/checkout@v4	2026-10-09T12:02:43.4717191Z   git switch -c <new-branch-name>
verify	Run actions/checkout@v4	2026-10-09T12:02:43.4717589Z 
verify	Run actions/checkout@v4	2026-10-09T12:02:43.4717845Z Or undo this operation with:
verify	Run actions/checkout@v4	2026-10-09T12:02:43.4718179Z 
verify	Run actions/checkout@v4	2026-10-09T12:02:43.4718375Z   git switch -
verify	Run actions/checkout@v4	2026-10-09T12:02:43.4718624Z 
verify	Run actions/checkout@v4	2026-10-09T12:02:43.4719061Z Turn off this advice by setting config variable advice.detachedHead to false
verify	Run actions/checkout@v4	2026-10-09T12:02:43.4719721Z 
verify	Run actions/checkout@v4	2026-10-09T12:02:43.4720458Z HEAD is now at 1953d38 Merge f76d5e997efc45506bb21c88c5b8d275e093ead6 into 4bd437153aa29e8ecc3024f139db9fea97a47474
verify	Run actions/checkout@v4	2026-10-09T12:02:43.4832622Z ##[endgroup]
verify	Run actions/checkout@v4	2026-10-09T12:02:43.4893413Z [command]/usr/bin/git log -1 --format=%H
verify	Run actions/checkout@v4	2026-10-09T12:02:43.4925980Z 1953d38ad924970b86f54869b9d0b48acdc9fa30
verify	Run actions/setup-node@v4	﻿2026-10-09T12:02:43.5229382Z ##[group]Run actions/setup-node@v4
verify	Run actions/setup-node@v4	2026-10-09T12:02:43.5229715Z with:
verify	Run actions/setup-node@v4	2026-10-09T12:02:43.5229927Z   node-version: 24
verify	Run actions/setup-node@v4	2026-10-09T12:02:43.5230133Z   cache: npm
verify	Run actions/setup-node@v4	2026-10-09T12:02:43.5230336Z   always-auth: false
verify	Run actions/setup-node@v4	2026-10-09T12:02:43.5230562Z   check-latest: false
verify	Run actions/setup-node@v4	2026-10-09T12:02:43.5233314Z   token: ***
verify	Run actions/setup-node@v4	2026-10-09T12:02:43.5233549Z ##[endgroup]
verify	Run actions/setup-node@v4	2026-10-09T12:02:43.6778611Z Found in cache @ /opt/hostedtoolcache/node/24.21.0/x64
verify	Run actions/setup-node@v4	2026-10-09T12:02:43.6783608Z (node:2363) [DEP0040] DeprecationWarning: The `punycode` module is deprecated. Please use a userland alternative instead.
verify	Run actions/setup-node@v4	2026-10-09T12:02:43.6784560Z (Use `node --trace-deprecation ...` to show where the warning was created)
verify	Run actions/setup-node@v4	2026-10-09T12:02:43.6787057Z ##[group]Environment details
verify	Run actions/setup-node@v4	2026-10-09T12:02:44.1153054Z node: v24.21.0
verify	Run actions/setup-node@v4	2026-10-09T12:02:44.1153563Z npm: 11.19.0
verify	Run actions/setup-node@v4	2026-10-09T12:02:44.1153918Z yarn: 1.22.22
verify	Run actions/setup-node@v4	2026-10-09T12:02:44.1155450Z ##[endgroup]
verify	Run actions/setup-node@v4	2026-10-09T12:02:44.1181101Z [command]/opt/hostedtoolcache/node/24.21.0/x64/bin/npm config get cache
verify	Run actions/setup-node@v4	2026-10-09T12:02:44.2413292Z /home/runner/.npm
verify	Run actions/setup-node@v4	2026-10-09T12:02:44.4579683Z Cache hit for: node-cache-Linux-x64-npm-6d82bbc41af669d666d011c5fca070c497082ca77603293ec8c70d28ba98cc31
verify	Run actions/setup-node@v4	2026-10-09T12:02:44.4693253Z (node:2363) [DEP0169] DeprecationWarning: `url.parse()` behavior is not standardized and prone to errors that have security implications. Use the WHATWG URL API instead. CVEs are not issued for `url.parse()` vulnerabilities.
verify	Run actions/setup-node@v4	2026-10-09T12:02:45.6744604Z Received 33554432 of 44135652 (76.0%), 32.0 MBs/sec
verify	Run actions/setup-node@v4	2026-10-09T12:02:45.7682433Z Received 44135652 of 44135652 (100.0%), 38.5 MBs/sec
verify	Run actions/setup-node@v4	2026-10-09T12:02:45.7691501Z Cache Size: ~42 MB (44135652 B)
verify	Run actions/setup-node@v4	2026-10-09T12:02:45.7725016Z [command]/usr/bin/tar -xf /home/runner/work/_temp/c32ba31a-6b50-4669-a2f3-74c063b3ca66/cache.tzst -P -C /home/runner/work/shinariokanri/shinariokanri --use-compress-program unzstd
verify	Run actions/setup-node@v4	2026-10-09T12:02:45.8616894Z Cache restored successfully
verify	Run actions/setup-node@v4	2026-10-09T12:02:45.8647081Z Cache restored from key: node-cache-Linux-x64-npm-6d82bbc41af669d666d011c5fca070c497082ca77603293ec8c70d28ba98cc31
verify	Run npm ci	﻿2026-10-09T12:02:45.8850380Z ##[group]Run npm ci
verify	Run npm ci	2026-10-09T12:02:45.8850743Z [36;1mnpm ci[0m
verify	Run npm ci	2026-10-09T12:02:45.9915895Z shell: /usr/bin/bash -e {0}
verify	Run npm ci	2026-10-09T12:02:45.9916295Z ##[endgroup]
verify	Run npm ci	2026-10-09T12:02:48.5940263Z 
verify	Run npm ci	2026-10-09T12:02:48.5951667Z added 61 packages, and audited 62 packages in 3s
verify	Run npm ci	2026-10-09T12:02:48.5952286Z 
verify	Run npm ci	2026-10-09T12:02:48.5952697Z 15 packages are looking for funding
verify	Run npm ci	2026-10-09T12:02:48.5953293Z   run `npm fund` for details
verify	Run npm ci	2026-10-09T12:02:48.5956884Z 
verify	Run npm ci	2026-10-09T12:02:48.5957469Z found 0 vulnerabilities
verify	Run python3 scripts/check_docs.py	﻿2026-10-09T12:02:48.6487002Z ##[group]Run python3 scripts/check_docs.py
verify	Run python3 scripts/check_docs.py	2026-10-09T12:02:48.6487431Z [36;1mpython3 scripts/check_docs.py[0m
verify	Run python3 scripts/check_docs.py	2026-10-09T12:02:48.6555083Z shell: /usr/bin/bash -e {0}
verify	Run python3 scripts/check_docs.py	2026-10-09T12:02:48.6555432Z ##[endgroup]
verify	Run python3 scripts/check_docs.py	2026-10-09T12:02:48.8810648Z DOCUMENT VALIDATION PASSED: 104 requirements, 60 proposals, 24 work packages, 116 planned cases, 48 original + 10 technical sources.
verify	Run python3 scripts/check_docs.py	2026-10-09T12:02:48.8812809Z Checked: IDs, scope, sources, two-way traceability, acyclic dependencies, document/registry consistency, file hashes, fixture structure, local links.
verify	Run python3 scripts/check_docs.py	2026-10-09T12:02:48.8814943Z This document checker does not run application, schema, archive, security, performance or real-device acceptance tests. See docs/implementation/PROGRESS.md for separate implementation evidence.
verify	Run python3 scripts/check_completion_plan.py	﻿2026-10-09T12:02:48.8924831Z ##[group]Run python3 scripts/check_completion_plan.py
verify	Run python3 scripts/check_completion_plan.py	2026-10-09T12:02:48.8925288Z [36;1mpython3 scripts/check_completion_plan.py[0m
verify	Run python3 scripts/check_completion_plan.py	2026-10-09T12:02:48.8992767Z shell: /usr/bin/bash -e {0}
verify	Run python3 scripts/check_completion_plan.py	2026-10-09T12:02:48.8993077Z ##[endgroup]
verify	Run python3 scripts/check_completion_plan.py	2026-10-09T12:02:48.9624290Z COMPLETION PLAN PASSED: 104 tasks / 24 packages / 116 cases / 6 regression groups / 10 batches; original contracts retained.
verify	Run python3 -m unittest discover -s scripts -p 'test_check_*.py' -v	﻿2026-10-09T12:02:48.9731192Z ##[group]Run python3 -m unittest discover -s scripts -p 'test_check_*.py' -v
verify	Run python3 -m unittest discover -s scripts -p 'test_check_*.py' -v	2026-10-09T12:02:48.9732177Z [36;1mpython3 -m unittest discover -s scripts -p 'test_check_*.py' -v[0m
verify	Run python3 -m unittest discover -s scripts -p 'test_check_*.py' -v	2026-10-09T12:02:48.9801815Z shell: /usr/bin/bash -e {0}
verify	Run python3 -m unittest discover -s scripts -p 'test_check_*.py' -v	2026-10-09T12:02:48.9802146Z ##[endgroup]
verify	Run python3 -m unittest discover -s scripts -p 'test_check_*.py' -v	2026-10-09T12:02:49.9748976Z test_broken_example_route_fails (test_check_docs.DocumentCheckerTests.test_broken_example_route_fails) ... ok
verify	Run python3 -m unittest discover -s scripts -p 'test_check_*.py' -v	2026-10-09T12:02:50.8598199Z test_broken_link_fails (test_check_docs.DocumentCheckerTests.test_broken_link_fails) ... ok
verify	Run python3 -m unittest discover -s scripts -p 'test_check_*.py' -v	2026-10-09T12:02:51.7381319Z test_changed_pdf_fails (test_check_docs.DocumentCheckerTests.test_changed_pdf_fails) ... ok
verify	Run python3 -m unittest discover -s scripts -p 'test_check_*.py' -v	2026-10-09T12:02:52.6759546Z test_claimed_app_pass_fails (test_check_docs.DocumentCheckerTests.test_claimed_app_pass_fails) ... ok
verify	Run python3 -m unittest discover -s scripts -p 'test_check_*.py' -v	2026-10-09T12:02:53.5615105Z test_dependency_cycle_fails (test_check_docs.DocumentCheckerTests.test_dependency_cycle_fails) ... ok
verify	Run python3 -m unittest discover -s scripts -p 'test_check_*.py' -v	2026-10-09T12:02:54.4365624Z test_document_registry_drift_fails (test_check_docs.DocumentCheckerTests.test_document_registry_drift_fails) ... ok
verify	Run python3 -m unittest discover -s scripts -p 'test_check_*.py' -v	2026-10-09T12:02:55.3145800Z test_duplicate_id_fails (test_check_docs.DocumentCheckerTests.test_duplicate_id_fails) ... ok
verify	Run python3 -m unittest discover -s scripts -p 'test_check_*.py' -v	2026-10-09T12:02:56.1871009Z test_generated_dependency_documents_are_not_repository_sources (test_check_docs.DocumentCheckerTests.test_generated_dependency_documents_are_not_repository_sources) ... ok
verify	Run python3 -m unittest discover -s scripts -p 'test_check_*.py' -v	2026-10-09T12:02:57.0674863Z test_intact_documents_pass (test_check_docs.DocumentCheckerTests.test_intact_documents_pass) ... ok
verify	Run python3 -m unittest discover -s scripts -p 'test_check_*.py' -v	2026-10-09T12:02:57.9435742Z test_missing_acceptance_fails (test_check_docs.DocumentCheckerTests.test_missing_acceptance_fails) ... ok
verify	Run python3 -m unittest discover -s scripts -p 'test_check_*.py' -v	2026-10-09T12:02:58.8196392Z test_omitted_proposal_fails (test_check_docs.DocumentCheckerTests.test_omitted_proposal_fails) ... ok
verify	Run python3 -m unittest discover -s scripts -p 'test_check_*.py' -v	2026-10-09T12:02:58.8212462Z test_automated_browser_cannot_replace_live_rls_or_real_device_gate (test_check_release.ReleaseGateTests.test_automated_browser_cannot_replace_live_rls_or_real_device_gate) ... ok
verify	Run python3 -m unittest discover -s scripts -p 'test_check_*.py' -v	2026-10-09T12:02:58.8221646Z test_different_commit_and_not_run_case_block (test_check_release.ReleaseGateTests.test_different_commit_and_not_run_case_block) ... ok
verify	Run python3 -m unittest discover -s scripts -p 'test_check_*.py' -v	2026-10-09T12:02:58.8232680Z test_matching_complete_record_passes (test_check_release.ReleaseGateTests.test_matching_complete_record_passes) ... ok
verify	Run python3 -m unittest discover -s scripts -p 'test_check_*.py' -v	2026-10-09T12:02:58.8239738Z test_missing_evidence_blocks (test_check_release.ReleaseGateTests.test_missing_evidence_blocks) ... ok
verify	Run python3 -m unittest discover -s scripts -p 'test_check_*.py' -v	2026-10-09T12:02:58.8240473Z 
verify	Run python3 -m unittest discover -s scripts -p 'test_check_*.py' -v	2026-10-09T12:02:58.8240803Z ----------------------------------------------------------------------
verify	Run python3 -m unittest discover -s scripts -p 'test_check_*.py' -v	2026-10-09T12:02:58.8241234Z Ran 15 tests in 9.743s
verify	Run python3 -m unittest discover -s scripts -p 'test_check_*.py' -v	2026-10-09T12:02:58.8241671Z 
verify	Run python3 -m unittest discover -s scripts -p 'test_check_*.py' -v	2026-10-09T12:02:58.8241784Z OK
verify	Run npx playwright install --with-deps chromium firefox webkit	﻿2026-10-09T12:02:58.8404009Z ##[group]Run npx playwright install --with-deps chromium firefox webkit
verify	Run npx playwright install --with-deps chromium firefox webkit	2026-10-09T12:02:58.8404638Z [36;1mnpx playwright install --with-deps chromium firefox webkit[0m
verify	Run npx playwright install --with-deps chromium firefox webkit	2026-10-09T12:02:58.8469242Z shell: /usr/bin/bash -e {0}
verify	Run npx playwright install --with-deps chromium firefox webkit	2026-10-09T12:02:58.8469542Z ##[endgroup]
verify	Run npx playwright install --with-deps chromium firefox webkit	2026-10-09T12:02:59.6649518Z Installing dependencies...
verify	Run npx playwright install --with-deps chromium firefox webkit	2026-10-09T12:02:59.6742614Z Switching to root user to install dependencies...
verify	Run npx playwright install --with-deps chromium firefox webkit	2026-10-09T12:02:59.7784470Z Get:1 file:/etc/apt/apt-mirrors.txt Mirrorlist [144 B]
verify	Run npx playwright install --with-deps chromium firefox webkit	2026-10-09T12:02:59.8039436Z Get:6 https://packages.microsoft.com/ubuntu/24.04/prod noble InRelease [3600 B]
verify	Run npx playwright install --with-deps chromium firefox webkit	2026-10-09T12:02:59.8144865Z Hit:2 http://azure.archive.ubuntu.com/ubuntu noble InRelease
verify	Run npx playwright install --with-deps chromium firefox webkit	2026-10-09T12:02:59.8174906Z Get:3 http://azure.archive.ubuntu.com/ubuntu noble-updates InRelease [126 kB]
verify	Run npx playwright install --with-deps chromium firefox webkit	2026-10-09T12:02:59.8209998Z Get:4 http://azure.archive.ubuntu.com/ubuntu noble-backports InRelease [126 kB]
verify	Run npx playwright install --with-deps chromium firefox webkit	2026-10-09T12:02:59.8234690Z Get:5 http://azure.archive.ubuntu.com/ubuntu noble-security InRelease [126 kB]
verify	Run npx playwright install --with-deps chromium firefox webkit	2026-10-09T12:02:59.8865747Z Get:7 https://packages.microsoft.com/ubuntu/24.04/prod noble/main armhf Packages [12.3 kB]
verify	Run npx playwright install --with-deps chromium firefox webkit	2026-10-09T12:02:59.8985307Z Get:8 https://packages.microsoft.com/ubuntu/24.04/prod noble/main amd64 Packages [531 kB]
verify	Run npx playwright install --with-deps chromium firefox webkit	2026-10-09T12:02:59.9110428Z Get:9 https://packages.microsoft.com/ubuntu/24.04/prod noble/main arm64 Packages [475 kB]
verify	Run npx playwright install --with-deps chromium firefox webkit	2026-10-09T12:02:59.9169123Z Get:10 https://packages.microsoft.com/ubuntu/24.04/prod noble/main all Packages [640 B]
verify	Run npx playwright install --with-deps chromium firefox webkit	2026-10-09T12:03:00.0093738Z Get:11 http://azure.archive.ubuntu.com/ubuntu noble-updates/main amd64 Packages [1375 kB]
verify	Run npx playwright install --with-deps chromium firefox webkit	2026-10-09T12:03:00.0175222Z Get:12 http://azure.archive.ubuntu.com/ubuntu noble-updates/main Translation-en [306 kB]
verify	Run npx playwright install --with-deps chromium firefox webkit	2026-10-09T12:03:00.0195565Z Get:13 http://azure.archive.ubuntu.com/ubuntu noble-updates/universe amd64 Packages [1702 kB]
verify	Run npx playwright install --with-deps chromium firefox webkit	2026-10-09T12:03:00.0323179Z Get:14 http://azure.archive.ubuntu.com/ubuntu noble-updates/universe Translation-en [342 kB]
verify	Run npx playwright install --with-deps chromium firefox webkit	2026-10-09T12:03:00.0325264Z Get:15 http://azure.archive.ubuntu.com/ubuntu noble-updates/restricted amd64 Packages [1761 kB]
verify	Run npx playwright install --with-deps chromium firefox webkit	2026-10-09T12:03:00.0396502Z Get:16 http://azure.archive.ubuntu.com/ubuntu noble-updates/restricted Translation-en [401 kB]
verify	Run npx playwright install --with-deps chromium firefox webkit	2026-10-09T12:03:00.0421764Z Get:17 http://azure.archive.ubuntu.com/ubuntu noble-updates/multiverse amd64 Packages [55.0 kB]
verify	Run npx playwright install --with-deps chromium firefox webkit	2026-10-09T12:03:00.0432801Z Get:18 http://azure.archive.ubuntu.com/ubuntu noble-updates/multiverse Translation-en [14.3 kB]
verify	Run npx playwright install --with-deps chromium firefox webkit	2026-10-09T12:03:00.1308729Z Get:19 http://azure.archive.ubuntu.com/ubuntu noble-security/main amd64 Packages [1121 kB]
verify	Run npx playwright install --with-deps chromium firefox webkit	2026-10-09T12:03:00.1370454Z Get:20 http://azure.archive.ubuntu.com/ubuntu noble-security/main Translation-en [228 kB]
verify	Run npx playwright install --with-deps chromium firefox webkit	2026-10-09T12:03:00.1810631Z Get:21 http://azure.archive.ubuntu.com/ubuntu noble-security/universe amd64 Packages [1220 kB]
verify	Run npx playwright install --with-deps chromium firefox webkit	2026-10-09T12:03:00.1868127Z Get:22 http://azure.archive.ubuntu.com/ubuntu noble-security/universe Translation-en [245 kB]
verify	Run npx playwright install --with-deps chromium firefox webkit	2026-10-09T12:03:00.1887145Z Get:23 http://azure.archive.ubuntu.com/ubuntu noble-security/restricted amd64 Packages [1669 kB]
verify	Run npx playwright install --with-deps chromium firefox webkit	2026-10-09T12:03:00.1961566Z Get:24 http://azure.archive.ubuntu.com/ubuntu noble-security/restricted Translation-en [383 kB]
verify	Run npx playwright install --with-deps chromium firefox webkit	2026-10-09T12:03:00.1983722Z Get:25 http://azure.archive.ubuntu.com/ubuntu noble-security/multiverse amd64 Packages [49.8 kB]
verify	Run npx playwright install --with-deps chromium firefox webkit	2026-10-09T12:03:00.1992353Z Get:26 http://azure.archive.ubuntu.com/ubuntu noble-security/multiverse Translation-en [12.4 kB]
verify	Run npx playwright install --with-deps chromium firefox webkit	2026-10-09T12:03:03.8785115Z Fetched 12.3 MB in 1s (9485 kB/s)
verify	Run npx playwright install --with-deps chromium firefox webkit	2026-10-09T12:03:04.8400318Z Reading package lists...
verify	Run npx playwright install --with-deps chromium firefox webkit	2026-10-09T12:03:04.8648396Z Reading package lists...
verify	Run npx playwright install --with-deps chromium firefox webkit	2026-10-09T12:03:05.1141019Z Building dependency tree...
verify	Run npx playwright install --with-deps chromium firefox webkit	2026-10-09T12:03:05.1148501Z Reading state information...
verify	Run npx playwright install --with-deps chromium firefox webkit	2026-10-09T12:03:05.1402289Z libasound2t64 is already the newest version (1.2.11-1ubuntu0.3).
verify	Run npx playwright install --with-deps chromium firefox webkit	2026-10-09T12:03:05.1403170Z libasound2t64 set to manually installed.
verify	Run npx playwright install --with-deps chromium firefox webkit	2026-10-09T12:03:05.1403969Z libatk-bridge2.0-0t64 is already the newest version (2.52.0-1build1).
verify	Run npx playwright install --with-deps chromium firefox webkit	2026-10-09T12:03:05.1404767Z libatk-bridge2.0-0t64 set to manually installed.
verify	Run npx playwright install --with-deps chromium firefox webkit	2026-10-09T12:03:05.1406109Z libatk1.0-0t64 is already the newest version (2.52.0-1build1).
verify	Run npx playwright install --with-deps chromium firefox webkit	2026-10-09T12:03:05.1406844Z libatk1.0-0t64 set to manually installed.
verify	Run npx playwright install --with-deps chromium firefox webkit	2026-10-09T12:03:05.1407591Z libatspi2.0-0t64 is already the newest version (2.52.0-1build1).
verify	Run npx playwright install --with-deps chromium firefox webkit	2026-10-09T12:03:05.1408322Z libatspi2.0-0t64 set to manually installed.
verify	Run npx playwright install --with-deps chromium firefox webkit	2026-10-09T12:03:05.1409174Z libcairo2 is already the newest version (1.18.0-3build1).
verify	Run npx playwright install --with-deps chromium firefox webkit	2026-10-09T12:03:05.1409819Z libcairo2 set to manually installed.
verify	Run npx playwright install --with-deps chromium firefox webkit	2026-10-09T12:03:05.1410517Z libcups2t64 is already the newest version (2.4.7-1.2ubuntu7.14).
verify	Run npx playwright install --with-deps chromium firefox webkit	2026-10-09T12:03:05.1411163Z libcups2t64 set to manually installed.
verify	Run npx playwright install --with-deps chromium firefox webkit	2026-10-09T12:03:05.1412120Z libdbus-1-3 is already the newest version (1.14.10-4ubuntu4.1).
verify	Run npx playwright install --with-deps chromium firefox webkit	2026-10-09T12:03:05.1412756Z libdbus-1-3 set to manually installed.
verify	Run npx playwright install --with-deps chromium firefox webkit	2026-10-09T12:03:05.1413442Z libdrm2 is already the newest version (2.4.125-1ubuntu0.1~24.04.2).
verify	Run npx playwright install --with-deps chromium firefox webkit	2026-10-09T12:03:05.1414087Z libdrm2 set to manually installed.
verify	Run npx playwright install --with-deps chromium firefox webkit	2026-10-09T12:03:05.1414732Z libgbm1 is already the newest version (25.2.8-0ubuntu0.24.04.4).
verify	Run npx playwright install --with-deps chromium firefox webkit	2026-10-09T12:03:05.1415365Z libgbm1 set to manually installed.
verify	Run npx playwright install --with-deps chromium firefox webkit	2026-10-09T12:03:05.1416041Z libglib2.0-0t64 is already the newest version (2.80.0-6ubuntu3.9).
verify	Run npx playwright install --with-deps chromium firefox webkit	2026-10-09T12:03:05.1416720Z libglib2.0-0t64 set to manually installed.
verify	Run npx playwright install --with-deps chromium firefox webkit	2026-10-09T12:03:05.1417408Z libnspr4 is already the newest version (2:4.35-1.1build1).
verify	Run npx playwright install --with-deps chromium firefox webkit	2026-10-09T12:03:05.1418038Z libnspr4 set to manually installed.
verify	Run npx playwright install --with-deps chromium firefox webkit	2026-10-09T12:03:05.1418631Z libnss3 is already the newest version (2:3.98-1ubuntu0.2).
verify	Run npx playwright install --with-deps chromium firefox webkit	2026-10-09T12:03:05.1419218Z libnss3 set to manually installed.
verify	Run npx playwright install --with-deps chromium firefox webkit	2026-10-09T12:03:05.1419848Z libpango-1.0-0 is already the newest version (1.52.1+ds-1build1).
verify	Run npx playwright install --with-deps chromium firefox webkit	2026-10-09T12:03:05.1420477Z libpango-1.0-0 set to manually installed.
verify	Run npx playwright install --with-deps chromium firefox webkit	2026-10-09T12:03:05.1421094Z libx11-6 is already the newest version (2:1.8.7-1build1).
verify	Run npx playwright install --with-deps chromium firefox webkit	2026-10-09T12:03:05.1421904Z libx11-6 set to manually installed.
verify	Run npx playwright install --with-deps chromium firefox webkit	2026-10-09T12:03:05.1422490Z libxcb1 is already the newest version (1.15-1ubuntu2).
verify	Run npx playwright install --with-deps chromium firefox webkit	2026-10-09T12:03:05.1423056Z libxcb1 set to manually installed.
verify	Run npx playwright install --with-deps chromium firefox webkit	2026-10-09T12:03:05.1423756Z libxcomposite1 is already the newest version (1:0.4.5-1build3).
verify	Run npx playwright install --with-deps chromium firefox webkit	2026-10-09T12:03:05.1424399Z libxcomposite1 set to manually installed.
verify	Run npx playwright install --with-deps chromium firefox webkit	2026-10-09T12:03:05.1425041Z libxdamage1 is already the newest version (1:1.1.6-1build1).
verify	Run npx playwright install --with-deps chromium firefox webkit	2026-10-09T12:03:05.1425636Z libxdamage1 set to manually installed.
verify	Run npx playwright install --with-deps chromium firefox webkit	2026-10-09T12:03:05.1426239Z libxext6 is already the newest version (2:1.3.4-1build2).
verify	Run npx playwright install --with-deps chromium firefox webkit	2026-10-09T12:03:05.1426810Z libxext6 set to manually installed.
verify	Run npx playwright install --with-deps chromium firefox webkit	2026-10-09T12:03:05.1427419Z libxfixes3 is already the newest version (1:6.0.0-2build1).
verify	Run npx playwright install --with-deps chromium firefox webkit	2026-10-09T12:03:05.1428013Z libxfixes3 set to manually installed.
verify	Run npx playwright install --with-deps chromium firefox webkit	2026-10-09T12:03:05.1428634Z libxkbcommon0 is already the newest version (1.6.0-1build1).
verify	Run npx playwright install --with-deps chromium firefox webkit	2026-10-09T12:03:05.1429243Z libxkbcommon0 set to manually installed.
verify	Run npx playwright install --with-deps chromium firefox webkit	2026-10-09T12:03:05.1429871Z libxrandr2 is already the newest version (2:1.5.2-2build1).
verify	Run npx playwright install --with-deps chromium firefox webkit	2026-10-09T12:03:05.1430458Z libxrandr2 set to manually installed.
verify	Run npx playwright install --with-deps chromium firefox webkit	2026-10-09T12:03:05.1431063Z xvfb is already the newest version (2:21.1.12-1ubuntu1.8).
verify	Run npx playwright install --with-deps chromium firefox webkit	2026-10-09T12:03:05.1432088Z fonts-noto-color-emoji is already the newest version (2.047-0ubuntu0.24.04.1).
verify	Run npx playwright install --with-deps chromium firefox webkit	2026-10-09T12:03:05.1432954Z libfontconfig1 is already the newest version (2.15.0-1.1ubuntu2).
verify	Run npx playwright install --with-deps chromium firefox webkit	2026-10-09T12:03:05.1433605Z libfontconfig1 set to manually installed.
verify	Run npx playwright install --with-deps chromium firefox webkit	2026-10-09T12:03:05.1434239Z fonts-liberation is already the newest version (1:2.1.5-3).
verify	Run npx playwright install --with-deps chromium firefox webkit	2026-10-09T12:03:05.1434875Z fonts-liberation set to manually installed.
verify	Run npx playwright install --with-deps chromium firefox webkit	2026-10-09T12:03:05.1435838Z libcairo-gobject2 is already the newest version (1.18.0-3build1).
verify	Run npx playwright install --with-deps chromium firefox webkit	2026-10-09T12:03:05.1436501Z libcairo-gobject2 set to manually installed.
verify	Run npx playwright install --with-deps chromium firefox webkit	2026-10-09T12:03:05.1437266Z libgdk-pixbuf-2.0-0 is already the newest version (2.42.10+dfsg-3ubuntu3.3).
verify	Run npx playwright install --with-deps chromium firefox webkit	2026-10-09T12:03:05.1438001Z libgdk-pixbuf-2.0-0 set to manually installed.
verify	Run npx playwright install --with-deps chromium firefox webkit	2026-10-09T12:03:05.1438691Z libgtk-3-0t64 is already the newest version (3.24.41-4ubuntu1.3).
verify	Run npx playwright install --with-deps chromium firefox webkit	2026-10-09T12:03:05.1439330Z libgtk-3-0t64 set to manually installed.
verify	Run npx playwright install --with-deps chromium firefox webkit	2026-10-09T12:03:05.1440020Z libpangocairo-1.0-0 is already the newest version (1.52.1+ds-1build1).
verify	Run npx playwright install --with-deps chromium firefox webkit	2026-10-09T12:03:05.1440904Z libpangocairo-1.0-0 set to manually installed.
verify	Run npx playwright install --with-deps chromium firefox webkit	2026-10-09T12:03:05.1441768Z libx11-xcb1 is already the newest version (2:1.8.7-1build1).
verify	Run npx playwright install --with-deps chromium firefox webkit	2026-10-09T12:03:05.1442375Z libx11-xcb1 set to manually installed.
verify	Run npx playwright install --with-deps chromium firefox webkit	2026-10-09T12:03:05.1442984Z libxcb-shm0 is already the newest version (1.15-1ubuntu2).
verify	Run npx playwright install --with-deps chromium firefox webkit	2026-10-09T12:03:05.1443589Z libxcb-shm0 set to manually installed.
verify	Run npx playwright install --with-deps chromium firefox webkit	2026-10-09T12:03:05.1444225Z libxcursor1 is already the newest version (1:1.2.1-1build1).
verify	Run npx playwright install --with-deps chromium firefox webkit	2026-10-09T12:03:05.1444835Z libxcursor1 set to manually installed.
verify	Run npx playwright install --with-deps chromium firefox webkit	2026-10-09T12:03:05.1445427Z libxi6 is already the newest version (2:1.8.1-1build1).
verify	Run npx playwright install --with-deps chromium firefox webkit	2026-10-09T12:03:05.1446028Z libxi6 set to manually installed.
verify	Run npx playwright install --with-deps chromium firefox webkit	2026-10-09T12:03:05.1446736Z libxrender1 is already the newest version (1:0.9.10-1.1build1).
verify	Run npx playwright install --with-deps chromium firefox webkit	2026-10-09T12:03:05.1447369Z libxrender1 set to manually installed.
verify	Run npx playwright install --with-deps chromium firefox webkit	2026-10-09T12:03:05.1447981Z libicu74 is already the newest version (74.2-1ubuntu3.1).
verify	Run npx playwright install --with-deps chromium firefox webkit	2026-10-09T12:03:05.1448725Z libatomic1 is already the newest version (14.2.0-4ubuntu2~24.04.1).
verify	Run npx playwright install --with-deps chromium firefox webkit	2026-10-09T12:03:05.1449379Z libatomic1 set to manually installed.
verify	Run npx playwright install --with-deps chromium firefox webkit	2026-10-09T12:03:05.1450016Z libenchant-2-2 is already the newest version (2.3.3-2build2).
verify	Run npx playwright install --with-deps chromium firefox webkit	2026-10-09T12:03:05.1450640Z libenchant-2-2 set to manually installed.
verify	Run npx playwright install --with-deps chromium firefox webkit	2026-10-09T12:03:05.1451267Z libepoxy0 is already the newest version (1.5.10-1build1).
verify	Run npx playwright install --with-deps chromium firefox webkit	2026-10-09T12:03:05.1452028Z libepoxy0 set to manually installed.
verify	Run npx playwright install --with-deps chromium firefox webkit	2026-10-09T12:03:05.1452721Z libgstreamer1.0-0 is already the newest version (1.24.2-1ubuntu0.1).
verify	Run npx playwright install --with-deps chromium firefox webkit	2026-10-09T12:03:05.1453407Z libgstreamer1.0-0 set to manually installed.
verify	Run npx playwright install --with-deps chromium firefox webkit	2026-10-09T12:03:05.1454066Z libharfbuzz0b is already the newest version (8.3.0-2build2).
verify	Run npx playwright install --with-deps chromium firefox webkit	2026-10-09T12:03:05.1454685Z libharfbuzz0b set to manually installed.
verify	Run npx playwright install --with-deps chromium firefox webkit	2026-10-09T12:03:05.1455361Z libjpeg-turbo8 is already the newest version (2.1.5-2ubuntu2).
verify	Run npx playwright install --with-deps chromium firefox webkit	2026-10-09T12:03:05.3769779Z libjpeg-turbo8 set to manually installed.
verify	Run npx playwright install --with-deps chromium firefox webkit	2026-10-09T12:03:05.3770733Z liblcms2-2 is already the newest version (2.14-2ubuntu0.1).
verify	Run npx playwright install --with-deps chromium firefox webkit	2026-10-09T12:03:05.3771752Z liblcms2-2 set to manually installed.
verify	Run npx playwright install --with-deps chromium firefox webkit	2026-10-09T12:03:05.3772546Z libwayland-client0 is already the newest version (1.22.0-2.1build1).
verify	Run npx playwright install --with-deps chromium firefox webkit	2026-10-09T12:03:05.3773326Z libwayland-client0 set to manually installed.
verify	Run npx playwright install --with-deps chromium firefox webkit	2026-10-09T12:03:05.3774167Z libwayland-egl1 is already the newest version (1.22.0-2.1build1).
verify	Run npx playwright install --with-deps chromium firefox webkit	2026-10-09T12:03:05.3774946Z libwayland-egl1 set to manually installed.
verify	Run npx playwright install --with-deps chromium firefox webkit	2026-10-09T12:03:05.3775709Z libwebp7 is already the newest version (1.3.2-0.4build3).
verify	Run npx playwright install --with-deps chromium firefox webkit	2026-10-09T12:03:05.3776403Z libwebp7 set to manually installed.
verify	Run npx playwright install --with-deps chromium firefox webkit	2026-10-09T12:03:05.3777112Z libwebpdemux2 is already the newest version (1.3.2-0.4build3).
verify	Run npx playwright install --with-deps chromium firefox webkit	2026-10-09T12:03:05.3777833Z libwebpdemux2 set to manually installed.
verify	Run npx playwright install --with-deps chromium firefox webkit	2026-10-09T12:03:05.3778823Z libxslt1.1 is already the newest version (1.1.39-0exp1ubuntu0.24.04.3).
verify	Run npx playwright install --with-deps chromium firefox webkit	2026-10-09T12:03:05.3779652Z libxslt1.1 set to manually installed.
verify	Run npx playwright install --with-deps chromium firefox webkit	2026-10-09T12:03:05.3780322Z The following additional packages will be installed:
verify	Run npx playwright install --with-deps chromium firefox webkit	2026-10-09T12:03:05.3781118Z   glib-networking glib-networking-common glib-networking-services
verify	Run npx playwright install --with-deps chromium firefox webkit	2026-10-09T12:03:05.3782467Z   gsettings-desktop-schemas libaa1 libabsl20220623t64 libass9 libasyncns0
verify	Run npx playwright install --with-deps chromium firefox webkit	2026-10-09T12:03:05.3783383Z   libavc1394-0 libavfilter9 libavformat60 libavtp0 libavutil58 libblas3
verify	Run npx playwright install --with-deps chromium firefox webkit	2026-10-09T12:03:05.3784301Z   libbluray2 libbs2b0 libcaca0 libcairo-script-interpreter2 libcdparanoia0
verify	Run npx playwright install --with-deps chromium firefox webkit	2026-10-09T12:03:05.3785193Z   libchromaprint1 libcjson1 libcodec2-1.2 libdav1d7 libdc1394-25 libdca0
verify	Run npx playwright install --with-deps chromium firefox webkit	2026-10-09T12:03:05.3786546Z   libde265-0 libdecor-0-0 libdirectfb-1.7-7t64 libdv4t64 libdvdnav4
verify	Run npx playwright install --with-deps chromium firefox webkit	2026-10-09T12:03:05.3787375Z   libdvdread8t64 libegl-mesa0 libegl1 libfaad2 libflac12t64 libfluidsynth3
verify	Run npx playwright install --with-deps chromium firefox webkit	2026-10-09T12:03:05.3788293Z   libfreeaptx0 libgav1-1 libgme0 libgraphene-1.0-0 libgsm1 libgssdp-1.6-0
verify	Run npx playwright install --with-deps chromium firefox webkit	2026-10-09T12:03:05.3789106Z   libgstreamer-plugins-good1.0-0 libgtk-4-common libgupnp-1.6-0
verify	Run npx playwright install --with-deps chromium firefox webkit	2026-10-09T12:03:05.3789865Z   libgupnp-igd-1.6-0 libhwy1t64 libiec61883-0 libimath-3-1-29t64
verify	Run npx playwright install --with-deps chromium firefox webkit	2026-10-09T12:03:05.3790639Z   libinstpatch-1.0-2 libjack-jackd2-0 libjxl0.7 liblapack3 liblc3-1
verify	Run npx playwright install --with-deps chromium firefox webkit	2026-10-09T12:03:05.3791933Z   libldacbt-enc2 liblilv-0-0 liblrdf0 libltc11 libmbedcrypto7t64 libmfx1
verify	Run npx playwright install --with-deps chromium firefox webkit	2026-10-09T12:03:05.3792700Z   libmjpegutils-2.1-0t64 libmodplug1 libmp3lame0 libmpcdec6
verify	Run npx playwright install --with-deps chromium firefox webkit	2026-10-09T12:03:05.3793454Z   libmpeg2encpp-2.1-0t64 libmpg123-0t64 libmplex2-2.1-0t64 libmysofa1
verify	Run npx playwright install --with-deps chromium firefox webkit	2026-10-09T12:03:05.3794289Z   libneon27t64 libnice10 libopenal-data libopenal1 libopenexr-3-1-30
verify	Run npx playwright install --with-deps chromium firefox webkit	2026-10-09T12:03:05.3795098Z   libopenh264-7 libopenmpt0t64 libopenni2-0 liborc-0.4-0t64
verify	Run npx playwright install --with-deps chromium firefox webkit	2026-10-09T12:03:05.3795926Z   libpipewire-0.3-0t64 libplacebo338 libpocketsphinx3 libpostproc57
verify	Run npx playwright install --with-deps chromium firefox webkit	2026-10-09T12:03:05.3796749Z   libproxy1v5 libpulse0 libqrencode4 libraptor2-0 librav1e0 libraw1394-11
verify	Run npx playwright install --with-deps chromium firefox webkit	2026-10-09T12:03:05.3797584Z   librist4 librsvg2-2 librubberband2 libsamplerate0 libsbc1 libsdl2-2.0-0
verify	Run npx playwright install --with-deps chromium firefox webkit	2026-10-09T12:03:05.3798490Z   libsecret-common libserd-0-0 libshine3 libshout3 libsndfile1 libsndio7.0
verify	Run npx playwright install --with-deps chromium firefox webkit	2026-10-09T12:03:05.3799301Z   libsord-0-0 libsoundtouch1 libsoup-3.0-0 libsoup-3.0-common libsoxr0
verify	Run npx playwright install --with-deps chromium firefox webkit	2026-10-09T12:03:05.3800152Z   libspa-0.2-modules libspandsp2t64 libspeex1 libsphinxbase3t64 libsratom-0-0
verify	Run npx playwright install --with-deps chromium firefox webkit	2026-10-09T12:03:05.3801037Z   libsrt1.5-gnutls libsrtp2-1 libssh-gcrypt-4 libsvtav1enc1d1 libswresample4
verify	Run npx playwright install --with-deps chromium firefox webkit	2026-10-09T12:03:05.3802069Z   libswscale7 libtag1v5 libtag1v5-vanilla libtheora0 libtwolame0 libudfread0
verify	Run npx playwright install --with-deps chromium firefox webkit	2026-10-09T12:03:05.3802947Z   libunibreak5 libv4l-0t64 libv4lconvert0t64 libva-drm2 libva-x11-2 libva2
verify	Run npx playwright install --with-deps chromium firefox webkit	2026-10-09T12:03:05.3803817Z   libvdpau1 libvidstab1.1 libvisual-0.4-0 libvo-aacenc0 libvo-amrwbenc0
verify	Run npx playwright install --with-deps chromium firefox webkit	2026-10-09T12:03:05.3804710Z   libvorbisenc2 libvpl2 libwavpack1 libwebrtc-audio-processing1 libwildmidi2
verify	Run npx playwright install --with-deps chromium firefox webkit	2026-10-09T12:03:05.3805452Z   libx265-199 libxcb-xkb1 libxkbcommon-x11-0 libxml2-dev libxvidcore4 libyuv0
verify	Run npx playwright install --with-deps chromium firefox webkit	2026-10-09T12:03:05.3806013Z   libzbar0t64 libzimg2 libzix-0-0 libzvbi-common libzvbi0t64 libzxing3
verify	Run npx playwright install --with-deps chromium firefox webkit	2026-10-09T12:03:05.3806588Z   ocl-icd-libopencl1 session-migration timgm6mb-soundfont xfonts-encodings
verify	Run npx playwright install --with-deps chromium firefox webkit	2026-10-09T12:03:05.3807203Z   xfonts-utils
verify	Run npx playwright install --with-deps chromium firefox webkit	2026-10-09T12:03:05.3807505Z Suggested packages:
verify	Run npx playwright install --with-deps chromium firefox webkit	2026-10-09T12:03:05.3807914Z   frei0r-plugins gvfs libcuda1 libnvcuvid1 libnvidia-encode1 libbluray-bdj
verify	Run npx playwright install --with-deps chromium firefox webkit	2026-10-09T12:03:05.3808481Z   libdirectfb-extra libdv-bin oss-compat libdvdcss2 libvisual-0.4-plugins
verify	Run npx playwright install --with-deps chromium firefox webkit	2026-10-09T12:03:05.3809148Z   jackd2 liblrdf0-dev libportaudio2 opus-tools pipewire pulseaudio
verify	Run npx playwright install --with-deps chromium firefox webkit	2026-10-09T12:03:05.3809715Z   raptor2-utils libraw1394-doc librsvg2-bin serdi sndiod sordi speex
verify	Run npx playwright install --with-deps chromium firefox webkit	2026-10-09T12:03:05.3810211Z   libwildmidi-config opencl-icd fluid-soundfont-gm
verify	Run npx playwright install --with-deps chromium firefox webkit	2026-10-09T12:03:05.3810567Z Recommended packages:
verify	Run npx playwright install --with-deps chromium firefox webkit	2026-10-09T12:03:05.3810925Z   fonts-ipafont-mincho fonts-tlwg-loma gstreamer1.0-x libaacs0
verify	Run npx playwright install --with-deps chromium firefox webkit	2026-10-09T12:03:05.3811836Z   default-libdecor-0-plugin-1 | libdecor-0-plugin-1 gstreamer1.0-gl
verify	Run npx playwright install --with-deps chromium firefox webkit	2026-10-09T12:03:05.3812781Z   libgtk-4-bin librsvg2-common libgtk-4-media-gstreamer libpipewire-0.3-common
verify	Run npx playwright install --with-deps chromium firefox webkit	2026-10-09T12:03:05.3813826Z   pocketsphinx-en-us va-driver-all | va-driver vdpau-driver-all | vdpau-driver
verify	Run npx playwright install --with-deps chromium firefox webkit	2026-10-09T12:03:05.3814584Z   libmagickcore-6.q16-7-extra
verify	Run npx playwright install --with-deps chromium firefox webkit	2026-10-09T12:03:05.4564640Z The following NEW packages will be installed:
verify	Run npx playwright install --with-deps chromium firefox webkit	2026-10-09T12:03:05.4565843Z   fonts-freefont-ttf fonts-ipafont-gothic fonts-tlwg-loma-otf fonts-unifont
verify	Run npx playwright install --with-deps chromium firefox webkit	2026-10-09T12:03:05.4566890Z   fonts-wqy-zenhei glib-networking glib-networking-common
verify	Run npx playwright install --with-deps chromium firefox webkit	2026-10-09T12:03:05.4567862Z   glib-networking-services gsettings-desktop-schemas gstreamer1.0-libav
verify	Run npx playwright install --with-deps chromium firefox webkit	2026-10-09T12:03:05.4568991Z   gstreamer1.0-plugins-bad gstreamer1.0-plugins-base gstreamer1.0-plugins-good
verify	Run npx playwright install --with-deps chromium firefox webkit	2026-10-09T12:03:05.4570628Z   libaa1 libabsl20220623t64 libass9 libasyncns0 libavc1394-0 libavcodec60
verify	Run npx playwright install --with-deps chromium firefox webkit	2026-10-09T12:03:05.4571904Z   libavfilter9 libavformat60 libavif16 libavtp0 libavutil58 libblas3
verify	Run npx playwright install --with-deps chromium firefox webkit	2026-10-09T12:03:05.4572973Z   libbluray2 libbs2b0 libcaca0 libcairo-script-interpreter2 libcdparanoia0
verify	Run npx playwright install --with-deps chromium firefox webkit	2026-10-09T12:03:05.4574026Z   libchromaprint1 libcjson1 libcodec2-1.2 libdav1d7 libdc1394-25 libdca0
verify	Run npx playwright install --with-deps chromium firefox webkit	2026-10-09T12:03:05.4574995Z   libde265-0 libdecor-0-0 libdirectfb-1.7-7t64 libdv4t64 libdvdnav4
verify	Run npx playwright install --with-deps chromium firefox webkit	2026-10-09T12:03:05.4576073Z   libdvdread8t64 libegl-mesa0 libegl1 libevent-2.1-7t64 libfaad2 libflac12t64
verify	Run npx playwright install --with-deps chromium firefox webkit	2026-10-09T12:03:05.4577384Z   libflite1 libfluidsynth3 libfreeaptx0 libgav1-1 libgles2 libgme0
verify	Run npx playwright install --with-deps chromium firefox webkit	2026-10-09T12:03:05.4578332Z   libgraphene-1.0-0 libgsm1 libgssdp-1.6-0 libgstreamer-gl1.0-0
verify	Run npx playwright install --with-deps chromium firefox webkit	2026-10-09T12:03:05.4579282Z   libgstreamer-plugins-bad1.0-0 libgstreamer-plugins-base1.0-0
verify	Run npx playwright install --with-deps chromium firefox webkit	2026-10-09T12:03:05.4580325Z   libgstreamer-plugins-good1.0-0 libgtk-4-1 libgtk-4-common libgupnp-1.6-0
verify	Run npx playwright install --with-deps chromium firefox webkit	2026-10-09T12:03:05.4581620Z   libgupnp-igd-1.6-0 libharfbuzz-icu0 libhwy1t64 libhyphen0 libiec61883-0
verify	Run npx playwright install --with-deps chromium firefox webkit	2026-10-09T12:03:05.4582747Z   libimath-3-1-29t64 libinstpatch-1.0-2 libjack-jackd2-0 libjxl0.7 liblapack3
verify	Run npx playwright install --with-deps chromium firefox webkit	2026-10-09T12:03:05.4583634Z   liblc3-1 libldacbt-enc2 liblilv-0-0 liblrdf0 libltc11 libmanette-0.2-0
verify	Run npx playwright install --with-deps chromium firefox webkit	2026-10-09T12:03:05.4584482Z   libmbedcrypto7t64 libmfx1 libmjpegutils-2.1-0t64 libmodplug1 libmp3lame0
verify	Run npx playwright install --with-deps chromium firefox webkit	2026-10-09T12:03:05.4585328Z   libmpcdec6 libmpeg2encpp-2.1-0t64 libmpg123-0t64 libmplex2-2.1-0t64
verify	Run npx playwright install --with-deps chromium firefox webkit	2026-10-09T12:03:05.4586072Z   libmysofa1 libneon27t64 libnice10 libopenal-data libopenal1
verify	Run npx playwright install --with-deps chromium firefox webkit	2026-10-09T12:03:05.4586878Z   libopenexr-3-1-30 libopenh264-7 libopenmpt0t64 libopenni2-0 libopus0
verify	Run npx playwright install --with-deps chromium firefox webkit	2026-10-09T12:03:05.4587716Z   liborc-0.4-0t64 libpipewire-0.3-0t64 libplacebo338 libpocketsphinx3
verify	Run npx playwright install --with-deps chromium firefox webkit	2026-10-09T12:03:05.4588536Z   libpostproc57 libproxy1v5 libpulse0 libqrencode4 libraptor2-0 librav1e0
verify	Run npx playwright install --with-deps chromium firefox webkit	2026-10-09T12:03:05.4589386Z   libraw1394-11 librist4 librsvg2-2 librubberband2 libsamplerate0 libsbc1
verify	Run npx playwright install --with-deps chromium firefox webkit	2026-10-09T12:03:05.4590216Z   libsdl2-2.0-0 libsecret-1-0 libsecret-common libserd-0-0 libshine3 libshout3
verify	Run npx playwright install --with-deps chromium firefox webkit	2026-10-09T12:03:05.4591060Z   libsndfile1 libsndio7.0 libsord-0-0 libsoundtouch1 libsoup-3.0-0
verify	Run npx playwright install --with-deps chromium firefox webkit	2026-10-09T12:03:05.4592127Z   libsoup-3.0-common libsoxr0 libspa-0.2-modules libspandsp2t64 libspeex1
verify	Run npx playwright install --with-deps chromium firefox webkit	2026-10-09T12:03:05.4593067Z   libsphinxbase3t64 libsratom-0-0 libsrt1.5-gnutls libsrtp2-1 libssh-gcrypt-4
verify	Run npx playwright install --with-deps chromium firefox webkit	2026-10-09T12:03:05.4593994Z   libsvtav1enc1d1 libswresample4 libswscale7 libtag1v5 libtag1v5-vanilla
verify	Run npx playwright install --with-deps chromium firefox webkit	2026-10-09T12:03:05.4594869Z   libtheora0 libtwolame0 libudfread0 libunibreak5 libv4l-0t64
verify	Run npx playwright install --with-deps chromium firefox webkit	2026-10-09T12:03:05.4595736Z   libv4lconvert0t64 libva-drm2 libva-x11-2 libva2 libvdpau1 libvidstab1.1
verify	Run npx playwright install --with-deps chromium firefox webkit	2026-10-09T12:03:05.4596718Z   libvisual-0.4-0 libvo-aacenc0 libvo-amrwbenc0 libvorbisenc2 libvpl2 libvpx9
verify	Run npx playwright install --with-deps chromium firefox webkit	2026-10-09T12:03:05.4597781Z   libwavpack1 libwayland-server0 libwebrtc-audio-processing1 libwildmidi2
verify	Run npx playwright install --with-deps chromium firefox webkit	2026-10-09T12:03:05.4598795Z   libwoff1 libx264-164 libx265-199 libxcb-xkb1 libxkbcommon-x11-0 libxvidcore4
verify	Run npx playwright install --with-deps chromium firefox webkit	2026-10-09T12:03:05.4599750Z   libyuv0 libzbar0t64 libzimg2 libzix-0-0 libzvbi-common libzvbi0t64 libzxing3
verify	Run npx playwright install --with-deps chromium firefox webkit	2026-10-09T12:03:05.4600757Z   ocl-icd-libopencl1 session-migration timgm6mb-soundfont xfonts-cyrillic
verify	Run npx playwright install --with-deps chromium firefox webkit	2026-10-09T12:03:05.4601667Z   xfonts-encodings xfonts-scalable xfonts-utils
verify	Run npx playwright install --with-deps chromium firefox webkit	2026-10-09T12:03:05.4602288Z The following packages will be upgraded:
verify	Run npx playwright install --with-deps chromium firefox webkit	2026-10-09T12:03:05.4605463Z   libfreetype6 libpng16-16t64 libxml2 libxml2-dev
verify	Run npx playwright install --with-deps chromium firefox webkit	2026-10-09T12:03:05.4858741Z 4 upgraded, 181 newly installed, 0 to remove and 19 not upgraded.
verify	Run npx playwright install --with-deps chromium firefox webkit	2026-10-09T12:03:05.4859615Z Need to get 116 MB of archives.
verify	Run npx playwright install --with-deps chromium firefox webkit	2026-10-09T12:03:05.4860417Z After this operation, 364 MB of additional disk space will be used.
verify	Run npx playwright install --with-deps chromium firefox webkit	2026-10-09T12:03:05.4861672Z Get:1 file:/etc/apt/apt-mirrors.txt Mirrorlist [144 B]
verify	Run npx playwright install --with-deps chromium firefox webkit	2026-10-09T12:03:05.6733165Z Get:2 http://azure.archive.ubuntu.com/ubuntu noble/universe amd64 fonts-ipafont-gothic all 00303-21ubuntu1 [3513 kB]
verify	Run npx playwright install --with-deps chromium firefox webkit	2026-10-09T12:03:07.2038926Z Get:3 http://azure.archive.ubuntu.com/ubuntu noble-updates/main amd64 libxml2-dev amd64 2.9.14+dfsg-1.3ubuntu3.10 [781 kB]
verify	Run npx playwright install --with-deps chromium firefox webkit	2026-10-09T12:03:07.5507174Z Get:4 http://azure.archive.ubuntu.com/ubuntu noble-updates/main amd64 libxml2 amd64 2.9.14+dfsg-1.3ubuntu3.10 [764 kB]
verify	Run npx playwright install --with-deps chromium firefox webkit	2026-10-09T12:03:07.9480862Z Get:5 http://azure.archive.ubuntu.com/ubuntu noble-updates/main amd64 libpng16-16t64 amd64 1.6.43-5ubuntu0.7 [189 kB]
verify	Run npx playwright install --with-deps chromium firefox webkit	2026-10-09T12:03:08.0724061Z Get:6 http://azure.archive.ubuntu.com/ubuntu noble/main amd64 fonts-freefont-ttf all 20211204+svn4273-2 [5641 kB]
verify	Run npx playwright install --with-deps chromium firefox webkit	2026-10-09T12:03:10.5444503Z Get:7 http://azure.archive.ubuntu.com/ubuntu noble/universe amd64 fonts-tlwg-loma-otf all 1:0.7.3-1 [107 kB]
verify	Run npx playwright install --with-deps chromium firefox webkit	2026-10-09T12:03:10.6382066Z Get:8 http://azure.archive.ubuntu.com/ubuntu noble/universe amd64 fonts-unifont all 1:15.1.01-1build1 [2993 kB]
verify	Run npx playwright install --with-deps chromium firefox webkit	2026-10-09T12:03:12.0497818Z Get:9 http://azure.archive.ubuntu.com/ubuntu noble/universe amd64 fonts-wqy-zenhei all 0.9.45-8 [7472 kB]
verify	Run npx playwright install --with-deps chromium firefox webkit	2026-10-09T12:03:15.2835515Z Get:10 http://azure.archive.ubuntu.com/ubuntu noble/main amd64 libproxy1v5 amd64 0.5.4-4build1 [26.5 kB]
verify	Run npx playwright install --with-deps chromium firefox webkit	2026-10-09T12:03:15.3514057Z Get:11 http://azure.archive.ubuntu.com/ubuntu noble/main amd64 glib-networking-common all 2.80.0-1build1 [6702 B]
verify	Run npx playwright install --with-deps chromium firefox webkit	2026-10-09T12:03:15.4074048Z Get:12 http://azure.archive.ubuntu.com/ubuntu noble/main amd64 glib-networking-services amd64 2.80.0-1build1 [12.8 kB]
verify	Run npx playwright install --with-deps chromium firefox webkit	2026-10-09T12:03:15.4636886Z Get:13 http://azure.archive.ubuntu.com/ubuntu noble/main amd64 session-migration amd64 0.3.9build1 [9034 B]
verify	Run npx playwright install --with-deps chromium firefox webkit	2026-10-09T12:03:15.5224368Z Get:14 http://azure.archive.ubuntu.com/ubuntu noble-updates/main amd64 gsettings-desktop-schemas all 46.1-0ubuntu1 [35.6 kB]
verify	Run npx playwright install --with-deps chromium firefox webkit	2026-10-09T12:03:15.5891076Z Get:15 http://azure.archive.ubuntu.com/ubuntu noble/main amd64 glib-networking amd64 2.80.0-1build1 [64.1 kB]
verify	Run npx playwright install --with-deps chromium firefox webkit	2026-10-09T12:03:15.6668078Z Get:16 http://azure.archive.ubuntu.com/ubuntu noble-updates/universe amd64 libva2 amd64 2.20.0-2ubuntu0.2 [66.4 kB]
verify	Run npx playwright install --with-deps chromium firefox webkit	2026-10-09T12:03:15.7495062Z Get:17 http://azure.archive.ubuntu.com/ubuntu noble-updates/universe amd64 libva-drm2 amd64 2.20.0-2ubuntu0.2 [7124 B]
verify	Run npx playwright install --with-deps chromium firefox webkit	2026-10-09T12:03:15.8029060Z Get:18 http://azure.archive.ubuntu.com/ubuntu noble-updates/universe amd64 libva-x11-2 amd64 2.20.0-2ubuntu0.2 [12.0 kB]
verify	Run npx playwright install --with-deps chromium firefox webkit	2026-10-09T12:03:15.8592970Z Get:19 http://azure.archive.ubuntu.com/ubuntu noble/main amd64 libvdpau1 amd64 1.5-2build1 [27.8 kB]
verify	Run npx playwright install --with-deps chromium firefox webkit	2026-10-09T12:03:15.9273001Z Get:20 http://azure.archive.ubuntu.com/ubuntu noble/universe amd64 libvpl2 amd64 2023.3.0-1build1 [99.8 kB]
verify	Run npx playwright install --with-deps chromium firefox webkit	2026-10-09T12:03:16.0278026Z Get:21 http://azure.archive.ubuntu.com/ubuntu noble/universe amd64 ocl-icd-libopencl1 amd64 2.3.2-1build1 [38.5 kB]
verify	Run npx playwright install --with-deps chromium firefox webkit	2026-10-09T12:03:16.0939584Z Get:22 http://azure.archive.ubuntu.com/ubuntu noble/universe amd64 libavutil58 amd64 7:6.1.1-3ubuntu5 [401 kB]
verify	Run npx playwright install --with-deps chromium firefox webkit	2026-10-09T12:03:16.2894700Z Get:23 http://azure.archive.ubuntu.com/ubuntu noble/universe amd64 libcodec2-1.2 amd64 1.2.0-2build1 [8998 kB]
verify	Run npx playwright install --with-deps chromium firefox webkit	2026-10-09T12:03:19.8820881Z Get:24 http://azure.archive.ubuntu.com/ubuntu noble/universe amd64 libdav1d7 amd64 1.4.1-1build1 [604 kB]
verify	Run npx playwright install --with-deps chromium firefox webkit	2026-10-09T12:03:20.1510860Z Get:25 http://azure.archive.ubuntu.com/ubuntu noble/universe amd64 libgsm1 amd64 1.0.22-1build1 [27.8 kB]
verify	Run npx playwright install --with-deps chromium firefox webkit	2026-10-09T12:03:20.2141248Z Get:26 http://azure.archive.ubuntu.com/ubuntu noble/universe amd64 libhwy1t64 amd64 1.0.7-8.1build1 [584 kB]
verify	Run npx playwright install --with-deps chromium firefox webkit	2026-10-09T12:03:20.4576167Z Get:27 http://azure.archive.ubuntu.com/ubuntu noble-updates/universe amd64 libjxl0.7 amd64 0.7.0-10.2ubuntu6.1 [1001 kB]
verify	Run npx playwright install --with-deps chromium firefox webkit	2026-10-09T12:03:20.9248340Z Get:28 http://azure.archive.ubuntu.com/ubuntu noble/main amd64 libmp3lame0 amd64 3.100-6build1 [142 kB]
verify	Run npx playwright install --with-deps chromium firefox webkit	2026-10-09T12:03:21.0432355Z Get:29 http://azure.archive.ubuntu.com/ubuntu noble/main amd64 libopus0 amd64 1.4-1build1 [208 kB]
verify	Run npx playwright install --with-deps chromium firefox webkit	2026-10-09T12:03:21.1671163Z Get:30 http://azure.archive.ubuntu.com/ubuntu noble/universe amd64 librav1e0 amd64 0.7.1-2 [1022 kB]
verify	Run npx playwright install --with-deps chromium firefox webkit	2026-10-09T12:03:21.5573400Z Get:31 http://azure.archive.ubuntu.com/ubuntu noble-updates/main amd64 librsvg2-2 amd64 2.58.0+dfsg-1ubuntu0.1 [2141 kB]
verify	Run npx playwright install --with-deps chromium firefox webkit	2026-10-09T12:03:22.4137371Z Get:32 http://azure.archive.ubuntu.com/ubuntu noble/universe amd64 libshine3 amd64 3.1.1-2build1 [23.2 kB]
verify	Run npx playwright install --with-deps chromium firefox webkit	2026-10-09T12:03:22.4780053Z Get:33 http://azure.archive.ubuntu.com/ubuntu noble-updates/main amd64 libspeex1 amd64 1.2.1-2ubuntu2.24.04.1 [59.6 kB]
verify	Run npx playwright install --with-deps chromium firefox webkit	2026-10-09T12:03:22.5560058Z Get:34 http://azure.archive.ubuntu.com/ubuntu noble/universe amd64 libsvtav1enc1d1 amd64 1.7.0+dfsg-2build1 [2425 kB]
verify	Run npx playwright install --with-deps chromium firefox webkit	2026-10-09T12:03:23.4864198Z Get:35 http://azure.archive.ubuntu.com/ubuntu noble/universe amd64 libsoxr0 amd64 0.1.3-4build3 [80.0 kB]
verify	Run npx playwright install --with-deps chromium firefox webkit	2026-10-09T12:03:23.5597107Z Get:36 http://azure.archive.ubuntu.com/ubuntu noble/universe amd64 libswresample4 amd64 7:6.1.1-3ubuntu5 [63.8 kB]
verify	Run npx playwright install --with-deps chromium firefox webkit	2026-10-09T12:03:23.6284279Z Get:37 http://azure.archive.ubuntu.com/ubuntu noble/main amd64 libtheora0 amd64 1.1.1+dfsg.1-16.1build3 [211 kB]
verify	Run npx playwright install --with-deps chromium firefox webkit	2026-10-09T12:03:23.7419738Z Get:38 http://azure.archive.ubuntu.com/ubuntu noble/main amd64 libtwolame0 amd64 0.4.0-2build3 [52.3 kB]
verify	Run npx playwright install --with-deps chromium firefox webkit	2026-10-09T12:03:23.8091675Z Get:39 http://azure.archive.ubuntu.com/ubuntu noble/main amd64 libvorbisenc2 amd64 1.3.7-1build3 [80.8 kB]
verify	Run npx playwright install --with-deps chromium firefox webkit	2026-10-09T12:03:23.8878080Z Get:40 http://azure.archive.ubuntu.com/ubuntu noble-updates/main amd64 libvpx9 amd64 1.14.0-1ubuntu2.3 [1143 kB]
verify	Run npx playwright install --with-deps chromium firefox webkit	2026-10-09T12:03:24.3257819Z Get:41 http://azure.archive.ubuntu.com/ubuntu noble/universe amd64 libx264-164 amd64 2:0.164.3108+git31e19f9-1 [604 kB]
verify	Run npx playwright install --with-deps chromium firefox webkit	2026-10-09T12:03:24.5729275Z Get:42 http://azure.archive.ubuntu.com/ubuntu noble/universe amd64 libx265-199 amd64 3.5-2build1 [1226 kB]
verify	Run npx playwright install --with-deps chromium firefox webkit	2026-10-09T12:03:25.0718063Z Get:43 http://azure.archive.ubuntu.com/ubuntu noble/universe amd64 libxvidcore4 amd64 2:1.3.7-1build1 [219 kB]
verify	Run npx playwright install --with-deps chromium firefox webkit	2026-10-09T12:03:25.1974724Z Get:44 http://azure.archive.ubuntu.com/ubuntu noble/universe amd64 libzvbi-common all 0.2.42-2 [42.4 kB]
verify	Run npx playwright install --with-deps chromium firefox webkit	2026-10-09T12:03:25.2633161Z Get:45 http://azure.archive.ubuntu.com/ubuntu noble/universe amd64 libzvbi0t64 amd64 0.2.42-2 [261 kB]
verify	Run npx playwright install --with-deps chromium firefox webkit	2026-10-09T12:03:25.3941959Z Get:46 http://azure.archive.ubuntu.com/ubuntu noble/universe amd64 libavcodec60 amd64 7:6.1.1-3ubuntu5 [5851 kB]
verify	Run npx playwright install --with-deps chromium firefox webkit	2026-10-09T12:03:27.1034740Z Get:47 http://azure.archive.ubuntu.com/ubuntu noble-updates/main amd64 libfreetype6 amd64 2.13.2+dfsg-1ubuntu0.2 [403 kB]
verify	Run npx playwright install --with-deps chromium firefox webkit	2026-10-09T12:03:27.2502690Z Get:48 http://azure.archive.ubuntu.com/ubuntu noble/universe amd64 libunibreak5 amd64 5.1-2build1 [25.0 kB]
verify	Run npx playwright install --with-deps chromium firefox webkit	2026-10-09T12:03:27.3051003Z Get:49 http://azure.archive.ubuntu.com/ubuntu noble/universe amd64 libass9 amd64 1:0.17.1-2build1 [104 kB]
verify	Run npx playwright install --with-deps chromium firefox webkit	2026-10-09T12:03:27.3875315Z Get:50 http://azure.archive.ubuntu.com/ubuntu noble/universe amd64 libudfread0 amd64 1.1.2-1build1 [19.0 kB]
verify	Run npx playwright install --with-deps chromium firefox webkit	2026-10-09T12:03:27.4432581Z Get:51 http://azure.archive.ubuntu.com/ubuntu noble/universe amd64 libbluray2 amd64 1:1.3.4-1build1 [159 kB]
verify	Run npx playwright install --with-deps chromium firefox webkit	2026-10-09T12:03:27.5403712Z Get:52 http://azure.archive.ubuntu.com/ubuntu noble/universe amd64 libchromaprint1 amd64 1.5.1-5 [30.5 kB]
verify	Run npx playwright install --with-deps chromium firefox webkit	2026-10-09T12:03:27.5974686Z Get:53 http://azure.archive.ubuntu.com/ubuntu noble/universe amd64 libgme0 amd64 0.6.3-7build1 [134 kB]
verify	Run npx playwright install --with-deps chromium firefox webkit	2026-10-09T12:03:27.6851729Z Get:54 http://azure.archive.ubuntu.com/ubuntu noble-updates/main amd64 libmpg123-0t64 amd64 1.32.5-1ubuntu1.1 [169 kB]
verify	Run npx playwright install --with-deps chromium firefox webkit	2026-10-09T12:03:27.7821943Z Get:55 http://azure.archive.ubuntu.com/ubuntu noble/universe amd64 libopenmpt0t64 amd64 0.7.3-1.1build3 [647 kB]
verify	Run npx playwright install --with-deps chromium firefox webkit	2026-10-09T12:03:28.0123090Z Get:56 http://azure.archive.ubuntu.com/ubuntu noble/universe amd64 libcjson1 amd64 1.7.17-1 [24.8 kB]
verify	Run npx playwright install --with-deps chromium firefox webkit	2026-10-09T12:03:28.0720717Z Get:57 http://azure.archive.ubuntu.com/ubuntu noble/universe amd64 libmbedcrypto7t64 amd64 2.28.8-1 [209 kB]
verify	Run npx playwright install --with-deps chromium firefox webkit	2026-10-09T12:03:28.1702790Z Get:58 http://azure.archive.ubuntu.com/ubuntu noble/universe amd64 librist4 amd64 0.2.10+dfsg-2 [74.9 kB]
verify	Run npx playwright install --with-deps chromium firefox webkit	2026-10-09T12:03:28.2346712Z Get:59 http://azure.archive.ubuntu.com/ubuntu noble/universe amd64 libsrt1.5-gnutls amd64 1.5.3-1build2 [316 kB]
verify	Run npx playwright install --with-deps chromium firefox webkit	2026-10-09T12:03:28.3786883Z Get:60 http://azure.archive.ubuntu.com/ubuntu noble-updates/main amd64 libssh-gcrypt-4 amd64 0.10.6-2ubuntu0.5 [226 kB]
verify	Run npx playwright install --with-deps chromium firefox webkit	2026-10-09T12:03:28.4983841Z Get:61 http://azure.archive.ubuntu.com/ubuntu noble/universe amd64 libavformat60 amd64 7:6.1.1-3ubuntu5 [1153 kB]
verify	Run npx playwright install --with-deps chromium firefox webkit	2026-10-09T12:03:28.8744651Z Get:62 http://azure.archive.ubuntu.com/ubuntu noble/universe amd64 libbs2b0 amd64 3.1.0+dfsg-7build1 [10.6 kB]
verify	Run npx playwright install --with-deps chromium firefox webkit	2026-10-09T12:03:28.9282054Z Get:63 http://azure.archive.ubuntu.com/ubuntu noble/universe amd64 libflite1 amd64 2.2-6build3 [13.6 MB]
verify	Run npx playwright install --with-deps chromium firefox webkit	2026-10-09T12:03:33.2057218Z Get:64 http://azure.archive.ubuntu.com/ubuntu noble/universe amd64 libserd-0-0 amd64 0.32.2-1 [43.6 kB]
verify	Run npx playwright install --with-deps chromium firefox webkit	2026-10-09T12:03:33.2736904Z Get:65 http://azure.archive.ubuntu.com/ubuntu noble/universe amd64 libzix-0-0 amd64 0.4.2-2build1 [23.6 kB]
verify	Run npx playwright install --with-deps chromium firefox webkit	2026-10-09T12:03:33.3380572Z Get:66 http://azure.archive.ubuntu.com/ubuntu noble/universe amd64 libsord-0-0 amd64 0.16.16-2build1 [15.8 kB]
verify	Run npx playwright install --with-deps chromium firefox webkit	2026-10-09T12:03:33.3933843Z Get:67 http://azure.archive.ubuntu.com/ubuntu noble/universe amd64 libsratom-0-0 amd64 0.6.16-1build1 [17.3 kB]
verify	Run npx playwright install --with-deps chromium firefox webkit	2026-10-09T12:03:33.4503920Z Get:68 http://azure.archive.ubuntu.com/ubuntu noble/universe amd64 liblilv-0-0 amd64 0.24.22-1build1 [41.0 kB]
verify	Run npx playwright install --with-deps chromium firefox webkit	2026-10-09T12:03:33.5165585Z Get:69 http://azure.archive.ubuntu.com/ubuntu noble/universe amd64 libmysofa1 amd64 1.3.2+dfsg-2ubuntu2 [1158 kB]
verify	Run npx playwright install --with-deps chromium firefox webkit	2026-10-09T12:03:33.8503188Z Get:70 http://azure.archive.ubuntu.com/ubuntu noble/universe amd64 libplacebo338 amd64 6.338.2-2build1 [2654 kB]
verify	Run npx playwright install --with-deps chromium firefox webkit	2026-10-09T12:03:34.4964949Z Get:71 http://azure.archive.ubuntu.com/ubuntu noble-updates/main amd64 libblas3 amd64 3.12.0-3build1.1 [238 kB]
verify	Run npx playwright install --with-deps chromium firefox webkit	2026-10-09T12:03:34.6255311Z Get:72 http://azure.archive.ubuntu.com/ubuntu noble-updates/main amd64 liblapack3 amd64 3.12.0-3build1.1 [2646 kB]
verify	Run npx playwright install --with-deps chromium firefox webkit	2026-10-09T12:03:35.5699444Z Get:73 http://azure.archive.ubuntu.com/ubuntu noble/main amd64 libasyncns0 amd64 0.8-6build4 [11.3 kB]
verify	Run npx playwright install --with-deps chromium firefox webkit	2026-10-09T12:03:35.6259524Z Get:74 http://azure.archive.ubuntu.com/ubuntu noble/main amd64 libflac12t64 amd64 1.4.3+ds-2.1ubuntu2 [197 kB]
verify	Run npx playwright install --with-deps chromium firefox webkit	2026-10-09T12:03:35.7413532Z Get:75 http://azure.archive.ubuntu.com/ubuntu noble-updates/main amd64 libsndfile1 amd64 1.2.2-1ubuntu5.24.04.1 [209 kB]
verify	Run npx playwright install --with-deps chromium firefox webkit	2026-10-09T12:03:35.8619929Z Get:76 http://azure.archive.ubuntu.com/ubuntu noble-updates/main amd64 libpulse0 amd64 1:16.1+dfsg1-2ubuntu10.1 [292 kB]
verify	Run npx playwright install --with-deps chromium firefox webkit	2026-10-09T12:03:36.0043777Z Get:77 http://azure.archive.ubuntu.com/ubuntu noble/universe amd64 libsphinxbase3t64 amd64 0.8+5prealpha+1-17build2 [126 kB]
verify	Run npx playwright install --with-deps chromium firefox webkit	2026-10-09T12:03:36.1004737Z Get:78 http://azure.archive.ubuntu.com/ubuntu noble/universe amd64 libpocketsphinx3 amd64 0.8.0+real5prealpha+1-15ubuntu5 [133 kB]
verify	Run npx playwright install --with-deps chromium firefox webkit	2026-10-09T12:03:36.1933326Z Get:79 http://azure.archive.ubuntu.com/ubuntu noble/universe amd64 libpostproc57 amd64 7:6.1.1-3ubuntu5 [49.9 kB]
verify	Run npx playwright install --with-deps chromium firefox webkit	2026-10-09T12:03:36.2573197Z Get:80 http://azure.archive.ubuntu.com/ubuntu noble/main amd64 libsamplerate0 amd64 0.2.2-4build1 [1344 kB]
verify	Run npx playwright install --with-deps chromium firefox webkit	2026-10-09T12:03:36.6530610Z Get:81 http://azure.archive.ubuntu.com/ubuntu noble/universe amd64 librubberband2 amd64 3.3.0+dfsg-2build1 [130 kB]
verify	Run npx playwright install --with-deps chromium firefox webkit	2026-10-09T12:03:36.7395396Z Get:82 http://azure.archive.ubuntu.com/ubuntu noble/universe amd64 libswscale7 amd64 7:6.1.1-3ubuntu5 [193 kB]
verify	Run npx playwright install --with-deps chromium firefox webkit	2026-10-09T12:03:36.8393961Z Get:83 http://azure.archive.ubuntu.com/ubuntu noble/universe amd64 libvidstab1.1 amd64 1.1.0-2build1 [38.5 kB]
verify	Run npx playwright install --with-deps chromium firefox webkit	2026-10-09T12:03:36.9023797Z Get:84 http://azure.archive.ubuntu.com/ubuntu noble/universe amd64 libzimg2 amd64 3.0.5+ds1-1build1 [254 kB]
verify	Run npx playwright install --with-deps chromium firefox webkit	2026-10-09T12:03:37.0248238Z Get:85 http://azure.archive.ubuntu.com/ubuntu noble/universe amd64 libavfilter9 amd64 7:6.1.1-3ubuntu5 [4235 kB]
verify	Run npx playwright install --with-deps chromium firefox webkit	2026-10-09T12:03:38.1890685Z Get:86 http://azure.archive.ubuntu.com/ubuntu noble-updates/main amd64 liborc-0.4-0t64 amd64 1:0.4.38-1ubuntu0.1 [207 kB]
verify	Run npx playwright install --with-deps chromium firefox webkit	2026-10-09T12:03:38.2885065Z Get:87 http://azure.archive.ubuntu.com/ubuntu noble-updates/main amd64 libgstreamer-plugins-base1.0-0 amd64 1.24.2-1ubuntu0.5 [862 kB]
verify	Run npx playwright install --with-deps chromium firefox webkit	2026-10-09T12:03:38.5770298Z Get:88 http://azure.archive.ubuntu.com/ubuntu noble/universe amd64 gstreamer1.0-libav amd64 1.24.1-1build1 [103 kB]
verify	Run npx playwright install --with-deps chromium firefox webkit	2026-10-09T12:03:38.6553330Z Get:89 http://azure.archive.ubuntu.com/ubuntu noble/main amd64 libcdparanoia0 amd64 3.10.2+debian-14build3 [48.5 kB]
verify	Run npx playwright install --with-deps chromium firefox webkit	2026-10-09T12:03:38.7158927Z Get:90 http://azure.archive.ubuntu.com/ubuntu noble/main amd64 libvisual-0.4-0 amd64 0.4.2-2build1 [115 kB]
verify	Run npx playwright install --with-deps chromium firefox webkit	2026-10-09T12:03:38.7932973Z Get:91 http://azure.archive.ubuntu.com/ubuntu noble-updates/main amd64 gstreamer1.0-plugins-base amd64 1.24.2-1ubuntu0.5 [721 kB]
verify	Run npx playwright install --with-deps chromium firefox webkit	2026-10-09T12:03:39.0079752Z Get:92 http://azure.archive.ubuntu.com/ubuntu noble/main amd64 libaa1 amd64 1.4p5-51.1 [49.9 kB]
verify	Run npx playwright install --with-deps chromium firefox webkit	2026-10-09T12:03:39.0670225Z Get:93 http://azure.archive.ubuntu.com/ubuntu noble/main amd64 libraw1394-11 amd64 2.1.2-2build3 [26.2 kB]
verify	Run npx playwright install --with-deps chromium firefox webkit	2026-10-09T12:03:39.1241193Z Get:94 http://azure.archive.ubuntu.com/ubuntu noble/main amd64 libavc1394-0 amd64 0.5.4-5build3 [15.4 kB]
verify	Run npx playwright install --with-deps chromium firefox webkit	2026-10-09T12:03:39.1819707Z Get:95 http://azure.archive.ubuntu.com/ubuntu noble-updates/main amd64 libcaca0 amd64 0.99.beta20-4ubuntu0.2 [209 kB]
verify	Run npx playwright install --with-deps chromium firefox webkit	2026-10-09T12:03:39.2860637Z Get:96 http://azure.archive.ubuntu.com/ubuntu noble/main amd64 libdv4t64 amd64 1.0.0-17.1build1 [63.2 kB]
verify	Run npx playwright install --with-deps chromium firefox webkit	2026-10-09T12:03:39.3558952Z Get:97 http://azure.archive.ubuntu.com/ubuntu noble-updates/main amd64 libgstreamer-plugins-good1.0-0 amd64 1.24.2-1ubuntu1.8 [34.3 kB]
verify	Run npx playwright install --with-deps chromium firefox webkit	2026-10-09T12:03:39.4199552Z Get:98 http://azure.archive.ubuntu.com/ubuntu noble/main amd64 libiec61883-0 amd64 1.2.0-6build1 [24.5 kB]
verify	Run npx playwright install --with-deps chromium firefox webkit	2026-10-09T12:03:39.4783222Z Get:99 http://azure.archive.ubuntu.com/ubuntu noble/main amd64 libshout3 amd64 2.4.6-1build2 [50.3 kB]
verify	Run npx playwright install --with-deps chromium firefox webkit	2026-10-09T12:03:39.5423411Z Get:100 http://azure.archive.ubuntu.com/ubuntu noble/main amd64 libtag1v5-vanilla amd64 1.13.1-1build1 [326 kB]
verify	Run npx playwright install --with-deps chromium firefox webkit	2026-10-09T12:03:39.6714821Z Get:101 http://azure.archive.ubuntu.com/ubuntu noble/main amd64 libtag1v5 amd64 1.13.1-1build1 [11.7 kB]
verify	Run npx playwright install --with-deps chromium firefox webkit	2026-10-09T12:03:39.7259634Z Get:102 http://azure.archive.ubuntu.com/ubuntu noble/main amd64 libv4lconvert0t64 amd64 1.26.1-4build3 [87.6 kB]
verify	Run npx playwright install --with-deps chromium firefox webkit	2026-10-09T12:03:39.8135905Z Get:103 http://azure.archive.ubuntu.com/ubuntu noble/main amd64 libv4l-0t64 amd64 1.26.1-4build3 [46.9 kB]
verify	Run npx playwright install --with-deps chromium firefox webkit	2026-10-09T12:03:39.8623977Z Get:104 http://azure.archive.ubuntu.com/ubuntu noble/main amd64 libwavpack1 amd64 5.6.0-1build1 [84.6 kB]
verify	Run npx playwright install --with-deps chromium firefox webkit	2026-10-09T12:03:39.9103731Z Get:105 http://azure.archive.ubuntu.com/ubuntu noble-updates/main amd64 libsoup-3.0-common all 3.4.4-5ubuntu0.9 [12.3 kB]
verify	Run npx playwright install --with-deps chromium firefox webkit	2026-10-09T12:03:39.9573610Z Get:106 http://azure.archive.ubuntu.com/ubuntu noble-updates/main amd64 libsoup-3.0-0 amd64 3.4.4-5ubuntu0.9 [291 kB]
verify	Run npx playwright install --with-deps chromium firefox webkit	2026-10-09T12:03:40.0064093Z Get:107 http://azure.archive.ubuntu.com/ubuntu noble-updates/main amd64 gstreamer1.0-plugins-good amd64 1.24.2-1ubuntu1.8 [2236 kB]
verify	Run npx playwright install --with-deps chromium firefox webkit	2026-10-09T12:03:40.0686139Z Get:108 http://azure.archive.ubuntu.com/ubuntu noble-updates/main amd64 libabsl20220623t64 amd64 20220623.1-3.1ubuntu3.2 [423 kB]
verify	Run npx playwright install --with-deps chromium firefox webkit	2026-10-09T12:03:40.1216019Z Get:109 http://azure.archive.ubuntu.com/ubuntu noble/universe amd64 libgav1-1 amd64 0.18.0-1build3 [357 kB]
verify	Run npx playwright install --with-deps chromium firefox webkit	2026-10-09T12:03:40.1717480Z Get:110 http://azure.archive.ubuntu.com/ubuntu noble/universe amd64 libyuv0 amd64 0.0~git202401110.af6ac82-1 [178 kB]
verify	Run npx playwright install --with-deps chromium firefox webkit	2026-10-09T12:03:40.2200213Z Get:111 http://azure.archive.ubuntu.com/ubuntu noble/universe amd64 libavif16 amd64 1.0.4-1ubuntu3 [91.2 kB]
verify	Run npx playwright install --with-deps chromium firefox webkit	2026-10-09T12:03:40.2675219Z Get:112 http://azure.archive.ubuntu.com/ubuntu noble/universe amd64 libavtp0 amd64 0.2.0-1build1 [6414 B]
verify	Run npx playwright install --with-deps chromium firefox webkit	2026-10-09T12:03:40.3146798Z Get:113 http://azure.archive.ubuntu.com/ubuntu noble/main amd64 libcairo-script-interpreter2 amd64 1.18.0-3build1 [60.3 kB]
verify	Run npx playwright install --with-deps chromium firefox webkit	2026-10-09T12:03:40.3621276Z Get:114 http://azure.archive.ubuntu.com/ubuntu noble/universe amd64 libdc1394-25 amd64 2.2.6-4build1 [90.1 kB]
verify	Run npx playwright install --with-deps chromium firefox webkit	2026-10-09T12:03:40.4094246Z Get:115 http://azure.archive.ubuntu.com/ubuntu noble-updates/main amd64 libde265-0 amd64 1.0.15-1ubuntu0.2 [167 kB]
verify	Run npx playwright install --with-deps chromium firefox webkit	2026-10-09T12:03:40.4588015Z Get:116 http://azure.archive.ubuntu.com/ubuntu noble/main amd64 libdecor-0-0 amd64 0.2.2-1build2 [16.5 kB]
verify	Run npx playwright install --with-deps chromium firefox webkit	2026-10-09T12:03:40.5060941Z Get:117 http://azure.archive.ubuntu.com/ubuntu noble/main amd64 libgles2 amd64 1.7.0-1build1 [17.1 kB]
verify	Run npx playwright install --with-deps chromium firefox webkit	2026-10-09T12:03:40.5532083Z Get:118 http://azure.archive.ubuntu.com/ubuntu noble/universe amd64 libdirectfb-1.7-7t64 amd64 1.7.7-11.1ubuntu2 [1035 kB]
verify	Run npx playwright install --with-deps chromium firefox webkit	2026-10-09T12:03:40.6124988Z Get:119 http://azure.archive.ubuntu.com/ubuntu noble/universe amd64 libdvdread8t64 amd64 6.1.3-1.1build1 [54.7 kB]
verify	Run npx playwright install --with-deps chromium firefox webkit	2026-10-09T12:03:40.6598203Z Get:120 http://azure.archive.ubuntu.com/ubuntu noble/universe amd64 libdvdnav4 amd64 6.1.1-3build1 [39.5 kB]
verify	Run npx playwright install --with-deps chromium firefox webkit	2026-10-09T12:03:40.7073424Z Get:121 http://azure.archive.ubuntu.com/ubuntu noble-updates/main amd64 libegl-mesa0 amd64 25.2.8-0ubuntu0.24.04.4 [117 kB]
verify	Run npx playwright install --with-deps chromium firefox webkit	2026-10-09T12:03:40.7565208Z Get:122 http://azure.archive.ubuntu.com/ubuntu noble-updates/main amd64 libevent-2.1-7t64 amd64 2.1.12-stable-9ubuntu2.2 [146 kB]
verify	Run npx playwright install --with-deps chromium firefox webkit	2026-10-09T12:03:40.8051054Z Get:123 http://azure.archive.ubuntu.com/ubuntu noble/universe amd64 libfaad2 amd64 2.11.1-1build1 [207 kB]
verify	Run npx playwright install --with-deps chromium firefox webkit	2026-10-09T12:03:40.8581217Z Get:124 http://azure.archive.ubuntu.com/ubuntu noble/universe amd64 libinstpatch-1.0-2 amd64 1.1.6-1build2 [251 kB]
verify	Run npx playwright install --with-deps chromium firefox webkit	2026-10-09T12:03:40.9074445Z Get:125 http://azure.archive.ubuntu.com/ubuntu noble/main amd64 libjack-jackd2-0 amd64 1.9.21~dfsg-3ubuntu3 [289 kB]
verify	Run npx playwright install --with-deps chromium firefox webkit	2026-10-09T12:03:40.9573135Z Get:126 http://azure.archive.ubuntu.com/ubuntu noble/main amd64 libwebrtc-audio-processing1 amd64 0.3.1-0ubuntu6 [290 kB]
verify	Run npx playwright install --with-deps chromium firefox webkit	2026-10-09T12:03:41.0087163Z Get:127 http://azure.archive.ubuntu.com/ubuntu noble-updates/main amd64 libspa-0.2-modules amd64 1.0.5-1ubuntu3.3 [628 kB]
verify	Run npx playwright install --with-deps chromium firefox webkit	2026-10-09T12:03:41.0653447Z Get:128 http://azure.archive.ubuntu.com/ubuntu noble-updates/main amd64 libpipewire-0.3-0t64 amd64 1.0.5-1ubuntu3.3 [252 kB]
verify	Run npx playwright install --with-deps chromium firefox webkit	2026-10-09T12:03:41.1174996Z Get:129 http://azure.archive.ubuntu.com/ubuntu noble-updates/main amd64 libsdl2-2.0-0 amd64 2.30.0+dfsg-1ubuntu3.1 [686 kB]
verify	Run npx playwright install --with-deps chromium firefox webkit	2026-10-09T12:03:41.1772933Z Get:130 http://azure.archive.ubuntu.com/ubuntu noble/universe amd64 timgm6mb-soundfont all 1.3-5 [5427 kB]
verify	Run npx playwright install --with-deps chromium firefox webkit	2026-10-09T12:03:41.3213941Z Get:131 http://azure.archive.ubuntu.com/ubuntu noble/universe amd64 libfluidsynth3 amd64 2.3.4-1build3 [249 kB]
verify	Run npx playwright install --with-deps chromium firefox webkit	2026-10-09T12:03:41.3703174Z Get:132 http://azure.archive.ubuntu.com/ubuntu noble/main amd64 libfreeaptx0 amd64 0.1.1-2build1 [13.5 kB]
verify	Run npx playwright install --with-deps chromium firefox webkit	2026-10-09T12:03:41.4173981Z Get:133 http://azure.archive.ubuntu.com/ubuntu noble/main amd64 libgraphene-1.0-0 amd64 1.10.8-3build2 [46.2 kB]
verify	Run npx playwright install --with-deps chromium firefox webkit	2026-10-09T12:03:41.4644096Z Get:134 http://azure.archive.ubuntu.com/ubuntu noble/main amd64 libgssdp-1.6-0 amd64 1.6.3-1build3 [40.4 kB]
verify	Run npx playwright install --with-deps chromium firefox webkit	2026-10-09T12:03:41.5116458Z Get:135 http://azure.archive.ubuntu.com/ubuntu noble/main amd64 libegl1 amd64 1.7.0-1build1 [28.7 kB]
verify	Run npx playwright install --with-deps chromium firefox webkit	2026-10-09T12:03:41.5594223Z Get:136 http://azure.archive.ubuntu.com/ubuntu noble-updates/main amd64 libgstreamer-gl1.0-0 amd64 1.24.2-1ubuntu0.5 [214 kB]
verify	Run npx playwright install --with-deps chromium firefox webkit	2026-10-09T12:03:41.6079099Z Get:137 http://azure.archive.ubuntu.com/ubuntu noble-updates/main amd64 libgtk-4-common all 4.14.5+ds-0ubuntu0.10 [1497 kB]
verify	Run npx playwright install --with-deps chromium firefox webkit	2026-10-09T12:03:41.6670844Z Get:138 http://azure.archive.ubuntu.com/ubuntu noble-updates/main amd64 libgtk-4-1 amd64 4.14.5+ds-0ubuntu0.10 [3295 kB]
verify	Run npx playwright install --with-deps chromium firefox webkit	2026-10-09T12:03:41.7702537Z Get:139 http://azure.archive.ubuntu.com/ubuntu noble/main amd64 libgupnp-1.6-0 amd64 1.6.6-1build3 [92.7 kB]
verify	Run npx playwright install --with-deps chromium firefox webkit	2026-10-09T12:03:41.8184475Z Get:140 http://azure.archive.ubuntu.com/ubuntu noble/universe amd64 libgupnp-igd-1.6-0 amd64 1.6.0-3build3 [16.5 kB]
verify	Run npx playwright install --with-deps chromium firefox webkit	2026-10-09T12:03:41.8660606Z Get:141 http://azure.archive.ubuntu.com/ubuntu noble/main amd64 libharfbuzz-icu0 amd64 8.3.0-2build2 [13.3 kB]
verify	Run npx playwright install --with-deps chromium firefox webkit	2026-10-09T12:03:41.9132726Z Get:142 http://azure.archive.ubuntu.com/ubuntu noble/main amd64 libhyphen0 amd64 2.8.8-7build3 [26.5 kB]
verify	Run npx playwright install --with-deps chromium firefox webkit	2026-10-09T12:03:41.9604461Z Get:143 http://azure.archive.ubuntu.com/ubuntu noble/universe amd64 libimath-3-1-29t64 amd64 3.1.9-3.1ubuntu2 [72.2 kB]
verify	Run npx playwright install --with-deps chromium firefox webkit	2026-10-09T12:03:42.0081955Z Get:144 http://azure.archive.ubuntu.com/ubuntu noble/main amd64 liblc3-1 amd64 1.0.4-3build1 [69.7 kB]
verify	Run npx playwright install --with-deps chromium firefox webkit	2026-10-09T12:03:42.0554008Z Get:145 http://azure.archive.ubuntu.com/ubuntu noble/main amd64 libldacbt-enc2 amd64 2.0.2.3+git20200429+ed310a0-4ubuntu2 [27.1 kB]
verify	Run npx playwright install --with-deps chromium firefox webkit	2026-10-09T12:03:42.1024173Z Get:146 http://azure.archive.ubuntu.com/ubuntu noble-updates/main amd64 libraptor2-0 amd64 2.0.16-3ubuntu0.1 [165 kB]
verify	Run npx playwright install --with-deps chromium firefox webkit	2026-10-09T12:03:42.1499946Z Get:147 http://azure.archive.ubuntu.com/ubuntu noble/universe amd64 liblrdf0 amd64 0.6.1-4build1 [18.5 kB]
verify	Run npx playwright install --with-deps chromium firefox webkit	2026-10-09T12:03:42.1987283Z Get:148 http://azure.archive.ubuntu.com/ubuntu noble/universe amd64 libltc11 amd64 1.3.2-1build1 [13.0 kB]
verify	Run npx playwright install --with-deps chromium firefox webkit	2026-10-09T12:03:42.2455001Z Get:149 http://azure.archive.ubuntu.com/ubuntu noble/main amd64 libmanette-0.2-0 amd64 0.2.7-1build2 [30.6 kB]
verify	Run npx playwright install --with-deps chromium firefox webkit	2026-10-09T12:03:42.2925064Z Get:150 http://azure.archive.ubuntu.com/ubuntu noble/universe amd64 libmfx1 amd64 22.5.4-1 [3124 kB]
verify	Run npx playwright install --with-deps chromium firefox webkit	2026-10-09T12:03:42.3898839Z Get:151 http://azure.archive.ubuntu.com/ubuntu noble/universe amd64 libmjpegutils-2.1-0t64 amd64 1:2.1.0+debian-8.1build1 [25.5 kB]
verify	Run npx playwright install --with-deps chromium firefox webkit	2026-10-09T12:03:42.4376832Z Get:152 http://azure.archive.ubuntu.com/ubuntu noble/universe amd64 libmodplug1 amd64 1:0.8.9.0-3build1 [166 kB]
verify	Run npx playwright install --with-deps chromium firefox webkit	2026-10-09T12:03:42.4862571Z Get:153 http://azure.archive.ubuntu.com/ubuntu noble/universe amd64 libmpcdec6 amd64 2:0.1~r495-2build1 [32.7 kB]
verify	Run npx playwright install --with-deps chromium firefox webkit	2026-10-09T12:03:42.5333433Z Get:154 http://azure.archive.ubuntu.com/ubuntu noble/universe amd64 libmpeg2encpp-2.1-0t64 amd64 1:2.1.0+debian-8.1build1 [75.6 kB]
verify	Run npx playwright install --with-deps chromium firefox webkit	2026-10-09T12:03:42.5803834Z Get:155 http://azure.archive.ubuntu.com/ubuntu noble/universe amd64 libmplex2-2.1-0t64 amd64 1:2.1.0+debian-8.1build1 [46.1 kB]
verify	Run npx playwright install --with-deps chromium firefox webkit	2026-10-09T12:03:42.6275202Z Get:156 http://azure.archive.ubuntu.com/ubuntu noble/universe amd64 libneon27t64 amd64 0.33.0-1.1build3 [102 kB]
verify	Run npx playwright install --with-deps chromium firefox webkit	2026-10-09T12:03:42.6753840Z Get:157 http://azure.archive.ubuntu.com/ubuntu noble/universe amd64 libnice10 amd64 0.1.21-2build3 [157 kB]
verify	Run npx playwright install --with-deps chromium firefox webkit	2026-10-09T12:03:42.7236365Z Get:158 http://azure.archive.ubuntu.com/ubuntu noble/universe amd64 libopenal-data all 1:1.23.1-4build1 [161 kB]
verify	Run npx playwright install --with-deps chromium firefox webkit	2026-10-09T12:03:42.7719439Z Get:159 http://azure.archive.ubuntu.com/ubuntu noble/universe amd64 libopenexr-3-1-30 amd64 3.1.5-5.1build3 [1004 kB]
verify	Run npx playwright install --with-deps chromium firefox webkit	2026-10-09T12:03:42.8246148Z Get:160 http://azure.archive.ubuntu.com/ubuntu noble/universe amd64 libopenh264-7 amd64 2.4.1+dfsg-1 [409 kB]
verify	Run npx playwright install --with-deps chromium firefox webkit	2026-10-09T12:03:42.8749008Z Get:161 http://azure.archive.ubuntu.com/ubuntu noble/universe amd64 libopenni2-0 amd64 2.2.0.33+dfsg-18 [370 kB]
verify	Run npx playwright install --with-deps chromium firefox webkit	2026-10-09T12:03:42.9237446Z Get:162 http://azure.archive.ubuntu.com/ubuntu noble/universe amd64 libqrencode4 amd64 4.1.1-1build2 [25.0 kB]
verify	Run npx playwright install --with-deps chromium firefox webkit	2026-10-09T12:03:42.9711891Z Get:163 http://azure.archive.ubuntu.com/ubuntu noble/main amd64 libsecret-common all 0.21.4-1build3 [4962 B]
verify	Run npx playwright install --with-deps chromium firefox webkit	2026-10-09T12:03:43.0181295Z Get:164 http://azure.archive.ubuntu.com/ubuntu noble/main amd64 libsecret-1-0 amd64 0.21.4-1build3 [116 kB]
verify	Run npx playwright install --with-deps chromium firefox webkit	2026-10-09T12:03:43.0654870Z Get:165 http://azure.archive.ubuntu.com/ubuntu noble/universe amd64 libsndio7.0 amd64 1.9.0-0.3build3 [29.6 kB]
verify	Run npx playwright install --with-deps chromium firefox webkit	2026-10-09T12:03:43.1589976Z Get:166 http://azure.archive.ubuntu.com/ubuntu noble/universe amd64 libsoundtouch1 amd64 2.3.2+ds1-1build1 [60.5 kB]
verify	Run npx playwright install --with-deps chromium firefox webkit	2026-10-09T12:03:43.3105801Z Get:167 http://azure.archive.ubuntu.com/ubuntu noble/universe amd64 libspandsp2t64 amd64 0.0.6+dfsg-2.1build1 [311 kB]
verify	Run npx playwright install --with-deps chromium firefox webkit	2026-10-09T12:03:43.4851858Z Get:168 http://azure.archive.ubuntu.com/ubuntu noble/universe amd64 libsrtp2-1 amd64 2.5.0-3build1 [41.9 kB]
verify	Run npx playwright install --with-deps chromium firefox webkit	2026-10-09T12:03:43.5348657Z Get:169 http://azure.archive.ubuntu.com/ubuntu noble/main amd64 libwayland-server0 amd64 1.22.0-2.1build1 [33.9 kB]
verify	Run npx playwright install --with-deps chromium firefox webkit	2026-10-09T12:03:43.5836135Z Get:170 http://azure.archive.ubuntu.com/ubuntu noble/universe amd64 libwildmidi2 amd64 0.4.3-1build3 [68.5 kB]
verify	Run npx playwright install --with-deps chromium firefox webkit	2026-10-09T12:03:43.6360179Z Get:171 http://azure.archive.ubuntu.com/ubuntu noble/main amd64 libwoff1 amd64 1.0.2-2build1 [45.3 kB]
verify	Run npx playwright install --with-deps chromium firefox webkit	2026-10-09T12:03:43.6856328Z Get:172 http://azure.archive.ubuntu.com/ubuntu noble/main amd64 libxcb-xkb1 amd64 1.15-1ubuntu2 [32.3 kB]
verify	Run npx playwright install --with-deps chromium firefox webkit	2026-10-09T12:03:43.7344281Z Get:173 http://azure.archive.ubuntu.com/ubuntu noble/main amd64 libxkbcommon-x11-0 amd64 1.6.0-1build1 [14.5 kB]
verify	Run npx playwright install --with-deps chromium firefox webkit	2026-10-09T12:03:43.7813616Z Get:174 http://azure.archive.ubuntu.com/ubuntu noble/universe amd64 libzbar0t64 amd64 0.23.93-4build3 [123 kB]
verify	Run npx playwright install --with-deps chromium firefox webkit	2026-10-09T12:03:43.8389845Z Get:175 http://azure.archive.ubuntu.com/ubuntu noble/universe amd64 libzxing3 amd64 2.2.1-3 [583 kB]
verify	Run npx playwright install --with-deps chromium firefox webkit	2026-10-09T12:03:43.9406435Z Get:176 http://azure.archive.ubuntu.com/ubuntu noble/main amd64 xfonts-encodings all 1:1.0.5-0ubuntu2 [578 kB]
verify	Run npx playwright install --with-deps chromium firefox webkit	2026-10-09T12:03:44.0056755Z Get:177 http://azure.archive.ubuntu.com/ubuntu noble/main amd64 xfonts-utils amd64 1:7.7+6build3 [94.4 kB]
verify	Run npx playwright install --with-deps chromium firefox webkit	2026-10-09T12:03:44.0545051Z Get:178 http://azure.archive.ubuntu.com/ubuntu noble/universe amd64 xfonts-cyrillic all 1:1.0.5+nmu1 [384 kB]
verify	Run npx playwright install --with-deps chromium firefox webkit	2026-10-09T12:03:44.1127085Z Get:179 http://azure.archive.ubuntu.com/ubuntu noble/main amd64 xfonts-scalable all 1:1.0.3-1.3 [304 kB]
verify	Run npx playwright install --with-deps chromium firefox webkit	2026-10-09T12:03:44.1684087Z Get:180 http://azure.archive.ubuntu.com/ubuntu noble/universe amd64 libgstreamer-plugins-bad1.0-0 amd64 1.24.2-1ubuntu4 [797 kB]
verify	Run npx playwright install --with-deps chromium firefox webkit	2026-10-09T12:03:44.2412011Z Get:181 http://azure.archive.ubuntu.com/ubuntu noble/universe amd64 libdca0 amd64 0.0.7-2build1 [93.8 kB]
verify	Run npx playwright install --with-deps chromium firefox webkit	2026-10-09T12:03:44.2892227Z Get:182 http://azure.archive.ubuntu.com/ubuntu noble/universe amd64 libopenal1 amd64 1:1.23.1-4build1 [540 kB]
verify	Run npx playwright install --with-deps chromium firefox webkit	2026-10-09T12:03:44.3402879Z Get:183 http://azure.archive.ubuntu.com/ubuntu noble/main amd64 libsbc1 amd64 2.0-1build1 [33.9 kB]
verify	Run npx playwright install --with-deps chromium firefox webkit	2026-10-09T12:03:44.3873040Z Get:184 http://azure.archive.ubuntu.com/ubuntu noble/universe amd64 libvo-aacenc0 amd64 0.1.3-2build1 [67.8 kB]
verify	Run npx playwright install --with-deps chromium firefox webkit	2026-10-09T12:03:44.4345940Z Get:185 http://azure.archive.ubuntu.com/ubuntu noble/universe amd64 libvo-amrwbenc0 amd64 0.1.3-2build1 [76.7 kB]
verify	Run npx playwright install --with-deps chromium firefox webkit	2026-10-09T12:03:44.4822780Z Get:186 http://azure.archive.ubuntu.com/ubuntu noble/universe amd64 gstreamer1.0-plugins-bad amd64 1.24.2-1ubuntu4 [3081 kB]
verify	Run npx playwright install --with-deps chromium firefox webkit	2026-10-09T12:03:44.9917281Z Fetched 116 MB in 39s (2978 kB/s)
verify	Run npx playwright install --with-deps chromium firefox webkit	2026-10-09T12:03:45.0247730Z Selecting previously unselected package fonts-ipafont-gothic.
verify	Run npx playwright install --with-deps chromium firefox webkit	2026-10-09T12:03:45.0609800Z (Reading database ... 
verify	Run npx playwright install --with-deps chromium firefox webkit	2026-10-09T12:03:45.0610838Z (Reading database ... 5%
verify	Run npx playwright install --with-deps chromium firefox webkit	2026-10-09T12:03:45.0611717Z (Reading database ... 10%
verify	Run npx playwright install --with-deps chromium firefox webkit	2026-10-09T12:03:45.0612239Z (Reading database ... 15%
verify	Run npx playwright install --with-deps chromium firefox webkit	2026-10-09T12:03:45.0612625Z (Reading database ... 20%
verify	Run npx playwright install --with-deps chromium firefox webkit	2026-10-09T12:03:45.0612988Z (Reading database ... 25%
verify	Run npx playwright install --with-deps chromium firefox webkit	2026-10-09T12:03:45.0613345Z (Reading database ... 30%
verify	Run npx playwright install --with-deps chromium firefox webkit	2026-10-09T12:03:45.0613883Z (Reading database ... 35%
verify	Run npx playwright install --with-deps chromium firefox webkit	2026-10-09T12:03:45.0614502Z (Reading database ... 40%
verify	Run npx playwright install --with-deps chromium firefox webkit	2026-10-09T12:03:45.0615083Z (Reading database ... 45%
verify	Run npx playwright install --with-deps chromium firefox webkit	2026-10-09T12:03:45.0615928Z (Reading database ... 50%
verify	Run npx playwright install --with-deps chromium firefox webkit	2026-10-09T12:03:45.0676657Z (Reading database ... 55%
verify	Run npx playwright install --with-deps chromium firefox webkit	2026-10-09T12:03:45.1846133Z (Reading database ... 60%
verify	Run npx playwright install --with-deps chromium firefox webkit	2026-10-09T12:03:45.3888809Z (Reading database ... 65%
verify	Run npx playwright install --with-deps chromium firefox webkit	2026-10-09T12:03:45.5751604Z (Reading database ... 70%
verify	Run npx playwright install --with-deps chromium firefox webkit	2026-10-09T12:03:45.7716308Z (Reading database ... 75%
verify	Run npx playwright install --with-deps chromium firefox webkit	2026-10-09T12:03:45.8936146Z (Reading database ... 80%
verify	Run npx playwright install --with-deps chromium firefox webkit	2026-10-09T12:03:46.0503977Z (Reading database ... 85%
verify	Run npx playwright install --with-deps chromium firefox webkit	2026-10-09T12:03:46.2303089Z (Reading database ... 90%
verify	Run npx playwright install --with-deps chromium firefox webkit	2026-10-09T12:03:46.3411125Z (Reading database ... 95%
verify	Run npx playwright install --with-deps chromium firefox webkit	2026-10-09T12:03:46.3424478Z (Reading database ... 100%
verify	Run npx playwright install --with-deps chromium firefox webkit	2026-10-09T12:03:46.3425320Z (Reading database ... 203191 files and directories currently installed.)
verify	Run npx playwright install --with-deps chromium firefox webkit	2026-10-09T12:03:46.3462971Z Preparing to unpack .../000-fonts-ipafont-gothic_00303-21ubuntu1_all.deb ...
verify	Run npx playwright install --with-deps chromium firefox webkit	2026-10-09T12:03:46.3559934Z Unpacking fonts-ipafont-gothic (00303-21ubuntu1) ...
verify	Run npx playwright install --with-deps chromium firefox webkit	2026-10-09T12:03:46.6054524Z Preparing to unpack .../001-libxml2-dev_2.9.14+dfsg-1.3ubuntu3.10_amd64.deb ...
verify	Run npx playwright install --with-deps chromium firefox webkit	2026-10-09T12:03:46.6076475Z Unpacking libxml2-dev:amd64 (2.9.14+dfsg-1.3ubuntu3.10) over (2.9.14+dfsg-1.3ubuntu3.9) ...
verify	Run npx playwright install --with-deps chromium firefox webkit	2026-10-09T12:03:46.6966179Z Preparing to unpack .../002-libxml2_2.9.14+dfsg-1.3ubuntu3.10_amd64.deb ...
verify	Run npx playwright install --with-deps chromium firefox webkit	2026-10-09T12:03:46.7037082Z Unpacking libxml2:amd64 (2.9.14+dfsg-1.3ubuntu3.10) over (2.9.14+dfsg-1.3ubuntu3.9) ...
verify	Run npx playwright install --with-deps chromium firefox webkit	2026-10-09T12:03:46.7534589Z Preparing to unpack .../003-libpng16-16t64_1.6.43-5ubuntu0.7_amd64.deb ...
verify	Run npx playwright install --with-deps chromium firefox webkit	2026-10-09T12:03:46.7556930Z Unpacking libpng16-16t64:amd64 (1.6.43-5ubuntu0.7) over (1.6.43-5ubuntu0.6) ...
verify	Run npx playwright install --with-deps chromium firefox webkit	2026-10-09T12:03:46.7861644Z Selecting previously unselected package fonts-freefont-ttf.
verify	Run npx playwright install --with-deps chromium firefox webkit	2026-10-09T12:03:46.7995490Z Preparing to unpack .../004-fonts-freefont-ttf_20211204+svn4273-2_all.deb ...
verify	Run npx playwright install --with-deps chromium firefox webkit	2026-10-09T12:03:46.8003218Z Unpacking fonts-freefont-ttf (20211204+svn4273-2) ...
verify	Run npx playwright install --with-deps chromium firefox webkit	2026-10-09T12:03:46.8891224Z Selecting previously unselected package fonts-tlwg-loma-otf.
verify	Run npx playwright install --with-deps chromium firefox webkit	2026-10-09T12:03:46.9020501Z Preparing to unpack .../005-fonts-tlwg-loma-otf_1%3a0.7.3-1_all.deb ...
verify	Run npx playwright install --with-deps chromium firefox webkit	2026-10-09T12:03:46.9028272Z Unpacking fonts-tlwg-loma-otf (1:0.7.3-1) ...
verify	Run npx playwright install --with-deps chromium firefox webkit	2026-10-09T12:03:46.9248066Z Selecting previously unselected package fonts-unifont.
verify	Run npx playwright install --with-deps chromium firefox webkit	2026-10-09T12:03:46.9380299Z Preparing to unpack .../006-fonts-unifont_1%3a15.1.01-1build1_all.deb ...
verify	Run npx playwright install --with-deps chromium firefox webkit	2026-10-09T12:03:46.9388811Z Unpacking fonts-unifont (1:15.1.01-1build1) ...
verify	Run npx playwright install --with-deps chromium firefox webkit	2026-10-09T12:03:47.0511068Z Selecting previously unselected package fonts-wqy-zenhei.
verify	Run npx playwright install --with-deps chromium firefox webkit	2026-10-09T12:03:47.0642065Z Preparing to unpack .../007-fonts-wqy-zenhei_0.9.45-8_all.deb ...
verify	Run npx playwright install --with-deps chromium firefox webkit	2026-10-09T12:03:47.0746627Z Unpacking fonts-wqy-zenhei (0.9.45-8) ...
verify	Run npx playwright install --with-deps chromium firefox webkit	2026-10-09T12:03:47.5549395Z Selecting previously unselected package libproxy1v5:amd64.
verify	Run npx playwright install --with-deps chromium firefox webkit	2026-10-09T12:03:47.5684172Z Preparing to unpack .../008-libproxy1v5_0.5.4-4build1_amd64.deb ...
verify	Run npx playwright install --with-deps chromium firefox webkit	2026-10-09T12:03:47.5692670Z Unpacking libproxy1v5:amd64 (0.5.4-4build1) ...
verify	Run npx playwright install --with-deps chromium firefox webkit	2026-10-09T12:03:47.5911600Z Selecting previously unselected package glib-networking-common.
verify	Run npx playwright install --with-deps chromium firefox webkit	2026-10-09T12:03:47.6045559Z Preparing to unpack .../009-glib-networking-common_2.80.0-1build1_all.deb ...
verify	Run npx playwright install --with-deps chromium firefox webkit	2026-10-09T12:03:47.6053577Z Unpacking glib-networking-common (2.80.0-1build1) ...
verify	Run npx playwright install --with-deps chromium firefox webkit	2026-10-09T12:03:47.6277572Z Selecting previously unselected package glib-networking-services.
verify	Run npx playwright install --with-deps chromium firefox webkit	2026-10-09T12:03:47.6410344Z Preparing to unpack .../010-glib-networking-services_2.80.0-1build1_amd64.deb ...
verify	Run npx playwright install --with-deps chromium firefox webkit	2026-10-09T12:03:47.6418859Z Unpacking glib-networking-services (2.80.0-1build1) ...
verify	Run npx playwright install --with-deps chromium firefox webkit	2026-10-09T12:03:47.6634402Z Selecting previously unselected package session-migration.
verify	Run npx playwright install --with-deps chromium firefox webkit	2026-10-09T12:03:47.6766145Z Preparing to unpack .../011-session-migration_0.3.9build1_amd64.deb ...
verify	Run npx playwright install --with-deps chromium firefox webkit	2026-10-09T12:03:47.6773395Z Unpacking session-migration (0.3.9build1) ...
verify	Run npx playwright install --with-deps chromium firefox webkit	2026-10-09T12:03:47.6995784Z Selecting previously unselected package gsettings-desktop-schemas.
verify	Run npx playwright install --with-deps chromium firefox webkit	2026-10-09T12:03:47.7129133Z Preparing to unpack .../012-gsettings-desktop-schemas_46.1-0ubuntu1_all.deb ...
verify	Run npx playwright install --with-deps chromium firefox webkit	2026-10-09T12:03:47.7136659Z Unpacking gsettings-desktop-schemas (46.1-0ubuntu1) ...
verify	Run npx playwright install --with-deps chromium firefox webkit	2026-10-09T12:03:47.7515529Z Selecting previously unselected package glib-networking:amd64.
verify	Run npx playwright install --with-deps chromium firefox webkit	2026-10-09T12:03:47.7650607Z Preparing to unpack .../013-glib-networking_2.80.0-1build1_amd64.deb ...
verify	Run npx playwright install --with-deps chromium firefox webkit	2026-10-09T12:03:47.7659194Z Unpacking glib-networking:amd64 (2.80.0-1build1) ...
verify	Run npx playwright install --with-deps chromium firefox webkit	2026-10-09T12:03:47.7893369Z Selecting previously unselected package libva2:amd64.
verify	Run npx playwright install --with-deps chromium firefox webkit	2026-10-09T12:03:47.8030013Z Preparing to unpack .../014-libva2_2.20.0-2ubuntu0.2_amd64.deb ...
verify	Run npx playwright install --with-deps chromium firefox webkit	2026-10-09T12:03:47.8038006Z Unpacking libva2:amd64 (2.20.0-2ubuntu0.2) ...
verify	Run npx playwright install --with-deps chromium firefox webkit	2026-10-09T12:03:47.8264878Z Selecting previously unselected package libva-drm2:amd64.
verify	Run npx playwright install --with-deps chromium firefox webkit	2026-10-09T12:03:47.8404422Z Preparing to unpack .../015-libva-drm2_2.20.0-2ubuntu0.2_amd64.deb ...
verify	Run npx playwright install --with-deps chromium firefox webkit	2026-10-09T12:03:47.8412257Z Unpacking libva-drm2:amd64 (2.20.0-2ubuntu0.2) ...
verify	Run npx playwright install --with-deps chromium firefox webkit	2026-10-09T12:03:47.8632214Z Selecting previously unselected package libva-x11-2:amd64.
verify	Run npx playwright install --with-deps chromium firefox webkit	2026-10-09T12:03:47.8770393Z Preparing to unpack .../016-libva-x11-2_2.20.0-2ubuntu0.2_amd64.deb ...
verify	Run npx playwright install --with-deps chromium firefox webkit	2026-10-09T12:03:47.8778367Z Unpacking libva-x11-2:amd64 (2.20.0-2ubuntu0.2) ...
verify	Run npx playwright install --with-deps chromium firefox webkit	2026-10-09T12:03:47.8997732Z Selecting previously unselected package libvdpau1:amd64.
verify	Run npx playwright install --with-deps chromium firefox webkit	2026-10-09T12:03:47.9134585Z Preparing to unpack .../017-libvdpau1_1.5-2build1_amd64.deb ...
verify	Run npx playwright install --with-deps chromium firefox webkit	2026-10-09T12:03:47.9141545Z Unpacking libvdpau1:amd64 (1.5-2build1) ...
verify	Run npx playwright install --with-deps chromium firefox webkit	2026-10-09T12:03:47.9370688Z Selecting previously unselected package libvpl2.
verify	Run npx playwright install --with-deps chromium firefox webkit	2026-10-09T12:03:47.9508861Z Preparing to unpack .../018-libvpl2_2023.3.0-1build1_amd64.deb ...
verify	Run npx playwright install --with-deps chromium firefox webkit	2026-10-09T12:03:47.9516573Z Unpacking libvpl2 (2023.3.0-1build1) ...
verify	Run npx playwright install --with-deps chromium firefox webkit	2026-10-09T12:03:47.9751213Z Selecting previously unselected package ocl-icd-libopencl1:amd64.
verify	Run npx playwright install --with-deps chromium firefox webkit	2026-10-09T12:03:47.9886997Z Preparing to unpack .../019-ocl-icd-libopencl1_2.3.2-1build1_amd64.deb ...
verify	Run npx playwright install --with-deps chromium firefox webkit	2026-10-09T12:03:47.9895549Z Unpacking ocl-icd-libopencl1:amd64 (2.3.2-1build1) ...
verify	Run npx playwright install --with-deps chromium firefox webkit	2026-10-09T12:03:48.0146750Z Selecting previously unselected package libavutil58:amd64.
verify	Run npx playwright install --with-deps chromium firefox webkit	2026-10-09T12:03:48.0283365Z Preparing to unpack .../020-libavutil58_7%3a6.1.1-3ubuntu5_amd64.deb ...
verify	Run npx playwright install --with-deps chromium firefox webkit	2026-10-09T12:03:48.0292949Z Unpacking libavutil58:amd64 (7:6.1.1-3ubuntu5) ...
verify	Run npx playwright install --with-deps chromium firefox webkit	2026-10-09T12:03:48.0552204Z Selecting previously unselected package libcodec2-1.2:amd64.
verify	Run npx playwright install --with-deps chromium firefox webkit	2026-10-09T12:03:48.0689121Z Preparing to unpack .../021-libcodec2-1.2_1.2.0-2build1_amd64.deb ...
verify	Run npx playwright install --with-deps chromium firefox webkit	2026-10-09T12:03:48.0697820Z Unpacking libcodec2-1.2:amd64 (1.2.0-2build1) ...
verify	Run npx playwright install --with-deps chromium firefox webkit	2026-10-09T12:03:48.1432581Z Selecting previously unselected package libdav1d7:amd64.
verify	Run npx playwright install --with-deps chromium firefox webkit	2026-10-09T12:03:48.1567536Z Preparing to unpack .../022-libdav1d7_1.4.1-1build1_amd64.deb ...
verify	Run npx playwright install --with-deps chromium firefox webkit	2026-10-09T12:03:48.1575366Z Unpacking libdav1d7:amd64 (1.4.1-1build1) ...
verify	Run npx playwright install --with-deps chromium firefox webkit	2026-10-09T12:03:48.1869470Z Selecting previously unselected package libgsm1:amd64.
verify	Run npx playwright install --with-deps chromium firefox webkit	2026-10-09T12:03:48.2006306Z Preparing to unpack .../023-libgsm1_1.0.22-1build1_amd64.deb ...
verify	Run npx playwright install --with-deps chromium firefox webkit	2026-10-09T12:03:48.2013375Z Unpacking libgsm1:amd64 (1.0.22-1build1) ...
verify	Run npx playwright install --with-deps chromium firefox webkit	2026-10-09T12:03:48.2240612Z Selecting previously unselected package libhwy1t64:amd64.
verify	Run npx playwright install --with-deps chromium firefox webkit	2026-10-09T12:03:48.2378606Z Preparing to unpack .../024-libhwy1t64_1.0.7-8.1build1_amd64.deb ...
verify	Run npx playwright install --with-deps chromium firefox webkit	2026-10-09T12:03:48.2385990Z Unpacking libhwy1t64:amd64 (1.0.7-8.1build1) ...
verify	Run npx playwright install --with-deps chromium firefox webkit	2026-10-09T12:03:48.2716125Z Selecting previously unselected package libjxl0.7:amd64.
verify	Run npx playwright install --with-deps chromium firefox webkit	2026-10-09T12:03:48.2853026Z Preparing to unpack .../025-libjxl0.7_0.7.0-10.2ubuntu6.1_amd64.deb ...
verify	Run npx playwright install --with-deps chromium firefox webkit	2026-10-09T12:03:48.2860468Z Unpacking libjxl0.7:amd64 (0.7.0-10.2ubuntu6.1) ...
verify	Run npx playwright install --with-deps chromium firefox webkit	2026-10-09T12:03:48.3199468Z Selecting previously unselected package libmp3lame0:amd64.
verify	Run npx playwright install --with-deps chromium firefox webkit	2026-10-09T12:03:48.3335813Z Preparing to unpack .../026-libmp3lame0_3.100-6build1_amd64.deb ...
verify	Run npx playwright install --with-deps chromium firefox webkit	2026-10-09T12:03:48.3343428Z Unpacking libmp3lame0:amd64 (3.100-6build1) ...
verify	Run npx playwright install --with-deps chromium firefox webkit	2026-10-09T12:03:48.3570682Z Selecting previously unselected package libopus0:amd64.
verify	Run npx playwright install --with-deps chromium firefox webkit	2026-10-09T12:03:48.3708488Z Preparing to unpack .../027-libopus0_1.4-1build1_amd64.deb ...
verify	Run npx playwright install --with-deps chromium firefox webkit	2026-10-09T12:03:48.3717283Z Unpacking libopus0:amd64 (1.4-1build1) ...
verify	Run npx playwright install --with-deps chromium firefox webkit	2026-10-09T12:03:48.3966971Z Selecting previously unselected package librav1e0:amd64.
verify	Run npx playwright install --with-deps chromium firefox webkit	2026-10-09T12:03:48.4102739Z Preparing to unpack .../028-librav1e0_0.7.1-2_amd64.deb ...
verify	Run npx playwright install --with-deps chromium firefox webkit	2026-10-09T12:03:48.4110816Z Unpacking librav1e0:amd64 (0.7.1-2) ...
verify	Run npx playwright install --with-deps chromium firefox webkit	2026-10-09T12:03:48.4445494Z Selecting previously unselected package librsvg2-2:amd64.
verify	Run npx playwright install --with-deps chromium firefox webkit	2026-10-09T12:03:48.4580748Z Preparing to unpack .../029-librsvg2-2_2.58.0+dfsg-1ubuntu0.1_amd64.deb ...
verify	Run npx playwright install --with-deps chromium firefox webkit	2026-10-09T12:03:48.4587409Z Unpacking librsvg2-2:amd64 (2.58.0+dfsg-1ubuntu0.1) ...
verify	Run npx playwright install --with-deps chromium firefox webkit	2026-10-09T12:03:48.5053294Z Selecting previously unselected package libshine3:amd64.
verify	Run npx playwright install --with-deps chromium firefox webkit	2026-10-09T12:03:48.5188136Z Preparing to unpack .../030-libshine3_3.1.1-2build1_amd64.deb ...
verify	Run npx playwright install --with-deps chromium firefox webkit	2026-10-09T12:03:48.5196248Z Unpacking libshine3:amd64 (3.1.1-2build1) ...
verify	Run npx playwright install --with-deps chromium firefox webkit	2026-10-09T12:03:48.5411584Z Selecting previously unselected package libspeex1:amd64.
verify	Run npx playwright install --with-deps chromium firefox webkit	2026-10-09T12:03:48.5550079Z Preparing to unpack .../031-libspeex1_1.2.1-2ubuntu2.24.04.1_amd64.deb ...
verify	Run npx playwright install --with-deps chromium firefox webkit	2026-10-09T12:03:48.5557382Z Unpacking libspeex1:amd64 (1.2.1-2ubuntu2.24.04.1) ...
verify	Run npx playwright install --with-deps chromium firefox webkit	2026-10-09T12:03:48.5786602Z Selecting previously unselected package libsvtav1enc1d1:amd64.
verify	Run npx playwright install --with-deps chromium firefox webkit	2026-10-09T12:03:48.5919730Z Preparing to unpack .../032-libsvtav1enc1d1_1.7.0+dfsg-2build1_amd64.deb ...
verify	Run npx playwright install --with-deps chromium firefox webkit	2026-10-09T12:03:48.5927737Z Unpacking libsvtav1enc1d1:amd64 (1.7.0+dfsg-2build1) ...
verify	Run npx playwright install --with-deps chromium firefox webkit	2026-10-09T12:03:48.6440953Z Selecting previously unselected package libsoxr0:amd64.
verify	Run npx playwright install --with-deps chromium firefox webkit	2026-10-09T12:03:48.6573587Z Preparing to unpack .../033-libsoxr0_0.1.3-4build3_amd64.deb ...
verify	Run npx playwright install --with-deps chromium firefox webkit	2026-10-09T12:03:48.6581647Z Unpacking libsoxr0:amd64 (0.1.3-4build3) ...
verify	Run npx playwright install --with-deps chromium firefox webkit	2026-10-09T12:03:48.6807637Z Selecting previously unselected package libswresample4:amd64.
verify	Run npx playwright install --with-deps chromium firefox webkit	2026-10-09T12:03:48.6943382Z Preparing to unpack .../034-libswresample4_7%3a6.1.1-3ubuntu5_amd64.deb ...
verify	Run npx playwright install --with-deps chromium firefox webkit	2026-10-09T12:03:48.6950298Z Unpacking libswresample4:amd64 (7:6.1.1-3ubuntu5) ...
verify	Run npx playwright install --with-deps chromium firefox webkit	2026-10-09T12:03:48.7185178Z Selecting previously unselected package libtheora0:amd64.
verify	Run npx playwright install --with-deps chromium firefox webkit	2026-10-09T12:03:48.7318159Z Preparing to unpack .../035-libtheora0_1.1.1+dfsg.1-16.1build3_amd64.deb ...
verify	Run npx playwright install --with-deps chromium firefox webkit	2026-10-09T12:03:48.7325561Z Unpacking libtheora0:amd64 (1.1.1+dfsg.1-16.1build3) ...
verify	Run npx playwright install --with-deps chromium firefox webkit	2026-10-09T12:03:48.7574069Z Selecting previously unselected package libtwolame0:amd64.
verify	Run npx playwright install --with-deps chromium firefox webkit	2026-10-09T12:03:48.7706194Z Preparing to unpack .../036-libtwolame0_0.4.0-2build3_amd64.deb ...
verify	Run npx playwright install --with-deps chromium firefox webkit	2026-10-09T12:03:48.7713885Z Unpacking libtwolame0:amd64 (0.4.0-2build3) ...
verify	Run npx playwright install --with-deps chromium firefox webkit	2026-10-09T12:03:48.7934642Z Selecting previously unselected package libvorbisenc2:amd64.
verify	Run npx playwright install --with-deps chromium firefox webkit	2026-10-09T12:03:48.8071987Z Preparing to unpack .../037-libvorbisenc2_1.3.7-1build3_amd64.deb ...
verify	Run npx playwright install --with-deps chromium firefox webkit	2026-10-09T12:03:48.8079982Z Unpacking libvorbisenc2:amd64 (1.3.7-1build3) ...
verify	Run npx playwright install --with-deps chromium firefox webkit	2026-10-09T12:03:48.8322041Z Selecting previously unselected package libvpx9:amd64.
verify	Run npx playwright install --with-deps chromium firefox webkit	2026-10-09T12:03:48.8456408Z Preparing to unpack .../038-libvpx9_1.14.0-1ubuntu2.3_amd64.deb ...
verify	Run npx playwright install --with-deps chromium firefox webkit	2026-10-09T12:03:48.8465458Z Unpacking libvpx9:amd64 (1.14.0-1ubuntu2.3) ...
verify	Run npx playwright install --with-deps chromium firefox webkit	2026-10-09T12:03:48.8815722Z Selecting previously unselected package libx264-164:amd64.
verify	Run npx playwright install --with-deps chromium firefox webkit	2026-10-09T12:03:48.8948485Z Preparing to unpack .../039-libx264-164_2%3a0.164.3108+git31e19f9-1_amd64.deb ...
verify	Run npx playwright install --with-deps chromium firefox webkit	2026-10-09T12:03:48.8955962Z Unpacking libx264-164:amd64 (2:0.164.3108+git31e19f9-1) ...
verify	Run npx playwright install --with-deps chromium firefox webkit	2026-10-09T12:03:48.9241745Z Selecting previously unselected package libx265-199:amd64.
verify	Run npx playwright install --with-deps chromium firefox webkit	2026-10-09T12:03:48.9382440Z Preparing to unpack .../040-libx265-199_3.5-2build1_amd64.deb ...
verify	Run npx playwright install --with-deps chromium firefox webkit	2026-10-09T12:03:48.9391057Z Unpacking libx265-199:amd64 (3.5-2build1) ...
verify	Run npx playwright install --with-deps chromium firefox webkit	2026-10-09T12:03:49.0090192Z Selecting previously unselected package libxvidcore4:amd64.
verify	Run npx playwright install --with-deps chromium firefox webkit	2026-10-09T12:03:49.0224796Z Preparing to unpack .../041-libxvidcore4_2%3a1.3.7-1build1_amd64.deb ...
verify	Run npx playwright install --with-deps chromium firefox webkit	2026-10-09T12:03:49.0232280Z Unpacking libxvidcore4:amd64 (2:1.3.7-1build1) ...
verify	Run npx playwright install --with-deps chromium firefox webkit	2026-10-09T12:03:49.0492908Z Selecting previously unselected package libzvbi-common.
verify	Run npx playwright install --with-deps chromium firefox webkit	2026-10-09T12:03:49.0628590Z Preparing to unpack .../042-libzvbi-common_0.2.42-2_all.deb ...
verify	Run npx playwright install --with-deps chromium firefox webkit	2026-10-09T12:03:49.0636805Z Unpacking libzvbi-common (0.2.42-2) ...
verify	Run npx playwright install --with-deps chromium firefox webkit	2026-10-09T12:03:49.1219551Z Selecting previously unselected package libzvbi0t64:amd64.
verify	Run npx playwright install --with-deps chromium firefox webkit	2026-10-09T12:03:49.1354848Z Preparing to unpack .../043-libzvbi0t64_0.2.42-2_amd64.deb ...
verify	Run npx playwright install --with-deps chromium firefox webkit	2026-10-09T12:03:49.1362102Z Unpacking libzvbi0t64:amd64 (0.2.42-2) ...
verify	Run npx playwright install --with-deps chromium firefox webkit	2026-10-09T12:03:49.1619010Z Selecting previously unselected package libavcodec60:amd64.
verify	Run npx playwright install --with-deps chromium firefox webkit	2026-10-09T12:03:49.1758331Z Preparing to unpack .../044-libavcodec60_7%3a6.1.1-3ubuntu5_amd64.deb ...
verify	Run npx playwright install --with-deps chromium firefox webkit	2026-10-09T12:03:49.1766986Z Unpacking libavcodec60:amd64 (7:6.1.1-3ubuntu5) ...
verify	Run npx playwright install --with-deps chromium firefox webkit	2026-10-09T12:03:49.2786040Z Preparing to unpack .../045-libfreetype6_2.13.2+dfsg-1ubuntu0.2_amd64.deb ...
verify	Run npx playwright install --with-deps chromium firefox webkit	2026-10-09T12:03:49.2810652Z Unpacking libfreetype6:amd64 (2.13.2+dfsg-1ubuntu0.2) over (2.13.2+dfsg-1ubuntu0.1) ...
verify	Run npx playwright install --with-deps chromium firefox webkit	2026-10-09T12:03:49.3077555Z Selecting previously unselected package libunibreak5:amd64.
verify	Run npx playwright install --with-deps chromium firefox webkit	2026-10-09T12:03:49.3214074Z Preparing to unpack .../046-libunibreak5_5.1-2build1_amd64.deb ...
verify	Run npx playwright install --with-deps chromium firefox webkit	2026-10-09T12:03:49.3222011Z Unpacking libunibreak5:amd64 (5.1-2build1) ...
verify	Run npx playwright install --with-deps chromium firefox webkit	2026-10-09T12:03:49.3495845Z Selecting previously unselected package libass9:amd64.
verify	Run npx playwright install --with-deps chromium firefox webkit	2026-10-09T12:03:49.3649021Z Preparing to unpack .../047-libass9_1%3a0.17.1-2build1_amd64.deb ...
verify	Run npx playwright install --with-deps chromium firefox webkit	2026-10-09T12:03:49.3657985Z Unpacking libass9:amd64 (1:0.17.1-2build1) ...
verify	Run npx playwright install --with-deps chromium firefox webkit	2026-10-09T12:03:49.3894686Z Selecting previously unselected package libudfread0:amd64.
verify	Run npx playwright install --with-deps chromium firefox webkit	2026-10-09T12:03:49.4033344Z Preparing to unpack .../048-libudfread0_1.1.2-1build1_amd64.deb ...
verify	Run npx playwright install --with-deps chromium firefox webkit	2026-10-09T12:03:49.4041920Z Unpacking libudfread0:amd64 (1.1.2-1build1) ...
verify	Run npx playwright install --with-deps chromium firefox webkit	2026-10-09T12:03:49.4279990Z Selecting previously unselected package libbluray2:amd64.
verify	Run npx playwright install --with-deps chromium firefox webkit	2026-10-09T12:03:49.4413680Z Preparing to unpack .../049-libbluray2_1%3a1.3.4-1build1_amd64.deb ...
verify	Run npx playwright install --with-deps chromium firefox webkit	2026-10-09T12:03:49.4422383Z Unpacking libbluray2:amd64 (1:1.3.4-1build1) ...
verify	Run npx playwright install --with-deps chromium firefox webkit	2026-10-09T12:03:49.4692024Z Selecting previously unselected package libchromaprint1:amd64.
verify	Run npx playwright install --with-deps chromium firefox webkit	2026-10-09T12:03:49.4872420Z Preparing to unpack .../050-libchromaprint1_1.5.1-5_amd64.deb ...
verify	Run npx playwright install --with-deps chromium firefox webkit	2026-10-09T12:03:49.4903932Z Unpacking libchromaprint1:amd64 (1.5.1-5) ...
verify	Run npx playwright install --with-deps chromium firefox webkit	2026-10-09T12:03:49.5147404Z Selecting previously unselected package libgme0:amd64.
verify	Run npx playwright install --with-deps chromium firefox webkit	2026-10-09T12:03:49.5291648Z Preparing to unpack .../051-libgme0_0.6.3-7build1_amd64.deb ...
verify	Run npx playwright install --with-deps chromium firefox webkit	2026-10-09T12:03:49.5301075Z Unpacking libgme0:amd64 (0.6.3-7build1) ...
verify	Run npx playwright install --with-deps chromium firefox webkit	2026-10-09T12:03:49.5553006Z Selecting previously unselected package libmpg123-0t64:amd64.
verify	Run npx playwright install --with-deps chromium firefox webkit	2026-10-09T12:03:49.5695787Z Preparing to unpack .../052-libmpg123-0t64_1.32.5-1ubuntu1.1_amd64.deb ...
verify	Run npx playwright install --with-deps chromium firefox webkit	2026-10-09T12:03:49.5704079Z Unpacking libmpg123-0t64:amd64 (1.32.5-1ubuntu1.1) ...
verify	Run npx playwright install --with-deps chromium firefox webkit	2026-10-09T12:03:49.5950714Z Selecting previously unselected package libopenmpt0t64:amd64.
verify	Run npx playwright install --with-deps chromium firefox webkit	2026-10-09T12:03:49.6094123Z Preparing to unpack .../053-libopenmpt0t64_0.7.3-1.1build3_amd64.deb ...
verify	Run npx playwright install --with-deps chromium firefox webkit	2026-10-09T12:03:49.6103278Z Unpacking libopenmpt0t64:amd64 (0.7.3-1.1build3) ...
verify	Run npx playwright install --with-deps chromium firefox webkit	2026-10-09T12:03:49.6399210Z Selecting previously unselected package libcjson1:amd64.
verify	Run npx playwright install --with-deps chromium firefox webkit	2026-10-09T12:03:49.6540385Z Preparing to unpack .../054-libcjson1_1.7.17-1_amd64.deb ...
verify	Run npx playwright install --with-deps chromium firefox webkit	2026-10-09T12:03:49.6549072Z Unpacking libcjson1:amd64 (1.7.17-1) ...
verify	Run npx playwright install --with-deps chromium firefox webkit	2026-10-09T12:03:49.6770567Z Selecting previously unselected package libmbedcrypto7t64:amd64.
verify	Run npx playwright install --with-deps chromium firefox webkit	2026-10-09T12:03:49.6902873Z Preparing to unpack .../055-libmbedcrypto7t64_2.28.8-1_amd64.deb ...
verify	Run npx playwright install --with-deps chromium firefox webkit	2026-10-09T12:03:49.6910768Z Unpacking libmbedcrypto7t64:amd64 (2.28.8-1) ...
verify	Run npx playwright install --with-deps chromium firefox webkit	2026-10-09T12:03:49.7148123Z Selecting previously unselected package librist4:amd64.
verify	Run npx playwright install --with-deps chromium firefox webkit	2026-10-09T12:03:49.7284243Z Preparing to unpack .../056-librist4_0.2.10+dfsg-2_amd64.deb ...
verify	Run npx playwright install --with-deps chromium firefox webkit	2026-10-09T12:03:49.7292247Z Unpacking librist4:amd64 (0.2.10+dfsg-2) ...
verify	Run npx playwright install --with-deps chromium firefox webkit	2026-10-09T12:03:49.7510471Z Selecting previously unselected package libsrt1.5-gnutls:amd64.
verify	Run npx playwright install --with-deps chromium firefox webkit	2026-10-09T12:03:49.7645013Z Preparing to unpack .../057-libsrt1.5-gnutls_1.5.3-1build2_amd64.deb ...
verify	Run npx playwright install --with-deps chromium firefox webkit	2026-10-09T12:03:49.7653724Z Unpacking libsrt1.5-gnutls:amd64 (1.5.3-1build2) ...
verify	Run npx playwright install --with-deps chromium firefox webkit	2026-10-09T12:03:49.7907852Z Selecting previously unselected package libssh-gcrypt-4:amd64.
verify	Run npx playwright install --with-deps chromium firefox webkit	2026-10-09T12:03:49.8042849Z Preparing to unpack .../058-libssh-gcrypt-4_0.10.6-2ubuntu0.5_amd64.deb ...
verify	Run npx playwright install --with-deps chromium firefox webkit	2026-10-09T12:03:49.8052227Z Unpacking libssh-gcrypt-4:amd64 (0.10.6-2ubuntu0.5) ...
verify	Run npx playwright install --with-deps chromium firefox webkit	2026-10-09T12:03:49.8320055Z Selecting previously unselected package libavformat60:amd64.
verify	Run npx playwright install --with-deps chromium firefox webkit	2026-10-09T12:03:49.8457220Z Preparing to unpack .../059-libavformat60_7%3a6.1.1-3ubuntu5_amd64.deb ...
verify	Run npx playwright install --with-deps chromium firefox webkit	2026-10-09T12:03:49.8465592Z Unpacking libavformat60:amd64 (7:6.1.1-3ubuntu5) ...
verify	Run npx playwright install --with-deps chromium firefox webkit	2026-10-09T12:03:49.8800094Z Selecting previously unselected package libbs2b0:amd64.
verify	Run npx playwright install --with-deps chromium firefox webkit	2026-10-09T12:03:49.8937252Z Preparing to unpack .../060-libbs2b0_3.1.0+dfsg-7build1_amd64.deb ...
verify	Run npx playwright install --with-deps chromium firefox webkit	2026-10-09T12:03:49.8946331Z Unpacking libbs2b0:amd64 (3.1.0+dfsg-7build1) ...
verify	Run npx playwright install --with-deps chromium firefox webkit	2026-10-09T12:03:49.9189685Z Selecting previously unselected package libflite1:amd64.
verify	Run npx playwright install --with-deps chromium firefox webkit	2026-10-09T12:03:49.9324681Z Preparing to unpack .../061-libflite1_2.2-6build3_amd64.deb ...
verify	Run npx playwright install --with-deps chromium firefox webkit	2026-10-09T12:03:49.9333873Z Unpacking libflite1:amd64 (2.2-6build3) ...
verify	Run npx playwright install --with-deps chromium firefox webkit	2026-10-09T12:03:50.0447915Z Selecting previously unselected package libserd-0-0:amd64.
verify	Run npx playwright install --with-deps chromium firefox webkit	2026-10-09T12:03:50.0583227Z Preparing to unpack .../062-libserd-0-0_0.32.2-1_amd64.deb ...
verify	Run npx playwright install --with-deps chromium firefox webkit	2026-10-09T12:03:50.0592305Z Unpacking libserd-0-0:amd64 (0.32.2-1) ...
verify	Run npx playwright install --with-deps chromium firefox webkit	2026-10-09T12:03:50.0818140Z Selecting previously unselected package libzix-0-0:amd64.
verify	Run npx playwright install --with-deps chromium firefox webkit	2026-10-09T12:03:50.0950367Z Preparing to unpack .../063-libzix-0-0_0.4.2-2build1_amd64.deb ...
verify	Run npx playwright install --with-deps chromium firefox webkit	2026-10-09T12:03:50.0958279Z Unpacking libzix-0-0:amd64 (0.4.2-2build1) ...
verify	Run npx playwright install --with-deps chromium firefox webkit	2026-10-09T12:03:50.1175495Z Selecting previously unselected package libsord-0-0:amd64.
verify	Run npx playwright install --with-deps chromium firefox webkit	2026-10-09T12:03:50.1308063Z Preparing to unpack .../064-libsord-0-0_0.16.16-2build1_amd64.deb ...
verify	Run npx playwright install --with-deps chromium firefox webkit	2026-10-09T12:03:50.1315741Z Unpacking libsord-0-0:amd64 (0.16.16-2build1) ...
verify	Run npx playwright install --with-deps chromium firefox webkit	2026-10-09T12:03:50.1562130Z Selecting previously unselected package libsratom-0-0:amd64.
verify	Run npx playwright install --with-deps chromium firefox webkit	2026-10-09T12:03:50.1693986Z Preparing to unpack .../065-libsratom-0-0_0.6.16-1build1_amd64.deb ...
verify	Run npx playwright install --with-deps chromium firefox webkit	2026-10-09T12:03:50.1702304Z Unpacking libsratom-0-0:amd64 (0.6.16-1build1) ...
verify	Run npx playwright install --with-deps chromium firefox webkit	2026-10-09T12:03:50.1915071Z Selecting previously unselected package liblilv-0-0:amd64.
verify	Run npx playwright install --with-deps chromium firefox webkit	2026-10-09T12:03:50.2047073Z Preparing to unpack .../066-liblilv-0-0_0.24.22-1build1_amd64.deb ...
verify	Run npx playwright install --with-deps chromium firefox webkit	2026-10-09T12:03:50.2055505Z Unpacking liblilv-0-0:amd64 (0.24.22-1build1) ...
verify	Run npx playwright install --with-deps chromium firefox webkit	2026-10-09T12:03:50.2276961Z Selecting previously unselected package libmysofa1:amd64.
verify	Run npx playwright install --with-deps chromium firefox webkit	2026-10-09T12:03:50.2410331Z Preparing to unpack .../067-libmysofa1_1.3.2+dfsg-2ubuntu2_amd64.deb ...
verify	Run npx playwright install --with-deps chromium firefox webkit	2026-10-09T12:03:50.2418398Z Unpacking libmysofa1:amd64 (1.3.2+dfsg-2ubuntu2) ...
verify	Run npx playwright install --with-deps chromium firefox webkit	2026-10-09T12:03:50.2678278Z Selecting previously unselected package libplacebo338:amd64.
verify	Run npx playwright install --with-deps chromium firefox webkit	2026-10-09T12:03:50.2810186Z Preparing to unpack .../068-libplacebo338_6.338.2-2build1_amd64.deb ...
verify	Run npx playwright install --with-deps chromium firefox webkit	2026-10-09T12:03:50.2818760Z Unpacking libplacebo338:amd64 (6.338.2-2build1) ...
verify	Run npx playwright install --with-deps chromium firefox webkit	2026-10-09T12:03:50.3382543Z Selecting previously unselected package libblas3:amd64.
verify	Run npx playwright install --with-deps chromium firefox webkit	2026-10-09T12:03:50.3520181Z Preparing to unpack .../069-libblas3_3.12.0-3build1.1_amd64.deb ...
verify	Run npx playwright install --with-deps chromium firefox webkit	2026-10-09T12:03:50.3554040Z Unpacking libblas3:amd64 (3.12.0-3build1.1) ...
verify	Run npx playwright install --with-deps chromium firefox webkit	2026-10-09T12:03:50.3825100Z Selecting previously unselected package liblapack3:amd64.
verify	Run npx playwright install --with-deps chromium firefox webkit	2026-10-09T12:03:50.3962427Z Preparing to unpack .../070-liblapack3_3.12.0-3build1.1_amd64.deb ...
verify	Run npx playwright install --with-deps chromium firefox webkit	2026-10-09T12:03:50.3996965Z Unpacking liblapack3:amd64 (3.12.0-3build1.1) ...
verify	Run npx playwright install --with-deps chromium firefox webkit	2026-10-09T12:03:50.4522495Z Selecting previously unselected package libasyncns0:amd64.
verify	Run npx playwright install --with-deps chromium firefox webkit	2026-10-09T12:03:50.4658101Z Preparing to unpack .../071-libasyncns0_0.8-6build4_amd64.deb ...
verify	Run npx playwright install --with-deps chromium firefox webkit	2026-10-09T12:03:50.4666727Z Unpacking libasyncns0:amd64 (0.8-6build4) ...
verify	Run npx playwright install --with-deps chromium firefox webkit	2026-10-09T12:03:50.4884352Z Selecting previously unselected package libflac12t64:amd64.
verify	Run npx playwright install --with-deps chromium firefox webkit	2026-10-09T12:03:50.5021302Z Preparing to unpack .../072-libflac12t64_1.4.3+ds-2.1ubuntu2_amd64.deb ...
verify	Run npx playwright install --with-deps chromium firefox webkit	2026-10-09T12:03:50.5029523Z Unpacking libflac12t64:amd64 (1.4.3+ds-2.1ubuntu2) ...
verify	Run npx playwright install --with-deps chromium firefox webkit	2026-10-09T12:03:50.5274932Z Selecting previously unselected package libsndfile1:amd64.
verify	Run npx playwright install --with-deps chromium firefox webkit	2026-10-09T12:03:50.5412712Z Preparing to unpack .../073-libsndfile1_1.2.2-1ubuntu5.24.04.1_amd64.deb ...
verify	Run npx playwright install --with-deps chromium firefox webkit	2026-10-09T12:03:50.5420883Z Unpacking libsndfile1:amd64 (1.2.2-1ubuntu5.24.04.1) ...
verify	Run npx playwright install --with-deps chromium firefox webkit	2026-10-09T12:03:50.5698848Z Selecting previously unselected package libpulse0:amd64.
verify	Run npx playwright install --with-deps chromium firefox webkit	2026-10-09T12:03:50.5835514Z Preparing to unpack .../074-libpulse0_1%3a16.1+dfsg1-2ubuntu10.1_amd64.deb ...
verify	Run npx playwright install --with-deps chromium firefox webkit	2026-10-09T12:03:50.5905777Z Unpacking libpulse0:amd64 (1:16.1+dfsg1-2ubuntu10.1) ...
verify	Run npx playwright install --with-deps chromium firefox webkit	2026-10-09T12:03:50.6167759Z Selecting previously unselected package libsphinxbase3t64:amd64.
verify	Run npx playwright install --with-deps chromium firefox webkit	2026-10-09T12:03:50.6303925Z Preparing to unpack .../075-libsphinxbase3t64_0.8+5prealpha+1-17build2_amd64.deb ...
verify	Run npx playwright install --with-deps chromium firefox webkit	2026-10-09T12:03:50.6311862Z Unpacking libsphinxbase3t64:amd64 (0.8+5prealpha+1-17build2) ...
verify	Run npx playwright install --with-deps chromium firefox webkit	2026-10-09T12:03:50.6543039Z Selecting previously unselected package libpocketsphinx3:amd64.
verify	Run npx playwright install --with-deps chromium firefox webkit	2026-10-09T12:03:50.6677726Z Preparing to unpack .../076-libpocketsphinx3_0.8.0+real5prealpha+1-15ubuntu5_amd64.deb ...
verify	Run npx playwright install --with-deps chromium firefox webkit	2026-10-09T12:03:50.6685945Z Unpacking libpocketsphinx3:amd64 (0.8.0+real5prealpha+1-15ubuntu5) ...
verify	Run npx playwright install --with-deps chromium firefox webkit	2026-10-09T12:03:50.6914530Z Selecting previously unselected package libpostproc57:amd64.
verify	Run npx playwright install --with-deps chromium firefox webkit	2026-10-09T12:03:50.7052351Z Preparing to unpack .../077-libpostproc57_7%3a6.1.1-3ubuntu5_amd64.deb ...
verify	Run npx playwright install --with-deps chromium firefox webkit	2026-10-09T12:03:50.7062509Z Unpacking libpostproc57:amd64 (7:6.1.1-3ubuntu5) ...
verify	Run npx playwright install --with-deps chromium firefox webkit	2026-10-09T12:03:50.7606805Z Selecting previously unselected package libsamplerate0:amd64.
verify	Run npx playwright install --with-deps chromium firefox webkit	2026-10-09T12:03:50.7747351Z Preparing to unpack .../078-libsamplerate0_0.2.2-4build1_amd64.deb ...
verify	Run npx playwright install --with-deps chromium firefox webkit	2026-10-09T12:03:50.7760249Z Unpacking libsamplerate0:amd64 (0.2.2-4build1) ...
verify	Run npx playwright install --with-deps chromium firefox webkit	2026-10-09T12:03:50.8036660Z Selecting previously unselected package librubberband2:amd64.
verify	Run npx playwright install --with-deps chromium firefox webkit	2026-10-09T12:03:50.8173609Z Preparing to unpack .../079-librubberband2_3.3.0+dfsg-2build1_amd64.deb ...
verify	Run npx playwright install --with-deps chromium firefox webkit	2026-10-09T12:03:50.8182736Z Unpacking librubberband2:amd64 (3.3.0+dfsg-2build1) ...
verify	Run npx playwright install --with-deps chromium firefox webkit	2026-10-09T12:03:50.8454719Z Selecting previously unselected package libswscale7:amd64.
verify	Run npx playwright install --with-deps chromium firefox webkit	2026-10-09T12:03:50.8593222Z Preparing to unpack .../080-libswscale7_7%3a6.1.1-3ubuntu5_amd64.deb ...
verify	Run npx playwright install --with-deps chromium firefox webkit	2026-10-09T12:03:50.8600228Z Unpacking libswscale7:amd64 (7:6.1.1-3ubuntu5) ...
verify	Run npx playwright install --with-deps chromium firefox webkit	2026-10-09T12:03:50.8841029Z Selecting previously unselected package libvidstab1.1:amd64.
verify	Run npx playwright install --with-deps chromium firefox webkit	2026-10-09T12:03:50.8976522Z Preparing to unpack .../081-libvidstab1.1_1.1.0-2build1_amd64.deb ...
verify	Run npx playwright install --with-deps chromium firefox webkit	2026-10-09T12:03:50.8983607Z Unpacking libvidstab1.1:amd64 (1.1.0-2build1) ...
verify	Run npx playwright install --with-deps chromium firefox webkit	2026-10-09T12:03:50.9227685Z Selecting previously unselected package libzimg2:amd64.
verify	Run npx playwright install --with-deps chromium firefox webkit	2026-10-09T12:03:50.9361841Z Preparing to unpack .../082-libzimg2_3.0.5+ds1-1build1_amd64.deb ...
verify	Run npx playwright install --with-deps chromium firefox webkit	2026-10-09T12:03:50.9369322Z Unpacking libzimg2:amd64 (3.0.5+ds1-1build1) ...
verify	Run npx playwright install --with-deps chromium firefox webkit	2026-10-09T12:03:50.9620501Z Selecting previously unselected package libavfilter9:amd64.
verify	Run npx playwright install --with-deps chromium firefox webkit	2026-10-09T12:03:50.9755562Z Preparing to unpack .../083-libavfilter9_7%3a6.1.1-3ubuntu5_amd64.deb ...
verify	Run npx playwright install --with-deps chromium firefox webkit	2026-10-09T12:03:50.9763308Z Unpacking libavfilter9:amd64 (7:6.1.1-3ubuntu5) ...
verify	Run npx playwright install --with-deps chromium firefox webkit	2026-10-09T12:03:51.0533950Z Selecting previously unselected package liborc-0.4-0t64:amd64.
verify	Run npx playwright install --with-deps chromium firefox webkit	2026-10-09T12:03:51.0667361Z Preparing to unpack .../084-liborc-0.4-0t64_1%3a0.4.38-1ubuntu0.1_amd64.deb ...
verify	Run npx playwright install --with-deps chromium firefox webkit	2026-10-09T12:03:51.0676560Z Unpacking liborc-0.4-0t64:amd64 (1:0.4.38-1ubuntu0.1) ...
verify	Run npx playwright install --with-deps chromium firefox webkit	2026-10-09T12:03:51.0947433Z Selecting previously unselected package libgstreamer-plugins-base1.0-0:amd64.
verify	Run npx playwright install --with-deps chromium firefox webkit	2026-10-09T12:03:51.1083132Z Preparing to unpack .../085-libgstreamer-plugins-base1.0-0_1.24.2-1ubuntu0.5_amd64.deb ...
verify	Run npx playwright install --with-deps chromium firefox webkit	2026-10-09T12:03:51.1091116Z Unpacking libgstreamer-plugins-base1.0-0:amd64 (1.24.2-1ubuntu0.5) ...
verify	Run npx playwright install --with-deps chromium firefox webkit	2026-10-09T12:03:51.1439348Z Selecting previously unselected package gstreamer1.0-libav:amd64.
verify	Run npx playwright install --with-deps chromium firefox webkit	2026-10-09T12:03:51.1571464Z Preparing to unpack .../086-gstreamer1.0-libav_1.24.1-1build1_amd64.deb ...
verify	Run npx playwright install --with-deps chromium firefox webkit	2026-10-09T12:03:51.1580727Z Unpacking gstreamer1.0-libav:amd64 (1.24.1-1build1) ...
verify	Run npx playwright install --with-deps chromium firefox webkit	2026-10-09T12:03:51.1808382Z Selecting previously unselected package libcdparanoia0:amd64.
verify	Run npx playwright install --with-deps chromium firefox webkit	2026-10-09T12:03:51.1946760Z Preparing to unpack .../087-libcdparanoia0_3.10.2+debian-14build3_amd64.deb ...
verify	Run npx playwright install --with-deps chromium firefox webkit	2026-10-09T12:03:51.1956062Z Unpacking libcdparanoia0:amd64 (3.10.2+debian-14build3) ...
verify	Run npx playwright install --with-deps chromium firefox webkit	2026-10-09T12:03:51.2194884Z Selecting previously unselected package libvisual-0.4-0:amd64.
verify	Run npx playwright install --with-deps chromium firefox webkit	2026-10-09T12:03:51.2326658Z Preparing to unpack .../088-libvisual-0.4-0_0.4.2-2build1_amd64.deb ...
verify	Run npx playwright install --with-deps chromium firefox webkit	2026-10-09T12:03:51.2333675Z Unpacking libvisual-0.4-0:amd64 (0.4.2-2build1) ...
verify	Run npx playwright install --with-deps chromium firefox webkit	2026-10-09T12:03:51.2571338Z Selecting previously unselected package gstreamer1.0-plugins-base:amd64.
verify	Run npx playwright install --with-deps chromium firefox webkit	2026-10-09T12:03:51.2703172Z Preparing to unpack .../089-gstreamer1.0-plugins-base_1.24.2-1ubuntu0.5_amd64.deb ...
verify	Run npx playwright install --with-deps chromium firefox webkit	2026-10-09T12:03:51.2711135Z Unpacking gstreamer1.0-plugins-base:amd64 (1.24.2-1ubuntu0.5) ...
verify	Run npx playwright install --with-deps chromium firefox webkit	2026-10-09T12:03:51.3053897Z Selecting previously unselected package libaa1:amd64.
verify	Run npx playwright install --with-deps chromium firefox webkit	2026-10-09T12:03:51.3185258Z Preparing to unpack .../090-libaa1_1.4p5-51.1_amd64.deb ...
verify	Run npx playwright install --with-deps chromium firefox webkit	2026-10-09T12:03:51.3193322Z Unpacking libaa1:amd64 (1.4p5-51.1) ...
verify	Run npx playwright install --with-deps chromium firefox webkit	2026-10-09T12:03:51.3429220Z Selecting previously unselected package libraw1394-11:amd64.
verify	Run npx playwright install --with-deps chromium firefox webkit	2026-10-09T12:03:51.3562093Z Preparing to unpack .../091-libraw1394-11_2.1.2-2build3_amd64.deb ...
verify	Run npx playwright install --with-deps chromium firefox webkit	2026-10-09T12:03:51.3570115Z Unpacking libraw1394-11:amd64 (2.1.2-2build3) ...
verify	Run npx playwright install --with-deps chromium firefox webkit	2026-10-09T12:03:51.3830482Z Selecting previously unselected package libavc1394-0:amd64.
verify	Run npx playwright install --with-deps chromium firefox webkit	2026-10-09T12:03:51.3962836Z Preparing to unpack .../092-libavc1394-0_0.5.4-5build3_amd64.deb ...
verify	Run npx playwright install --with-deps chromium firefox webkit	2026-10-09T12:03:51.3970655Z Unpacking libavc1394-0:amd64 (0.5.4-5build3) ...
verify	Run npx playwright install --with-deps chromium firefox webkit	2026-10-09T12:03:51.4187746Z Selecting previously unselected package libcaca0:amd64.
verify	Run npx playwright install --with-deps chromium firefox webkit	2026-10-09T12:03:51.4318903Z Preparing to unpack .../093-libcaca0_0.99.beta20-4ubuntu0.2_amd64.deb ...
verify	Run npx playwright install --with-deps chromium firefox webkit	2026-10-09T12:03:51.4326192Z Unpacking libcaca0:amd64 (0.99.beta20-4ubuntu0.2) ...
verify	Run npx playwright install --with-deps chromium firefox webkit	2026-10-09T12:03:51.4583291Z Selecting previously unselected package libdv4t64:amd64.
verify	Run npx playwright install --with-deps chromium firefox webkit	2026-10-09T12:03:51.4717176Z Preparing to unpack .../094-libdv4t64_1.0.0-17.1build1_amd64.deb ...
verify	Run npx playwright install --with-deps chromium firefox webkit	2026-10-09T12:03:51.4742937Z Unpacking libdv4t64:amd64 (1.0.0-17.1build1) ...
verify	Run npx playwright install --with-deps chromium firefox webkit	2026-10-09T12:03:51.4972213Z Selecting previously unselected package libgstreamer-plugins-good1.0-0:amd64.
verify	Run npx playwright install --with-deps chromium firefox webkit	2026-10-09T12:03:51.5103207Z Preparing to unpack .../095-libgstreamer-plugins-good1.0-0_1.24.2-1ubuntu1.8_amd64.deb ...
verify	Run npx playwright install --with-deps chromium firefox webkit	2026-10-09T12:03:51.5111957Z Unpacking libgstreamer-plugins-good1.0-0:amd64 (1.24.2-1ubuntu1.8) ...
verify	Run npx playwright install --with-deps chromium firefox webkit	2026-10-09T12:03:51.5342836Z Selecting previously unselected package libiec61883-0:amd64.
verify	Run npx playwright install --with-deps chromium firefox webkit	2026-10-09T12:03:51.5473527Z Preparing to unpack .../096-libiec61883-0_1.2.0-6build1_amd64.deb ...
verify	Run npx playwright install --with-deps chromium firefox webkit	2026-10-09T12:03:51.5482701Z Unpacking libiec61883-0:amd64 (1.2.0-6build1) ...
verify	Run npx playwright install --with-deps chromium firefox webkit	2026-10-09T12:03:51.5715085Z Selecting previously unselected package libshout3:amd64.
verify	Run npx playwright install --with-deps chromium firefox webkit	2026-10-09T12:03:51.5856120Z Preparing to unpack .../097-libshout3_2.4.6-1build2_amd64.deb ...
verify	Run npx playwright install --with-deps chromium firefox webkit	2026-10-09T12:03:51.5864954Z Unpacking libshout3:amd64 (2.4.6-1build2) ...
verify	Run npx playwright install --with-deps chromium firefox webkit	2026-10-09T12:03:51.6099149Z Selecting previously unselected package libtag1v5-vanilla:amd64.
verify	Run npx playwright install --with-deps chromium firefox webkit	2026-10-09T12:03:51.6236124Z Preparing to unpack .../098-libtag1v5-vanilla_1.13.1-1build1_amd64.deb ...
verify	Run npx playwright install --with-deps chromium firefox webkit	2026-10-09T12:03:51.6244416Z Unpacking libtag1v5-vanilla:amd64 (1.13.1-1build1) ...
verify	Run npx playwright install --with-deps chromium firefox webkit	2026-10-09T12:03:51.6505832Z Selecting previously unselected package libtag1v5:amd64.
verify	Run npx playwright install --with-deps chromium firefox webkit	2026-10-09T12:03:51.6638506Z Preparing to unpack .../099-libtag1v5_1.13.1-1build1_amd64.deb ...
verify	Run npx playwright install --with-deps chromium firefox webkit	2026-10-09T12:03:51.6646420Z Unpacking libtag1v5:amd64 (1.13.1-1build1) ...
verify	Run npx playwright install --with-deps chromium firefox webkit	2026-10-09T12:03:51.6862653Z Selecting previously unselected package libv4lconvert0t64:amd64.
verify	Run npx playwright install --with-deps chromium firefox webkit	2026-10-09T12:03:51.6997676Z Preparing to unpack .../100-libv4lconvert0t64_1.26.1-4build3_amd64.deb ...
verify	Run npx playwright install --with-deps chromium firefox webkit	2026-10-09T12:03:51.7006340Z Unpacking libv4lconvert0t64:amd64 (1.26.1-4build3) ...
verify	Run npx playwright install --with-deps chromium firefox webkit	2026-10-09T12:03:51.7242388Z Selecting previously unselected package libv4l-0t64:amd64.
verify	Run npx playwright install --with-deps chromium firefox webkit	2026-10-09T12:03:51.7375348Z Preparing to unpack .../101-libv4l-0t64_1.26.1-4build3_amd64.deb ...
verify	Run npx playwright install --with-deps chromium firefox webkit	2026-10-09T12:03:51.7384034Z Unpacking libv4l-0t64:amd64 (1.26.1-4build3) ...
verify	Run npx playwright install --with-deps chromium firefox webkit	2026-10-09T12:03:51.7628826Z Selecting previously unselected package libwavpack1:amd64.
verify	Run npx playwright install --with-deps chromium firefox webkit	2026-10-09T12:03:51.7760710Z Preparing to unpack .../102-libwavpack1_5.6.0-1build1_amd64.deb ...
verify	Run npx playwright install --with-deps chromium firefox webkit	2026-10-09T12:03:51.7768949Z Unpacking libwavpack1:amd64 (5.6.0-1build1) ...
verify	Run npx playwright install --with-deps chromium firefox webkit	2026-10-09T12:03:51.7994813Z Selecting previously unselected package libsoup-3.0-common.
verify	Run npx playwright install --with-deps chromium firefox webkit	2026-10-09T12:03:51.8128173Z Preparing to unpack .../103-libsoup-3.0-common_3.4.4-5ubuntu0.9_all.deb ...
verify	Run npx playwright install --with-deps chromium firefox webkit	2026-10-09T12:03:51.8136464Z Unpacking libsoup-3.0-common (3.4.4-5ubuntu0.9) ...
verify	Run npx playwright install --with-deps chromium firefox webkit	2026-10-09T12:03:51.8347611Z Selecting previously unselected package libsoup-3.0-0:amd64.
verify	Run npx playwright install --with-deps chromium firefox webkit	2026-10-09T12:03:51.8479902Z Preparing to unpack .../104-libsoup-3.0-0_3.4.4-5ubuntu0.9_amd64.deb ...
verify	Run npx playwright install --with-deps chromium firefox webkit	2026-10-09T12:03:51.8488124Z Unpacking libsoup-3.0-0:amd64 (3.4.4-5ubuntu0.9) ...
verify	Run npx playwright install --with-deps chromium firefox webkit	2026-10-09T12:03:51.8730646Z Selecting previously unselected package gstreamer1.0-plugins-good:amd64.
verify	Run npx playwright install --with-deps chromium firefox webkit	2026-10-09T12:03:51.8866152Z Preparing to unpack .../105-gstreamer1.0-plugins-good_1.24.2-1ubuntu1.8_amd64.deb ...
verify	Run npx playwright install --with-deps chromium firefox webkit	2026-10-09T12:03:51.8873202Z Unpacking gstreamer1.0-plugins-good:amd64 (1.24.2-1ubuntu1.8) ...
verify	Run npx playwright install --with-deps chromium firefox webkit	2026-10-09T12:03:51.9443570Z Selecting previously unselected package libabsl20220623t64:amd64.
verify	Run npx playwright install --with-deps chromium firefox webkit	2026-10-09T12:03:51.9580694Z Preparing to unpack .../106-libabsl20220623t64_20220623.1-3.1ubuntu3.2_amd64.deb ...
verify	Run npx playwright install --with-deps chromium firefox webkit	2026-10-09T12:03:51.9588961Z Unpacking libabsl20220623t64:amd64 (20220623.1-3.1ubuntu3.2) ...
verify	Run npx playwright install --with-deps chromium firefox webkit	2026-10-09T12:03:52.0021187Z Selecting previously unselected package libgav1-1:amd64.
verify	Run npx playwright install --with-deps chromium firefox webkit	2026-10-09T12:03:52.0156520Z Preparing to unpack .../107-libgav1-1_0.18.0-1build3_amd64.deb ...
verify	Run npx playwright install --with-deps chromium firefox webkit	2026-10-09T12:03:52.0163345Z Unpacking libgav1-1:amd64 (0.18.0-1build3) ...
verify	Run npx playwright install --with-deps chromium firefox webkit	2026-10-09T12:03:52.0436865Z Selecting previously unselected package libyuv0:amd64.
verify	Run npx playwright install --with-deps chromium firefox webkit	2026-10-09T12:03:52.0567440Z Preparing to unpack .../108-libyuv0_0.0~git202401110.af6ac82-1_amd64.deb ...
verify	Run npx playwright install --with-deps chromium firefox webkit	2026-10-09T12:03:52.0577743Z Unpacking libyuv0:amd64 (0.0~git202401110.af6ac82-1) ...
verify	Run npx playwright install --with-deps chromium firefox webkit	2026-10-09T12:03:52.0824675Z Selecting previously unselected package libavif16:amd64.
verify	Run npx playwright install --with-deps chromium firefox webkit	2026-10-09T12:03:52.0961037Z Preparing to unpack .../109-libavif16_1.0.4-1ubuntu3_amd64.deb ...
verify	Run npx playwright install --with-deps chromium firefox webkit	2026-10-09T12:03:52.0968748Z Unpacking libavif16:amd64 (1.0.4-1ubuntu3) ...
verify	Run npx playwright install --with-deps chromium firefox webkit	2026-10-09T12:03:52.1199785Z Selecting previously unselected package libavtp0:amd64.
verify	Run npx playwright install --with-deps chromium firefox webkit	2026-10-09T12:03:52.1331772Z Preparing to unpack .../110-libavtp0_0.2.0-1build1_amd64.deb ...
verify	Run npx playwright install --with-deps chromium firefox webkit	2026-10-09T12:03:52.1339316Z Unpacking libavtp0:amd64 (0.2.0-1build1) ...
verify	Run npx playwright install --with-deps chromium firefox webkit	2026-10-09T12:03:52.1563653Z Selecting previously unselected package libcairo-script-interpreter2:amd64.
verify	Run npx playwright install --with-deps chromium firefox webkit	2026-10-09T12:03:52.1702481Z Preparing to unpack .../111-libcairo-script-interpreter2_1.18.0-3build1_amd64.deb ...
verify	Run npx playwright install --with-deps chromium firefox webkit	2026-10-09T12:03:52.1710823Z Unpacking libcairo-script-interpreter2:amd64 (1.18.0-3build1) ...
verify	Run npx playwright install --with-deps chromium firefox webkit	2026-10-09T12:03:52.1939064Z Selecting previously unselected package libdc1394-25:amd64.
verify	Run npx playwright install --with-deps chromium firefox webkit	2026-10-09T12:03:52.2076130Z Preparing to unpack .../112-libdc1394-25_2.2.6-4build1_amd64.deb ...
verify	Run npx playwright install --with-deps chromium firefox webkit	2026-10-09T12:03:52.2083933Z Unpacking libdc1394-25:amd64 (2.2.6-4build1) ...
verify	Run npx playwright install --with-deps chromium firefox webkit	2026-10-09T12:03:52.2324529Z Selecting previously unselected package libde265-0:amd64.
verify	Run npx playwright install --with-deps chromium firefox webkit	2026-10-09T12:03:52.2459273Z Preparing to unpack .../113-libde265-0_1.0.15-1ubuntu0.2_amd64.deb ...
verify	Run npx playwright install --with-deps chromium firefox webkit	2026-10-09T12:03:52.2480929Z Unpacking libde265-0:amd64 (1.0.15-1ubuntu0.2) ...
verify	Run npx playwright install --with-deps chromium firefox webkit	2026-10-09T12:03:52.2716641Z Selecting previously unselected package libdecor-0-0:amd64.
verify	Run npx playwright install --with-deps chromium firefox webkit	2026-10-09T12:03:52.2852727Z Preparing to unpack .../114-libdecor-0-0_0.2.2-1build2_amd64.deb ...
verify	Run npx playwright install --with-deps chromium firefox webkit	2026-10-09T12:03:52.2861081Z Unpacking libdecor-0-0:amd64 (0.2.2-1build2) ...
verify	Run npx playwright install --with-deps chromium firefox webkit	2026-10-09T12:03:52.3080025Z Selecting previously unselected package libgles2:amd64.
verify	Run npx playwright install --with-deps chromium firefox webkit	2026-10-09T12:03:52.3216142Z Preparing to unpack .../115-libgles2_1.7.0-1build1_amd64.deb ...
verify	Run npx playwright install --with-deps chromium firefox webkit	2026-10-09T12:03:52.3223909Z Unpacking libgles2:amd64 (1.7.0-1build1) ...
verify	Run npx playwright install --with-deps chromium firefox webkit	2026-10-09T12:03:52.3454000Z Selecting previously unselected package libdirectfb-1.7-7t64:amd64.
verify	Run npx playwright install --with-deps chromium firefox webkit	2026-10-09T12:03:52.3593401Z Preparing to unpack .../116-libdirectfb-1.7-7t64_1.7.7-11.1ubuntu2_amd64.deb ...
verify	Run npx playwright install --with-deps chromium firefox webkit	2026-10-09T12:03:52.3603043Z Unpacking libdirectfb-1.7-7t64:amd64 (1.7.7-11.1ubuntu2) ...
verify	Run npx playwright install --with-deps chromium firefox webkit	2026-10-09T12:03:52.4021697Z Selecting previously unselected package libdvdread8t64:amd64.
verify	Run npx playwright install --with-deps chromium firefox webkit	2026-10-09T12:03:52.4159506Z Preparing to unpack .../117-libdvdread8t64_6.1.3-1.1build1_amd64.deb ...
verify	Run npx playwright install --with-deps chromium firefox webkit	2026-10-09T12:03:52.4167711Z Unpacking libdvdread8t64:amd64 (6.1.3-1.1build1) ...
verify	Run npx playwright install --with-deps chromium firefox webkit	2026-10-09T12:03:52.4408837Z Selecting previously unselected package libdvdnav4:amd64.
verify	Run npx playwright install --with-deps chromium firefox webkit	2026-10-09T12:03:52.4547422Z Preparing to unpack .../118-libdvdnav4_6.1.1-3build1_amd64.deb ...
verify	Run npx playwright install --with-deps chromium firefox webkit	2026-10-09T12:03:52.4556458Z Unpacking libdvdnav4:amd64 (6.1.1-3build1) ...
verify	Run npx playwright install --with-deps chromium firefox webkit	2026-10-09T12:03:52.4845702Z Selecting previously unselected package libegl-mesa0:amd64.
verify	Run npx playwright install --with-deps chromium firefox webkit	2026-10-09T12:03:52.4983013Z Preparing to unpack .../119-libegl-mesa0_25.2.8-0ubuntu0.24.04.4_amd64.deb ...
verify	Run npx playwright install --with-deps chromium firefox webkit	2026-10-09T12:03:52.4991134Z Unpacking libegl-mesa0:amd64 (25.2.8-0ubuntu0.24.04.4) ...
verify	Run npx playwright install --with-deps chromium firefox webkit	2026-10-09T12:03:52.5235402Z Selecting previously unselected package libevent-2.1-7t64:amd64.
verify	Run npx playwright install --with-deps chromium firefox webkit	2026-10-09T12:03:52.5369009Z Preparing to unpack .../120-libevent-2.1-7t64_2.1.12-stable-9ubuntu2.2_amd64.deb ...
verify	Run npx playwright install --with-deps chromium firefox webkit	2026-10-09T12:03:52.5378541Z Unpacking libevent-2.1-7t64:amd64 (2.1.12-stable-9ubuntu2.2) ...
verify	Run npx playwright install --with-deps chromium firefox webkit	2026-10-09T12:03:52.5609557Z Selecting previously unselected package libfaad2:amd64.
verify	Run npx playwright install --with-deps chromium firefox webkit	2026-10-09T12:03:52.5749147Z Preparing to unpack .../121-libfaad2_2.11.1-1build1_amd64.deb ...
verify	Run npx playwright install --with-deps chromium firefox webkit	2026-10-09T12:03:52.5756547Z Unpacking libfaad2:amd64 (2.11.1-1build1) ...
verify	Run npx playwright install --with-deps chromium firefox webkit	2026-10-09T12:03:52.6003061Z Selecting previously unselected package libinstpatch-1.0-2:amd64.
verify	Run npx playwright install --with-deps chromium firefox webkit	2026-10-09T12:03:52.6139000Z Preparing to unpack .../122-libinstpatch-1.0-2_1.1.6-1build2_amd64.deb ...
verify	Run npx playwright install --with-deps chromium firefox webkit	2026-10-09T12:03:52.6147505Z Unpacking libinstpatch-1.0-2:amd64 (1.1.6-1build2) ...
verify	Run npx playwright install --with-deps chromium firefox webkit	2026-10-09T12:03:52.6394561Z Selecting previously unselected package libjack-jackd2-0:amd64.
verify	Run npx playwright install --with-deps chromium firefox webkit	2026-10-09T12:03:52.6531098Z Preparing to unpack .../123-libjack-jackd2-0_1.9.21~dfsg-3ubuntu3_amd64.deb ...
verify	Run npx playwright install --with-deps chromium firefox webkit	2026-10-09T12:03:52.6539455Z Unpacking libjack-jackd2-0:amd64 (1.9.21~dfsg-3ubuntu3) ...
verify	Run npx playwright install --with-deps chromium firefox webkit	2026-10-09T12:03:52.6796989Z Selecting previously unselected package libwebrtc-audio-processing1:amd64.
verify	Run npx playwright install --with-deps chromium firefox webkit	2026-10-09T12:03:52.6932832Z Preparing to unpack .../124-libwebrtc-audio-processing1_0.3.1-0ubuntu6_amd64.deb ...
verify	Run npx playwright install --with-deps chromium firefox webkit	2026-10-09T12:03:52.6942021Z Unpacking libwebrtc-audio-processing1:amd64 (0.3.1-0ubuntu6) ...
verify	Run npx playwright install --with-deps chromium firefox webkit	2026-10-09T12:03:52.7179204Z Selecting previously unselected package libspa-0.2-modules:amd64.
verify	Run npx playwright install --with-deps chromium firefox webkit	2026-10-09T12:03:52.7312428Z Preparing to unpack .../125-libspa-0.2-modules_1.0.5-1ubuntu3.3_amd64.deb ...
verify	Run npx playwright install --with-deps chromium firefox webkit	2026-10-09T12:03:52.7320698Z Unpacking libspa-0.2-modules:amd64 (1.0.5-1ubuntu3.3) ...
verify	Run npx playwright install --with-deps chromium firefox webkit	2026-10-09T12:03:52.7653283Z Selecting previously unselected package libpipewire-0.3-0t64:amd64.
verify	Run npx playwright install --with-deps chromium firefox webkit	2026-10-09T12:03:52.7790108Z Preparing to unpack .../126-libpipewire-0.3-0t64_1.0.5-1ubuntu3.3_amd64.deb ...
verify	Run npx playwright install --with-deps chromium firefox webkit	2026-10-09T12:03:52.7798206Z Unpacking libpipewire-0.3-0t64:amd64 (1.0.5-1ubuntu3.3) ...
verify	Run npx playwright install --with-deps chromium firefox webkit	2026-10-09T12:03:52.8059890Z Selecting previously unselected package libsdl2-2.0-0:amd64.
verify	Run npx playwright install --with-deps chromium firefox webkit	2026-10-09T12:03:52.8197481Z Preparing to unpack .../127-libsdl2-2.0-0_2.30.0+dfsg-1ubuntu3.1_amd64.deb ...
verify	Run npx playwright install --with-deps chromium firefox webkit	2026-10-09T12:03:52.8214819Z Unpacking libsdl2-2.0-0:amd64 (2.30.0+dfsg-1ubuntu3.1) ...
verify	Run npx playwright install --with-deps chromium firefox webkit	2026-10-09T12:03:52.8510894Z Selecting previously unselected package timgm6mb-soundfont.
verify	Run npx playwright install --with-deps chromium firefox webkit	2026-10-09T12:03:52.8648727Z Preparing to unpack .../128-timgm6mb-soundfont_1.3-5_all.deb ...
verify	Run npx playwright install --with-deps chromium firefox webkit	2026-10-09T12:03:52.8655722Z Unpacking timgm6mb-soundfont (1.3-5) ...
verify	Run npx playwright install --with-deps chromium firefox webkit	2026-10-09T12:03:53.2061158Z Selecting previously unselected package libfluidsynth3:amd64.
verify	Run npx playwright install --with-deps chromium firefox webkit	2026-10-09T12:03:53.2197120Z Preparing to unpack .../129-libfluidsynth3_2.3.4-1build3_amd64.deb ...
verify	Run npx playwright install --with-deps chromium firefox webkit	2026-10-09T12:03:53.2205385Z Unpacking libfluidsynth3:amd64 (2.3.4-1build3) ...
verify	Run npx playwright install --with-deps chromium firefox webkit	2026-10-09T12:03:53.2458222Z Selecting previously unselected package libfreeaptx0:amd64.
verify	Run npx playwright install --with-deps chromium firefox webkit	2026-10-09T12:03:53.2593483Z Preparing to unpack .../130-libfreeaptx0_0.1.1-2build1_amd64.deb ...
verify	Run npx playwright install --with-deps chromium firefox webkit	2026-10-09T12:03:53.2601671Z Unpacking libfreeaptx0:amd64 (0.1.1-2build1) ...
verify	Run npx playwright install --with-deps chromium firefox webkit	2026-10-09T12:03:53.2828233Z Selecting previously unselected package libgraphene-1.0-0:amd64.
verify	Run npx playwright install --with-deps chromium firefox webkit	2026-10-09T12:03:53.2965389Z Preparing to unpack .../131-libgraphene-1.0-0_1.10.8-3build2_amd64.deb ...
verify	Run npx playwright install --with-deps chromium firefox webkit	2026-10-09T12:03:53.2975908Z Unpacking libgraphene-1.0-0:amd64 (1.10.8-3build2) ...
verify	Run npx playwright install --with-deps chromium firefox webkit	2026-10-09T12:03:53.3199965Z Selecting previously unselected package libgssdp-1.6-0:amd64.
verify	Run npx playwright install --with-deps chromium firefox webkit	2026-10-09T12:03:53.3334652Z Preparing to unpack .../132-libgssdp-1.6-0_1.6.3-1build3_amd64.deb ...
verify	Run npx playwright install --with-deps chromium firefox webkit	2026-10-09T12:03:53.3342694Z Unpacking libgssdp-1.6-0:amd64 (1.6.3-1build3) ...
verify	Run npx playwright install --with-deps chromium firefox webkit	2026-10-09T12:03:53.3597067Z Selecting previously unselected package libegl1:amd64.
verify	Run npx playwright install --with-deps chromium firefox webkit	2026-10-09T12:03:53.3732837Z Preparing to unpack .../133-libegl1_1.7.0-1build1_amd64.deb ...
verify	Run npx playwright install --with-deps chromium firefox webkit	2026-10-09T12:03:53.3741770Z Unpacking libegl1:amd64 (1.7.0-1build1) ...
verify	Run npx playwright install --with-deps chromium firefox webkit	2026-10-09T12:03:53.3982980Z Selecting previously unselected package libgstreamer-gl1.0-0:amd64.
verify	Run npx playwright install --with-deps chromium firefox webkit	2026-10-09T12:03:53.4116524Z Preparing to unpack .../134-libgstreamer-gl1.0-0_1.24.2-1ubuntu0.5_amd64.deb ...
verify	Run npx playwright install --with-deps chromium firefox webkit	2026-10-09T12:03:53.4126730Z Unpacking libgstreamer-gl1.0-0:amd64 (1.24.2-1ubuntu0.5) ...
verify	Run npx playwright install --with-deps chromium firefox webkit	2026-10-09T12:03:53.4363510Z Selecting previously unselected package libgtk-4-common.
verify	Run npx playwright install --with-deps chromium firefox webkit	2026-10-09T12:03:53.4494361Z Preparing to unpack .../135-libgtk-4-common_4.14.5+ds-0ubuntu0.10_all.deb ...
verify	Run npx playwright install --with-deps chromium firefox webkit	2026-10-09T12:03:53.4505022Z Unpacking libgtk-4-common (4.14.5+ds-0ubuntu0.10) ...
verify	Run npx playwright install --with-deps chromium firefox webkit	2026-10-09T12:03:53.4992162Z Selecting previously unselected package libgtk-4-1:amd64.
verify	Run npx playwright install --with-deps chromium firefox webkit	2026-10-09T12:03:53.5122919Z Preparing to unpack .../136-libgtk-4-1_4.14.5+ds-0ubuntu0.10_amd64.deb ...
verify	Run npx playwright install --with-deps chromium firefox webkit	2026-10-09T12:03:53.5132813Z Unpacking libgtk-4-1:amd64 (4.14.5+ds-0ubuntu0.10) ...
verify	Run npx playwright install --with-deps chromium firefox webkit	2026-10-09T12:03:53.5793269Z Selecting previously unselected package libgupnp-1.6-0:amd64.
verify	Run npx playwright install --with-deps chromium firefox webkit	2026-10-09T12:03:53.5929627Z Preparing to unpack .../137-libgupnp-1.6-0_1.6.6-1build3_amd64.deb ...
verify	Run npx playwright install --with-deps chromium firefox webkit	2026-10-09T12:03:53.5937087Z Unpacking libgupnp-1.6-0:amd64 (1.6.6-1build3) ...
verify	Run npx playwright install --with-deps chromium firefox webkit	2026-10-09T12:03:53.6172686Z Selecting previously unselected package libgupnp-igd-1.6-0:amd64.
verify	Run npx playwright install --with-deps chromium firefox webkit	2026-10-09T12:03:53.6306474Z Preparing to unpack .../138-libgupnp-igd-1.6-0_1.6.0-3build3_amd64.deb ...
verify	Run npx playwright install --with-deps chromium firefox webkit	2026-10-09T12:03:53.6316033Z Unpacking libgupnp-igd-1.6-0:amd64 (1.6.0-3build3) ...
verify	Run npx playwright install --with-deps chromium firefox webkit	2026-10-09T12:03:53.6540712Z Selecting previously unselected package libharfbuzz-icu0:amd64.
verify	Run npx playwright install --with-deps chromium firefox webkit	2026-10-09T12:03:53.6678218Z Preparing to unpack .../139-libharfbuzz-icu0_8.3.0-2build2_amd64.deb ...
verify	Run npx playwright install --with-deps chromium firefox webkit	2026-10-09T12:03:53.6686653Z Unpacking libharfbuzz-icu0:amd64 (8.3.0-2build2) ...
verify	Run npx playwright install --with-deps chromium firefox webkit	2026-10-09T12:03:53.6940739Z Selecting previously unselected package libhyphen0:amd64.
verify	Run npx playwright install --with-deps chromium firefox webkit	2026-10-09T12:03:53.7077549Z Preparing to unpack .../140-libhyphen0_2.8.8-7build3_amd64.deb ...
verify	Run npx playwright install --with-deps chromium firefox webkit	2026-10-09T12:03:53.7085913Z Unpacking libhyphen0:amd64 (2.8.8-7build3) ...
verify	Run npx playwright install --with-deps chromium firefox webkit	2026-10-09T12:03:53.7309800Z Selecting previously unselected package libimath-3-1-29t64:amd64.
verify	Run npx playwright install --with-deps chromium firefox webkit	2026-10-09T12:03:53.7443912Z Preparing to unpack .../141-libimath-3-1-29t64_3.1.9-3.1ubuntu2_amd64.deb ...
verify	Run npx playwright install --with-deps chromium firefox webkit	2026-10-09T12:03:53.7452827Z Unpacking libimath-3-1-29t64:amd64 (3.1.9-3.1ubuntu2) ...
verify	Run npx playwright install --with-deps chromium firefox webkit	2026-10-09T12:03:53.7688279Z Selecting previously unselected package liblc3-1:amd64.
verify	Run npx playwright install --with-deps chromium firefox webkit	2026-10-09T12:03:53.7821883Z Preparing to unpack .../142-liblc3-1_1.0.4-3build1_amd64.deb ...
verify	Run npx playwright install --with-deps chromium firefox webkit	2026-10-09T12:03:53.7829843Z Unpacking liblc3-1:amd64 (1.0.4-3build1) ...
verify	Run npx playwright install --with-deps chromium firefox webkit	2026-10-09T12:03:53.8056670Z Selecting previously unselected package libldacbt-enc2:amd64.
verify	Run npx playwright install --with-deps chromium firefox webkit	2026-10-09T12:03:53.8188994Z Preparing to unpack .../143-libldacbt-enc2_2.0.2.3+git20200429+ed310a0-4ubuntu2_amd64.deb ...
verify	Run npx playwright install --with-deps chromium firefox webkit	2026-10-09T12:03:53.8199487Z Unpacking libldacbt-enc2:amd64 (2.0.2.3+git20200429+ed310a0-4ubuntu2) ...
verify	Run npx playwright install --with-deps chromium firefox webkit	2026-10-09T12:03:53.8421231Z Selecting previously unselected package libraptor2-0:amd64.
verify	Run npx playwright install --with-deps chromium firefox webkit	2026-10-09T12:03:53.8558088Z Preparing to unpack .../144-libraptor2-0_2.0.16-3ubuntu0.1_amd64.deb ...
verify	Run npx playwright install --with-deps chromium firefox webkit	2026-10-09T12:03:53.8565886Z Unpacking libraptor2-0:amd64 (2.0.16-3ubuntu0.1) ...
verify	Run npx playwright install --with-deps chromium firefox webkit	2026-10-09T12:03:53.8806780Z Selecting previously unselected package liblrdf0:amd64.
verify	Run npx playwright install --with-deps chromium firefox webkit	2026-10-09T12:03:53.8939746Z Preparing to unpack .../145-liblrdf0_0.6.1-4build1_amd64.deb ...
verify	Run npx playwright install --with-deps chromium firefox webkit	2026-10-09T12:03:53.8947720Z Unpacking liblrdf0:amd64 (0.6.1-4build1) ...
verify	Run npx playwright install --with-deps chromium firefox webkit	2026-10-09T12:03:53.9187839Z Selecting previously unselected package libltc11:amd64.
verify	Run npx playwright install --with-deps chromium firefox webkit	2026-10-09T12:03:53.9319808Z Preparing to unpack .../146-libltc11_1.3.2-1build1_amd64.deb ...
verify	Run npx playwright install --with-deps chromium firefox webkit	2026-10-09T12:03:53.9328200Z Unpacking libltc11:amd64 (1.3.2-1build1) ...
verify	Run npx playwright install --with-deps chromium firefox webkit	2026-10-09T12:03:53.9550140Z Selecting previously unselected package libmanette-0.2-0:amd64.
verify	Run npx playwright install --with-deps chromium firefox webkit	2026-10-09T12:03:53.9682484Z Preparing to unpack .../147-libmanette-0.2-0_0.2.7-1build2_amd64.deb ...
verify	Run npx playwright install --with-deps chromium firefox webkit	2026-10-09T12:03:53.9689727Z Unpacking libmanette-0.2-0:amd64 (0.2.7-1build2) ...
verify	Run npx playwright install --with-deps chromium firefox webkit	2026-10-09T12:03:53.9919229Z Selecting previously unselected package libmfx1:amd64.
verify	Run npx playwright install --with-deps chromium firefox webkit	2026-10-09T12:03:54.0055122Z Preparing to unpack .../148-libmfx1_22.5.4-1_amd64.deb ...
verify	Run npx playwright install --with-deps chromium firefox webkit	2026-10-09T12:03:54.0062463Z Unpacking libmfx1:amd64 (22.5.4-1) ...
verify	Run npx playwright install --with-deps chromium firefox webkit	2026-10-09T12:03:54.0979055Z Selecting previously unselected package libmjpegutils-2.1-0t64:amd64.
verify	Run npx playwright install --with-deps chromium firefox webkit	2026-10-09T12:03:54.1116803Z Preparing to unpack .../149-libmjpegutils-2.1-0t64_1%3a2.1.0+debian-8.1build1_amd64.deb ...
verify	Run npx playwright install --with-deps chromium firefox webkit	2026-10-09T12:03:54.1124392Z Unpacking libmjpegutils-2.1-0t64:amd64 (1:2.1.0+debian-8.1build1) ...
verify	Run npx playwright install --with-deps chromium firefox webkit	2026-10-09T12:03:54.1351832Z Selecting previously unselected package libmodplug1:amd64.
verify	Run npx playwright install --with-deps chromium firefox webkit	2026-10-09T12:03:54.1487254Z Preparing to unpack .../150-libmodplug1_1%3a0.8.9.0-3build1_amd64.deb ...
verify	Run npx playwright install --with-deps chromium firefox webkit	2026-10-09T12:03:54.1495709Z Unpacking libmodplug1:amd64 (1:0.8.9.0-3build1) ...
verify	Run npx playwright install --with-deps chromium firefox webkit	2026-10-09T12:03:54.1741178Z Selecting previously unselected package libmpcdec6:amd64.
verify	Run npx playwright install --with-deps chromium firefox webkit	2026-10-09T12:03:54.1876075Z Preparing to unpack .../151-libmpcdec6_2%3a0.1~r495-2build1_amd64.deb ...
verify	Run npx playwright install --with-deps chromium firefox webkit	2026-10-09T12:03:54.1890119Z Unpacking libmpcdec6:amd64 (2:0.1~r495-2build1) ...
verify	Run npx playwright install --with-deps chromium firefox webkit	2026-10-09T12:03:54.2125391Z Selecting previously unselected package libmpeg2encpp-2.1-0t64:amd64.
verify	Run npx playwright install --with-deps chromium firefox webkit	2026-10-09T12:03:54.2264522Z Preparing to unpack .../152-libmpeg2encpp-2.1-0t64_1%3a2.1.0+debian-8.1build1_amd64.deb ...
verify	Run npx playwright install --with-deps chromium firefox webkit	2026-10-09T12:03:54.2272555Z Unpacking libmpeg2encpp-2.1-0t64:amd64 (1:2.1.0+debian-8.1build1) ...
verify	Run npx playwright install --with-deps chromium firefox webkit	2026-10-09T12:03:54.2508194Z Selecting previously unselected package libmplex2-2.1-0t64:amd64.
verify	Run npx playwright install --with-deps chromium firefox webkit	2026-10-09T12:03:54.2643931Z Preparing to unpack .../153-libmplex2-2.1-0t64_1%3a2.1.0+debian-8.1build1_amd64.deb ...
verify	Run npx playwright install --with-deps chromium firefox webkit	2026-10-09T12:03:54.2652985Z Unpacking libmplex2-2.1-0t64:amd64 (1:2.1.0+debian-8.1build1) ...
verify	Run npx playwright install --with-deps chromium firefox webkit	2026-10-09T12:03:54.2875860Z Selecting previously unselected package libneon27t64:amd64.
verify	Run npx playwright install --with-deps chromium firefox webkit	2026-10-09T12:03:54.3011579Z Preparing to unpack .../154-libneon27t64_0.33.0-1.1build3_amd64.deb ...
verify	Run npx playwright install --with-deps chromium firefox webkit	2026-10-09T12:03:54.3019819Z Unpacking libneon27t64:amd64 (0.33.0-1.1build3) ...
verify	Run npx playwright install --with-deps chromium firefox webkit	2026-10-09T12:03:54.3264592Z Selecting previously unselected package libnice10:amd64.
verify	Run npx playwright install --with-deps chromium firefox webkit	2026-10-09T12:03:54.3404100Z Preparing to unpack .../155-libnice10_0.1.21-2build3_amd64.deb ...
verify	Run npx playwright install --with-deps chromium firefox webkit	2026-10-09T12:03:54.3411304Z Unpacking libnice10:amd64 (0.1.21-2build3) ...
verify	Run npx playwright install --with-deps chromium firefox webkit	2026-10-09T12:03:54.3647139Z Selecting previously unselected package libopenal-data.
verify	Run npx playwright install --with-deps chromium firefox webkit	2026-10-09T12:03:54.3782344Z Preparing to unpack .../156-libopenal-data_1%3a1.23.1-4build1_all.deb ...
verify	Run npx playwright install --with-deps chromium firefox webkit	2026-10-09T12:03:54.3791241Z Unpacking libopenal-data (1:1.23.1-4build1) ...
verify	Run npx playwright install --with-deps chromium firefox webkit	2026-10-09T12:03:54.4038366Z Selecting previously unselected package libopenexr-3-1-30:amd64.
verify	Run npx playwright install --with-deps chromium firefox webkit	2026-10-09T12:03:54.4174050Z Preparing to unpack .../157-libopenexr-3-1-30_3.1.5-5.1build3_amd64.deb ...
verify	Run npx playwright install --with-deps chromium firefox webkit	2026-10-09T12:03:54.4182953Z Unpacking libopenexr-3-1-30:amd64 (3.1.5-5.1build3) ...
verify	Run npx playwright install --with-deps chromium firefox webkit	2026-10-09T12:03:54.4578847Z Selecting previously unselected package libopenh264-7:amd64.
verify	Run npx playwright install --with-deps chromium firefox webkit	2026-10-09T12:03:54.4712236Z Preparing to unpack .../158-libopenh264-7_2.4.1+dfsg-1_amd64.deb ...
verify	Run npx playwright install --with-deps chromium firefox webkit	2026-10-09T12:03:54.4719903Z Unpacking libopenh264-7:amd64 (2.4.1+dfsg-1) ...
verify	Run npx playwright install --with-deps chromium firefox webkit	2026-10-09T12:03:54.4997564Z Selecting previously unselected package libopenni2-0:amd64.
verify	Run npx playwright install --with-deps chromium firefox webkit	2026-10-09T12:03:54.5132917Z Preparing to unpack .../159-libopenni2-0_2.2.0.33+dfsg-18_amd64.deb ...
verify	Run npx playwright install --with-deps chromium firefox webkit	2026-10-09T12:03:54.5167713Z Unpacking libopenni2-0:amd64 (2.2.0.33+dfsg-18) ...
verify	Run npx playwright install --with-deps chromium firefox webkit	2026-10-09T12:03:54.5451897Z Selecting previously unselected package libqrencode4:amd64.
verify	Run npx playwright install --with-deps chromium firefox webkit	2026-10-09T12:03:54.5590166Z Preparing to unpack .../160-libqrencode4_4.1.1-1build2_amd64.deb ...
verify	Run npx playwright install --with-deps chromium firefox webkit	2026-10-09T12:03:54.5598100Z Unpacking libqrencode4:amd64 (4.1.1-1build2) ...
verify	Run npx playwright install --with-deps chromium firefox webkit	2026-10-09T12:03:54.6088233Z Selecting previously unselected package libsecret-common.
verify	Run npx playwright install --with-deps chromium firefox webkit	2026-10-09T12:03:54.6225492Z Preparing to unpack .../161-libsecret-common_0.21.4-1build3_all.deb ...
verify	Run npx playwright install --with-deps chromium firefox webkit	2026-10-09T12:03:54.6233560Z Unpacking libsecret-common (0.21.4-1build3) ...
verify	Run npx playwright install --with-deps chromium firefox webkit	2026-10-09T12:03:54.6457641Z Selecting previously unselected package libsecret-1-0:amd64.
verify	Run npx playwright install --with-deps chromium firefox webkit	2026-10-09T12:03:54.6595238Z Preparing to unpack .../162-libsecret-1-0_0.21.4-1build3_amd64.deb ...
verify	Run npx playwright install --with-deps chromium firefox webkit	2026-10-09T12:03:54.6603449Z Unpacking libsecret-1-0:amd64 (0.21.4-1build3) ...
verify	Run npx playwright install --with-deps chromium firefox webkit	2026-10-09T12:03:54.6847789Z Selecting previously unselected package libsndio7.0:amd64.
verify	Run npx playwright install --with-deps chromium firefox webkit	2026-10-09T12:03:54.6986277Z Preparing to unpack .../163-libsndio7.0_1.9.0-0.3build3_amd64.deb ...
verify	Run npx playwright install --with-deps chromium firefox webkit	2026-10-09T12:03:54.6996337Z Unpacking libsndio7.0:amd64 (1.9.0-0.3build3) ...
verify	Run npx playwright install --with-deps chromium firefox webkit	2026-10-09T12:03:54.7234366Z Selecting previously unselected package libsoundtouch1:amd64.
verify	Run npx playwright install --with-deps chromium firefox webkit	2026-10-09T12:03:54.7372835Z Preparing to unpack .../164-libsoundtouch1_2.3.2+ds1-1build1_amd64.deb ...
verify	Run npx playwright install --with-deps chromium firefox webkit	2026-10-09T12:03:54.7379974Z Unpacking libsoundtouch1:amd64 (2.3.2+ds1-1build1) ...
verify	Run npx playwright install --with-deps chromium firefox webkit	2026-10-09T12:03:54.7616354Z Selecting previously unselected package libspandsp2t64:amd64.
verify	Run npx playwright install --with-deps chromium firefox webkit	2026-10-09T12:03:54.7754934Z Preparing to unpack .../165-libspandsp2t64_0.0.6+dfsg-2.1build1_amd64.deb ...
verify	Run npx playwright install --with-deps chromium firefox webkit	2026-10-09T12:03:54.7768758Z Unpacking libspandsp2t64:amd64 (0.0.6+dfsg-2.1build1) ...
verify	Run npx playwright install --with-deps chromium firefox webkit	2026-10-09T12:03:54.8031074Z Selecting previously unselected package libsrtp2-1:amd64.
verify	Run npx playwright install --with-deps chromium firefox webkit	2026-10-09T12:03:54.8167415Z Preparing to unpack .../166-libsrtp2-1_2.5.0-3build1_amd64.deb ...
verify	Run npx playwright install --with-deps chromium firefox webkit	2026-10-09T12:03:54.8175872Z Unpacking libsrtp2-1:amd64 (2.5.0-3build1) ...
verify	Run npx playwright install --with-deps chromium firefox webkit	2026-10-09T12:03:54.8405265Z Selecting previously unselected package libwayland-server0:amd64.
verify	Run npx playwright install --with-deps chromium firefox webkit	2026-10-09T12:03:54.8542584Z Preparing to unpack .../167-libwayland-server0_1.22.0-2.1build1_amd64.deb ...
verify	Run npx playwright install --with-deps chromium firefox webkit	2026-10-09T12:03:54.8550276Z Unpacking libwayland-server0:amd64 (1.22.0-2.1build1) ...
verify	Run npx playwright install --with-deps chromium firefox webkit	2026-10-09T12:03:54.8778945Z Selecting previously unselected package libwildmidi2:amd64.
verify	Run npx playwright install --with-deps chromium firefox webkit	2026-10-09T12:03:54.8918750Z Preparing to unpack .../168-libwildmidi2_0.4.3-1build3_amd64.deb ...
verify	Run npx playwright install --with-deps chromium firefox webkit	2026-10-09T12:03:54.8925697Z Unpacking libwildmidi2:amd64 (0.4.3-1build3) ...
verify	Run npx playwright install --with-deps chromium firefox webkit	2026-10-09T12:03:54.9166107Z Selecting previously unselected package libwoff1:amd64.
verify	Run npx playwright install --with-deps chromium firefox webkit	2026-10-09T12:03:54.9303077Z Preparing to unpack .../169-libwoff1_1.0.2-2build1_amd64.deb ...
verify	Run npx playwright install --with-deps chromium firefox webkit	2026-10-09T12:03:54.9341191Z Unpacking libwoff1:amd64 (1.0.2-2build1) ...
verify	Run npx playwright install --with-deps chromium firefox webkit	2026-10-09T12:03:54.9580435Z Selecting previously unselected package libxcb-xkb1:amd64.
verify	Run npx playwright install --with-deps chromium firefox webkit	2026-10-09T12:03:54.9719481Z Preparing to unpack .../170-libxcb-xkb1_1.15-1ubuntu2_amd64.deb ...
verify	Run npx playwright install --with-deps chromium firefox webkit	2026-10-09T12:03:54.9726775Z Unpacking libxcb-xkb1:amd64 (1.15-1ubuntu2) ...
verify	Run npx playwright install --with-deps chromium firefox webkit	2026-10-09T12:03:54.9980601Z Selecting previously unselected package libxkbcommon-x11-0:amd64.
verify	Run npx playwright install --with-deps chromium firefox webkit	2026-10-09T12:03:55.0118633Z Preparing to unpack .../171-libxkbcommon-x11-0_1.6.0-1build1_amd64.deb ...
verify	Run npx playwright install --with-deps chromium firefox webkit	2026-10-09T12:03:55.0125779Z Unpacking libxkbcommon-x11-0:amd64 (1.6.0-1build1) ...
verify	Run npx playwright install --with-deps chromium firefox webkit	2026-10-09T12:03:55.0353802Z Selecting previously unselected package libzbar0t64:amd64.
verify	Run npx playwright install --with-deps chromium firefox webkit	2026-10-09T12:03:55.0494468Z Preparing to unpack .../172-libzbar0t64_0.23.93-4build3_amd64.deb ...
verify	Run npx playwright install --with-deps chromium firefox webkit	2026-10-09T12:03:55.0502253Z Unpacking libzbar0t64:amd64 (0.23.93-4build3) ...
verify	Run npx playwright install --with-deps chromium firefox webkit	2026-10-09T12:03:55.0746617Z Selecting previously unselected package libzxing3:amd64.
verify	Run npx playwright install --with-deps chromium firefox webkit	2026-10-09T12:03:55.0885790Z Preparing to unpack .../173-libzxing3_2.2.1-3_amd64.deb ...
verify	Run npx playwright install --with-deps chromium firefox webkit	2026-10-09T12:03:55.0892694Z Unpacking libzxing3:amd64 (2.2.1-3) ...
verify	Run npx playwright install --with-deps chromium firefox webkit	2026-10-09T12:03:55.1183616Z Selecting previously unselected package xfonts-encodings.
verify	Run npx playwright install --with-deps chromium firefox webkit	2026-10-09T12:03:55.1318455Z Preparing to unpack .../174-xfonts-encodings_1%3a1.0.5-0ubuntu2_all.deb ...
verify	Run npx playwright install --with-deps chromium firefox webkit	2026-10-09T12:03:55.1326007Z Unpacking xfonts-encodings (1:1.0.5-0ubuntu2) ...
verify	Run npx playwright install --with-deps chromium firefox webkit	2026-10-09T12:03:55.1640237Z Selecting previously unselected package xfonts-utils.
verify	Run npx playwright install --with-deps chromium firefox webkit	2026-10-09T12:03:55.1776959Z Preparing to unpack .../175-xfonts-utils_1%3a7.7+6build3_amd64.deb ...
verify	Run npx playwright install --with-deps chromium firefox webkit	2026-10-09T12:03:55.1785242Z Unpacking xfonts-utils (1:7.7+6build3) ...
verify	Run npx playwright install --with-deps chromium firefox webkit	2026-10-09T12:03:55.2169507Z Selecting previously unselected package xfonts-cyrillic.
verify	Run npx playwright install --with-deps chromium firefox webkit	2026-10-09T12:03:55.2301149Z Preparing to unpack .../176-xfonts-cyrillic_1%3a1.0.5+nmu1_all.deb ...
verify	Run npx playwright install --with-deps chromium firefox webkit	2026-10-09T12:03:55.2310420Z Unpacking xfonts-cyrillic (1:1.0.5+nmu1) ...
verify	Run npx playwright install --with-deps chromium firefox webkit	2026-10-09T12:03:55.2670864Z Selecting previously unselected package xfonts-scalable.
verify	Run npx playwright install --with-deps chromium firefox webkit	2026-10-09T12:03:55.2810407Z Preparing to unpack .../177-xfonts-scalable_1%3a1.0.3-1.3_all.deb ...
verify	Run npx playwright install --with-deps chromium firefox webkit	2026-10-09T12:03:55.2819438Z Unpacking xfonts-scalable (1:1.0.3-1.3) ...
verify	Run npx playwright install --with-deps chromium firefox webkit	2026-10-09T12:03:55.3083390Z Selecting previously unselected package libgstreamer-plugins-bad1.0-0:amd64.
verify	Run npx playwright install --with-deps chromium firefox webkit	2026-10-09T12:03:55.3219749Z Preparing to unpack .../178-libgstreamer-plugins-bad1.0-0_1.24.2-1ubuntu4_amd64.deb ...
verify	Run npx playwright install --with-deps chromium firefox webkit	2026-10-09T12:03:55.3251245Z Unpacking libgstreamer-plugins-bad1.0-0:amd64 (1.24.2-1ubuntu4) ...
verify	Run npx playwright install --with-deps chromium firefox webkit	2026-10-09T12:03:55.3639968Z Selecting previously unselected package libdca0:amd64.
verify	Run npx playwright install --with-deps chromium firefox webkit	2026-10-09T12:03:55.3778597Z Preparing to unpack .../179-libdca0_0.0.7-2build1_amd64.deb ...
verify	Run npx playwright install --with-deps chromium firefox webkit	2026-10-09T12:03:55.3789432Z Unpacking libdca0:amd64 (0.0.7-2build1) ...
verify	Run npx playwright install --with-deps chromium firefox webkit	2026-10-09T12:03:55.4026382Z Selecting previously unselected package libopenal1:amd64.
verify	Run npx playwright install --with-deps chromium firefox webkit	2026-10-09T12:03:55.4161658Z Preparing to unpack .../180-libopenal1_1%3a1.23.1-4build1_amd64.deb ...
verify	Run npx playwright install --with-deps chromium firefox webkit	2026-10-09T12:03:55.4168843Z Unpacking libopenal1:amd64 (1:1.23.1-4build1) ...
verify	Run npx playwright install --with-deps chromium firefox webkit	2026-10-09T12:03:55.4454404Z Selecting previously unselected package libsbc1:amd64.
verify	Run npx playwright install --with-deps chromium firefox webkit	2026-10-09T12:03:55.4586851Z Preparing to unpack .../181-libsbc1_2.0-1build1_amd64.deb ...
verify	Run npx playwright install --with-deps chromium firefox webkit	2026-10-09T12:03:55.4594899Z Unpacking libsbc1:amd64 (2.0-1build1) ...
verify	Run npx playwright install --with-deps chromium firefox webkit	2026-10-09T12:03:55.4818592Z Selecting previously unselected package libvo-aacenc0:amd64.
verify	Run npx playwright install --with-deps chromium firefox webkit	2026-10-09T12:03:55.4951631Z Preparing to unpack .../182-libvo-aacenc0_0.1.3-2build1_amd64.deb ...
verify	Run npx playwright install --with-deps chromium firefox webkit	2026-10-09T12:03:55.4960000Z Unpacking libvo-aacenc0:amd64 (0.1.3-2build1) ...
verify	Run npx playwright install --with-deps chromium firefox webkit	2026-10-09T12:03:55.5184258Z Selecting previously unselected package libvo-amrwbenc0:amd64.
verify	Run npx playwright install --with-deps chromium firefox webkit	2026-10-09T12:03:55.5318498Z Preparing to unpack .../183-libvo-amrwbenc0_0.1.3-2build1_amd64.deb ...
verify	Run npx playwright install --with-deps chromium firefox webkit	2026-10-09T12:03:55.5328374Z Unpacking libvo-amrwbenc0:amd64 (0.1.3-2build1) ...
verify	Run npx playwright install --with-deps chromium firefox webkit	2026-10-09T12:03:55.5555318Z Selecting previously unselected package gstreamer1.0-plugins-bad:amd64.
verify	Run npx playwright install --with-deps chromium firefox webkit	2026-10-09T12:03:55.5691242Z Preparing to unpack .../184-gstreamer1.0-plugins-bad_1.24.2-1ubuntu4_amd64.deb ...
verify	Run npx playwright install --with-deps chromium firefox webkit	2026-10-09T12:03:55.5698396Z Unpacking gstreamer1.0-plugins-bad:amd64 (1.24.2-1ubuntu4) ...
verify	Run npx playwright install --with-deps chromium firefox webkit	2026-10-09T12:03:55.7585786Z Setting up libgme0:amd64 (0.6.3-7build1) ...
verify	Run npx playwright install --with-deps chromium firefox webkit	2026-10-09T12:03:55.7606530Z Setting up libchromaprint1:amd64 (1.5.1-5) ...
verify	Run npx playwright install --with-deps chromium firefox webkit	2026-10-09T12:03:55.7628524Z Setting up libssh-gcrypt-4:amd64 (0.10.6-2ubuntu0.5) ...
verify	Run npx playwright install --with-deps chromium firefox webkit	2026-10-09T12:03:55.7670359Z Setting up libhwy1t64:amd64 (1.0.7-8.1build1) ...
verify	Run npx playwright install --with-deps chromium firefox webkit	2026-10-09T12:03:55.7693830Z Setting up libfreeaptx0:amd64 (0.1.1-2build1) ...
verify	Run npx playwright install --with-deps chromium firefox webkit	2026-10-09T12:03:55.7713740Z Setting up libdvdread8t64:amd64 (6.1.3-1.1build1) ...
verify	Run npx playwright install --with-deps chromium firefox webkit	2026-10-09T12:03:55.7735625Z Setting up libudfread0:amd64 (1.1.2-1build1) ...
verify	Run npx playwright install --with-deps chromium firefox webkit	2026-10-09T12:03:55.7753625Z Setting up libmodplug1:amd64 (1:0.8.9.0-3build1) ...
verify	Run npx playwright install --with-deps chromium firefox webkit	2026-10-09T12:03:55.7770961Z Setting up libcdparanoia0:amd64 (3.10.2+debian-14build3) ...
verify	Run npx playwright install --with-deps chromium firefox webkit	2026-10-09T12:03:55.7789970Z Setting up libwayland-server0:amd64 (1.22.0-2.1build1) ...
verify	Run npx playwright install --with-deps chromium firefox webkit	2026-10-09T12:03:55.7813482Z Setting up libvo-amrwbenc0:amd64 (0.1.3-2build1) ...
verify	Run npx playwright install --with-deps chromium firefox webkit	2026-10-09T12:03:55.7830873Z Setting up session-migration (0.3.9build1) ...
verify	Run npx playwright install --with-deps chromium firefox webkit	2026-10-09T12:03:55.9111660Z Created symlink /etc/systemd/user/graphical-session-pre.target.wants/session-migration.service → /usr/lib/systemd/user/session-migration.service.
verify	Run npx playwright install --with-deps chromium firefox webkit	2026-10-09T12:03:55.9112366Z 
verify	Run npx playwright install --with-deps chromium firefox webkit	2026-10-09T12:03:55.9141237Z Setting up libraw1394-11:amd64 (2.1.2-2build3) ...
verify	Run npx playwright install --with-deps chromium firefox webkit	2026-10-09T12:03:55.9158755Z Setting up libsbc1:amd64 (2.0-1build1) ...
verify	Run npx playwright install --with-deps chromium firefox webkit	2026-10-09T12:03:55.9179844Z Setting up libproxy1v5:amd64 (0.5.4-4build1) ...
verify	Run npx playwright install --with-deps chromium firefox webkit	2026-10-09T12:03:55.9198585Z Setting up libtag1v5-vanilla:amd64 (1.13.1-1build1) ...
verify	Run npx playwright install --with-deps chromium firefox webkit	2026-10-09T12:03:55.9216299Z Setting up libharfbuzz-icu0:amd64 (8.3.0-2build2) ...
verify	Run npx playwright install --with-deps chromium firefox webkit	2026-10-09T12:03:55.9239490Z Setting up libopenni2-0:amd64 (2.2.0.33+dfsg-18) ...
verify	Run npx playwright install --with-deps chromium firefox webkit	2026-10-09T12:03:55.9474378Z Setting up libspeex1:amd64 (1.2.1-2ubuntu2.24.04.1) ...
verify	Run npx playwright install --with-deps chromium firefox webkit	2026-10-09T12:03:55.9494805Z Setting up libshine3:amd64 (3.1.1-2build1) ...
verify	Run npx playwright install --with-deps chromium firefox webkit	2026-10-09T12:03:55.9516879Z Setting up libcaca0:amd64 (0.99.beta20-4ubuntu0.2) ...
verify	Run npx playwright install --with-deps chromium firefox webkit	2026-10-09T12:03:55.9538206Z Setting up libvpl2 (2023.3.0-1build1) ...
verify	Run npx playwright install --with-deps chromium firefox webkit	2026-10-09T12:03:55.9560555Z Setting up libv4lconvert0t64:amd64 (1.26.1-4build3) ...
verify	Run npx playwright install --with-deps chromium firefox webkit	2026-10-09T12:03:55.9580905Z Setting up libx264-164:amd64 (2:0.164.3108+git31e19f9-1) ...
verify	Run npx playwright install --with-deps chromium firefox webkit	2026-10-09T12:03:55.9598779Z Setting up libtwolame0:amd64 (0.4.0-2build3) ...
verify	Run npx playwright install --with-deps chromium firefox webkit	2026-10-09T12:03:55.9618638Z Setting up libmbedcrypto7t64:amd64 (2.28.8-1) ...
verify	Run npx playwright install --with-deps chromium firefox webkit	2026-10-09T12:03:55.9639198Z Setting up libwoff1:amd64 (1.0.2-2build1) ...
verify	Run npx playwright install --with-deps chromium firefox webkit	2026-10-09T12:03:55.9658741Z Setting up liblc3-1:amd64 (1.0.4-3build1) ...
verify	Run npx playwright install --with-deps chromium firefox webkit	2026-10-09T12:03:55.9677607Z Setting up libqrencode4:amd64 (4.1.1-1build2) ...
verify	Run npx playwright install --with-deps chromium firefox webkit	2026-10-09T12:03:55.9694203Z Setting up libhyphen0:amd64 (2.8.8-7build3) ...
verify	Run npx playwright install --with-deps chromium firefox webkit	2026-10-09T12:03:55.9717116Z Setting up libgsm1:amd64 (1.0.22-1build1) ...
verify	Run npx playwright install --with-deps chromium firefox webkit	2026-10-09T12:03:55.9739187Z Setting up libvisual-0.4-0:amd64 (0.4.2-2build1) ...
verify	Run npx playwright install --with-deps chromium firefox webkit	2026-10-09T12:03:55.9760117Z Setting up libsoxr0:amd64 (0.1.3-4build3) ...
verify	Run npx playwright install --with-deps chromium firefox webkit	2026-10-09T12:03:55.9781262Z Setting up libzix-0-0:amd64 (0.4.2-2build1) ...
verify	Run npx playwright install --with-deps chromium firefox webkit	2026-10-09T12:03:55.9801782Z Setting up libcodec2-1.2:amd64 (1.2.0-2build1) ...
verify	Run npx playwright install --with-deps chromium firefox webkit	2026-10-09T12:03:55.9823130Z Setting up libmanette-0.2-0:amd64 (0.2.7-1build2) ...
verify	Run npx playwright install --with-deps chromium firefox webkit	2026-10-09T12:03:55.9848962Z Setting up libsrtp2-1:amd64 (2.5.0-3build1) ...
verify	Run npx playwright install --with-deps chromium firefox webkit	2026-10-09T12:03:55.9898001Z Setting up libmysofa1:amd64 (1.3.2+dfsg-2ubuntu2) ...
verify	Run npx playwright install --with-deps chromium firefox webkit	2026-10-09T12:03:55.9922520Z Setting up libldacbt-enc2:amd64 (2.0.2.3+git20200429+ed310a0-4ubuntu2) ...
verify	Run npx playwright install --with-deps chromium firefox webkit	2026-10-09T12:03:55.9946316Z Setting up fonts-wqy-zenhei (0.9.45-8) ...
verify	Run npx playwright install --with-deps chromium firefox webkit	2026-10-09T12:03:56.0074908Z Setting up libwebrtc-audio-processing1:amd64 (0.3.1-0ubuntu6) ...
verify	Run npx playwright install --with-deps chromium firefox webkit	2026-10-09T12:03:56.0099786Z Setting up fonts-freefont-ttf (20211204+svn4273-2) ...
verify	Run npx playwright install --with-deps chromium firefox webkit	2026-10-09T12:03:56.0118618Z Setting up libevent-2.1-7t64:amd64 (2.1.12-stable-9ubuntu2.2) ...
verify	Run npx playwright install --with-deps chromium firefox webkit	2026-10-09T12:03:56.0138880Z Setting up libsvtav1enc1d1:amd64 (1.7.0+dfsg-2build1) ...
verify	Run npx playwright install --with-deps chromium firefox webkit	2026-10-09T12:03:56.0157416Z Setting up libsoup-3.0-common (3.4.4-5ubuntu0.9) ...
verify	Run npx playwright install --with-deps chromium firefox webkit	2026-10-09T12:03:56.0176438Z Setting up libmpg123-0t64:amd64 (1.32.5-1ubuntu1.1) ...
verify	Run npx playwright install --with-deps chromium firefox webkit	2026-10-09T12:03:56.0199072Z Setting up libcjson1:amd64 (1.7.17-1) ...
verify	Run npx playwright install --with-deps chromium firefox webkit	2026-10-09T12:03:56.0220834Z Setting up libxvidcore4:amd64 (2:1.3.7-1build1) ...
verify	Run npx playwright install --with-deps chromium firefox webkit	2026-10-09T12:03:56.0243292Z Setting up libmpcdec6:amd64 (2:0.1~r495-2build1) ...
verify	Run npx playwright install --with-deps chromium firefox webkit	2026-10-09T12:03:56.0263268Z Setting up libmjpegutils-2.1-0t64:amd64 (1:2.1.0+debian-8.1build1) ...
verify	Run npx playwright install --with-deps chromium firefox webkit	2026-10-09T12:03:56.0281637Z Setting up librav1e0:amd64 (0.7.1-2) ...
verify	Run npx playwright install --with-deps chromium firefox webkit	2026-10-09T12:03:56.0303858Z Setting up liborc-0.4-0t64:amd64 (1:0.4.38-1ubuntu0.1) ...
verify	Run npx playwright install --with-deps chromium firefox webkit	2026-10-09T12:03:56.0322562Z Setting up libxcb-xkb1:amd64 (1.15-1ubuntu2) ...
verify	Run npx playwright install --with-deps chromium firefox webkit	2026-10-09T12:03:56.0340986Z Setting up libvo-aacenc0:amd64 (0.1.3-2build1) ...
verify	Run npx playwright install --with-deps chromium firefox webkit	2026-10-09T12:03:56.0366360Z Setting up librist4:amd64 (0.2.10+dfsg-2) ...
verify	Run npx playwright install --with-deps chromium firefox webkit	2026-10-09T12:03:56.0393072Z Setting up libblas3:amd64 (3.12.0-3build1.1) ...
verify	Run npx playwright install --with-deps chromium firefox webkit	2026-10-09T12:03:56.0454963Z update-alternatives: using /usr/lib/x86_64-linux-gnu/blas/libblas.so.3 to provide /usr/lib/x86_64-linux-gnu/libblas.so.3 (libblas.so.3-x86_64-linux-gnu) in auto mode
verify	Run npx playwright install --with-deps chromium firefox webkit	2026-10-09T12:03:56.0470825Z Setting up libegl-mesa0:amd64 (25.2.8-0ubuntu0.24.04.4) ...
verify	Run npx playwright install --with-deps chromium firefox webkit	2026-10-09T12:03:56.0491819Z Setting up libsoundtouch1:amd64 (2.3.2+ds1-1build1) ...
verify	Run npx playwright install --with-deps chromium firefox webkit	2026-10-09T12:03:56.0517283Z Setting up libplacebo338:amd64 (6.338.2-2build1) ...
verify	Run npx playwright install --with-deps chromium firefox webkit	2026-10-09T12:03:56.0542215Z Setting up libgles2:amd64 (1.7.0-1build1) ...
verify	Run npx playwright install --with-deps chromium firefox webkit	2026-10-09T12:03:56.0564843Z Setting up fonts-tlwg-loma-otf (1:0.7.3-1) ...
verify	Run npx playwright install --with-deps chromium firefox webkit	2026-10-09T12:03:56.0584218Z Setting up libva2:amd64 (2.20.0-2ubuntu0.2) ...
verify	Run npx playwright install --with-deps chromium firefox webkit	2026-10-09T12:03:56.0606707Z Setting up libspa-0.2-modules:amd64 (1.0.5-1ubuntu3.3) ...
verify	Run npx playwright install --with-deps chromium firefox webkit	2026-10-09T12:03:56.0625572Z Setting up libzxing3:amd64 (2.2.1-3) ...
verify	Run npx playwright install --with-deps chromium firefox webkit	2026-10-09T12:03:56.0646323Z Setting up xfonts-encodings (1:1.0.5-0ubuntu2) ...
verify	Run npx playwright install --with-deps chromium firefox webkit	2026-10-09T12:03:56.0678771Z Setting up libopus0:amd64 (1.4-1build1) ...
verify	Run npx playwright install --with-deps chromium firefox webkit	2026-10-09T12:03:56.0698782Z Setting up libfaad2:amd64 (2.11.1-1build1) ...
verify	Run npx playwright install --with-deps chromium firefox webkit	2026-10-09T12:03:56.0725879Z Setting up libxkbcommon-x11-0:amd64 (1.6.0-1build1) ...
verify	Run npx playwright install --with-deps chromium firefox webkit	2026-10-09T12:03:56.0746010Z Setting up libdc1394-25:amd64 (2.2.6-4build1) ...
verify	Run npx playwright install --with-deps chromium firefox webkit	2026-10-09T12:03:56.0765729Z Setting up libpng16-16t64:amd64 (1.6.43-5ubuntu0.7) ...
verify	Run npx playwright install --with-deps chromium firefox webkit	2026-10-09T12:03:56.0785190Z Setting up libimath-3-1-29t64:amd64 (3.1.9-3.1ubuntu2) ...
verify	Run npx playwright install --with-deps chromium firefox webkit	2026-10-09T12:03:56.0803649Z Setting up libunibreak5:amd64 (5.1-2build1) ...
verify	Run npx playwright install --with-deps chromium firefox webkit	2026-10-09T12:03:56.0833529Z Setting up libdv4t64:amd64 (1.0.0-17.1build1) ...
verify	Run npx playwright install --with-deps chromium firefox webkit	2026-10-09T12:03:56.0853758Z Setting up libjxl0.7:amd64 (0.7.0-10.2ubuntu6.1) ...
verify	Run npx playwright install --with-deps chromium firefox webkit	2026-10-09T12:03:56.0873647Z Setting up libopenh264-7:amd64 (2.4.1+dfsg-1) ...
verify	Run npx playwright install --with-deps chromium firefox webkit	2026-10-09T12:03:56.0891613Z Setting up libltc11:amd64 (1.3.2-1build1) ...
verify	Run npx playwright install --with-deps chromium firefox webkit	2026-10-09T12:03:56.0910667Z Setting up libx265-199:amd64 (3.5-2build1) ...
verify	Run npx playwright install --with-deps chromium firefox webkit	2026-10-09T12:03:56.0930637Z Setting up libv4l-0t64:amd64 (1.26.1-4build3) ...
verify	Run npx playwright install --with-deps chromium firefox webkit	2026-10-09T12:03:56.0949906Z Setting up libavtp0:amd64 (0.2.0-1build1) ...
verify	Run npx playwright install --with-deps chromium firefox webkit	2026-10-09T12:03:56.0996778Z Setting up libsndio7.0:amd64 (1.9.0-0.3build3) ...
verify	Run npx playwright install --with-deps chromium firefox webkit	2026-10-09T12:03:56.1020580Z Setting up libdirectfb-1.7-7t64:amd64 (1.7.7-11.1ubuntu2) ...
verify	Run npx playwright install --with-deps chromium firefox webkit	2026-10-09T12:03:56.1042133Z Setting up libspandsp2t64:amd64 (0.0.6+dfsg-2.1build1) ...
verify	Run npx playwright install --with-deps chromium firefox webkit	2026-10-09T12:03:56.1063755Z Setting up libvidstab1.1:amd64 (1.1.0-2build1) ...
verify	Run npx playwright install --with-deps chromium firefox webkit	2026-10-09T12:03:56.1328857Z Setting up libvpx9:amd64 (1.14.0-1ubuntu2.3) ...
verify	Run npx playwright install --with-deps chromium firefox webkit	2026-10-09T12:03:56.1350233Z Setting up libsrt1.5-gnutls:amd64 (1.5.3-1build2) ...
verify	Run npx playwright install --with-deps chromium firefox webkit	2026-10-09T12:03:56.1367445Z Setting up libtag1v5:amd64 (1.13.1-1build1) ...
verify	Run npx playwright install --with-deps chromium firefox webkit	2026-10-09T12:03:56.1392506Z Setting up libflite1:amd64 (2.2-6build3) ...
verify	Run npx playwright install --with-deps chromium firefox webkit	2026-10-09T12:03:56.1415089Z Setting up libdav1d7:amd64 (1.4.1-1build1) ...
verify	Run npx playwright install --with-deps chromium firefox webkit	2026-10-09T12:03:56.1435936Z Setting up libva-drm2:amd64 (2.20.0-2ubuntu0.2) ...
verify	Run npx playwright install --with-deps chromium firefox webkit	2026-10-09T12:03:56.1459573Z Setting up fonts-ipafont-gothic (00303-21ubuntu1) ...
verify	Run npx playwright install --with-deps chromium firefox webkit	2026-10-09T12:03:56.1530813Z update-alternatives: using /usr/share/fonts/opentype/ipafont-gothic/ipag.ttf to provide /usr/share/fonts/truetype/fonts-japanese-gothic.ttf (fonts-japanese-gothic.ttf) in auto mode
verify	Run npx playwright install --with-deps chromium firefox webkit	2026-10-09T12:03:56.1547871Z Setting up ocl-icd-libopencl1:amd64 (2.3.2-1build1) ...
verify	Run npx playwright install --with-deps chromium firefox webkit	2026-10-09T12:03:56.1566319Z Setting up libasyncns0:amd64 (0.8-6build4) ...
verify	Run npx playwright install --with-deps chromium firefox webkit	2026-10-09T12:03:56.1584266Z Setting up libwildmidi2:amd64 (0.4.3-1build3) ...
verify	Run npx playwright install --with-deps chromium firefox webkit	2026-10-09T12:03:56.1604797Z Setting up libvdpau1:amd64 (1.5-2build1) ...
verify	Run npx playwright install --with-deps chromium firefox webkit	2026-10-09T12:03:56.1630282Z Setting up libwavpack1:amd64 (5.6.0-1build1) ...
verify	Run npx playwright install --with-deps chromium firefox webkit	2026-10-09T12:03:56.1656177Z Setting up libbs2b0:amd64 (3.1.0+dfsg-7build1) ...
verify	Run npx playwright install --with-deps chromium firefox webkit	2026-10-09T12:03:56.1675558Z Setting up libtheora0:amd64 (1.1.1+dfsg.1-16.1build3) ...
verify	Run npx playwright install --with-deps chromium firefox webkit	2026-10-09T12:03:56.1696622Z Setting up libegl1:amd64 (1.7.0-1build1) ...
verify	Run npx playwright install --with-deps chromium firefox webkit	2026-10-09T12:03:56.1714179Z Setting up libdecor-0-0:amd64 (0.2.2-1build2) ...
verify	Run npx playwright install --with-deps chromium firefox webkit	2026-10-09T12:03:56.1730592Z Setting up libdca0:amd64 (0.0.7-2build1) ...
verify	Run npx playwright install --with-deps chromium firefox webkit	2026-10-09T12:03:56.1753851Z Setting up libzimg2:amd64 (3.0.5+ds1-1build1) ...
verify	Run npx playwright install --with-deps chromium firefox webkit	2026-10-09T12:03:56.1771110Z Setting up libopenal-data (1:1.23.1-4build1) ...
verify	Run npx playwright install --with-deps chromium firefox webkit	2026-10-09T12:03:56.1801889Z Setting up libabsl20220623t64:amd64 (20220623.1-3.1ubuntu3.2) ...
verify	Run npx playwright install --with-deps chromium firefox webkit	2026-10-09T12:03:56.1820800Z Setting up libflac12t64:amd64 (1.4.3+ds-2.1ubuntu2) ...
verify	Run npx playwright install --with-deps chromium firefox webkit	2026-10-09T12:03:56.1841297Z Setting up libgtk-4-common (4.14.5+ds-0ubuntu0.10) ...
verify	Run npx playwright install --with-deps chromium firefox webkit	2026-10-09T12:03:56.1859355Z Setting up libmpeg2encpp-2.1-0t64:amd64 (1:2.1.0+debian-8.1build1) ...
verify	Run npx playwright install --with-deps chromium firefox webkit	2026-10-09T12:03:56.1876554Z Setting up glib-networking-common (2.80.0-1build1) ...
verify	Run npx playwright install --with-deps chromium firefox webkit	2026-10-09T12:03:56.1901476Z Setting up libmfx1:amd64 (22.5.4-1) ...
verify	Run npx playwright install --with-deps chromium firefox webkit	2026-10-09T12:03:56.1921738Z Setting up libde265-0:amd64 (1.0.15-1ubuntu0.2) ...
verify	Run npx playwright install --with-deps chromium firefox webkit	2026-10-09T12:03:56.1942617Z Setting up libsamplerate0:amd64 (0.2.2-4build1) ...
verify	Run npx playwright install --with-deps chromium firefox webkit	2026-10-09T12:03:56.1966009Z Setting up timgm6mb-soundfont (1.3-5) ...
verify	Run npx playwright install --with-deps chromium firefox webkit	2026-10-09T12:03:56.2050209Z update-alternatives: using /usr/share/sounds/sf2/TimGM6mb.sf2 to provide /usr/share/sounds/sf2/default-GM.sf2 (default-GM.sf2) in auto mode
verify	Run npx playwright install --with-deps chromium firefox webkit	2026-10-09T12:03:56.2118783Z update-alternatives: using /usr/share/sounds/sf2/TimGM6mb.sf2 to provide /usr/share/sounds/sf3/default-GM.sf3 (default-GM.sf3) in auto mode
verify	Run npx playwright install --with-deps chromium firefox webkit	2026-10-09T12:03:56.2135971Z Setting up libva-x11-2:amd64 (2.20.0-2ubuntu0.2) ...
verify	Run npx playwright install --with-deps chromium firefox webkit	2026-10-09T12:03:56.2156086Z Setting up libyuv0:amd64 (0.0~git202401110.af6ac82-1) ...
verify	Run npx playwright install --with-deps chromium firefox webkit	2026-10-09T12:03:56.2176449Z Setting up libmplex2-2.1-0t64:amd64 (1:2.1.0+debian-8.1build1) ...
verify	Run npx playwright install --with-deps chromium firefox webkit	2026-10-09T12:03:56.2197131Z Setting up libpipewire-0.3-0t64:amd64 (1.0.5-1ubuntu3.3) ...
verify	Run npx playwright install --with-deps chromium firefox webkit	2026-10-09T12:03:56.2217264Z Setting up libxml2:amd64 (2.9.14+dfsg-1.3ubuntu3.10) ...
verify	Run npx playwright install --with-deps chromium firefox webkit	2026-10-09T12:03:56.2238755Z Setting up libopenmpt0t64:amd64 (0.7.3-1.1build3) ...
verify	Run npx playwright install --with-deps chromium firefox webkit	2026-10-09T12:03:56.2258561Z Setting up libzvbi-common (0.2.42-2) ...
verify	Run npx playwright install --with-deps chromium firefox webkit	2026-10-09T12:03:56.2279466Z Setting up libsecret-common (0.21.4-1build3) ...
verify	Run npx playwright install --with-deps chromium firefox webkit	2026-10-09T12:03:56.2299714Z Setting up libmp3lame0:amd64 (3.100-6build1) ...
verify	Run npx playwright install --with-deps chromium firefox webkit	2026-10-09T12:03:56.2320606Z Setting up libgraphene-1.0-0:amd64 (1.10.8-3build2) ...
verify	Run npx playwright install --with-deps chromium firefox webkit	2026-10-09T12:03:56.2341597Z Setting up libvorbisenc2:amd64 (1.3.7-1build3) ...
verify	Run npx playwright install --with-deps chromium firefox webkit	2026-10-09T12:03:56.2359248Z Setting up libdvdnav4:amd64 (6.1.1-3build1) ...
verify	Run npx playwright install --with-deps chromium firefox webkit	2026-10-09T12:03:56.2384213Z Setting up fonts-unifont (1:15.1.01-1build1) ...
verify	Run npx playwright install --with-deps chromium firefox webkit	2026-10-09T12:03:56.2404466Z Setting up libaa1:amd64 (1.4p5-51.1) ...
verify	Run npx playwright install --with-deps chromium firefox webkit	2026-10-09T12:03:56.2425650Z Setting up libiec61883-0:amd64 (1.2.0-6build1) ...
verify	Run npx playwright install --with-deps chromium firefox webkit	2026-10-09T12:03:56.2445897Z Setting up libserd-0-0:amd64 (0.32.2-1) ...
verify	Run npx playwright install --with-deps chromium firefox webkit	2026-10-09T12:03:56.2465317Z Setting up libavc1394-0:amd64 (0.5.4-5build3) ...
verify	Run npx playwright install --with-deps chromium firefox webkit	2026-10-09T12:03:56.2486048Z Setting up gsettings-desktop-schemas (46.1-0ubuntu1) ...
verify	Run npx playwright install --with-deps chromium firefox webkit	2026-10-09T12:03:56.2504809Z Setting up glib-networking-services (2.80.0-1build1) ...
verify	Run npx playwright install --with-deps chromium firefox webkit	2026-10-09T12:03:56.2528335Z Setting up liblapack3:amd64 (3.12.0-3build1.1) ...
verify	Run npx playwright install --with-deps chromium firefox webkit	2026-10-09T12:03:56.2594580Z update-alternatives: using /usr/lib/x86_64-linux-gnu/lapack/liblapack.so.3 to provide /usr/lib/x86_64-linux-gnu/liblapack.so.3 (liblapack.so.3-x86_64-linux-gnu) in auto mode
verify	Run npx playwright install --with-deps chromium firefox webkit	2026-10-09T12:03:56.2610113Z Setting up libneon27t64:amd64 (0.33.0-1.1build3) ...
verify	Run npx playwright install --with-deps chromium firefox webkit	2026-10-09T12:03:56.2633781Z Setting up libzvbi0t64:amd64 (0.2.42-2) ...
verify	Run npx playwright install --with-deps chromium firefox webkit	2026-10-09T12:03:56.2656336Z Setting up libraptor2-0:amd64 (2.0.16-3ubuntu0.1) ...
verify	Run npx playwright install --with-deps chromium firefox webkit	2026-10-09T12:03:56.2673865Z Setting up libzbar0t64:amd64 (0.23.93-4build3) ...
verify	Run npx playwright install --with-deps chromium firefox webkit	2026-10-09T12:03:56.2697893Z Setting up libgstreamer-plugins-base1.0-0:amd64 (1.24.2-1ubuntu0.5) ...
verify	Run npx playwright install --with-deps chromium firefox webkit	2026-10-09T12:03:56.2715230Z Setting up libavutil58:amd64 (7:6.1.1-3ubuntu5) ...
verify	Run npx playwright install --with-deps chromium firefox webkit	2026-10-09T12:03:56.2735676Z Setting up libopenal1:amd64 (1:1.23.1-4build1) ...
verify	Run npx playwright install --with-deps chromium firefox webkit	2026-10-09T12:03:56.2755746Z Setting up librsvg2-2:amd64 (2.58.0+dfsg-1ubuntu0.1) ...
verify	Run npx playwright install --with-deps chromium firefox webkit	2026-10-09T12:03:56.2773260Z Setting up libxml2-dev:amd64 (2.9.14+dfsg-1.3ubuntu3.10) ...
verify	Run npx playwright install --with-deps chromium firefox webkit	2026-10-09T12:03:56.2796956Z Setting up libsecret-1-0:amd64 (0.21.4-1build3) ...
verify	Run npx playwright install --with-deps chromium firefox webkit	2026-10-09T12:03:56.2817161Z Setting up libgstreamer-plugins-good1.0-0:amd64 (1.24.2-1ubuntu1.8) ...
verify	Run npx playwright install --with-deps chromium firefox webkit	2026-10-09T12:03:56.2835118Z Setting up libgstreamer-gl1.0-0:amd64 (1.24.2-1ubuntu0.5) ...
verify	Run npx playwright install --with-deps chromium firefox webkit	2026-10-09T12:03:56.2859843Z Setting up gstreamer1.0-plugins-base:amd64 (1.24.2-1ubuntu0.5) ...
verify	Run npx playwright install --with-deps chromium firefox webkit	2026-10-09T12:03:56.2880709Z Setting up libfreetype6:amd64 (2.13.2+dfsg-1ubuntu0.2) ...
verify	Run npx playwright install --with-deps chromium firefox webkit	2026-10-09T12:03:56.2899594Z Setting up libswresample4:amd64 (7:6.1.1-3ubuntu5) ...
verify	Run npx playwright install --with-deps chromium firefox webkit	2026-10-09T12:03:56.2916854Z Setting up libopenexr-3-1-30:amd64 (3.1.5-5.1build3) ...
verify	Run npx playwright install --with-deps chromium firefox webkit	2026-10-09T12:03:56.2936459Z Setting up libshout3:amd64 (2.4.6-1build2) ...
verify	Run npx playwright install --with-deps chromium firefox webkit	2026-10-09T12:03:56.2953537Z Setting up libgav1-1:amd64 (0.18.0-1build3) ...
verify	Run npx playwright install --with-deps chromium firefox webkit	2026-10-09T12:03:56.2972544Z Setting up libavcodec60:amd64 (7:6.1.1-3ubuntu5) ...
verify	Run npx playwright install --with-deps chromium firefox webkit	2026-10-09T12:03:56.2990189Z Setting up librubberband2:amd64 (3.3.0+dfsg-2build1) ...
verify	Run npx playwright install --with-deps chromium firefox webkit	2026-10-09T12:03:56.3010142Z Setting up libjack-jackd2-0:amd64 (1.9.21~dfsg-3ubuntu3) ...
verify	Run npx playwright install --with-deps chromium firefox webkit	2026-10-09T12:03:56.3035339Z Setting up libsord-0-0:amd64 (0.16.16-2build1) ...
verify	Run npx playwright install --with-deps chromium firefox webkit	2026-10-09T12:03:56.3057416Z Setting up libpostproc57:amd64 (7:6.1.1-3ubuntu5) ...
verify	Run npx playwright install --with-deps chromium firefox webkit	2026-10-09T12:03:56.3080394Z Setting up libsratom-0-0:amd64 (0.6.16-1build1) ...
verify	Run npx playwright install --with-deps chromium firefox webkit	2026-10-09T12:03:56.3100244Z Setting up libsndfile1:amd64 (1.2.2-1ubuntu5.24.04.1) ...
verify	Run npx playwright install --with-deps chromium firefox webkit	2026-10-09T12:03:56.3118329Z Setting up libbluray2:amd64 (1:1.3.4-1build1) ...
verify	Run npx playwright install --with-deps chromium firefox webkit	2026-10-09T12:03:56.3137347Z Setting up liblilv-0-0:amd64 (0.24.22-1build1) ...
verify	Run npx playwright install --with-deps chromium firefox webkit	2026-10-09T12:03:56.3184181Z Setting up libinstpatch-1.0-2:amd64 (1.1.6-1build2) ...
verify	Run npx playwright install --with-deps chromium firefox webkit	2026-10-09T12:03:56.3203534Z Setting up libswscale7:amd64 (7:6.1.1-3ubuntu5) ...
verify	Run npx playwright install --with-deps chromium firefox webkit	2026-10-09T12:03:56.3229443Z Setting up libcairo-script-interpreter2:amd64 (1.18.0-3build1) ...
verify	Run npx playwright install --with-deps chromium firefox webkit	2026-10-09T12:03:56.3247808Z Setting up libavif16:amd64 (1.0.4-1ubuntu3) ...
verify	Run npx playwright install --with-deps chromium firefox webkit	2026-10-09T12:03:56.3271977Z Setting up libpulse0:amd64 (1:16.1+dfsg1-2ubuntu10.1) ...
verify	Run npx playwright install --with-deps chromium firefox webkit	2026-10-09T12:03:56.3351551Z Setting up liblrdf0:amd64 (0.6.1-4build1) ...
verify	Run npx playwright install --with-deps chromium firefox webkit	2026-10-09T12:03:56.3370662Z Setting up libavformat60:amd64 (7:6.1.1-3ubuntu5) ...
verify	Run npx playwright install --with-deps chromium firefox webkit	2026-10-09T12:03:56.3639797Z Setting up xfonts-utils (1:7.7+6build3) ...
verify	Run npx playwright install --with-deps chromium firefox webkit	2026-10-09T12:03:56.3686463Z Setting up libsphinxbase3t64:amd64 (0.8+5prealpha+1-17build2) ...
verify	Run npx playwright install --with-deps chromium firefox webkit	2026-10-09T12:03:56.3704382Z Setting up libass9:amd64 (1:0.17.1-2build1) ...
verify	Run npx playwright install --with-deps chromium firefox webkit	2026-10-09T12:03:56.3729685Z Setting up xfonts-cyrillic (1:1.0.5+nmu1) ...
verify	Run npx playwright install --with-deps chromium firefox webkit	2026-10-09T12:03:56.4056770Z Setting up libsdl2-2.0-0:amd64 (2.30.0+dfsg-1ubuntu3.1) ...
verify	Run npx playwright install --with-deps chromium firefox webkit	2026-10-09T12:03:56.4073887Z Setting up xfonts-scalable (1:1.0.3-1.3) ...
verify	Run npx playwright install --with-deps chromium firefox webkit	2026-10-09T12:03:56.4350428Z Setting up libfluidsynth3:amd64 (2.3.4-1build3) ...
verify	Run npx playwright install --with-deps chromium firefox webkit	2026-10-09T12:03:56.4370006Z Setting up libpocketsphinx3:amd64 (0.8.0+real5prealpha+1-15ubuntu5) ...
verify	Run npx playwright install --with-deps chromium firefox webkit	2026-10-09T12:03:56.4387699Z Setting up libavfilter9:amd64 (7:6.1.1-3ubuntu5) ...
verify	Run npx playwright install --with-deps chromium firefox webkit	2026-10-09T12:03:56.4410258Z Setting up gstreamer1.0-libav:amd64 (1.24.1-1build1) ...
verify	Run npx playwright install --with-deps chromium firefox webkit	2026-10-09T12:03:56.4704282Z Processing triggers for fontconfig (2.15.0-1.1ubuntu2) ...
verify	Run npx playwright install --with-deps chromium firefox webkit	2026-10-09T12:03:56.5728422Z Processing triggers for libc-bin (2.39-0ubuntu8.9) ...
verify	Run npx playwright install --with-deps chromium firefox webkit	2026-10-09T12:03:56.6421108Z Processing triggers for man-db (2.12.0-4build2) ...
verify	Run npx playwright install --with-deps chromium firefox webkit	2026-10-09T12:03:56.6445502Z Not building database; man-db/auto-update is not 'true'.
verify	Run npx playwright install --with-deps chromium firefox webkit	2026-10-09T12:03:56.6499255Z Processing triggers for libglib2.0-0t64:amd64 (2.80.0-6ubuntu3.9) ...
verify	Run npx playwright install --with-deps chromium firefox webkit	2026-10-09T12:03:56.6946306Z Setting up libgtk-4-1:amd64 (4.14.5+ds-0ubuntu0.10) ...
verify	Run npx playwright install --with-deps chromium firefox webkit	2026-10-09T12:03:57.1140768Z Setting up glib-networking:amd64 (2.80.0-1build1) ...
verify	Run npx playwright install --with-deps chromium firefox webkit	2026-10-09T12:03:57.1183209Z Setting up libsoup-3.0-0:amd64 (3.4.4-5ubuntu0.9) ...
verify	Run npx playwright install --with-deps chromium firefox webkit	2026-10-09T12:03:57.1223465Z Setting up libgssdp-1.6-0:amd64 (1.6.3-1build3) ...
verify	Run npx playwright install --with-deps chromium firefox webkit	2026-10-09T12:03:57.1305989Z Setting up gstreamer1.0-plugins-good:amd64 (1.24.2-1ubuntu1.8) ...
verify	Run npx playwright install --with-deps chromium firefox webkit	2026-10-09T12:03:57.1332404Z Setting up libgupnp-1.6-0:amd64 (1.6.6-1build3) ...
verify	Run npx playwright install --with-deps chromium firefox webkit	2026-10-09T12:03:57.1402511Z Setting up libgupnp-igd-1.6-0:amd64 (1.6.0-3build3) ...
verify	Run npx playwright install --with-deps chromium firefox webkit	2026-10-09T12:03:57.1439334Z Setting up libnice10:amd64 (0.1.21-2build3) ...
verify	Run npx playwright install --with-deps chromium firefox webkit	2026-10-09T12:03:57.1491205Z Setting up libgstreamer-plugins-bad1.0-0:amd64 (1.24.2-1ubuntu4) ...
verify	Run npx playwright install --with-deps chromium firefox webkit	2026-10-09T12:03:57.1534893Z Setting up gstreamer1.0-plugins-bad:amd64 (1.24.2-1ubuntu4) ...
verify	Run npx playwright install --with-deps chromium firefox webkit	2026-10-09T12:03:57.1561153Z Processing triggers for libc-bin (2.39-0ubuntu8.9) ...
verify	Run npx playwright install --with-deps chromium firefox webkit	2026-10-09T12:03:57.8282844Z 
verify	Run npx playwright install --with-deps chromium firefox webkit	2026-10-09T12:03:57.8283540Z Running kernel seems to be up-to-date.
verify	Run npx playwright install --with-deps chromium firefox webkit	2026-10-09T12:03:57.8283924Z 
verify	Run npx playwright install --with-deps chromium firefox webkit	2026-10-09T12:03:57.8284118Z Restarting services...
verify	Run npx playwright install --with-deps chromium firefox webkit	2026-10-09T12:03:57.8473137Z  systemctl restart packagekit.service php8.3-fpm.service
verify	Run npx playwright install --with-deps chromium firefox webkit	2026-10-09T12:03:57.9629257Z 
verify	Run npx playwright install --with-deps chromium firefox webkit	2026-10-09T12:03:57.9633145Z No containers need to be restarted.
verify	Run npx playwright install --with-deps chromium firefox webkit	2026-10-09T12:03:57.9633726Z 
verify	Run npx playwright install --with-deps chromium firefox webkit	2026-10-09T12:03:57.9634316Z No user sessions are running outdated binaries.
verify	Run npx playwright install --with-deps chromium firefox webkit	2026-10-09T12:03:57.9634883Z 
verify	Run npx playwright install --with-deps chromium firefox webkit	2026-10-09T12:03:57.9635501Z No VM guests are running outdated hypervisor (qemu) binaries on this host.
verify	Run npx playwright install --with-deps chromium firefox webkit	2026-10-09T12:03:59.3741149Z Downloading Chrome for Testing 153.0.8010.12 (playwright chromium v1243) from https://cdn.playwright.dev/builds/cft/153.0.8010.12/linux64/chrome-linux64.zip
verify	Run npx playwright install --with-deps chromium firefox webkit	2026-10-09T12:03:59.8495769Z |                                                                                |   0% of 186.8 MiB
verify	Run npx playwright install --with-deps chromium firefox webkit	2026-10-09T12:04:00.0784957Z |■■■■■■■■                                                                        |  10% of 186.8 MiB
verify	Run npx playwright install --with-deps chromium firefox webkit	2026-10-09T12:04:00.1648874Z |■■■■■■■■■■■■■■■■                                                                |  20% of 186.8 MiB
verify	Run npx playwright install --with-deps chromium firefox webkit	2026-10-09T12:04:00.2616708Z |■■■■■■■■■■■■■■■■■■■■■■■■                                                        |  30% of 186.8 MiB
verify	Run npx playwright install --with-deps chromium firefox webkit	2026-10-09T12:04:00.3276653Z |■■■■■■■■■■■■■■■■■■■■■■■■■■■■■■■■                                                |  40% of 186.8 MiB
verify	Run npx playwright install --with-deps chromium firefox webkit	2026-10-09T12:04:00.4062614Z |■■■■■■■■■■■■■■■■■■■■■■■■■■■■■■■■■■■■■■■■                                        |  50% of 186.8 MiB
verify	Run npx playwright install --with-deps chromium firefox webkit	2026-10-09T12:04:00.4743295Z |■■■■■■■■■■■■■■■■■■■■■■■■■■■■■■■■■■■■■■■■■■■■■■■■                                |  60% of 186.8 MiB
verify	Run npx playwright install --with-deps chromium firefox webkit	2026-10-09T12:04:00.5497369Z |■■■■■■■■■■■■■■■■■■■■■■■■■■■■■■■■■■■■■■■■■■■■■■■■■■■■■■■■                        |  70% of 186.8 MiB
verify	Run npx playwright install --with-deps chromium firefox webkit	2026-10-09T12:04:00.6435272Z |■■■■■■■■■■■■■■■■■■■■■■■■■■■■■■■■■■■■■■■■■■■■■■■■■■■■■■■■■■■■■■■■                |  80% of 186.8 MiB
verify	Run npx playwright install --with-deps chromium firefox webkit	2026-10-09T12:04:00.7315082Z |■■■■■■■■■■■■■■■■■■■■■■■■■■■■■■■■■■■■■■■■■■■■■■■■■■■■■■■■■■■■■■■■■■■■■■■■        |  90% of 186.8 MiB
verify	Run npx playwright install --with-deps chromium firefox webkit	2026-10-09T12:04:00.8089303Z |■■■■■■■■■■■■■■■■■■■■■■■■■■■■■■■■■■■■■■■■■■■■■■■■■■■■■■■■■■■■■■■■■■■■■■■■■■■■■■■■| 100% of 186.8 MiB
verify	Run npx playwright install --with-deps chromium firefox webkit	2026-10-09T12:04:03.9405153Z Chrome for Testing 153.0.8010.12 (playwright chromium v1243) downloaded to /home/runner/.cache/ms-playwright/chromium-1243
verify	Run npx playwright install --with-deps chromium firefox webkit	2026-10-09T12:04:03.9409882Z Downloading FFmpeg (playwright ffmpeg v1011) from https://cdn.playwright.dev/dbazure/download/playwright/builds/ffmpeg/1011/ffmpeg-linux.zip
verify	Run npx playwright install --with-deps chromium firefox webkit	2026-10-09T12:04:04.3576382Z |                                                                                |   0% of 2.3 MiB
verify	Run npx playwright install --with-deps chromium firefox webkit	2026-10-09T12:04:04.4098088Z |■■■■■■■■                                                                        |  10% of 2.3 MiB
verify	Run npx playwright install --with-deps chromium firefox webkit	2026-10-09T12:04:04.4294286Z |■■■■■■■■■■■■■■■■                                                                |  20% of 2.3 MiB
verify	Run npx playwright install --with-deps chromium firefox webkit	2026-10-09T12:04:04.4455544Z |■■■■■■■■■■■■■■■■■■■■■■■■                                                        |  30% of 2.3 MiB
verify	Run npx playwright install --with-deps chromium firefox webkit	2026-10-09T12:04:04.4499549Z |■■■■■■■■■■■■■■■■■■■■■■■■■■■■■■■■                                                |  40% of 2.3 MiB
verify	Run npx playwright install --with-deps chromium firefox webkit	2026-10-09T12:04:04.4647184Z |■■■■■■■■■■■■■■■■■■■■■■■■■■■■■■■■■■■■■■■■                                        |  50% of 2.3 MiB
verify	Run npx playwright install --with-deps chromium firefox webkit	2026-10-09T12:04:04.4776460Z |■■■■■■■■■■■■■■■■■■■■■■■■■■■■■■■■■■■■■■■■■■■■■■■■                                |  60% of 2.3 MiB
verify	Run npx playwright install --with-deps chromium firefox webkit	2026-10-09T12:04:04.4818626Z |■■■■■■■■■■■■■■■■■■■■■■■■■■■■■■■■■■■■■■■■■■■■■■■■■■■■■■■■                        |  70% of 2.3 MiB
verify	Run npx playwright install --with-deps chromium firefox webkit	2026-10-09T12:04:04.4846086Z |■■■■■■■■■■■■■■■■■■■■■■■■■■■■■■■■■■■■■■■■■■■■■■■■■■■■■■■■■■■■■■■■                |  80% of 2.3 MiB
verify	Run npx playwright install --with-deps chromium firefox webkit	2026-10-09T12:04:04.4871127Z |■■■■■■■■■■■■■■■■■■■■■■■■■■■■■■■■■■■■■■■■■■■■■■■■■■■■■■■■■■■■■■■■■■■■■■■■        |  90% of 2.3 MiB
verify	Run npx playwright install --with-deps chromium firefox webkit	2026-10-09T12:04:04.4987048Z |■■■■■■■■■■■■■■■■■■■■■■■■■■■■■■■■■■■■■■■■■■■■■■■■■■■■■■■■■■■■■■■■■■■■■■■■■■■■■■■■| 100% of 2.3 MiB
verify	Run npx playwright install --with-deps chromium firefox webkit	2026-10-09T12:04:04.5621154Z FFmpeg (playwright ffmpeg v1011) downloaded to /home/runner/.cache/ms-playwright/ffmpeg-1011
verify	Run npx playwright install --with-deps chromium firefox webkit	2026-10-09T12:04:04.5625254Z Downloading Chrome Headless Shell 153.0.8010.12 (playwright chromium-headless-shell v1243) from https://cdn.playwright.dev/builds/cft/153.0.8010.12/linux64/chrome-headless-shell-linux64.zip
verify	Run npx playwright install --with-deps chromium firefox webkit	2026-10-09T12:04:05.0003066Z |                                                                                |   0% of 114.3 MiB
verify	Run npx playwright install --with-deps chromium firefox webkit	2026-10-09T12:04:05.1709340Z |■■■■■■■■                                                                        |  10% of 114.3 MiB
verify	Run npx playwright install --with-deps chromium firefox webkit	2026-10-09T12:04:05.2442053Z |■■■■■■■■■■■■■■■■                                                                |  20% of 114.3 MiB
verify	Run npx playwright install --with-deps chromium firefox webkit	2026-10-09T12:04:05.2898642Z |■■■■■■■■■■■■■■■■■■■■■■■■                                                        |  30% of 114.3 MiB
verify	Run npx playwright install --with-deps chromium firefox webkit	2026-10-09T12:04:05.3403315Z |■■■■■■■■■■■■■■■■■■■■■■■■■■■■■■■■                                                |  40% of 114.3 MiB
verify	Run npx playwright install --with-deps chromium firefox webkit	2026-10-09T12:04:05.4054621Z |■■■■■■■■■■■■■■■■■■■■■■■■■■■■■■■■■■■■■■■■                                        |  50% of 114.3 MiB
verify	Run npx playwright install --with-deps chromium firefox webkit	2026-10-09T12:04:05.4451324Z |■■■■■■■■■■■■■■■■■■■■■■■■■■■■■■■■■■■■■■■■■■■■■■■■                                |  60% of 114.3 MiB
verify	Run npx playwright install --with-deps chromium firefox webkit	2026-10-09T12:04:05.4802511Z |■■■■■■■■■■■■■■■■■■■■■■■■■■■■■■■■■■■■■■■■■■■■■■■■■■■■■■■■                        |  70% of 114.3 MiB
verify	Run npx playwright install --with-deps chromium firefox webkit	2026-10-09T12:04:05.5451168Z |■■■■■■■■■■■■■■■■■■■■■■■■■■■■■■■■■■■■■■■■■■■■■■■■■■■■■■■■■■■■■■■■                |  80% of 114.3 MiB
verify	Run npx playwright install --with-deps chromium firefox webkit	2026-10-09T12:04:05.5934349Z |■■■■■■■■■■■■■■■■■■■■■■■■■■■■■■■■■■■■■■■■■■■■■■■■■■■■■■■■■■■■■■■■■■■■■■■■        |  90% of 114.3 MiB
verify	Run npx playwright install --with-deps chromium firefox webkit	2026-10-09T12:04:05.6364813Z |■■■■■■■■■■■■■■■■■■■■■■■■■■■■■■■■■■■■■■■■■■■■■■■■■■■■■■■■■■■■■■■■■■■■■■■■■■■■■■■■| 100% of 114.3 MiB
verify	Run npx playwright install --with-deps chromium firefox webkit	2026-10-09T12:04:07.8935176Z Chrome Headless Shell 153.0.8010.12 (playwright chromium-headless-shell v1243) downloaded to /home/runner/.cache/ms-playwright/chromium_headless_shell-1243
verify	Run npx playwright install --with-deps chromium firefox webkit	2026-10-09T12:04:07.8939316Z Downloading Firefox 155.0 (playwright firefox v1543) from https://cdn.playwright.dev/dbazure/download/playwright/builds/firefox/1543/firefox-ubuntu-24.04.zip
verify	Run npx playwright install --with-deps chromium firefox webkit	2026-10-09T12:04:08.3074600Z |                                                                                |   0% of 109.5 MiB
verify	Run npx playwright install --with-deps chromium firefox webkit	2026-10-09T12:04:08.5364178Z |■■■■■■■■                                                                        |  10% of 109.5 MiB
verify	Run npx playwright install --with-deps chromium firefox webkit	2026-10-09T12:04:08.6052731Z |■■■■■■■■■■■■■■■■                                                                |  20% of 109.5 MiB
verify	Run npx playwright install --with-deps chromium firefox webkit	2026-10-09T12:04:08.6563864Z |■■■■■■■■■■■■■■■■■■■■■■■■                                                        |  30% of 109.5 MiB
verify	Run npx playwright install --with-deps chromium firefox webkit	2026-10-09T12:04:08.7103160Z |■■■■■■■■■■■■■■■■■■■■■■■■■■■■■■■■                                                |  40% of 109.5 MiB
verify	Run npx playwright install --with-deps chromium firefox webkit	2026-10-09T12:04:08.7762080Z |■■■■■■■■■■■■■■■■■■■■■■■■■■■■■■■■■■■■■■■■                                        |  50% of 109.5 MiB
verify	Run npx playwright install --with-deps chromium firefox webkit	2026-10-09T12:04:08.8153457Z |■■■■■■■■■■■■■■■■■■■■■■■■■■■■■■■■■■■■■■■■■■■■■■■■                                |  60% of 109.5 MiB
verify	Run npx playwright install --with-deps chromium firefox webkit	2026-10-09T12:04:08.8535109Z |■■■■■■■■■■■■■■■■■■■■■■■■■■■■■■■■■■■■■■■■■■■■■■■■■■■■■■■■                        |  70% of 109.5 MiB
verify	Run npx playwright install --with-deps chromium firefox webkit	2026-10-09T12:04:08.9076077Z |■■■■■■■■■■■■■■■■■■■■■■■■■■■■■■■■■■■■■■■■■■■■■■■■■■■■■■■■■■■■■■■■                |  80% of 109.5 MiB
verify	Run npx playwright install --with-deps chromium firefox webkit	2026-10-09T12:04:08.9450384Z |■■■■■■■■■■■■■■■■■■■■■■■■■■■■■■■■■■■■■■■■■■■■■■■■■■■■■■■■■■■■■■■■■■■■■■■■        |  90% of 109.5 MiB
verify	Run npx playwright install --with-deps chromium firefox webkit	2026-10-09T12:04:08.9823245Z |■■■■■■■■■■■■■■■■■■■■■■■■■■■■■■■■■■■■■■■■■■■■■■■■■■■■■■■■■■■■■■■■■■■■■■■■■■■■■■■■| 100% of 109.5 MiB
verify	Run npx playwright install --with-deps chromium firefox webkit	2026-10-09T12:04:11.4583245Z Firefox 155.0 (playwright firefox v1543) downloaded to /home/runner/.cache/ms-playwright/firefox-1543
verify	Run npx playwright install --with-deps chromium firefox webkit	2026-10-09T12:04:11.4587825Z Downloading WebKit 26.6 (playwright webkit v2359) from https://cdn.playwright.dev/dbazure/download/playwright/builds/webkit/2359/webkit-ubuntu-24.04.zip
verify	Run npx playwright install --with-deps chromium firefox webkit	2026-10-09T12:04:11.8793897Z |                                                                                |   0% of 102.3 MiB
verify	Run npx playwright install --with-deps chromium firefox webkit	2026-10-09T12:04:12.0955095Z |■■■■■■■■                                                                        |  10% of 102.3 MiB
verify	Run npx playwright install --with-deps chromium firefox webkit	2026-10-09T12:04:12.1787923Z |■■■■■■■■■■■■■■■■                                                                |  20% of 102.3 MiB
verify	Run npx playwright install --with-deps chromium firefox webkit	2026-10-09T12:04:12.2288790Z |■■■■■■■■■■■■■■■■■■■■■■■■                                                        |  30% of 102.3 MiB
verify	Run npx playwright install --with-deps chromium firefox webkit	2026-10-09T12:04:12.2839212Z |■■■■■■■■■■■■■■■■■■■■■■■■■■■■■■■■                                                |  40% of 102.3 MiB
verify	Run npx playwright install --with-deps chromium firefox webkit	2026-10-09T12:04:12.3593305Z |■■■■■■■■■■■■■■■■■■■■■■■■■■■■■■■■■■■■■■■■                                        |  50% of 102.3 MiB
verify	Run npx playwright install --with-deps chromium firefox webkit	2026-10-09T12:04:12.4042661Z |■■■■■■■■■■■■■■■■■■■■■■■■■■■■■■■■■■■■■■■■■■■■■■■■                                |  60% of 102.3 MiB
verify	Run npx playwright install --with-deps chromium firefox webkit	2026-10-09T12:04:12.4424434Z |■■■■■■■■■■■■■■■■■■■■■■■■■■■■■■■■■■■■■■■■■■■■■■■■■■■■■■■■                        |  70% of 102.3 MiB
verify	Run npx playwright install --with-deps chromium firefox webkit	2026-10-09T12:04:12.5048265Z |■■■■■■■■■■■■■■■■■■■■■■■■■■■■■■■■■■■■■■■■■■■■■■■■■■■■■■■■■■■■■■■■                |  80% of 102.3 MiB
verify	Run npx playwright install --with-deps chromium firefox webkit	2026-10-09T12:04:12.5405619Z |■■■■■■■■■■■■■■■■■■■■■■■■■■■■■■■■■■■■■■■■■■■■■■■■■■■■■■■■■■■■■■■■■■■■■■■■        |  90% of 102.3 MiB
verify	Run npx playwright install --with-deps chromium firefox webkit	2026-10-09T12:04:12.5775425Z |■■■■■■■■■■■■■■■■■■■■■■■■■■■■■■■■■■■■■■■■■■■■■■■■■■■■■■■■■■■■■■■■■■■■■■■■■■■■■■■■| 100% of 102.3 MiB
verify	Run npx playwright install --with-deps chromium firefox webkit	2026-10-09T12:04:14.8425128Z WebKit 26.6 (playwright webkit v2359) downloaded to /home/runner/.cache/ms-playwright/webkit-2359
verify	Run node -e 'require("fs").appendFileSync(process.env.GITHUB_ENV, "CHROMIUM_PATH=" + require("playwright").chromium.executablePath() + "\n")'	﻿2026-10-09T12:04:15.2897785Z ##[group]Run node -e 'require("fs").appendFileSync(process.env.GITHUB_ENV, "CHROMIUM_PATH=" + require("playwright").chromium.executablePath() + "\n")'
verify	Run node -e 'require("fs").appendFileSync(process.env.GITHUB_ENV, "CHROMIUM_PATH=" + require("playwright").chromium.executablePath() + "\n")'	2026-10-09T12:04:15.2898869Z [36;1mnode -e 'require("fs").appendFileSync(process.env.GITHUB_ENV, "CHROMIUM_PATH=" + require("playwright").chromium.executablePath() + "\n")'[0m
verify	Run node -e 'require("fs").appendFileSync(process.env.GITHUB_ENV, "CHROMIUM_PATH=" + require("playwright").chromium.executablePath() + "\n")'	2026-10-09T12:04:15.2965552Z shell: /usr/bin/bash -e {0}
verify	Run node -e 'require("fs").appendFileSync(process.env.GITHUB_ENV, "CHROMIUM_PATH=" + require("playwright").chromium.executablePath() + "\n")'	2026-10-09T12:04:15.2965850Z ##[endgroup]
verify	Run npm test	﻿2026-10-09T12:04:15.6479341Z ##[group]Run npm test
verify	Run npm test	2026-10-09T12:04:15.6479636Z [36;1mnpm test[0m
verify	Run npm test	2026-10-09T12:04:15.6544839Z shell: /usr/bin/bash -e {0}
verify	Run npm test	2026-10-09T12:04:15.6545126Z env:
verify	Run npm test	2026-10-09T12:04:15.6545505Z   CHROMIUM_PATH: /home/runner/.cache/ms-playwright/chromium-1243/chrome-linux64/chrome
verify	Run npm test	2026-10-09T12:04:15.6545961Z ##[endgroup]
verify	Run npm test	2026-10-09T12:04:15.7682304Z 
verify	Run npm test	2026-10-09T12:04:15.7683002Z > shinariokanri@0.1.0 pretest
verify	Run npm test	2026-10-09T12:04:15.7683615Z > node scripts/build/portable-runtime.mjs
verify	Run npm test	2026-10-09T12:04:15.7683887Z 
verify	Run npm test	2026-10-09T12:04:15.9022815Z Production portable runtime generated: 144514 characters
verify	Run npm test	2026-10-09T12:04:15.9589748Z 
verify	Run npm test	2026-10-09T12:04:15.9590393Z > shinariokanri@0.1.0 test
verify	Run npm test	2026-10-09T12:04:15.9591639Z > vitest run
verify	Run npm test	2026-10-09T12:04:15.9591884Z 
verify	Run npm test	2026-10-09T12:04:16.2770465Z 
verify	Run npm test	2026-10-09T12:04:16.2775078Z [1m[30m[46m RUN [49m[39m[22m [36mv5.0.3 [39m[90m/home/runner/work/shinariokanri/shinariokanri[39m
verify	Run npm test	2026-10-09T12:04:16.2775676Z 
verify	Run npm test	2026-10-09T12:04:18.0161742Z  [32m✓[39m tests/runtime.test.ts [2m([22m[2m35 tests[22m[2m)[22m[33m 591[2mms[22m[39m
verify	Run npm test	2026-10-09T12:04:18.0175011Z    [32m✓[39m pure reading runtime [2m(22)[22m
verify	Run npm test	2026-10-09T12:04:18.0177061Z      [33m[2m✓[22m[39m replays pinned evidence after saving and a full ZIP round trip regardless of object key order[33m 355[2mms[22m[39m
verify	Run npm test	2026-10-09T12:04:18.3070663Z [90mstderr[2m | src/storage/rb07Production.test.ts[2m > [22m[2mRB07 authored production workflow and complete recovery[2m > [22m[2mkeeps production input and material bytes across reopening; rejects damaged drafts and oversized/active attachments without touching saved author data
verify	Run npm test	2026-10-09T12:04:18.3094063Z [22m[39mAnother connection wants to delete database 'rb07-draft-645bddbe-a9b2-481b-bf9c-c922c94c37f2'. Closing db now to resume the delete request.
verify	Run npm test	2026-10-09T12:04:18.3121995Z 
verify	Run npm test	2026-10-09T12:04:18.5117476Z [90mstdout[2m | src/storage/storage.test.ts[2m > [22m[2matomic IndexedDB commands[2m > [22m[2mkeeps all rows beyond a read batch, rejects late corruption and cancels without changing native storage
verify	Run npm test	2026-10-09T12:04:18.5123414Z [22m[39mbounded-cold-read phase fixture
verify	Run npm test	2026-10-09T12:04:18.5124354Z bounded-cold-read phase save
verify	Run npm test	2026-10-09T12:04:18.5124947Z 
verify	Run npm test	2026-10-09T12:04:18.9602020Z  [32m✓[39m src/storage/rb07Production.test.ts [2m([22m[2m22 tests[22m[2m)[22m[33m 1560[2mms[22m[39m
verify	Run npm test	2026-10-09T12:04:18.9638104Z    [32m✓[39m RB07 authored production workflow and complete recovery [2m(12)[22m
verify	Run npm test	2026-10-09T12:04:18.9640692Z      [33m[2m✓[22m[39m splits Unicode text with ruby, links and positional cue once; atomically retains old IDs, deliverables and immutable editions through empty/clone roundtrips[33m 547[2mms[22m[39m
verify	Run npm test	2026-10-09T12:04:20.5410201Z [90mstdout[2m | src/storage/storage.test.ts[2m > [22m[2matomic IndexedDB commands[2m > [22m[2mkeeps all rows beyond a read batch, rejects late corruption and cancels without changing native storage
verify	Run npm test	2026-10-09T12:04:20.5412935Z [22m[39mbounded-cold-read phase raw before
verify	Run npm test	2026-10-09T12:04:20.5413913Z 
verify	Run npm test	2026-10-09T12:04:20.6114897Z [90mstdout[2m | src/storage/storage.test.ts[2m > [22m[2matomic IndexedDB commands[2m > [22m[2mkeeps all rows beyond a read batch, rejects late corruption and cancels without changing native storage
verify	Run npm test	2026-10-09T12:04:20.6182808Z [22m[39mbounded-cold-read phase cancel
verify	Run npm test	2026-10-09T12:04:20.6222004Z 
verify	Run npm test	2026-10-09T12:04:21.5853538Z  [32m✓[39m src/domain/domain.test.ts [2m([22m[2m96 tests[22m[2m)[22m[33m 2230[2mms[22m[39m
verify	Run npm test	2026-10-09T12:04:21.5902984Z    [32m✓[39m versioned entity and reference contracts [2m(65)[22m
verify	Run npm test	2026-10-09T12:04:21.5932634Z      [33m[2m✓[22m[39m compiles the actual JSON Schema and accepts all-kind/condition/query fixtures while rejecting unknown payloads[33m 1823[2mms[22m[39m
verify	Run npm test	2026-10-09T12:04:22.3154941Z  [32m✓[39m src/storage/rb08Handoff.test.ts [2m([22m[2m17 tests[22m[2m)[22m[33m 4919[2mms[22m[39m
verify	Run npm test	2026-10-09T12:04:22.3213207Z    [32m✓[39m RB08 production handoff and independent portable engine [2m(6)[22m
verify	Run npm test	2026-10-09T12:04:22.3263325Z      [33m[2m✓[22m[39m counts reference reuse once, independent clones separately, preserves route occurrences and atomically reloads speed/assumption/unknown estimates[33m 333[2mms[22m[39m
verify	Run npm test	2026-10-09T12:04:22.3286925Z      [33m[2m✓[22m[39m imports consultation text only into a sealed author alternative with source/edition and independent paragraph IDs, then roundtrips without applying canonical text[33m 528[2mms[22m[39m
verify	Run npm test	2026-10-09T12:04:22.3290694Z    [33m[2m✓[22m[39m receives explicit game-owned contracts and stable dialogue/asset IDs, verifies actual mechanics and replay, then atomically saves/reloads/empty-clones the receipt without executing a game from trials[33m 842[2mms[22m[39m
verify	Run npm test	2026-10-09T12:04:22.3294849Z    [33m[2m✓[22m[39m exports independently approved old citations with Unicode positions and distinct old/new asset bytes, verifies receipt, and empty-restores native policies[33m 1355[2mms[22m[39m
verify	Run npm test	2026-10-09T12:04:22.3298006Z    [33m[2m✓[22m[39m keeps an explicitly approved world citation on its verified old edition after adoption advances, and refuses absent hashes/cyclic approval[33m 792[2mms[22m[39m
verify	Run npm test	2026-10-09T12:04:22.9973574Z  [32m✓[39m tests/rb09Features.test.ts [2m([22m[2m27 tests[22m[2m)[22m[33m 982[2mms[22m[39m
verify	Run npm test	2026-10-09T12:04:23.0038695Z    [33m[2m✓[22m[39m round-trips native confirmed base, prepared batch, history and raw original IDs into a cold new and clone recovery without automatically sending[33m 455[2mms[22m[39m
verify	Run npm test	2026-10-09T12:04:23.7112210Z [90mstderr[2m | src/storage/authorAlternativesDurability.test.ts[2m > [22m[2mnative author alternative durability[2m > [22m[2mkeeps branch-only attachment bytes through save, close/reopen, full backup, and restore
verify	Run npm test	2026-10-09T12:04:23.7174323Z [22m[39mAnother connection wants to delete database 'alternative-asset-37ee3585-b9cd-4001-8ea6-7e226271a1c9'. Closing db now to resume the delete request.
verify	Run npm test	2026-10-09T12:04:23.7215050Z 
verify	Run npm test	2026-10-09T12:04:24.5083579Z [90mstderr[2m | src/storage/authorAlternativesDurability.test.ts[2m > [22m[2mnative author alternative durability[2m > [22m[2mkeeps reference-valued adoption receipts valid through full backup, clone, reopen, and re-export
verify	Run npm test	2026-10-09T12:04:24.5103713Z [22m[39mAnother connection wants to delete database 'alternative-clone-b63af710-174b-4890-bd13-b7c4a280f35e'. Closing db now to resume the delete request.
verify	Run npm test	2026-10-09T12:04:24.5105774Z 
verify	Run npm test	2026-10-09T12:04:24.6217351Z [90mstderr[2m | src/storage/authorAlternativesDurability.test.ts[2m > [22m[2mnative author alternative durability[2m > [22m[2mrecords removed entities and relations as logically absent across native reopen and full backup
verify	Run npm test	2026-10-09T12:04:24.6222285Z [22m[39mAnother connection wants to delete database 'alternative-removal-2c2d56b0-c981-4954-ab62-e30decfbe25e'. Closing db now to resume the delete request.
verify	Run npm test	2026-10-09T12:04:24.6234933Z 
verify	Run npm test	2026-10-09T12:04:24.7702851Z  [32m✓[39m src/storage/authorAlternativesDurability.test.ts [2m([22m[2m14 tests[22m[2m)[22m[33m 1423[2mms[22m[39m
verify	Run npm test	2026-10-09T12:04:24.7704414Z    [32m✓[39m native author alternative durability [2m(14)[22m
verify	Run npm test	2026-10-09T12:04:24.7705979Z      [33m[2m✓[22m[39m keeps branch-only attachment bytes through save, close/reopen, full backup, and restore[33m 360[2mms[22m[39m
verify	Run npm test	2026-10-09T12:04:24.7707925Z      [33m[2m✓[22m[39m keeps reference-valued adoption receipts valid through full backup, clone, reopen, and re-export[33m 397[2mms[22m[39m
verify	Run npm test	2026-10-09T12:04:25.0932247Z  [32m✓[39m tests/sync.test.ts [2m([22m[2m40 tests[22m[2m)[22m[32m 142[2mms[22m[39m
verify	Run npm test	2026-10-09T12:04:25.6178039Z  [32m✓[39m tests/world.test.ts [2m([22m[2m17 tests[22m[2m)[22m[32m 160[2mms[22m[39m
verify	Run npm test	2026-10-09T12:04:27.4543280Z  [32m✓[39m tests/exports.test.ts [2m([22m[2m21 tests[22m[2m)[22m[33m 4265[2mms[22m[39m
verify	Run npm test	2026-10-09T12:04:27.4563202Z    [32m✓[39m purpose-specific export [2m(21)[22m
verify	Run npm test	2026-10-09T12:04:27.4564951Z      [33m[2m✓[22m[39m runs the exported HTML in Chromium, renders active text safely, and restores the complete state[33m 2749[2mms[22m[39m
verify	Run npm test	2026-10-09T12:04:27.4567713Z      [33m[2m✓[22m[39m rolls back every exported effect when a later effect violates an integer bound[33m 972[2mms[22m[39m
verify	Run npm test	2026-10-09T12:04:28.3514246Z  [32m✓[39m tests/textEditing.test.ts [2m([22m[2m17 tests[22m[2m)[22m[32m 156[2mms[22m[39m
verify	Run npm test	2026-10-09T12:04:28.6355470Z  [32m✓[39m src/domain/writingWorkspace.test.ts [2m([22m[2m11 tests[22m[2m)[22m[32m 83[2mms[22m[39m
verify	Run npm test	2026-10-09T12:04:28.9616380Z [90mstdout[2m | src/storage/storage.test.ts[2m > [22m[2matomic IndexedDB commands[2m > [22m[2mkeeps all rows beyond a read batch, rejects late corruption and cancels without changing native storage
verify	Run npm test	2026-10-09T12:04:28.9618516Z [22m[39mbounded-cold-read phase resume
verify	Run npm test	2026-10-09T12:04:28.9621704Z 
verify	Run npm test	2026-10-09T12:04:29.3194327Z  [32m✓[39m tests/runtime-regressions.test.ts [2m([22m[2m26 tests[22m[2m)[22m[33m 403[2mms[22m[39m
verify	Run npm test	2026-10-09T12:04:30.0112547Z  [32m✓[39m tests/templates.test.ts [2m([22m[2m34 tests[22m[2m)[22m[33m 341[2mms[22m[39m
verify	Run npm test	2026-10-09T12:04:30.9318437Z [90mstderr[2m | src/storage/performance.test.ts[2m > [22m[2mR06 changed-record saves and portable recovery[2m > [22m[2mloads current editing rows after restart without reading history; retains all history on save/export/empty recovery
verify	Run npm test	2026-10-09T12:04:30.9333767Z [22m[39mAnother connection wants to delete database 'lazy-bda35ab6-3388-4f6f-9597-ff08ac9e1165'. Closing db now to resume the delete request.
verify	Run npm test	2026-10-09T12:04:30.9335152Z 
verify	Run npm test	2026-10-09T12:04:31.3043238Z [90mstderr[2m | src/storage/performance.test.ts[2m > [22m[2mR06 changed-record saves and portable recovery[2m > [22m[2mretains checkpoints, old revisions and undo across more than 64 compact commands
verify	Run npm test	2026-10-09T12:04:31.3073928Z [22m[39mAnother connection wants to delete database 'checkpoints-ba3d4530-41aa-4607-ad92-7a65c16efb1b'. Closing db now to resume the delete request.
verify	Run npm test	2026-10-09T12:04:31.3075503Z 
verify	Run npm test	2026-10-09T12:04:31.3474587Z [90mstderr[2m | src/storage/performance.test.ts[2m > [22m[2mR06 changed-record saves and portable recovery[2m > [22m[2mrejects stale editing tokens, replaced tokens and tampered full history without committing
verify	Run npm test	2026-10-09T12:04:31.3477254Z [22m[39mAnother connection wants to delete database 'tokens-e6168986-64c3-436b-b96a-69965acddfc7'. Closing db now to resume the delete request.
verify	Run npm test	2026-10-09T12:04:31.3478453Z 
verify	Run npm test	2026-10-09T12:04:31.4557264Z [90mstderr[2m | src/storage/performance.test.ts[2m > [22m[2mR06 changed-record saves and portable recovery[2m > [22m[2mpreserves an imported revision-zero header in the first compact edit, including after restart
verify	Run npm test	2026-10-09T12:04:31.4574090Z [22m[39mAnother connection wants to delete database 'import-zero-d527456b-b0fa-4ed9-b474-bf629240c04f'. Closing db now to resume the delete request.
verify	Run npm test	2026-10-09T12:04:31.4604829Z 
verify	Run npm test	2026-10-09T12:04:31.9027540Z [90mstderr[2m | src/storage/performance.test.ts[2m > [22m[2mR06 changed-record saves and portable recovery[2m > [22m[2mreads legacy v1 full rows/outbox and replays original hashes before adding new deltas
verify	Run npm test	2026-10-09T12:04:31.9053868Z [22m[39mAnother connection wants to delete database 'legacy-14137602-b3cc-4bb4-9ac2-574556c3ecd5'. Closing db now to resume the delete request.
verify	Run npm test	2026-10-09T12:04:31.9082560Z 
verify	Run npm test	2026-10-09T12:04:31.9514843Z [90mstderr[2m | src/storage/performance.test.ts[2m > [22m[2mR06 changed-record saves and portable recovery[2m > [22m[2mrejects a missing delta base and duplicate immutable snapshot IDs
verify	Run npm test	2026-10-09T12:04:31.9522451Z  [32m✓[39m src/storage/performance.test.ts [2m([22m[2m11 tests[22m[2m)[22m[33m 1516[2mms[22m[39m
verify	Run npm test	2026-10-09T12:04:31.9533207Z    [32m✓[39m R06 changed-record saves and portable recovery [2m(11)[22m
verify	Run npm test	2026-10-09T12:04:31.9535020Z      [33m[2m✓[22m[39m retains checkpoints, old revisions and undo across more than 64 compact commands[33m 372[2mms[22m[39m
verify	Run npm test	2026-10-09T12:04:31.9537233Z [22m[39mAnother connection wants to delete database 'corrupt-0ce89992-a572-4bb1-94c4-8f492ed3d2c5'. Closing db now to resume the delete request.
verify	Run npm test	2026-10-09T12:04:31.9540315Z      [33m[2m✓[22m[39m remaps live entity/relation anchors on single text restore while retaining pinned emoji positions and archive recovery[33m 361[2mms[22m[39m
verify	Run npm test	2026-10-09T12:04:31.9552303Z 
verify	Run npm test	2026-10-09T12:04:32.1808153Z  [32m✓[39m tests/projection.test.ts [2m([22m[2m14 tests[22m[2m)[22m[32m 36[2mms[22m[39m
verify	Run npm test	2026-10-09T12:04:33.1153400Z  [32m✓[39m tests/rb05-reuse.test.ts [2m([22m[2m7 tests[22m[2m)[22m[33m 534[2mms[22m[39m
verify	Run npm test	2026-10-09T12:04:33.8973434Z  [32m✓[39m tests/rb05-reviewed-regressions.test.ts [2m([22m[2m9 tests[22m[2m)[22m[33m 370[2mms[22m[39m
verify	Run npm test	2026-10-09T12:04:34.2713619Z [90mstderr[2m | src/storage/rb06Recovery.test.ts[2m > [22m[2mRB06 complete recovery and arbitrary historical selection[2m > [22m[2mretains native file and mapping drafts across restart, and freezes migration restore-point approval
verify	Run npm test	2026-10-09T12:04:34.2725096Z [22m[39mAnother connection wants to delete database 'draft-320a6ef2-10f5-491b-b0e9-eb656d9a0cc6'. Closing db now to resume the delete request.
verify	Run npm test	2026-10-09T12:04:34.2726017Z 
verify	Run npm test	2026-10-09T12:04:34.3209490Z [90mstderr[2m | src/storage/rb06Recovery.test.ts[2m > [22m[2mRB06 complete recovery and arbitrary historical selection[2m > [22m[2mupgrades a v1 database with genuine old native content by appending operational tables without changing saved IDs or replay
verify	Run npm test	2026-10-09T12:04:34.3213449Z [22m[39mAnother connection wants to delete database 'v1-upgrade-83ab0b3c-98fa-4c13-aaf5-0fd4651edd0e'. Closing db now to resume the delete request.
verify	Run npm test	2026-10-09T12:04:34.3215510Z  [32m✓[39m src/storage/rb06Recovery.test.ts [2m([22m[2m13 tests[22m[2m)[22m[33m 8235[2mms[22m[39m
verify	Run npm test	2026-10-09T12:04:34.3216596Z 
verify	Run npm test	2026-10-09T12:04:34.3243299Z    [32m✓[39m RB06 complete recovery and arbitrary historical selection [2m(13)[22m
verify	Run npm test	2026-10-09T12:04:34.3248978Z      [33m[2m✓[22m[39m preserves a declared item ID shared with runtime inventories through enumeration and clone recovery[33m 1814[2mms[22m[39m
verify	Run npm test	2026-10-09T12:04:34.3251224Z      [33m[2m✓[22m[39m selects history older than fifty, distinguishes unit from whole, freezes approval and retains immutable editions[33m 1296[2mms[22m[39m
verify	Run npm test	2026-10-09T12:04:34.3253801Z      [33m[2m✓[22m[39m atomically maps all source IDs into another project while preserving source timelines and portable pending origins[33m 496[2mms[22m[39m
verify	Run npm test	2026-10-09T12:04:34.3256791Z      [33m[2m✓[22m[39m restores every kind, stable body IDs, selected immutable edition, transitive worlds, author receipts, bytes and ordered pending to empty and clone environments[33m 3989[2mms[22m[39m
verify	Run npm test	2026-10-09T12:04:34.5401765Z  [32m✓[39m src/ui/StructuredDataField.test.ts [2m([22m[2m11 tests[22m[2m)[22m[32m 205[2mms[22m[39m
verify	Run npm test	2026-10-09T12:04:34.6093451Z  [32m✓[39m src/domain/maintenance.test.ts [2m([22m[2m5 tests[22m[2m)[22m[32m 73[2mms[22m[39m
verify	Run npm test	2026-10-09T12:04:35.0328200Z  [32m✓[39m tests/rb05-narrative-boundaries.test.ts [2m([22m[2m14 tests[22m[2m)[22m[32m 139[2mms[22m[39m
verify	Run npm test	2026-10-09T12:04:35.3997251Z  [32m✓[39m tests/rb05-reuse-boundaries.test.ts [2m([22m[2m11 tests[22m[2m)[22m[33m 443[2mms[22m[39m
verify	Run npm test	2026-10-09T12:04:35.9473649Z  [32m✓[39m tests/timeEditing.test.ts [2m([22m[2m11 tests[22m[2m)[22m[33m 304[2mms[22m[39m
verify	Run npm test	2026-10-09T12:04:36.2122947Z  [32m✓[39m tests/rb05-edition-extra.test.ts [2m([22m[2m9 tests[22m[2m)[22m[33m 803[2mms[22m[39m
verify	Run npm test	2026-10-09T12:04:36.5634416Z  [32m✓[39m tests/review-runtime-regressions.test.ts [2m([22m[2m10 tests[22m[2m)[22m[32m 74[2mms[22m[39m
verify	Run npm test	2026-10-09T12:04:36.7783740Z  [32m✓[39m tests/rb05-reconfirmation.test.ts [2m([22m[2m7 tests[22m[2m)[22m[33m 444[2mms[22m[39m
verify	Run npm test	2026-10-09T12:04:37.0857244Z  [32m✓[39m src/domain/catalog.test.ts [2m([22m[2m10 tests[22m[2m)[22m[32m 33[2mms[22m[39m
verify	Run npm test	2026-10-09T12:04:37.4897984Z  [32m✓[39m src/storage/worldPins.test.ts [2m([22m[2m8 tests[22m[2m)[22m[33m 550[2mms[22m[39m
verify	Run npm test	2026-10-09T12:04:37.5675772Z [90mstdout[2m | src/storage/storage.test.ts[2m > [22m[2matomic IndexedDB commands[2m > [22m[2mkeeps all rows beyond a read batch, rejects late corruption and cancels without changing native storage
verify	Run npm test	2026-10-09T12:04:37.5687760Z [22m[39mbounded-cold-read phase late foreign
verify	Run npm test	2026-10-09T12:04:37.5688646Z 
verify	Run npm test	2026-10-09T12:04:37.7725228Z  [32m✓[39m tests/rb05-persistence-boundaries.test.ts [2m([22m[2m9 tests[22m[2m)[22m[32m 243[2mms[22m[39m
verify	Run npm test	2026-10-09T12:04:38.2163727Z  [32m✓[39m tests/rb05-structure-reading.test.ts [2m([22m[2m6 tests[22m[2m)[22m[33m 311[2mms[22m[39m
verify	Run npm test	2026-10-09T12:04:38.4419924Z  [32m✓[39m tests/rb05-edition-boundaries.test.ts [2m([22m[2m6 tests[22m[2m)[22m[33m 350[2mms[22m[39m
verify	Run npm test	2026-10-09T12:04:38.7913705Z  [32m✓[39m src/domain/changeReviews.test.ts [2m([22m[2m6 tests[22m[2m)[22m[32m 110[2mms[22m[39m
verify	Run npm test	2026-10-09T12:04:38.8972394Z  [32m✓[39m tests/rb05-native-roundtrip.test.ts [2m([22m[2m4 tests[22m[2m)[22m[33m 343[2mms[22m[39m
verify	Run npm test	2026-10-09T12:04:39.1798030Z  [32m✓[39m tests/rb05-narrative.test.ts [2m([22m[2m6 tests[22m[2m)[22m[32m 64[2mms[22m[39m
verify	Run npm test	2026-10-09T12:04:39.5145265Z [90mstderr[2m | src/storage/rb09Sync.test.ts[2m > [22m[2mnative prepared synchronization (contract server, not real Auth/RLS/Storage)[2m > [22m[2mprepares from confirmed common base rather than the last local command, merges separate fields, persists ack and reopens the same native edition
verify	Run npm test	2026-10-09T12:04:39.5148612Z [22m[39mAnother connection wants to delete database 'rb09-3847dffb-6049-40c5-baf1-f72c0cad368e'. Closing db now to resume the delete request.
verify	Run npm test	2026-10-09T12:04:39.5149593Z 
verify	Run npm test	2026-10-09T12:04:39.5253752Z  [32m✓[39m tests/presentation.test.ts [2m([22m[2m13 tests[22m[2m)[22m[32m 136[2mms[22m[39m
verify	Run npm test	2026-10-09T12:04:39.7975347Z [90mstderr[2m | src/storage/rb09Sync.test.ts[2m > [22m[2mnative prepared synchronization (contract server, not real Auth/RLS/Storage)[2m > [22m[2mkeeps the entire rejected batch and base/local/server alternatives across cold reopen, rejects changed approval, and confirms an explicit server resolution
verify	Run npm test	2026-10-09T12:04:39.7978968Z [22m[39mAnother connection wants to delete database 'rb09-823e0759-0b8b-4142-925f-98228ede9c88'. Closing db now to resume the delete request.
verify	Run npm test	2026-10-09T12:04:39.7980734Z 
verify	Run npm test	2026-10-09T12:04:39.9553962Z  [32m✓[39m src/storage/rb09Sync.test.ts [2m([22m[2m5 tests[22m[2m)[22m[33m 761[2mms[22m[39m
verify	Run npm test	2026-10-09T12:04:39.9557918Z    [32m✓[39m native prepared synchronization (contract server, not real Auth/RLS/Storage) [2m(5)[22m
verify	Run npm test	2026-10-09T12:04:39.9560423Z      [33m[2m✓[22m[39m prepares from confirmed common base rather than the last local command, merges separate fields, persists ack and reopens the same native edition[33m 309[2mms[22m[39m
verify	Run npm test	2026-10-09T12:04:40.1983792Z  [32m✓[39m src/domain/linkCandidates.test.ts [2m([22m[2m7 tests[22m[2m)[22m[32m 42[2mms[22m[39m
verify	Run npm test	2026-10-09T12:04:40.5494722Z [90mstderr[2m | src/storage/flowWorldDurability.test.ts[2m > [22m[2mRV04 exact fixed world across native save, restore and clone (fake IndexedDB)[2m > [22m[2mkeeps gate, borrowed values, saved replay and hashes tied to the old edition after world revision
verify	Run npm test	2026-10-09T12:04:40.5513791Z [22m[39mAnother connection wants to delete database 'flow-world-e8d22114-a13f-4ebf-9d86-51ae79fb86e5'. Closing db now to resume the delete request.
verify	Run npm test	2026-10-09T12:04:40.5515829Z  [32m✓[39m src/storage/flowWorldDurability.test.ts [2m([22m[2m2 tests[22m[2m)[22m[33m 659[2mms[22m[39m
verify	Run npm test	2026-10-09T12:04:40.5517884Z    [32m✓[39m RV04 exact fixed world across native save, restore and clone (fake IndexedDB) [2m(2)[22m
verify	Run npm test	2026-10-09T12:04:40.5526797Z      [33m[2m✓[22m[39m keeps gate, borrowed values, saved replay and hashes tied to the old edition after world revision[33m 452[2mms[22m[39m
verify	Run npm test	2026-10-09T12:04:40.5541900Z 
verify	Run npm test	2026-10-09T12:04:40.7989326Z [90mstderr[2m | src/storage/cacheConcurrency.test.ts[2m > [22m[2mdoes not repopulate caches when an initial uncached read resumes after close
verify	Run npm test	2026-10-09T12:04:40.8003857Z [22m[39mAnother connection wants to delete database 'cache-close-6521e95c-9004-4ea3-8f5c-d352667d026c'. Closing db now to resume the delete request.
verify	Run npm test	2026-10-09T12:04:40.8032200Z 
verify	Run npm test	2026-10-09T12:04:40.8692867Z  [32m✓[39m src/storage/cacheConcurrency.test.ts [2m([22m[2m4 tests[22m[2m)[22m[32m 259[2mms[22m[39m
verify	Run npm test	2026-10-09T12:04:40.8971112Z  [32m✓[39m tests/rb05-state-exploration.test.ts [2m([22m[2m5 tests[22m[2m)[22m[32m 95[2mms[22m[39m
verify	Run npm test	2026-10-09T12:04:41.1498950Z  [32m✓[39m src/ui/viewPreferences.test.ts [2m([22m[2m8 tests[22m[2m)[22m[32m 14[2mms[22m[39m
verify	Run npm test	2026-10-09T12:04:41.4257132Z  [32m✓[39m src/domain/publicCatalog.test.ts [2m([22m[2m2 tests[22m[2m)[22m[32m 20[2mms[22m[39m
verify	Run npm test	2026-10-09T12:04:43.3573481Z  [32m✓[39m src/storage/recordParts.test.ts [2m([22m[2m6 tests[22m[2m)[22m[33m 2255[2mms[22m[39m
verify	Run npm test	2026-10-09T12:04:43.3638277Z    [33m[2m✓[22m[39m refuses missing, altered, wrong-scope and repeated parts, cyclic graphs, sparse arrays and cancelled work[33m 2068[2mms[22m[39m
verify	Run npm test	2026-10-09T12:04:44.2808432Z [90mstderr[2m | src/storage/rb10Reviews.test.ts[2m > [22m[2mAT-F29 preserves the original version, Unicode quotation and production task through failure, deletion, stages, cold reload and complete clone restoration
verify	Run npm test	2026-10-09T12:04:44.2813391Z [22m[39mAnother connection wants to delete database 'rb10-review-e1f18c1e-da11-40ea-a739-f53ce06f0151'. Closing db now to resume the delete request.
verify	Run npm test	2026-10-09T12:04:44.2814864Z 
verify	Run npm test	2026-10-09T12:04:44.3196592Z  [32m✓[39m src/storage/rb10Reviews.test.ts [2m([22m[2m3 tests[22m[2m)[22m[33m 561[2mms[22m[39m
verify	Run npm test	2026-10-09T12:04:44.3199544Z    [33m[2m✓[22m[39m AT-F29 preserves the original version, Unicode quotation and production task through failure, deletion, stages, cold reload and complete clone restoration[33m 523[2mms[22m[39m
verify	Run npm test	2026-10-09T12:04:45.0177118Z [90mstderr[2m | src/storage/authorAlternativeAdoptionGuard.test.ts[2m > [22m[2mrejects unrelated adoption content and forged generated-review metadata atomically, then persists the exact derived review
verify	Run npm test	2026-10-09T12:04:45.0182203Z [22m[39mAnother connection wants to delete database 'independent-adoption-guard-f8068d5e-81b6-46ba-b9b0-f09ad1c86819'. Closing db now to resume the delete request.
verify	Run npm test	2026-10-09T12:04:45.0184506Z 
verify	Run npm test	2026-10-09T12:04:45.0196318Z  [32m✓[39m src/storage/authorAlternativeAdoptionGuard.test.ts [2m([22m[2m1 test[22m[2m)[22m[33m 301[2mms[22m[39m
verify	Run npm test	2026-10-09T12:04:45.5006061Z  [32m✓[39m src/storage/rb10Diagnostics.test.ts [2m([22m[2m4 tests[22m[2m)[22m[32m 188[2mms[22m[39m
verify	Run npm test	2026-10-09T12:04:45.8834752Z [90mstdout[2m | src/storage/storage.test.ts[2m > [22m[2matomic IndexedDB commands[2m > [22m[2mkeeps all rows beyond a read batch, rejects late corruption and cancels without changing native storage
verify	Run npm test	2026-10-09T12:04:45.8877482Z [22m[39mbounded-cold-read phase repair entity
verify	Run npm test	2026-10-09T12:04:45.8882385Z 
verify	Run npm test	2026-10-09T12:04:48.5043441Z  [32m✓[39m tests/timelineLayout.test.ts [2m([22m[2m5 tests[22m[2m)[22m[33m 2782[2mms[22m[39m
verify	Run npm test	2026-10-09T12:04:48.5103233Z    [32m✓[39m timeline lanes preserve references and all overlapping events [2m(5)[22m
verify	Run npm test	2026-10-09T12:04:48.5133367Z      [33m[2m✓[22m[39m represents every resolved ID in the large seeded fixture and every ID is reachable in virtual windows[33m 2482[2mms[22m[39m
verify	Run npm test	2026-10-09T12:04:48.7795987Z  [32m✓[39m src/domain/authorAlternativeIntegrity.test.ts [2m([22m[2m3 tests[22m[2m)[22m[32m 50[2mms[22m[39m
verify	Run npm test	2026-10-09T12:04:49.1763793Z  [32m✓[39m tests/conditionEditing.test.ts [2m([22m[2m6 tests[22m[2m)[22m[32m 88[2mms[22m[39m
verify	Run npm test	2026-10-09T12:04:49.4439217Z  [32m✓[39m src/domain/catalogEdits.test.ts [2m([22m[2m4 tests[22m[2m)[22m[32m 31[2mms[22m[39m
verify	Run npm test	2026-10-09T12:04:50.7983950Z  [32m✓[39m src/domain/catalogPerformance.test.ts [2m([22m[2m4 tests[22m[2m)[22m[33m 1125[2mms[22m[39m
verify	Run npm test	2026-10-09T12:04:50.8031253Z    [32m✓[39m catalog batch evaluation cost and dependencies [2m(4)[22m
verify	Run npm test	2026-10-09T12:04:50.8033598Z      [33m[2m✓[22m[39m reads Standard records at most twice for production, foreshadow, participant and compound queries[33m 758[2mms[22m[39m
verify	Run npm test	2026-10-09T12:04:50.8035543Z      [33m[2m✓[22m[39m uses the same linear batch path for a saved dynamic collection[33m 362[2mms[22m[39m
verify	Run npm test	2026-10-09T12:04:51.0169276Z  [32m✓[39m src/storage/recordDictionary.test.ts [2m([22m[2m4 tests[22m[2m)[22m[32m 21[2mms[22m[39m
verify	Run npm test	2026-10-09T12:04:51.4077021Z  [32m✓[39m src/ui/SnapshotAnchorPreview.test.ts [2m([22m[2m2 tests[22m[2m)[22m[32m 43[2mms[22m[39m
verify	Run npm test	2026-10-09T12:04:51.6123731Z  [32m✓[39m tests/reader-fallback.test.ts [2m([22m[2m5 tests[22m[2m)[22m[32m 22[2mms[22m[39m
verify	Run npm test	2026-10-09T12:04:51.9333289Z  [32m✓[39m src/ui/referenceIndex.test.ts [2m([22m[2m3 tests[22m[2m)[22m[32m 122[2mms[22m[39m
verify	Run npm test	2026-10-09T12:04:52.1136476Z  [32m✓[39m src/domain/referenceChoices.test.ts [2m([22m[2m3 tests[22m[2m)[22m[32m 22[2mms[22m[39m
verify	Run npm test	2026-10-09T12:04:52.6605065Z  [32m✓[39m src/storage/rb05StateDurability.test.ts [2m([22m[2m1 test[22m[2m)[22m[32m 212[2mms[22m[39m
verify	Run npm test	2026-10-09T12:04:53.1844977Z  [32m✓[39m src/ui/WritingWorkspace.test.ts [2m([22m[2m3 tests[22m[2m)[22m[32m 64[2mms[22m[39m
verify	Run npm test	2026-10-09T12:04:53.4428954Z  [32m✓[39m tests/editorNavigation.test.ts [2m([22m[2m5 tests[22m[2m)[22m[32m 16[2mms[22m[39m
verify	Run npm test	2026-10-09T12:04:53.9006801Z [90mstdout[2m | src/storage/storage.test.ts[2m > [22m[2matomic IndexedDB commands[2m > [22m[2mkeeps all rows beyond a read batch, rejects late corruption and cancels without changing native storage
verify	Run npm test	2026-10-09T12:04:53.9032957Z [22m[39mbounded-cold-read phase final repair
verify	Run npm test	2026-10-09T12:04:53.9048849Z 
verify	Run npm test	2026-10-09T12:04:55.6112023Z  [32m✓[39m tests/timeResolver.test.ts [2m([22m[2m5 tests[22m[2m)[22m[33m 13888[2mms[22m[39m
verify	Run npm test	2026-10-09T12:04:55.6143007Z    [32m✓[39m canonical iterative time resolution [2m(5)[22m
verify	Run npm test	2026-10-09T12:04:55.6172936Z      [33m[2m✓[22m[39m validates, saves, reloads and restores a real 5,001-event relative chain[33m 13881[2mms[22m[39m
verify	Run npm test	2026-10-09T12:04:56.0773300Z  [32m✓[39m src/ui/Fields.test.ts [2m([22m[2m3 tests[22m[2m)[22m[32m 38[2mms[22m[39m
verify	Run npm test	2026-10-09T12:04:56.4113661Z  [32m✓[39m tests/production.test.ts [2m([22m[2m3 tests[22m[2m)[22m[32m 24[2mms[22m[39m
verify	Run npm test	2026-10-09T12:04:56.6663254Z  [32m✓[39m src/domain/notes.test.ts [2m([22m[2m5 tests[22m[2m)[22m[32m 43[2mms[22m[39m
verify	Run npm test	2026-10-09T12:04:57.0769814Z  [32m✓[39m src/ui/AuthorAlternativeDraft.test.ts [2m([22m[2m2 tests[22m[2m)[22m[32m 8[2mms[22m[39m
verify	Run npm test	2026-10-09T12:04:57.3360007Z  [32m✓[39m tests/rb05-reuse-nested.test.ts [2m([22m[2m1 test[22m[2m)[22m[32m 67[2mms[22m[39m
verify	Run npm test	2026-10-09T12:04:57.5822916Z  [32m✓[39m tests/readingExportOrder.test.ts [2m([22m[2m1 test[22m[2m)[22m[32m 53[2mms[22m[39m
verify	Run npm test	2026-10-09T12:04:57.7984785Z  [32m✓[39m tests/rb05-reuse-hierarchy.test.ts [2m([22m[2m1 test[22m[2m)[22m[32m 42[2mms[22m[39m
verify	Run npm test	2026-10-09T12:04:57.9941672Z  [32m✓[39m tests/stateMeaning.test.ts [2m([22m[2m1 test[22m[2m)[22m[32m 20[2mms[22m[39m
verify	Run npm test	2026-10-09T12:04:58.1324005Z  [32m✓[39m src/ui/structuredNumberDrafts.test.ts [2m([22m[2m3 tests[22m[2m)[22m[32m 6[2mms[22m[39m
verify	Run npm test	2026-10-09T12:04:58.4442265Z  [32m✓[39m src/ui/TextAnnotations.test.ts [2m([22m[2m1 test[22m[2m)[22m[32m 34[2mms[22m[39m
verify	Run npm test	2026-10-09T12:04:58.6608922Z  [32m✓[39m src/ui/draftState.test.ts [2m([22m[2m2 tests[22m[2m)[22m[32m 10[2mms[22m[39m
verify	Run npm test	2026-10-09T12:04:58.8801312Z  [32m✓[39m tests/editorState.test.ts [2m([22m[2m2 tests[22m[2m)[22m[32m 13[2mms[22m[39m
verify	Run npm test	2026-10-09T12:04:59.1558106Z  [32m✓[39m src/domain/catalogPositions.test.ts [2m([22m[2m3 tests[22m[2m)[22m[32m 23[2mms[22m[39m
verify	Run npm test	2026-10-09T12:04:59.3448482Z  [32m✓[39m src/ui/linkCandidatePreferences.test.ts [2m([22m[2m2 tests[22m[2m)[22m[32m 5[2mms[22m[39m
verify	Run npm test	2026-10-09T12:04:59.5876702Z  [32m✓[39m tests/maintenance.test.ts [2m([22m[2m1 test[22m[2m)[22m[32m 29[2mms[22m[39m
verify	Run npm test	2026-10-09T12:04:59.7828761Z  [32m✓[39m src/storage/jsonValidation.test.ts [2m([22m[2m2 tests[22m[2m)[22m[32m 9[2mms[22m[39m
verify	Run npm test	2026-10-09T12:05:00.0381735Z  [32m✓[39m src/domain/worldSources.test.ts [2m([22m[2m2 tests[22m[2m)[22m[32m 12[2mms[22m[39m
verify	Run npm test	2026-10-09T12:05:00.2366874Z  [32m✓[39m tests/attachments.test.ts [2m([22m[2m3 tests[22m[2m)[22m[32m 14[2mms[22m[39m
verify	Run npm test	2026-10-09T12:05:00.4272802Z  [32m✓[39m tests/diagnostics.test.ts [2m([22m[2m1 test[22m[2m)[22m[32m 7[2mms[22m[39m
verify	Run npm test	2026-10-09T12:05:01.4764654Z [90mstderr[2m | src/storage/storage.test.ts[2m > [22m[2matomic IndexedDB commands[2m > [22m[2mkeeps all rows beyond a read batch, rejects late corruption and cancels without changing native storage
verify	Run npm test	2026-10-09T12:05:01.4767553Z [22m[39mAnother connection wants to delete database 'bounded-cold-read-cdf81888-65d9-4cc9-9215-059209034bb4'. Closing db now to resume the delete request.
verify	Run npm test	2026-10-09T12:05:01.4768757Z 
verify	Run npm test	2026-10-09T12:05:01.4770782Z [90mstderr[2m | src/storage/storage.test.ts[2m > [22m[2matomic IndexedDB commands[2m > [22m[2mkeeps all rows beyond a read batch, rejects late corruption and cancels without changing native storage
verify	Run npm test	2026-10-09T12:05:01.4773593Z [22m[39mAnother connection wants to delete database 'bounded-cold-read-cdf81888-65d9-4cc9-9215-059209034bb4'. Closing db now to resume the delete request.
verify	Run npm test	2026-10-09T12:05:01.4774634Z 
verify	Run npm test	2026-10-09T12:05:01.5453768Z [90mstderr[2m | src/storage/storage.test.ts[2m > [22m[2matomic IndexedDB commands[2m > [22m[2mretains committed header order on a cold range read and refuses missing or foreign rows without changing durable data
verify	Run npm test	2026-10-09T12:05:01.5456920Z [22m[39mAnother connection wants to delete database 'range-integrity-b26dfea3-2f7d-4b0a-a2f5-1b0fe1c6edc8'. Closing db now to resume the delete request.
verify	Run npm test	2026-10-09T12:05:01.5458240Z 
verify	Run npm test	2026-10-09T12:05:01.5460261Z [90mstderr[2m | src/storage/storage.test.ts[2m > [22m[2matomic IndexedDB commands[2m > [22m[2mretains committed header order on a cold range read and refuses missing or foreign rows without changing durable data
verify	Run npm test	2026-10-09T12:05:01.5463445Z [22m[39mAnother connection wants to delete database 'range-integrity-b26dfea3-2f7d-4b0a-a2f5-1b0fe1c6edc8'. Closing db now to resume the delete request.
verify	Run npm test	2026-10-09T12:05:01.5465161Z 
verify	Run npm test	2026-10-09T12:05:01.6644064Z [90mstderr[2m | src/storage/storage.test.ts[2m > [22m[2matomic IndexedDB commands[2m > [22m[2mhydrates private cold rows without changing stored blocks, drafts or fixed snapshots
verify	Run npm test	2026-10-09T12:05:01.6683569Z [22m[39mAnother connection wants to delete database 'private-hydration-ffd5d236-22a3-40a3-af1d-7c1d246514c6'. Closing db now to resume the delete request.
verify	Run npm test	2026-10-09T12:05:01.6684675Z 
verify	Run npm test	2026-10-09T12:05:01.7306614Z [90mstderr[2m | src/storage/storage.test.ts[2m > [22m[2matomic IndexedDB commands[2m > [22m[2mpersists stable IDs, links, original text and huge negative ticks across restart; undo appends history
verify	Run npm test	2026-10-09T12:05:01.7310832Z [22m[39mAnother connection wants to delete database 'restart-ef0125c2-91e9-490a-80fb-970eb44a826f'. Closing db now to resume the delete request.
verify	Run npm test	2026-10-09T12:05:01.7312513Z 
verify	Run npm test	2026-10-09T12:05:02.4602862Z  [32m✓[39m src/storage/storage.test.ts [2m([22m[2m46 tests[22m[2m)[22m[33m 44036[2mms[22m[39m
verify	Run npm test	2026-10-09T12:05:02.4603690Z    [32m✓[39m atomic IndexedDB commands [2m(17)[22m
verify	Run npm test	2026-10-09T12:05:02.4604594Z      [33m[2m✓[22m[39m keeps all rows beyond a read batch, rejects late corruption and cancels without changing native storage[33m 43052[2mms[22m[39m
verify	Run npm test	2026-10-09T12:07:30.5803723Z  [32m✓[39m tests/performanceFixture.test.ts [2m([22m[2m2 tests[22m[2m)[22m[33m 156855[2mms[22m[39m
verify	Run npm test	2026-10-09T12:07:30.5836239Z    [32m✓[39m performance dataset provenance [2m(2)[22m
verify	Run npm test	2026-10-09T12:07:30.5863240Z      [33m[2m✓[22m[39m produces a deterministic, populated standard fixture with explicit unmeasured asset bytes[33m 534[2mms[22m[39m
verify	Run npm test	2026-10-09T12:07:30.5883302Z      [33m[2m✓[22m[39m includes actual bounded Large materials and restores every byte from a complete file[33m 156318[2mms[22m[39m
verify	Run npm test	2026-10-09T12:07:30.5884389Z 
verify	Run npm test	2026-10-09T12:07:30.5885089Z [2m Test Files [22m [1m[32m81 passed[39m[22m[90m (81)[39m
verify	Run npm test	2026-10-09T12:07:30.5886326Z [2m      Tests [22m [1m[32m764 passed[39m[22m[90m (764)[39m
verify	Run npm test	2026-10-09T12:07:30.5887234Z [2m   Start at [22m 12:04:16
verify	Run npm test	2026-10-09T12:07:30.5888414Z [2m   Duration [22m 194.29s[2m (tests 95%, import 4%, transform 2%)[22m
verify	Run npm test	2026-10-09T12:07:30.5897815Z 
verify	Run npm run build	﻿2026-10-09T12:07:30.7522152Z ##[group]Run npm run build
verify	Run npm run build	2026-10-09T12:07:30.7522483Z [36;1mnpm run build[0m
verify	Run npm run build	2026-10-09T12:07:30.7585857Z shell: /usr/bin/bash -e {0}
verify	Run npm run build	2026-10-09T12:07:30.7586154Z env:
verify	Run npm run build	2026-10-09T12:07:30.7586550Z   CHROMIUM_PATH: /home/runner/.cache/ms-playwright/chromium-1243/chrome-linux64/chrome
verify	Run npm run build	2026-10-09T12:07:30.7587036Z ##[endgroup]
verify	Run npm run build	2026-10-09T12:07:30.8670734Z 
verify	Run npm run build	2026-10-09T12:07:30.8673052Z > shinariokanri@0.1.0 prebuild
verify	Run npm run build	2026-10-09T12:07:30.8673615Z > node scripts/build/portable-runtime.mjs
verify	Run npm run build	2026-10-09T12:07:30.8673900Z 
verify	Run npm run build	2026-10-09T12:07:30.9993405Z Production portable runtime generated: 144514 characters
verify	Run npm run build	2026-10-09T12:07:31.0602218Z 
verify	Run npm run build	2026-10-09T12:07:31.0602953Z > shinariokanri@0.1.0 build
verify	Run npm run build	2026-10-09T12:07:31.0603916Z > tsc -b && vite build && node scripts/build/service-worker.mjs
verify	Run npm run build	2026-10-09T12:07:31.0604446Z 
verify	Run npm run build	2026-10-09T12:07:33.9527977Z [36mvite v8.3.2 [32mbuilding client environment for production...[36m[39m
verify	Run npm run build	2026-10-09T12:07:33.9626768Z transforming...
verify	Run npm run build	2026-10-09T12:07:34.3521902Z ✓ 188 modules transformed.
verify	Run npm run build	2026-10-09T12:07:34.4326472Z rendering chunks...
verify	Run npm run build	2026-10-09T12:07:34.6814541Z computing gzip size...
verify	Run npm run build	2026-10-09T12:07:34.7076732Z dist/index.html                                    0.65 kB │ gzip:   0.45 kB
verify	Run npm run build	2026-10-09T12:07:34.7077663Z dist/assets/recordParts.worker-T_qEKL4N.js         8.33 kB
verify	Run npm run build	2026-10-09T12:07:34.7078465Z dist/assets/readValidation.worker-ml078vLf.js    283.35 kB
verify	Run npm run build	2026-10-09T12:07:34.7079272Z dist/assets/archiveExport.worker-BGcKFGSj.js     318.30 kB
verify	Run npm run build	2026-10-09T12:07:34.7080054Z dist/assets/archive.worker-Db8yCkQz.js           322.55 kB
verify	Run npm run build	2026-10-09T12:07:34.7081032Z dist/assets/index-Cl54geVe.css                    76.22 kB │ gzip:  15.13 kB
verify	Run npm run build	2026-10-09T12:07:34.7083287Z dist/assets/presentation-p0FcZTIj.js             213.26 kB │ gzip:  66.30 kB
verify	Run npm run build	2026-10-09T12:07:34.7084397Z dist/assets/index-BWHDF8Qz.js                  1,823.94 kB │ gzip: 538.06 kB
verify	Run npm run build	2026-10-09T12:07:34.7084889Z 
verify	Run npm run build	2026-10-09T12:07:34.7092197Z [33m[33m[INEFFECTIVE_DYNAMIC_IMPORT] [0msrc/sync/publicShare.ts is dynamically imported by src/storage/store.ts but also statically imported by src/ui/SharedPortal.tsx, dynamic import will not move module into another chunk.
verify	Run npm run build	2026-10-09T12:07:34.7093791Z [39m
verify	Run npm run build	2026-10-09T12:07:34.7094395Z [33m[plugin builtin:vite-reporter] 
verify	Run npm run build	2026-10-09T12:07:34.7095263Z (!) Some chunks are larger than 500 kB after minification. Consider:
verify	Run npm run build	2026-10-09T12:07:34.7096176Z - Using dynamic import() to code-split the application
verify	Run npm run build	2026-10-09T12:07:34.7097346Z - Use build.rolldownOptions.output.codeSplitting to improve chunking: https://rolldown.rs/reference/OutputOptions.codeSplitting
verify	Run npm run build	2026-10-09T12:07:34.7098467Z - Adjust chunk size limit for this warning via build.chunkSizeWarningLimit.[39m
verify	Run npm run build	2026-10-09T12:07:34.7101572Z [33m[33m[INEFFECTIVE_DYNAMIC_IMPORT] [0msrc/domain/runtime.ts is dynamically imported by src/domain/projectRecordValidation.ts but also statically imported by src/domain/gameProtocol.ts, src/domain/runtimeVerified.ts, src/domain/traceReconfirmation.ts, src/ui/Reader.tsx, dynamic import will not move module into another chunk.
verify	Run npm run build	2026-10-09T12:07:34.7103462Z [39m
verify	Run npm run build	2026-10-09T12:07:34.7105871Z [33m[33m[INEFFECTIVE_DYNAMIC_IMPORT] [0msrc/domain/runtimeVerified.ts is dynamically imported by src/domain/checkpoints.ts but also statically imported by src/domain/gameProtocol.ts, src/domain/productionPlanning.ts, src/domain/traceReconfirmation.ts, src/ui/ProductionReviewPanel.tsx, src/ui/Reader.tsx, dynamic import will not move module into another chunk.
verify	Run npm run build	2026-10-09T12:07:34.7107695Z [39m
verify	Run npm run build	2026-10-09T12:07:34.7110665Z [33m[33m[INEFFECTIVE_DYNAMIC_IMPORT] [0msrc/domain/gameProtocol.ts is dynamically imported by src/domain/projectRecordValidation.ts but also statically imported by src/domain/gameHandoff.ts, dynamic import will not move module into another chunk.
verify	Run npm run build	2026-10-09T12:07:34.7112359Z [39m
verify	Run npm run build	2026-10-09T12:07:34.7112734Z [32m✓ built in 756ms[39m
verify	Run npm run build	2026-10-09T12:07:34.8071761Z Offline shell generated: 923783d991a93d267878, /shinariokanri/
verify	Run BROWSER_ENGINES=all npm run test:e2e	﻿2026-10-09T12:07:34.8238120Z ##[group]Run BROWSER_ENGINES=all npm run test:e2e
verify	Run BROWSER_ENGINES=all npm run test:e2e	2026-10-09T12:07:34.8238842Z [36;1mBROWSER_ENGINES=all npm run test:e2e[0m
verify	Run BROWSER_ENGINES=all npm run test:e2e	2026-10-09T12:07:34.8325435Z shell: /usr/bin/bash -e {0}
verify	Run BROWSER_ENGINES=all npm run test:e2e	2026-10-09T12:07:34.8325738Z env:
verify	Run BROWSER_ENGINES=all npm run test:e2e	2026-10-09T12:07:34.8326132Z   CHROMIUM_PATH: /home/runner/.cache/ms-playwright/chromium-1243/chrome-linux64/chrome
verify	Run BROWSER_ENGINES=all npm run test:e2e	2026-10-09T12:07:34.8326602Z ##[endgroup]
verify	Run BROWSER_ENGINES=all npm run test:e2e	2026-10-09T12:07:34.9406839Z 
verify	Run BROWSER_ENGINES=all npm run test:e2e	2026-10-09T12:07:34.9407603Z > shinariokanri@0.1.0 test:e2e
verify	Run BROWSER_ENGINES=all npm run test:e2e	2026-10-09T12:07:34.9408079Z > playwright test
verify	Run BROWSER_ENGINES=all npm run test:e2e	2026-10-09T12:07:34.9408280Z 
verify	Run BROWSER_ENGINES=all npm run test:e2e	2026-10-09T12:07:39.2258141Z 
verify	Run BROWSER_ENGINES=all npm run test:e2e	2026-10-09T12:07:39.2259114Z Running 270 tests using 1 worker
verify	Run BROWSER_ENGINES=all npm run test:e2e	2026-10-09T12:07:39.2259559Z 
verify	Run BROWSER_ENGINES=all npm run test:e2e	2026-10-09T12:07:43.1786211Z   ✓    1 [chromium] › tests/e2e/catalog-notes.spec.ts:24:1 › 保存した複合一覧の再適用、一括変更、索引分類を通常フォームで行う (3.3s)
verify	Run BROWSER_ENGINES=all npm run test:e2e	2026-10-09T12:07:45.6437572Z   ✓    2 [chromium] › tests/e2e/catalog-notes.spec.ts:48:1 › 狭い画面で文章メモを場面へ変換し元メモと履歴を保持する (2.4s)
verify	Run BROWSER_ENGINES=all npm run test:e2e	2026-10-09T12:07:47.7498235Z   ✓    3 [chromium] › tests/e2e/catalog-notes.spec.ts:64:1 › 短い文章メモの未保存入力を詳細パネルの閉じ直し後も保持する (2.1s)
verify	Run BROWSER_ENGINES=all npm run test:e2e	2026-10-09T12:07:50.9909890Z   ✓    4 [chromium] › tests/e2e/catalog-notes.spec.ts:75:1 › 録音許可の拒否を説明し、文章と画像メモを保存ファイルまで保持する (3.2s)
verify	Run BROWSER_ENGINES=all npm run test:e2e	2026-10-09T12:07:53.9858270Z   ✓    5 [chromium] › tests/e2e/catalog-notes.spec.ts:104:1 › 日本語索引の表記候補を連続入力して保存・再表示しても文字と焦点を保つ (3.0s)
verify	Run BROWSER_ENGINES=all npm run test:e2e	2026-10-09T12:07:56.3395829Z   ✓    6 [chromium] › tests/e2e/editor-navigation.spec.ts:37:1 › B10/F27 本文リンクから戻り、逆参照でも同じ段落の絵文字後の語句を正確に開く (2.3s)
verify	Run BROWSER_ENGINES=all npm run test:e2e	2026-10-09T12:07:58.0772191Z   ✓    7 [chromium] › tests/e2e/editor-navigation.spec.ts:63:1 › B01 参照元と固定版の影響を示して参照中のアーカイブを止め、未参照の保持指定も個別に確認する (1.7s)
verify	Run BROWSER_ENGINES=all npm run test:e2e	2026-10-09T12:08:01.1809550Z   ✓    8 [chromium] › tests/e2e/editor-regressions.spec.ts:45:1 › RG-R01 本文の注記と提示位置が絵文字を含む前方挿入に追従し、再読込後も人物を開ける (3.1s)
verify	Run BROWSER_ENGINES=all npm run test:e2e	2026-10-09T12:08:04.3031181Z   ✓    9 [chromium] › tests/e2e/editor-regressions.spec.ts:67:61 › RG-R05 booleanの複数値をフォームで追加し、演算切替を取り消して保存・再読込・試読する (3.1s)
verify	Run BROWSER_ENGINES=all npm run test:e2e	2026-10-09T12:08:08.2473788Z   ✓   10 [chromium] › tests/e2e/editor-regressions.spec.ts:67:61 › RG-R05 integerの複数値をフォームで追加し、演算切替を取り消して保存・再読込・試読する (3.9s)
verify	Run BROWSER_ENGINES=all npm run test:e2e	2026-10-09T12:08:12.2410685Z   ✓   11 [chromium] › tests/e2e/editor-regressions.spec.ts:67:61 › RG-R05 enumの複数値をフォームで追加し、演算切替を取り消して保存・再読込・試読する (4.0s)
verify	Run BROWSER_ENGINES=all npm run test:e2e	2026-10-09T12:08:16.0828912Z   ✓   12 [chromium] › tests/e2e/editor.spec.ts:21:1 › 人物の日本語入力を保存し再読み込みして完全保存・別端末領域へ復元できる (3.7s)
verify	Run BROWSER_ENGINES=all npm run test:e2e	2026-10-09T12:08:17.1677532Z   ✓   13 [chromium] › tests/e2e/editor.spec.ts:57:3 › 幅320pxで作品作成と資料の操作が画面内に収まる (1.1s)
verify	Run BROWSER_ENGINES=all npm run test:e2e	2026-10-09T12:08:18.2452779Z   ✓   14 [chromium] › tests/e2e/editor.spec.ts:57:3 › 幅390pxで作品作成と資料の操作が画面内に収まる (1.1s)
verify	Run BROWSER_ENGINES=all npm run test:e2e	2026-10-09T12:08:19.4028667Z   ✓   15 [chromium] › tests/e2e/editor.spec.ts:57:3 › 幅768pxで作品作成と資料の操作が画面内に収まる (1.1s)
verify	Run BROWSER_ENGINES=all npm run test:e2e	2026-10-09T12:08:20.5370616Z   ✓   16 [chromium] › tests/e2e/editor.spec.ts:57:3 › 幅1024pxで作品作成と資料の操作が画面内に収まる (1.1s)
verify	Run BROWSER_ENGINES=all npm run test:e2e	2026-10-09T12:08:21.5616052Z   ✓   17 [chromium] › tests/e2e/editor.spec.ts:57:3 › 幅1440pxで作品作成と資料の操作が画面内に収まる (1.0s)
verify	Run BROWSER_ENGINES=all npm run test:e2e	2026-10-09T12:08:22.8374440Z   ✓   18 [chromium] › tests/e2e/editor.spec.ts:67:1 › 初期画面の自動アクセシビリティ検査 (1.3s)
verify	Run BROWSER_ENGINES=all npm run test:e2e	2026-10-09T12:08:24.5072325Z   ✓   19 [chromium] › tests/e2e/editor.spec.ts:74:1 › 配信サーバー停止後にキャッシュ取得済みの作品を再開する (1.7s)
verify	Run BROWSER_ENGINES=all npm run test:e2e	2026-10-09T12:08:25.9708777Z   ✓   20 [chromium] › tests/e2e/editor.spec.ts:121:1 › サンプルの条件付き選択肢と巻き戻しを操作できる (1.5s)
verify	Run BROWSER_ENGINES=all npm run test:e2e	2026-10-09T12:08:28.2304179Z   ✓   21 [chromium] › tests/e2e/editor.spec.ts:143:1 › 不正JSONの未保存入力を画面移動後も保持する (2.2s)
verify	Run BROWSER_ENGINES=all npm run test:e2e	2026-10-09T12:08:30.6475041Z   ✓   22 [chromium] › tests/e2e/editor.spec.ts:162:1 › 保存に失敗した名前を二回の画面移動後も未保存として保持する (2.4s)
verify	Run BROWSER_ENGINES=all npm run test:e2e	2026-10-09T12:08:32.9239189Z   ✓   23 [chromium] › tests/e2e/project-drafts.spec.ts:18:1 › 同じ情報IDを持つ別作品でも未保存の雛形入力を作品ごとに保持する (2.3s)
verify	Run BROWSER_ENGINES=all npm run test:e2e	2026-10-09T12:08:35.3816073Z   ✓   24 [chromium] › tests/e2e/rb05-reconfirmation.spec.ts:19:1 › 別版の途中開始を差分確認・原子保存・再読込し、移行した状態から試読する (2.4s)
verify	Run BROWSER_ENGINES=all npm run test:e2e	2026-10-09T12:08:37.5498219Z   ✓   25 [chromium] › tests/e2e/rb05-reconfirmation.spec.ts:26:1 › 改訂稿の経路を再実行・別証跡保存・再読込し、旧金額3と新金額7をそれぞれ再生する (2.2s)
verify	Run BROWSER_ENGINES=all npm run test:e2e	2026-10-09T12:08:39.3787901Z   ✓   26 [chromium] › tests/e2e/rb05-reconfirmation.spec.ts:33:1 › 保存失敗で移行差分を保持し、再試行後にだけ保存完了を表示する (1.8s)
verify	Run BROWSER_ENGINES=all npm run test:e2e	2026-10-09T12:08:40.9574430Z   ✓   27 [chromium] › tests/e2e/rb05-reconfirmation.spec.ts:41:1 › 移行差分確認後に入口を切り替えると保存を止め、固定した入口を表示する (1.6s)
verify	Run BROWSER_ENGINES=all npm run test:e2e	2026-10-09T12:08:44.6067199Z   ✓   28 [chromium] › tests/e2e/rb05-reconfirmation.spec.ts:51:1 › 個別章開始を明示移行し、通常画面で再確認・原子保存・再読込・完全保存する (3.6s)
verify	Run BROWSER_ENGINES=all npm run test:e2e	2026-10-09T12:08:46.9268924Z   ✓   29 [chromium] › tests/e2e/rb05-reconfirmation.spec.ts:63:1 › 章の移行で提示時点と選択範囲を画面移動・再起動後も保持し、変更時は再確認する (2.3s)
verify	Run BROWSER_ENGINES=all npm run test:e2e	2026-10-09T12:08:49.5404841Z   ✓   30 [chromium] › tests/e2e/rb05-reuse.spec.ts:11:1 › 固定callの内部graphから通常ボタンで呼出元へ戻り、経路を保存・cold再生する (2.6s)
verify	Run BROWSER_ENGINES=all npm run test:e2e	2026-10-09T12:08:52.1312523Z   ✓   31 [chromium] › tests/e2e/rb05-reuse.spec.ts:20:35 › 子出口の経路保存待ちを画面移動から保持し、最新propsの確認後に復帰する (2.6s)
verify	Run BROWSER_ENGINES=all npm run test:e2e	2026-10-09T12:08:54.9382378Z   ✓   32 [chromium] › tests/e2e/rb05-reuse.spec.ts:20:35 › 子出口の経路保存待ちを画面移動から保持し、失敗後の同じ経路を再試行する (2.8s)
verify	Run BROWSER_ENGINES=all npm run test:e2e	2026-10-09T12:08:57.0328626Z   ✓   33 [chromium] › tests/e2e/rb05-reuse.spec.ts:28:1 › 経路再生待ちの再入へ保存版を反映し、次回の明示版選択を別画面往復から保持する (2.1s)
verify	Run BROWSER_ENGINES=all npm run test:e2e	2026-10-09T12:09:02.7194081Z   ✓   34 [chromium] › tests/e2e/rb05-reuse.spec.ts:35:1 › RB05 共通元を固定参照・独立複製・部分上書きで原子保存し、共通元改稿後の本文と再読込を確認する (5.7s)
verify	Run BROWSER_ENGINES=all npm run test:e2e	2026-10-09T12:09:04.7703713Z   ✓   35 [chromium] › tests/e2e/rb05-reuse.spec.ts:55:1 › 多重固定参照を完全保存から再読込し、旧本文の固定リンクと元のUnicode位置へ戻る (2.0s)
verify	Run BROWSER_ENGINES=all npm run test:e2e	2026-10-09T12:09:07.6890700Z   ✓   36 [chromium] › tests/e2e/rb05-structure-reading.spec.ts:11:1 › RB05 途中開始の状態値を通常フォームで編集し、画面移動・再読込・試読・巻戻へ接続する (2.9s)
verify	Run BROWSER_ENGINES=all npm run test:e2e	2026-10-09T12:09:10.5004746Z   ✓   37 [chromium] › tests/e2e/rb05-structure-reading.spec.ts:31:1 › RB05 反応系列の下書きを移動から再開し、作成・保存・再読込・初回／再訪を通常試読する (2.8s)
verify	Run BROWSER_ENGINES=all npm run test:e2e	2026-10-09T12:09:13.3000560Z   ✓   38 [chromium] › tests/e2e/rb05-structure-reading.spec.ts:48:1 › RB05 折りたたんだ章の未完成出口を掘り下げ、通常接続編集と再読込で集計へ反映する (2.8s)
verify	Run BROWSER_ENGINES=all npm run test:e2e	2026-10-09T12:09:17.5403156Z   ✓   39 [chromium] › tests/e2e/rb06-recovery.spec.ts:11:1 › 50件より古い版を通常検索し、単体復元と作品全体復元を区別して保存失敗・再入・cold再生する (4.2s)
verify	Run BROWSER_ENGINES=all npm run test:e2e	2026-10-09T12:09:20.5260651Z   ✓   40 [chromium] › tests/e2e/rb06-recovery.spec.ts:19:1 › 別作品の全ID対応を画面移動・cold再起動から再開し、失敗後に原子統合して元履歴・段落を完全保存する (3.0s)
verify	Run BROWSER_ENGINES=all npm run test:e2e	2026-10-09T12:09:22.4925952Z   ✓   41 [chromium] › tests/e2e/rb06-recovery.spec.ts:27:1 › 復元保存待ちの後に選んだ資料と作品を保持し、新規復元だけを一覧へ追加する (1.9s)
verify	Run BROWSER_ENGINES=all npm run test:e2e	2026-10-09T12:09:24.5244781Z   ✓   42 [chromium] › tests/e2e/rb06-recovery.spec.ts:35:1 › native保存ack待ちに届いた後続ファイルを保持し、先の新規復元が確認画面を開き直さない (2.0s)
verify	Run BROWSER_ENGINES=all npm run test:e2e	2026-10-09T12:09:28.0296071Z   ✓   43 [chromium] › tests/e2e/rb07-production.spec.ts:12:1 › 台詞分割の入力と差分を移動・失敗から再開し、旧新ID・翻訳確認待ちをcold保存と完全ファイルで確認する (3.5s)
verify	Run BROWSER_ENGINES=all npm run test:e2e	2026-10-09T12:09:30.4636396Z   ✓   44 [chromium] › tests/e2e/rb07-production.spec.ts:18:1 › 資料の取得日時と実動画bytesを通常保存し、再読込で安全な動画表示と不足状態を区別する (2.4s)
verify	Run BROWSER_ENGINES=all npm run test:e2e	2026-10-09T12:09:32.8450007Z   ✓   45 [chromium] › tests/e2e/rb07-production.spec.ts:22:1 › 現在原文を選び直した翻訳をhash承認し、期限外・没用語を除いたUnicode候補を指摘版ごと原子保存する (2.4s)
verify	Run BROWSER_ENGINES=all npm run test:e2e	2026-10-09T12:09:35.4436703Z   ✓   46 [chromium] › tests/e2e/rb08-handoff.spec.ts:24:1 › 制作見積の入力を移動とcold再開から保持し、quota拒否後の原子保存を完全ファイルへつなぐ (2.6s)
verify	Run BROWSER_ENGINES=all npm run test:e2e	2026-10-09T12:09:38.2575727Z   ✓   47 [chromium] › tests/e2e/rb08-handoff.spec.ts:26:1 › 旧媒体と元pinを保持し、未保存候補を再開して独立改訂・予定日・完全復元を確認する (2.8s)
verify	Run BROWSER_ENGINES=all npm run test:e2e	2026-10-09T12:09:41.6825638Z   ✓   48 [chromium] › tests/e2e/rb08-handoff.spec.ts:28:1 › 相談MDの出所と対象版をcold再開し、作者別案へ保存・選択採用して正本と採用記録を復元する (3.4s)
verify	Run BROWSER_ENGINES=all npm run test:e2e	2026-10-09T12:09:44.7445884Z   ✓   49 [chromium] › tests/e2e/rb08-handoff.spec.ts:30:1 › 通常出力を独立ゲームへ渡し、実勝利・経路・受領証跡を戻して原子保存・cold・完全復元する (3.0s)
verify	Run BROWSER_ENGINES=all npm run test:e2e	2026-10-09T12:09:50.8597115Z   ✓   50 [chromium] › tests/e2e/rb08-handoff.spec.ts:32:1 › 通常画面で旧版と現稿の公開範囲を作り、固定引用のUnicode位置を試遊ZIPから開いて戻り、承認をcold復元する (6.1s)
verify	Run BROWSER_ENGINES=all npm run test:e2e	2026-10-09T12:09:52.9844623Z   ✓   51 [chromium] › tests/e2e/rb08-handoff.spec.ts:38:1 › 通常画面で企画・プレイ行動・実装作業を照合し、容量失敗後に対象版付き確認を保存しcold完全復元する (2.1s)
verify	Run BROWSER_ENGINES=all npm run test:e2e	2026-10-09T12:09:55.4246941Z   ✓   52 [chromium] › tests/e2e/rb08-handoff.spec.ts:43:1 › 通常出力の試遊ZIPが同じ素材IDの旧動画decodeと新音声bytesを別々に検証して固定参照から戻る (2.4s)
verify	Run BROWSER_ENGINES=all npm run test:e2e	2026-10-09T12:09:56.4784479Z   ✓   53 [chromium] › tests/e2e/rb09-inputs.spec.ts:35:1 › active author screen keeps account controls reachable at PC and phone widths (1.0s)
verify	Run BROWSER_ENGINES=all npm run test:e2e	2026-10-09T12:09:58.5660216Z   ✓   54 [chromium] › tests/e2e/rb09-inputs.spec.ts:37:1 › input DB commit resumes all A despite a cache quota fault and cold reauthentication (2.1s)
verify	Run BROWSER_ENGINES=all npm run test:e2e	2026-10-09T12:10:00.0026337Z   ✓   55 [chromium] › tests/e2e/rb09-inputs.spec.ts:39:1 › input TX failure leaves tool and workspace B intact and preserves visible input for retry (1.4s)
verify	Run BROWSER_ENGINES=all npm run test:e2e	2026-10-09T12:10:03.0389745Z   ✓   56 [chromium] › tests/e2e/rb09-inputs.spec.ts:41:1 › delayed complete archive and base commit preserve a later shared-screen navigation (3.0s)
verify	Run BROWSER_ENGINES=all npm run test:e2e	2026-10-09T12:10:04.9464556Z   ✓   57 [chromium] › tests/e2e/rb09-sharing.spec.ts:12:1 › approved fixed reference retains Unicode position, source return, comment version and cold cache without persisting Auth (1.9s)
verify	Run BROWSER_ENGINES=all npm run test:e2e	2026-10-09T12:10:06.1290506Z   ✓   58 [chromium] › tests/e2e/rb09-sharing.spec.ts:14:1 › revocation refuses a new snapshot and clears the cached displayed edition (1.2s)
verify	Run BROWSER_ENGINES=all npm run test:e2e	2026-10-09T12:10:07.9885016Z   ✓   59 [chromium] › tests/e2e/rb09-sharing.spec.ts:16:1 › a requested fixed snapshot opens after a delayed metadata listing instead of being dropped by the initial busy lock (1.8s)
verify	Run BROWSER_ENGINES=all npm run test:e2e	2026-10-09T12:10:10.7726187Z   ✓   60 [chromium] › tests/e2e/rb10-completion.spec.ts:12:1 › paged chapter tail keeps original move indices, selection and cold return position through a complete save (2.8s)
verify	Run BROWSER_ENGINES=all npm run test:e2e	2026-10-09T12:10:12.7797438Z   ✓   61 [chromium] › tests/e2e/rb10-completion.spec.ts:18:1 › paged branch and production searches reach tail items without creating all DOM records (2.0s)
verify	Run BROWSER_ENGINES=all npm run test:e2e	2026-10-09T12:10:15.0330228Z   ✓   62 [chromium] › tests/e2e/rb10-completion.spec.ts:21:1 › an actual failed atomic save retains input and exports only optional diagnostic metadata (2.2s)
verify	Run BROWSER_ENGINES=all npm run test:e2e	2026-10-09T12:10:18.1619395Z   ✓   63 [chromium] › tests/e2e/rb10-completion.spec.ts:24:1 › cancelling an in-flight command keeps the draft, revision, history and outbox until explicit retry (3.1s)
verify	Run BROWSER_ENGINES=all npm run test:e2e	2026-10-09T12:10:19.1564985Z   ✓   64 [chromium] › tests/e2e/rb10-completion.spec.ts:32:1 › a handled authentication failure records only optional identifiers and never exports credentials or the remote message (980ms)
verify	Run BROWSER_ENGINES=all npm run test:e2e	2026-10-09T12:10:25.9448478Z   ✓   65 [chromium] › tests/e2e/rb10-completion.spec.ts:37:1 › AT-F29 normal author operation imports frozen shared quotation and task atomically, retains a failed preview, records both stages and reloads the old edition (6.8s)
verify	Run BROWSER_ENGINES=all npm run test:e2e	2026-10-09T12:10:27.2911339Z   ✓   66 [chromium] › tests/e2e/rb10-completion.spec.ts:51:1 › F29 public old-version deep link carries only public IDs and Unicode offsets without private identifiers (1.3s)
verify	Run BROWSER_ENGINES=all npm run test:e2e	2026-10-09T12:10:29.2494325Z   ✓   67 [chromium] › tests/e2e/rb10-completion.spec.ts:55:1 › F37 normal state editor shows enum meaning candidates while keeping an unknown initial value through a complete file and reload (1.9s)
verify	Run BROWSER_ENGINES=all npm run test:e2e	2026-10-09T12:10:38.2224425Z   ✓   68 [chromium] › tests/e2e/rb10-completion.spec.ts:59:1 › real native IndexedDB cancels a worker while a full import transaction contains parts, then explicitly retries and cold-loads every body (8.9s)
verify	Run BROWSER_ENGINES=all npm run test:e2e	2026-10-09T12:10:42.5243259Z   ✓   69 [chromium] › tests/e2e/rb10-graph.spec.ts:10:1 › graph movement keeps connected lines, device layout and live semantic edits consistent through cold reload (4.3s)
verify	Run BROWSER_ENGINES=all npm run test:e2e	2026-10-09T12:10:59.9809784Z   ✓   70 [chromium] › tests/e2e/rb10-import-errors.spec.ts:69:1 › AT-N09 rejects every original corrupt fixture with its path and reason, keeps native bytes and the prior draft, then retries and cold-restores (17.4s)
verify	Run BROWSER_ENGINES=all npm run test:e2e	2026-10-09T12:11:09.3792064Z   ✓   71 [chromium] › tests/e2e/rb10-library-reopen.spec.ts:52:1 › library selection keeps canonical projects clean and resumes a failed draft across another project, cold reload and empty new/clone restoration (9.4s)
verify	Run BROWSER_ENGINES=all npm run test:e2e	2026-10-09T12:12:58.0951818Z   ✓   72 [chromium] › tests/e2e/rb10-reference-index.spec.ts:11:1 › Large references can be cancelled and retried while the current editor stays writable, with no partial or stale rows (1.8m)
verify	Run BROWSER_ENGINES=all npm run test:e2e	2026-10-09T12:13:01.0144457Z   ✓   73 [chromium] › tests/e2e/reader-analysis-navigation.spec.ts:49:43 › AT-N05 retains cancelled current analysis after explicit cancellation, input and target edition (2.9s)
verify	Run BROWSER_ENGINES=all npm run test:e2e	2026-10-09T12:13:03.6438253Z   ✓   74 [chromium] › tests/e2e/reader-analysis-navigation.spec.ts:49:43 › AT-N05 retains cancelled fixed-edition analysis when navigating during capture, input and target edition (2.6s)
verify	Run BROWSER_ENGINES=all npm run test:e2e	2026-10-09T12:13:08.2627734Z   ✓   75 [chromium] › tests/e2e/reader-fallback.spec.ts:15:1 › 幅390pxの手動試読で候補がない場合の代替進行を確認・巻戻・記録再生できる (4.6s)
verify	Run BROWSER_ENGINES=all npm run test:e2e	2026-10-09T12:13:10.5260696Z   ✓   76 [chromium] › tests/e2e/review-runtime.spec.ts:21:1 › RV08 作品設定の未保存入力と不正暦入力を画面移動から再開し、設定を原子保存・再読込する (2.2s)
verify	Run BROWSER_ENGINES=all npm run test:e2e	2026-10-09T12:13:12.6083989Z   ✓   77 [chromium] › tests/e2e/review-runtime.spec.ts:39:1 › RV05/RV06 旧版の入口と固定リンクを通常画面で開き、経路保存・再読込・再実行する (2.1s)
verify	Run BROWSER_ENGINES=all npm run test:e2e	2026-10-09T12:13:15.2662510Z   ✓   78 [chromium] › tests/e2e/review-runtime.spec.ts:61:1 › RB05 相互排他を金額・物品と原子拒否し、二入口の台詞・経路を再読込して合流比較する (2.6s)
verify	Run BROWSER_ENGINES=all npm run test:e2e	2026-10-09T12:13:21.7813404Z   ✓   79 [chromium] › tests/e2e/structured-forms.spec.ts:38:1 › 別名の不正な子項目を削除・種類切替・任意項目解除で修正すると保存でき、切替取消は入力を保つ (6.5s)
verify	Run BROWSER_ENGINES=all npm run test:e2e	2026-10-09T12:13:26.4171062Z   ✓   80 [chromium] › tests/e2e/structured-forms.spec.ts:75:1 › 未完成の数値を未保存入力として再表示し、非表示でも保存を止め、修正と配列削除後の値を再読込する (4.6s)
verify	Run BROWSER_ENGINES=all npm run test:e2e	2026-10-09T12:13:30.7175357Z   ✓   81 [chromium] › tests/e2e/structured-forms.spec.ts:107:1 › 状態値の記録キーは状態変数から選択でき、不正な数値を含む記録項目を削除して保存する (4.3s)
verify	Run BROWSER_ENGINES=all npm run test:e2e	2026-10-09T12:13:34.2818829Z   ✓   82 [chromium] › tests/e2e/structured-forms.spec.ts:137:1 › 公開用の辞書の先頭キーをキーボードで変更しても位置・フォーカス・値を保ち、一時重複は復元後に修正できる (3.5s)
verify	Run BROWSER_ENGINES=all npm run test:e2e	2026-10-09T12:13:38.4806730Z   ✓   83 [chromium] › tests/e2e/structured-forms.spec.ts:174:1 › 固定版の人物と段落が現在版からなくても、別名と試読状態の通常フォームから無関係な変更を保存する (4.2s)
verify	Run BROWSER_ENGINES=all npm run test:e2e	2026-10-09T12:13:49.7750938Z   ✓   84 [chromium] › tests/e2e/templates.spec.ts:25:1 › AT-F02/F56 雛形の通常フォームを差分確認して適用し、非表示・型変更の取消・明示置換を再読込まで保持する (11.3s)
verify	Run BROWSER_ENGINES=all npm run test:e2e	2026-10-09T12:13:52.0852757Z   ✓   85 [chromium] › tests/e2e/templates.spec.ts:133:1 › 雛形の保存キーが一時的に重複しても各項目の初期値を保ち、再表示・改名・差分適用後も両方の値を保持する (2.3s)
verify	Run BROWSER_ENGINES=all npm run test:e2e	2026-10-09T12:13:55.2005451Z   ✓   86 [chromium] › tests/e2e/world-workspace.spec.ts:17:1 › 世界版の選択・借用参照・固定表示を通常画面で保存し、完全保存にも同じ版を保持する (3.1s)
verify	Run BROWSER_ENGINES=all npm run test:e2e	2026-10-09T12:13:59.2468236Z   ✓   87 [chromium] › tests/e2e/writing-workspace.spec.ts:32:1 › 作者別案の未保存入力を画面移動から保持し、版保存・再読込・完全保存へ接続する (4.0s)
verify	Run BROWSER_ENGINES=all npm run test:e2e	2026-10-09T12:14:01.1725722Z   ✓   88 [chromium] › tests/e2e/writing-workspace.spec.ts:95:1 › 章試読は固定版の本文を提示して開始状態と経路を通常保存する (1.9s)
verify	Run BROWSER_ENGINES=all npm run test:e2e	2026-10-09T12:14:03.9018459Z   ✓   89 [chromium] › tests/e2e/writing-workspace.spec.ts:117:1 › 参照値を変えた別案の採用を通常保存し、確認依頼と採用記録を再読込・完全保存する (2.7s)
verify	Run BROWSER_ENGINES=all npm run test:e2e	2026-10-09T12:14:05.8420501Z   ✓   90 [chromium] › tests/e2e/writing-workspace.spec.ts:149:1 › 章と場面の順序・所属・筋の変更を通常保存して再読込する (1.9s)
verify	Run BROWSER_ENGINES=all npm run test:e2e	2026-10-09T12:14:11.6007987Z   ✓   91 [firefox] › tests/e2e/catalog-notes.spec.ts:24:1 › 保存した複合一覧の再適用、一括変更、索引分類を通常フォームで行う (4.4s)
verify	Run BROWSER_ENGINES=all npm run test:e2e	2026-10-09T12:14:14.3236570Z   ✓   92 [firefox] › tests/e2e/catalog-notes.spec.ts:48:1 › 狭い画面で文章メモを場面へ変換し元メモと履歴を保持する (2.7s)
verify	Run BROWSER_ENGINES=all npm run test:e2e	2026-10-09T12:14:16.5393642Z   ✓   93 [firefox] › tests/e2e/catalog-notes.spec.ts:64:1 › 短い文章メモの未保存入力を詳細パネルの閉じ直し後も保持する (2.2s)
verify	Run BROWSER_ENGINES=all npm run test:e2e	2026-10-09T12:14:20.0480415Z   ✓   94 [firefox] › tests/e2e/catalog-notes.spec.ts:75:1 › 録音許可の拒否を説明し、文章と画像メモを保存ファイルまで保持する (3.5s)
verify	Run BROWSER_ENGINES=all npm run test:e2e	2026-10-09T12:14:23.2783394Z   ✓   95 [firefox] › tests/e2e/catalog-notes.spec.ts:104:1 › 日本語索引の表記候補を連続入力して保存・再表示しても文字と焦点を保つ (3.2s)
verify	Run BROWSER_ENGINES=all npm run test:e2e	2026-10-09T12:14:25.9388454Z   ✓   96 [firefox] › tests/e2e/editor-navigation.spec.ts:37:1 › B10/F27 本文リンクから戻り、逆参照でも同じ段落の絵文字後の語句を正確に開く (2.6s)
verify	Run BROWSER_ENGINES=all npm run test:e2e	2026-10-09T12:14:27.8956421Z   ✓   97 [firefox] › tests/e2e/editor-navigation.spec.ts:63:1 › B01 参照元と固定版の影響を示して参照中のアーカイブを止め、未参照の保持指定も個別に確認する (1.9s)
verify	Run BROWSER_ENGINES=all npm run test:e2e	2026-10-09T12:14:31.3004633Z   ✓   98 [firefox] › tests/e2e/editor-regressions.spec.ts:45:1 › RG-R01 本文の注記と提示位置が絵文字を含む前方挿入に追従し、再読込後も人物を開ける (3.4s)
verify	Run BROWSER_ENGINES=all npm run test:e2e	2026-10-09T12:14:34.8965633Z   ✓   99 [firefox] › tests/e2e/editor-regressions.spec.ts:67:61 › RG-R05 booleanの複数値をフォームで追加し、演算切替を取り消して保存・再読込・試読する (3.6s)
verify	Run BROWSER_ENGINES=all npm run test:e2e	2026-10-09T12:14:40.0803231Z   ✓  100 [firefox] › tests/e2e/editor-regressions.spec.ts:67:61 › RG-R05 integerの複数値をフォームで追加し、演算切替を取り消して保存・再読込・試読する (5.2s)
verify	Run BROWSER_ENGINES=all npm run test:e2e	2026-10-09T12:14:44.6318680Z   ✓  101 [firefox] › tests/e2e/editor-regressions.spec.ts:67:61 › RG-R05 enumの複数値をフォームで追加し、演算切替を取り消して保存・再読込・試読する (4.5s)
verify	Run BROWSER_ENGINES=all npm run test:e2e	2026-10-09T12:14:48.5855976Z   ✓  102 [firefox] › tests/e2e/editor.spec.ts:21:1 › 人物の日本語入力を保存し再読み込みして完全保存・別端末領域へ復元できる (3.9s)
verify	Run BROWSER_ENGINES=all npm run test:e2e	2026-10-09T12:14:49.6858349Z   ✓  103 [firefox] › tests/e2e/editor.spec.ts:57:3 › 幅320pxで作品作成と資料の操作が画面内に収まる (1.1s)
verify	Run BROWSER_ENGINES=all npm run test:e2e	2026-10-09T12:14:50.8077479Z   ✓  104 [firefox] › tests/e2e/editor.spec.ts:57:3 › 幅390pxで作品作成と資料の操作が画面内に収まる (1.1s)
verify	Run BROWSER_ENGINES=all npm run test:e2e	2026-10-09T12:14:51.9756441Z   ✓  105 [firefox] › tests/e2e/editor.spec.ts:57:3 › 幅768pxで作品作成と資料の操作が画面内に収まる (1.2s)
verify	Run BROWSER_ENGINES=all npm run test:e2e	2026-10-09T12:14:53.0764144Z   ✓  106 [firefox] › tests/e2e/editor.spec.ts:57:3 › 幅1024pxで作品作成と資料の操作が画面内に収まる (1.1s)
verify	Run BROWSER_ENGINES=all npm run test:e2e	2026-10-09T12:14:54.1218529Z   ✓  107 [firefox] › tests/e2e/editor.spec.ts:57:3 › 幅1440pxで作品作成と資料の操作が画面内に収まる (1.0s)
verify	Run BROWSER_ENGINES=all npm run test:e2e	2026-10-09T12:14:55.4490952Z   ✓  108 [firefox] › tests/e2e/editor.spec.ts:67:1 › 初期画面の自動アクセシビリティ検査 (1.3s)
verify	Run BROWSER_ENGINES=all npm run test:e2e	2026-10-09T12:14:58.3514871Z   ✓  109 [firefox] › tests/e2e/editor.spec.ts:74:1 › 配信サーバー停止後にキャッシュ取得済みの作品を再開する (2.9s)
verify	Run BROWSER_ENGINES=all npm run test:e2e	2026-10-09T12:15:00.2291942Z   ✓  110 [firefox] › tests/e2e/editor.spec.ts:121:1 › サンプルの条件付き選択肢と巻き戻しを操作できる (1.9s)
verify	Run BROWSER_ENGINES=all npm run test:e2e	2026-10-09T12:15:02.6815263Z   ✓  111 [firefox] › tests/e2e/editor.spec.ts:143:1 › 不正JSONの未保存入力を画面移動後も保持する (2.4s)
verify	Run BROWSER_ENGINES=all npm run test:e2e	2026-10-09T12:15:05.4013728Z   ✓  112 [firefox] › tests/e2e/editor.spec.ts:162:1 › 保存に失敗した名前を二回の画面移動後も未保存として保持する (2.7s)
verify	Run BROWSER_ENGINES=all npm run test:e2e	2026-10-09T12:15:08.1031018Z   ✓  113 [firefox] › tests/e2e/project-drafts.spec.ts:18:1 › 同じ情報IDを持つ別作品でも未保存の雛形入力を作品ごとに保持する (2.7s)
verify	Run BROWSER_ENGINES=all npm run test:e2e	2026-10-09T12:15:11.2054779Z   ✓  114 [firefox] › tests/e2e/rb05-reconfirmation.spec.ts:19:1 › 別版の途中開始を差分確認・原子保存・再読込し、移行した状態から試読する (3.1s)
verify	Run BROWSER_ENGINES=all npm run test:e2e	2026-10-09T12:15:14.0158630Z   ✓  115 [firefox] › tests/e2e/rb05-reconfirmation.spec.ts:26:1 › 改訂稿の経路を再実行・別証跡保存・再読込し、旧金額3と新金額7をそれぞれ再生する (2.8s)
verify	Run BROWSER_ENGINES=all npm run test:e2e	2026-10-09T12:15:16.3199302Z   ✓  116 [firefox] › tests/e2e/rb05-reconfirmation.spec.ts:33:1 › 保存失敗で移行差分を保持し、再試行後にだけ保存完了を表示する (2.3s)
verify	Run BROWSER_ENGINES=all npm run test:e2e	2026-10-09T12:15:18.2074324Z   ✓  117 [firefox] › tests/e2e/rb05-reconfirmation.spec.ts:41:1 › 移行差分確認後に入口を切り替えると保存を止め、固定した入口を表示する (1.9s)
verify	Run BROWSER_ENGINES=all npm run test:e2e	2026-10-09T12:15:22.5623255Z   ✓  118 [firefox] › tests/e2e/rb05-reconfirmation.spec.ts:51:1 › 個別章開始を明示移行し、通常画面で再確認・原子保存・再読込・完全保存する (4.3s)
verify	Run BROWSER_ENGINES=all npm run test:e2e	2026-10-09T12:15:25.9899441Z   ✓  119 [firefox] › tests/e2e/rb05-reconfirmation.spec.ts:63:1 › 章の移行で提示時点と選択範囲を画面移動・再起動後も保持し、変更時は再確認する (3.4s)
verify	Run BROWSER_ENGINES=all npm run test:e2e	2026-10-09T12:15:29.2886039Z   ✓  120 [firefox] › tests/e2e/rb05-reuse.spec.ts:11:1 › 固定callの内部graphから通常ボタンで呼出元へ戻り、経路を保存・cold再生する (3.3s)
verify	Run BROWSER_ENGINES=all npm run test:e2e	2026-10-09T12:15:32.6253307Z   ✓  121 [firefox] › tests/e2e/rb05-reuse.spec.ts:20:35 › 子出口の経路保存待ちを画面移動から保持し、最新propsの確認後に復帰する (3.3s)
verify	Run BROWSER_ENGINES=all npm run test:e2e	2026-10-09T12:15:36.2725682Z   ✓  122 [firefox] › tests/e2e/rb05-reuse.spec.ts:20:35 › 子出口の経路保存待ちを画面移動から保持し、失敗後の同じ経路を再試行する (3.6s)
verify	Run BROWSER_ENGINES=all npm run test:e2e	2026-10-09T12:15:38.6263533Z   ✓  123 [firefox] › tests/e2e/rb05-reuse.spec.ts:28:1 › 経路再生待ちの再入へ保存版を反映し、次回の明示版選択を別画面往復から保持する (2.3s)
verify	Run BROWSER_ENGINES=all npm run test:e2e	2026-10-09T12:15:45.9113664Z   ✓  124 [firefox] › tests/e2e/rb05-reuse.spec.ts:35:1 › RB05 共通元を固定参照・独立複製・部分上書きで原子保存し、共通元改稿後の本文と再読込を確認する (7.3s)
verify	Run BROWSER_ENGINES=all npm run test:e2e	2026-10-09T12:15:48.0880056Z   ✓  125 [firefox] › tests/e2e/rb05-reuse.spec.ts:55:1 › 多重固定参照を完全保存から再読込し、旧本文の固定リンクと元のUnicode位置へ戻る (2.2s)
verify	Run BROWSER_ENGINES=all npm run test:e2e	2026-10-09T12:15:51.5060926Z   ✓  126 [firefox] › tests/e2e/rb05-structure-reading.spec.ts:11:1 › RB05 途中開始の状態値を通常フォームで編集し、画面移動・再読込・試読・巻戻へ接続する (3.4s)
verify	Run BROWSER_ENGINES=all npm run test:e2e	2026-10-09T12:15:54.8279313Z   ✓  127 [firefox] › tests/e2e/rb05-structure-reading.spec.ts:31:1 › RB05 反応系列の下書きを移動から再開し、作成・保存・再読込・初回／再訪を通常試読する (3.3s)
verify	Run BROWSER_ENGINES=all npm run test:e2e	2026-10-09T12:15:57.9548912Z   ✓  128 [firefox] › tests/e2e/rb05-structure-reading.spec.ts:48:1 › RB05 折りたたんだ章の未完成出口を掘り下げ、通常接続編集と再読込で集計へ反映する (3.1s)
verify	Run BROWSER_ENGINES=all npm run test:e2e	2026-10-09T12:16:04.3142976Z   ✓  129 [firefox] › tests/e2e/rb06-recovery.spec.ts:11:1 › 50件より古い版を通常検索し、単体復元と作品全体復元を区別して保存失敗・再入・cold再生する (6.3s)
verify	Run BROWSER_ENGINES=all npm run test:e2e	2026-10-09T12:16:08.1165321Z   ✓  130 [firefox] › tests/e2e/rb06-recovery.spec.ts:19:1 › 別作品の全ID対応を画面移動・cold再起動から再開し、失敗後に原子統合して元履歴・段落を完全保存する (3.8s)
verify	Run BROWSER_ENGINES=all npm run test:e2e	2026-10-09T12:16:10.1057507Z   ✓  131 [firefox] › tests/e2e/rb06-recovery.spec.ts:27:1 › 復元保存待ちの後に選んだ資料と作品を保持し、新規復元だけを一覧へ追加する (2.0s)
verify	Run BROWSER_ENGINES=all npm run test:e2e	2026-10-09T12:16:12.4098750Z   ✓  132 [firefox] › tests/e2e/rb06-recovery.spec.ts:35:1 › native保存ack待ちに届いた後続ファイルを保持し、先の新規復元が確認画面を開き直さない (2.3s)
verify	Run BROWSER_ENGINES=all npm run test:e2e	2026-10-09T12:16:16.7575556Z   ✓  133 [firefox] › tests/e2e/rb07-production.spec.ts:12:1 › 台詞分割の入力と差分を移動・失敗から再開し、旧新ID・翻訳確認待ちをcold保存と完全ファイルで確認する (4.3s)
verify	Run BROWSER_ENGINES=all npm run test:e2e	2026-10-09T12:16:19.4986995Z   ✓  134 [firefox] › tests/e2e/rb07-production.spec.ts:18:1 › 資料の取得日時と実動画bytesを通常保存し、再読込で安全な動画表示と不足状態を区別する (2.7s)
verify	Run BROWSER_ENGINES=all npm run test:e2e	2026-10-09T12:16:22.4371887Z   ✓  135 [firefox] › tests/e2e/rb07-production.spec.ts:22:1 › 現在原文を選び直した翻訳をhash承認し、期限外・没用語を除いたUnicode候補を指摘版ごと原子保存する (2.9s)
verify	Run BROWSER_ENGINES=all npm run test:e2e	2026-10-09T12:16:25.7253665Z   ✓  136 [firefox] › tests/e2e/rb08-handoff.spec.ts:24:1 › 制作見積の入力を移動とcold再開から保持し、quota拒否後の原子保存を完全ファイルへつなぐ (3.3s)
verify	Run BROWSER_ENGINES=all npm run test:e2e	2026-10-09T12:16:29.3503700Z   ✓  137 [firefox] › tests/e2e/rb08-handoff.spec.ts:26:1 › 旧媒体と元pinを保持し、未保存候補を再開して独立改訂・予定日・完全復元を確認する (3.6s)
verify	Run BROWSER_ENGINES=all npm run test:e2e	2026-10-09T12:16:33.7866850Z   ✓  138 [firefox] › tests/e2e/rb08-handoff.spec.ts:28:1 › 相談MDの出所と対象版をcold再開し、作者別案へ保存・選択採用して正本と採用記録を復元する (4.4s)
verify	Run BROWSER_ENGINES=all npm run test:e2e	2026-10-09T12:16:38.7714258Z   ✓  139 [firefox] › tests/e2e/rb08-handoff.spec.ts:30:1 › 通常出力を独立ゲームへ渡し、実勝利・経路・受領証跡を戻して原子保存・cold・完全復元する (5.0s)
verify	Run BROWSER_ENGINES=all npm run test:e2e	2026-10-09T12:16:46.1590691Z   ✓  140 [firefox] › tests/e2e/rb08-handoff.spec.ts:32:1 › 通常画面で旧版と現稿の公開範囲を作り、固定引用のUnicode位置を試遊ZIPから開いて戻り、承認をcold復元する (7.4s)
verify	Run BROWSER_ENGINES=all npm run test:e2e	2026-10-09T12:16:48.6559121Z   ✓  141 [firefox] › tests/e2e/rb08-handoff.spec.ts:38:1 › 通常画面で企画・プレイ行動・実装作業を照合し、容量失敗後に対象版付き確認を保存しcold完全復元する (2.5s)
verify	Run BROWSER_ENGINES=all npm run test:e2e	2026-10-09T12:16:51.6701153Z   ✓  142 [firefox] › tests/e2e/rb08-handoff.spec.ts:43:1 › 通常出力の試遊ZIPが同じ素材IDの旧動画decodeと新音声bytesを別々に検証して固定参照から戻る (3.0s)
verify	Run BROWSER_ENGINES=all npm run test:e2e	2026-10-09T12:16:52.9450763Z   ✓  143 [firefox] › tests/e2e/rb09-inputs.spec.ts:35:1 › active author screen keeps account controls reachable at PC and phone widths (1.3s)
verify	Run BROWSER_ENGINES=all npm run test:e2e	2026-10-09T12:16:55.3462074Z   ✓  144 [firefox] › tests/e2e/rb09-inputs.spec.ts:37:1 › input DB commit resumes all A despite a cache quota fault and cold reauthentication (2.4s)
verify	Run BROWSER_ENGINES=all npm run test:e2e	2026-10-09T12:16:57.2508719Z   ✓  145 [firefox] › tests/e2e/rb09-inputs.spec.ts:39:1 › input TX failure leaves tool and workspace B intact and preserves visible input for retry (1.9s)
verify	Run BROWSER_ENGINES=all npm run test:e2e	2026-10-09T12:17:00.4404755Z   ✓  146 [firefox] › tests/e2e/rb09-inputs.spec.ts:41:1 › delayed complete archive and base commit preserve a later shared-screen navigation (3.2s)
verify	Run BROWSER_ENGINES=all npm run test:e2e	2026-10-09T12:17:02.6891153Z   ✓  147 [firefox] › tests/e2e/rb09-sharing.spec.ts:12:1 › approved fixed reference retains Unicode position, source return, comment version and cold cache without persisting Auth (2.2s)
verify	Run BROWSER_ENGINES=all npm run test:e2e	2026-10-09T12:17:03.9598332Z   ✓  148 [firefox] › tests/e2e/rb09-sharing.spec.ts:14:1 › revocation refuses a new snapshot and clears the cached displayed edition (1.3s)
verify	Run BROWSER_ENGINES=all npm run test:e2e	2026-10-09T12:17:06.6718227Z   ✓  149 [firefox] › tests/e2e/rb09-sharing.spec.ts:16:1 › a requested fixed snapshot opens after a delayed metadata listing instead of being dropped by the initial busy lock (2.7s)
verify	Run BROWSER_ENGINES=all npm run test:e2e	2026-10-09T12:17:10.0295087Z   ✓  150 [firefox] › tests/e2e/rb10-completion.spec.ts:12:1 › paged chapter tail keeps original move indices, selection and cold return position through a complete save (3.3s)
verify	Run BROWSER_ENGINES=all npm run test:e2e	2026-10-09T12:17:12.5834060Z   ✓  151 [firefox] › tests/e2e/rb10-completion.spec.ts:18:1 › paged branch and production searches reach tail items without creating all DOM records (2.5s)
verify	Run BROWSER_ENGINES=all npm run test:e2e	2026-10-09T12:17:15.0787673Z   ✓  152 [firefox] › tests/e2e/rb10-completion.spec.ts:21:1 › an actual failed atomic save retains input and exports only optional diagnostic metadata (2.5s)
verify	Run BROWSER_ENGINES=all npm run test:e2e	2026-10-09T12:17:18.5304094Z   ✓  153 [firefox] › tests/e2e/rb10-completion.spec.ts:24:1 › cancelling an in-flight command keeps the draft, revision, history and outbox until explicit retry (3.4s)
verify	Run BROWSER_ENGINES=all npm run test:e2e	2026-10-09T12:17:19.5683389Z   ✓  154 [firefox] › tests/e2e/rb10-completion.spec.ts:32:1 › a handled authentication failure records only optional identifiers and never exports credentials or the remote message (1.0s)
verify	Run BROWSER_ENGINES=all npm run test:e2e	2026-10-09T12:17:27.5595062Z   ✓  155 [firefox] › tests/e2e/rb10-completion.spec.ts:37:1 › AT-F29 normal author operation imports frozen shared quotation and task atomically, retains a failed preview, records both stages and reloads the old edition (8.0s)
verify	Run BROWSER_ENGINES=all npm run test:e2e	2026-10-09T12:17:29.0744813Z   ✓  156 [firefox] › tests/e2e/rb10-completion.spec.ts:51:1 › F29 public old-version deep link carries only public IDs and Unicode offsets without private identifiers (1.5s)
verify	Run BROWSER_ENGINES=all npm run test:e2e	2026-10-09T12:17:31.2669862Z   ✓  157 [firefox] › tests/e2e/rb10-completion.spec.ts:55:1 › F37 normal state editor shows enum meaning candidates while keeping an unknown initial value through a complete file and reload (2.2s)
verify	Run BROWSER_ENGINES=all npm run test:e2e	2026-10-09T12:17:39.4835262Z   ✓  158 [firefox] › tests/e2e/rb10-completion.spec.ts:59:1 › real native IndexedDB cancels a worker while a full import transaction contains parts, then explicitly retries and cold-loads every body (8.2s)
verify	Run BROWSER_ENGINES=all npm run test:e2e	2026-10-09T12:17:45.6153429Z   ✓  159 [firefox] › tests/e2e/rb10-graph.spec.ts:10:1 › graph movement keeps connected lines, device layout and live semantic edits consistent through cold reload (6.1s)
verify	Run BROWSER_ENGINES=all npm run test:e2e	2026-10-09T12:18:09.5474056Z   ✓  160 [firefox] › tests/e2e/rb10-import-errors.spec.ts:69:1 › AT-N09 rejects every original corrupt fixture with its path and reason, keeps native bytes and the prior draft, then retries and cold-restores (23.9s)
verify	Run BROWSER_ENGINES=all npm run test:e2e	2026-10-09T12:18:20.9567461Z   ✓  161 [firefox] › tests/e2e/rb10-library-reopen.spec.ts:52:1 › library selection keeps canonical projects clean and resumes a failed draft across another project, cold reload and empty new/clone restoration (11.4s)
verify	Run BROWSER_ENGINES=all npm run test:e2e	2026-10-09T12:20:24.7284497Z   ✓  162 [firefox] › tests/e2e/rb10-reference-index.spec.ts:11:1 › Large references can be cancelled and retried while the current editor stays writable, with no partial or stale rows (2.1m)
verify	Run BROWSER_ENGINES=all npm run test:e2e	2026-10-09T12:20:28.2652906Z   ✓  163 [firefox] › tests/e2e/reader-analysis-navigation.spec.ts:49:43 › AT-N05 retains cancelled current analysis after explicit cancellation, input and target edition (3.5s)
verify	Run BROWSER_ENGINES=all npm run test:e2e	2026-10-09T12:20:31.4346987Z   ✓  164 [firefox] › tests/e2e/reader-analysis-navigation.spec.ts:49:43 › AT-N05 retains cancelled fixed-edition analysis when navigating during capture, input and target edition (3.2s)
verify	Run BROWSER_ENGINES=all npm run test:e2e	2026-10-09T12:20:36.6912719Z   ✓  165 [firefox] › tests/e2e/reader-fallback.spec.ts:15:1 › 幅390pxの手動試読で候補がない場合の代替進行を確認・巻戻・記録再生できる (5.2s)
verify	Run BROWSER_ENGINES=all npm run test:e2e	2026-10-09T12:20:39.4120635Z   ✓  166 [firefox] › tests/e2e/review-runtime.spec.ts:21:1 › RV08 作品設定の未保存入力と不正暦入力を画面移動から再開し、設定を原子保存・再読込する (2.7s)
verify	Run BROWSER_ENGINES=all npm run test:e2e	2026-10-09T12:20:42.4431009Z   ✓  167 [firefox] › tests/e2e/review-runtime.spec.ts:39:1 › RV05/RV06 旧版の入口と固定リンクを通常画面で開き、経路保存・再読込・再実行する (3.0s)
verify	Run BROWSER_ENGINES=all npm run test:e2e	2026-10-09T12:20:45.8584222Z   ✓  168 [firefox] › tests/e2e/review-runtime.spec.ts:61:1 › RB05 相互排他を金額・物品と原子拒否し、二入口の台詞・経路を再読込して合流比較する (3.4s)
verify	Run BROWSER_ENGINES=all npm run test:e2e	2026-10-09T12:20:52.8669720Z   ✓  169 [firefox] › tests/e2e/structured-forms.spec.ts:38:1 › 別名の不正な子項目を削除・種類切替・任意項目解除で修正すると保存でき、切替取消は入力を保つ (7.0s)
verify	Run BROWSER_ENGINES=all npm run test:e2e	2026-10-09T12:20:58.1625146Z   ✓  170 [firefox] › tests/e2e/structured-forms.spec.ts:75:1 › 未完成の数値を未保存入力として再表示し、非表示でも保存を止め、修正と配列削除後の値を再読込する (5.3s)
verify	Run BROWSER_ENGINES=all npm run test:e2e	2026-10-09T12:21:02.9154267Z   ✓  171 [firefox] › tests/e2e/structured-forms.spec.ts:107:1 › 状態値の記録キーは状態変数から選択でき、不正な数値を含む記録項目を削除して保存する (4.7s)
verify	Run BROWSER_ENGINES=all npm run test:e2e	2026-10-09T12:21:06.9553485Z   ✓  172 [firefox] › tests/e2e/structured-forms.spec.ts:137:1 › 公開用の辞書の先頭キーをキーボードで変更しても位置・フォーカス・値を保ち、一時重複は復元後に修正できる (4.0s)
verify	Run BROWSER_ENGINES=all npm run test:e2e	2026-10-09T12:21:11.5351735Z   ✓  173 [firefox] › tests/e2e/structured-forms.spec.ts:174:1 › 固定版の人物と段落が現在版からなくても、別名と試読状態の通常フォームから無関係な変更を保存する (4.6s)
verify	Run BROWSER_ENGINES=all npm run test:e2e	2026-10-09T12:21:25.0043762Z   ✓  174 [firefox] › tests/e2e/templates.spec.ts:25:1 › AT-F02/F56 雛形の通常フォームを差分確認して適用し、非表示・型変更の取消・明示置換を再読込まで保持する (13.4s)
verify	Run BROWSER_ENGINES=all npm run test:e2e	2026-10-09T12:21:27.7717022Z   ✓  175 [firefox] › tests/e2e/templates.spec.ts:133:1 › 雛形の保存キーが一時的に重複しても各項目の初期値を保ち、再表示・改名・差分適用後も両方の値を保持する (2.8s)
verify	Run BROWSER_ENGINES=all npm run test:e2e	2026-10-09T12:21:31.7203533Z   ✓  176 [firefox] › tests/e2e/world-workspace.spec.ts:17:1 › 世界版の選択・借用参照・固定表示を通常画面で保存し、完全保存にも同じ版を保持する (3.9s)
verify	Run BROWSER_ENGINES=all npm run test:e2e	2026-10-09T12:21:37.5821705Z   ✓  177 [firefox] › tests/e2e/writing-workspace.spec.ts:32:1 › 作者別案の未保存入力を画面移動から保持し、版保存・再読込・完全保存へ接続する (5.8s)
verify	Run BROWSER_ENGINES=all npm run test:e2e	2026-10-09T12:21:39.8880593Z   ✓  178 [firefox] › tests/e2e/writing-workspace.spec.ts:95:1 › 章試読は固定版の本文を提示して開始状態と経路を通常保存する (2.3s)
verify	Run BROWSER_ENGINES=all npm run test:e2e	2026-10-09T12:21:43.4549776Z   ✓  179 [firefox] › tests/e2e/writing-workspace.spec.ts:117:1 › 参照値を変えた別案の採用を通常保存し、確認依頼と採用記録を再読込・完全保存する (3.6s)
verify	Run BROWSER_ENGINES=all npm run test:e2e	2026-10-09T12:21:45.7643316Z   ✓  180 [firefox] › tests/e2e/writing-workspace.spec.ts:149:1 › 章と場面の順序・所属・筋の変更を通常保存して再読込する (2.3s)
verify	Run BROWSER_ENGINES=all npm run test:e2e	2026-10-09T12:22:08.0238203Z   ✓  181 [webkit] › tests/e2e/catalog-notes.spec.ts:24:1 › 保存した複合一覧の再適用、一括変更、索引分類を通常フォームで行う (20.4s)
verify	Run BROWSER_ENGINES=all npm run test:e2e	2026-10-09T12:22:12.3867461Z   ✓  182 [webkit] › tests/e2e/catalog-notes.spec.ts:48:1 › 狭い画面で文章メモを場面へ変換し元メモと履歴を保持する (4.3s)
verify	Run BROWSER_ENGINES=all npm run test:e2e	2026-10-09T12:22:16.6232094Z   ✓  183 [webkit] › tests/e2e/catalog-notes.spec.ts:64:1 › 短い文章メモの未保存入力を詳細パネルの閉じ直し後も保持する (4.2s)
verify	Run BROWSER_ENGINES=all npm run test:e2e	2026-10-09T12:22:21.5439147Z   ✓  184 [webkit] › tests/e2e/catalog-notes.spec.ts:75:1 › 録音許可の拒否を説明し、文章と画像メモを保存ファイルまで保持する (4.9s)
verify	Run BROWSER_ENGINES=all npm run test:e2e	2026-10-09T12:22:26.9722587Z   ✓  185 [webkit] › tests/e2e/catalog-notes.spec.ts:104:1 › 日本語索引の表記候補を連続入力して保存・再表示しても文字と焦点を保つ (5.4s)
verify	Run BROWSER_ENGINES=all npm run test:e2e	2026-10-09T12:22:32.9736639Z   ✓  186 [webkit] › tests/e2e/editor-navigation.spec.ts:37:1 › B10/F27 本文リンクから戻り、逆参照でも同じ段落の絵文字後の語句を正確に開く (6.0s)
verify	Run BROWSER_ENGINES=all npm run test:e2e	2026-10-09T12:22:38.0680618Z   ✓  187 [webkit] › tests/e2e/editor-navigation.spec.ts:63:1 › B01 参照元と固定版の影響を示して参照中のアーカイブを止め、未参照の保持指定も個別に確認する (5.1s)
verify	Run BROWSER_ENGINES=all npm run test:e2e	2026-10-09T12:22:43.6672815Z   ✓  188 [webkit] › tests/e2e/editor-regressions.spec.ts:45:1 › RG-R01 本文の注記と提示位置が絵文字を含む前方挿入に追従し、再読込後も人物を開ける (5.6s)
verify	Run BROWSER_ENGINES=all npm run test:e2e	2026-10-09T12:22:48.1719927Z   ✓  189 [webkit] › tests/e2e/editor-regressions.spec.ts:67:61 › RG-R05 booleanの複数値をフォームで追加し、演算切替を取り消して保存・再読込・試読する (4.5s)
verify	Run BROWSER_ENGINES=all npm run test:e2e	2026-10-09T12:22:53.5532546Z   ✓  190 [webkit] › tests/e2e/editor-regressions.spec.ts:67:61 › RG-R05 integerの複数値をフォームで追加し、演算切替を取り消して保存・再読込・試読する (5.4s)
verify	Run BROWSER_ENGINES=all npm run test:e2e	2026-10-09T12:22:58.9288621Z   ✓  191 [webkit] › tests/e2e/editor-regressions.spec.ts:67:61 › RG-R05 enumの複数値をフォームで追加し、演算切替を取り消して保存・再読込・試読する (5.4s)
verify	Run BROWSER_ENGINES=all npm run test:e2e	2026-10-09T12:23:05.8700266Z   ✓  192 [webkit] › tests/e2e/editor.spec.ts:21:1 › 人物の日本語入力を保存し再読み込みして完全保存・別端末領域へ復元できる (6.9s)
verify	Run BROWSER_ENGINES=all npm run test:e2e	2026-10-09T12:23:07.7089952Z   ✓  193 [webkit] › tests/e2e/editor.spec.ts:57:3 › 幅320pxで作品作成と資料の操作が画面内に収まる (1.8s)
verify	Run BROWSER_ENGINES=all npm run test:e2e	2026-10-09T12:23:09.1992188Z   ✓  194 [webkit] › tests/e2e/editor.spec.ts:57:3 › 幅390pxで作品作成と資料の操作が画面内に収まる (1.5s)
verify	Run BROWSER_ENGINES=all npm run test:e2e	2026-10-09T12:23:10.8349674Z   ✓  195 [webkit] › tests/e2e/editor.spec.ts:57:3 › 幅768pxで作品作成と資料の操作が画面内に収まる (1.6s)
verify	Run BROWSER_ENGINES=all npm run test:e2e	2026-10-09T12:23:12.6373442Z   ✓  196 [webkit] › tests/e2e/editor.spec.ts:57:3 › 幅1024pxで作品作成と資料の操作が画面内に収まる (1.8s)
verify	Run BROWSER_ENGINES=all npm run test:e2e	2026-10-09T12:23:14.4584459Z   ✓  197 [webkit] › tests/e2e/editor.spec.ts:57:3 › 幅1440pxで作品作成と資料の操作が画面内に収まる (1.8s)
verify	Run BROWSER_ENGINES=all npm run test:e2e	2026-10-09T12:23:15.9754988Z   ✓  198 [webkit] › tests/e2e/editor.spec.ts:67:1 › 初期画面の自動アクセシビリティ検査 (1.5s)
verify	Run BROWSER_ENGINES=all npm run test:e2e	2026-10-09T12:23:18.1366294Z   ✓  199 [webkit] › tests/e2e/editor.spec.ts:74:1 › 配信サーバー停止後にキャッシュ取得済みの作品を再開する (2.2s)
verify	Run BROWSER_ENGINES=all npm run test:e2e	2026-10-09T12:23:21.1208496Z   ✓  200 [webkit] › tests/e2e/editor.spec.ts:121:1 › サンプルの条件付き選択肢と巻き戻しを操作できる (3.0s)
verify	Run BROWSER_ENGINES=all npm run test:e2e	2026-10-09T12:23:24.8483685Z   ✓  201 [webkit] › tests/e2e/editor.spec.ts:143:1 › 不正JSONの未保存入力を画面移動後も保持する (3.7s)
verify	Run BROWSER_ENGINES=all npm run test:e2e	2026-10-09T12:23:28.9070100Z   ✓  202 [webkit] › tests/e2e/editor.spec.ts:162:1 › 保存に失敗した名前を二回の画面移動後も未保存として保持する (4.0s)
verify	Run BROWSER_ENGINES=all npm run test:e2e	2026-10-09T12:23:35.4083619Z   ✓  203 [webkit] › tests/e2e/project-drafts.spec.ts:18:1 › 同じ情報IDを持つ別作品でも未保存の雛形入力を作品ごとに保持する (6.5s)
verify	Run BROWSER_ENGINES=all npm run test:e2e	2026-10-09T12:23:40.4233976Z   ✓  204 [webkit] › tests/e2e/rb05-reconfirmation.spec.ts:19:1 › 別版の途中開始を差分確認・原子保存・再読込し、移行した状態から試読する (5.0s)
verify	Run BROWSER_ENGINES=all npm run test:e2e	2026-10-09T12:23:45.0300718Z   ✓  205 [webkit] › tests/e2e/rb05-reconfirmation.spec.ts:26:1 › 改訂稿の経路を再実行・別証跡保存・再読込し、旧金額3と新金額7をそれぞれ再生する (4.6s)
verify	Run BROWSER_ENGINES=all npm run test:e2e	2026-10-09T12:23:49.0327843Z   ✓  206 [webkit] › tests/e2e/rb05-reconfirmation.spec.ts:33:1 › 保存失敗で移行差分を保持し、再試行後にだけ保存完了を表示する (4.0s)
verify	Run BROWSER_ENGINES=all npm run test:e2e	2026-10-09T12:23:52.5577999Z   ✓  207 [webkit] › tests/e2e/rb05-reconfirmation.spec.ts:41:1 › 移行差分確認後に入口を切り替えると保存を止め、固定した入口を表示する (3.5s)
verify	Run BROWSER_ENGINES=all npm run test:e2e	2026-10-09T12:23:59.5467069Z   ✓  208 [webkit] › tests/e2e/rb05-reconfirmation.spec.ts:51:1 › 個別章開始を明示移行し、通常画面で再確認・原子保存・再読込・完全保存する (7.0s)
verify	Run BROWSER_ENGINES=all npm run test:e2e	2026-10-09T12:24:04.1583087Z   ✓  209 [webkit] › tests/e2e/rb05-reconfirmation.spec.ts:63:1 › 章の移行で提示時点と選択範囲を画面移動・再起動後も保持し、変更時は再確認する (4.6s)
verify	Run BROWSER_ENGINES=all npm run test:e2e	2026-10-09T12:24:09.5028283Z   ✓  210 [webkit] › tests/e2e/rb05-reuse.spec.ts:11:1 › 固定callの内部graphから通常ボタンで呼出元へ戻り、経路を保存・cold再生する (5.3s)
verify	Run BROWSER_ENGINES=all npm run test:e2e	2026-10-09T12:24:15.1447003Z   ✓  211 [webkit] › tests/e2e/rb05-reuse.spec.ts:20:35 › 子出口の経路保存待ちを画面移動から保持し、最新propsの確認後に復帰する (5.6s)
verify	Run BROWSER_ENGINES=all npm run test:e2e	2026-10-09T12:24:20.9385096Z   ✓  212 [webkit] › tests/e2e/rb05-reuse.spec.ts:20:35 › 子出口の経路保存待ちを画面移動から保持し、失敗後の同じ経路を再試行する (5.8s)
verify	Run BROWSER_ENGINES=all npm run test:e2e	2026-10-09T12:24:25.8052171Z   ✓  213 [webkit] › tests/e2e/rb05-reuse.spec.ts:28:1 › 経路再生待ちの再入へ保存版を反映し、次回の明示版選択を別画面往復から保持する (4.9s)
verify	Run BROWSER_ENGINES=all npm run test:e2e	2026-10-09T12:24:37.3087970Z   ✓  214 [webkit] › tests/e2e/rb05-reuse.spec.ts:35:1 › RB05 共通元を固定参照・独立複製・部分上書きで原子保存し、共通元改稿後の本文と再読込を確認する (11.5s)
verify	Run BROWSER_ENGINES=all npm run test:e2e	2026-10-09T12:24:42.5123700Z   ✓  215 [webkit] › tests/e2e/rb05-reuse.spec.ts:55:1 › 多重固定参照を完全保存から再読込し、旧本文の固定リンクと元のUnicode位置へ戻る (5.2s)
verify	Run BROWSER_ENGINES=all npm run test:e2e	2026-10-09T12:24:47.9753683Z   ✓  216 [webkit] › tests/e2e/rb05-structure-reading.spec.ts:11:1 › RB05 途中開始の状態値を通常フォームで編集し、画面移動・再読込・試読・巻戻へ接続する (5.4s)
verify	Run BROWSER_ENGINES=all npm run test:e2e	2026-10-09T12:24:53.6981265Z   ✓  217 [webkit] › tests/e2e/rb05-structure-reading.spec.ts:31:1 › RB05 反応系列の下書きを移動から再開し、作成・保存・再読込・初回／再訪を通常試読する (5.7s)
verify	Run BROWSER_ENGINES=all npm run test:e2e	2026-10-09T12:24:58.5074734Z   ✓  218 [webkit] › tests/e2e/rb05-structure-reading.spec.ts:48:1 › RB05 折りたたんだ章の未完成出口を掘り下げ、通常接続編集と再読込で集計へ反映する (4.8s)
verify	Run BROWSER_ENGINES=all npm run test:e2e	2026-10-09T12:25:06.2436201Z   ✓  219 [webkit] › tests/e2e/rb06-recovery.spec.ts:11:1 › 50件より古い版を通常検索し、単体復元と作品全体復元を区別して保存失敗・再入・cold再生する (7.7s)
verify	Run BROWSER_ENGINES=all npm run test:e2e	2026-10-09T12:25:12.0885783Z   ✓  220 [webkit] › tests/e2e/rb06-recovery.spec.ts:19:1 › 別作品の全ID対応を画面移動・cold再起動から再開し、失敗後に原子統合して元履歴・段落を完全保存する (5.8s)
verify	Run BROWSER_ENGINES=all npm run test:e2e	2026-10-09T12:25:15.7172986Z   ✓  221 [webkit] › tests/e2e/rb06-recovery.spec.ts:27:1 › 復元保存待ちの後に選んだ資料と作品を保持し、新規復元だけを一覧へ追加する (3.6s)
verify	Run BROWSER_ENGINES=all npm run test:e2e	2026-10-09T12:25:19.7808029Z   ✓  222 [webkit] › tests/e2e/rb06-recovery.spec.ts:35:1 › native保存ack待ちに届いた後続ファイルを保持し、先の新規復元が確認画面を開き直さない (4.1s)
verify	Run BROWSER_ENGINES=all npm run test:e2e	2026-10-09T12:25:26.7086272Z   ✓  223 [webkit] › tests/e2e/rb07-production.spec.ts:12:1 › 台詞分割の入力と差分を移動・失敗から再開し、旧新ID・翻訳確認待ちをcold保存と完全ファイルで確認する (6.9s)
verify	Run BROWSER_ENGINES=all npm run test:e2e	2026-10-09T12:25:31.8419724Z   ✓  224 [webkit] › tests/e2e/rb07-production.spec.ts:18:1 › 資料の取得日時と実動画bytesを通常保存し、再読込で安全な動画表示と不足状態を区別する (5.1s)
verify	Run BROWSER_ENGINES=all npm run test:e2e	2026-10-09T12:25:37.2270881Z   ✓  225 [webkit] › tests/e2e/rb07-production.spec.ts:22:1 › 現在原文を選び直した翻訳をhash承認し、期限外・没用語を除いたUnicode候補を指摘版ごと原子保存する (5.4s)
verify	Run BROWSER_ENGINES=all npm run test:e2e	2026-10-09T12:25:42.3883337Z   ✓  226 [webkit] › tests/e2e/rb08-handoff.spec.ts:24:1 › 制作見積の入力を移動とcold再開から保持し、quota拒否後の原子保存を完全ファイルへつなぐ (5.1s)
verify	Run BROWSER_ENGINES=all npm run test:e2e	2026-10-09T12:25:48.1991205Z   ✓  227 [webkit] › tests/e2e/rb08-handoff.spec.ts:26:1 › 旧媒体と元pinを保持し、未保存候補を再開して独立改訂・予定日・完全復元を確認する (5.8s)
verify	Run BROWSER_ENGINES=all npm run test:e2e	2026-10-09T12:25:55.1270263Z   ✓  228 [webkit] › tests/e2e/rb08-handoff.spec.ts:28:1 › 相談MDの出所と対象版をcold再開し、作者別案へ保存・選択採用して正本と採用記録を復元する (6.9s)
verify	Run BROWSER_ENGINES=all npm run test:e2e	2026-10-09T12:26:01.7699823Z   ✓  229 [webkit] › tests/e2e/rb08-handoff.spec.ts:30:1 › 通常出力を独立ゲームへ渡し、実勝利・経路・受領証跡を戻して原子保存・cold・完全復元する (6.6s)
verify	Run BROWSER_ENGINES=all npm run test:e2e	2026-10-09T12:26:13.1424580Z   ✓  230 [webkit] › tests/e2e/rb08-handoff.spec.ts:32:1 › 通常画面で旧版と現稿の公開範囲を作り、固定引用のUnicode位置を試遊ZIPから開いて戻り、承認をcold復元する (11.4s)
verify	Run BROWSER_ENGINES=all npm run test:e2e	2026-10-09T12:26:17.4303548Z   ✓  231 [webkit] › tests/e2e/rb08-handoff.spec.ts:38:1 › 通常画面で企画・プレイ行動・実装作業を照合し、容量失敗後に対象版付き確認を保存しcold完全復元する (4.3s)
verify	Run BROWSER_ENGINES=all npm run test:e2e	2026-10-09T12:26:22.5884897Z   ✓  232 [webkit] › tests/e2e/rb08-handoff.spec.ts:43:1 › 通常出力の試遊ZIPが同じ素材IDの旧動画decodeと新音声bytesを別々に検証して固定参照から戻る (5.1s)
verify	Run BROWSER_ENGINES=all npm run test:e2e	2026-10-09T12:26:24.4472547Z   ✓  233 [webkit] › tests/e2e/rb09-inputs.spec.ts:35:1 › active author screen keeps account controls reachable at PC and phone widths (1.8s)
verify	Run BROWSER_ENGINES=all npm run test:e2e	2026-10-09T12:26:27.7736451Z   ✓  234 [webkit] › tests/e2e/rb09-inputs.spec.ts:37:1 › input DB commit resumes all A despite a cache quota fault and cold reauthentication (3.3s)
verify	Run BROWSER_ENGINES=all npm run test:e2e	2026-10-09T12:26:29.9181088Z   ✓  235 [webkit] › tests/e2e/rb09-inputs.spec.ts:39:1 › input TX failure leaves tool and workspace B intact and preserves visible input for retry (2.1s)
verify	Run BROWSER_ENGINES=all npm run test:e2e	2026-10-09T12:26:33.5513704Z   ✓  236 [webkit] › tests/e2e/rb09-inputs.spec.ts:41:1 › delayed complete archive and base commit preserve a later shared-screen navigation (3.6s)
verify	Run BROWSER_ENGINES=all npm run test:e2e	2026-10-09T12:26:36.3584479Z   ✓  237 [webkit] › tests/e2e/rb09-sharing.spec.ts:12:1 › approved fixed reference retains Unicode position, source return, comment version and cold cache without persisting Auth (2.8s)
verify	Run BROWSER_ENGINES=all npm run test:e2e	2026-10-09T12:26:38.2313646Z   ✓  238 [webkit] › tests/e2e/rb09-sharing.spec.ts:14:1 › revocation refuses a new snapshot and clears the cached displayed edition (1.9s)
verify	Run BROWSER_ENGINES=all npm run test:e2e	2026-10-09T12:26:40.6063223Z   ✓  239 [webkit] › tests/e2e/rb09-sharing.spec.ts:16:1 › a requested fixed snapshot opens after a delayed metadata listing instead of being dropped by the initial busy lock (2.4s)
verify	Run BROWSER_ENGINES=all npm run test:e2e	2026-10-09T12:26:45.9710709Z   ✓  240 [webkit] › tests/e2e/rb10-completion.spec.ts:12:1 › paged chapter tail keeps original move indices, selection and cold return position through a complete save (5.3s)
verify	Run BROWSER_ENGINES=all npm run test:e2e	2026-10-09T12:26:50.2962751Z   ✓  241 [webkit] › tests/e2e/rb10-completion.spec.ts:18:1 › paged branch and production searches reach tail items without creating all DOM records (4.3s)
verify	Run BROWSER_ENGINES=all npm run test:e2e	2026-10-09T12:26:54.5826302Z   ✓  242 [webkit] › tests/e2e/rb10-completion.spec.ts:21:1 › an actual failed atomic save retains input and exports only optional diagnostic metadata (4.3s)
verify	Run BROWSER_ENGINES=all npm run test:e2e	2026-10-09T12:27:00.0094329Z   ✓  243 [webkit] › tests/e2e/rb10-completion.spec.ts:24:1 › cancelling an in-flight command keeps the draft, revision, history and outbox until explicit retry (5.4s)
verify	Run BROWSER_ENGINES=all npm run test:e2e	2026-10-09T12:27:01.6526260Z   ✓  244 [webkit] › tests/e2e/rb10-completion.spec.ts:32:1 › a handled authentication failure records only optional identifiers and never exports credentials or the remote message (1.6s)
verify	Run BROWSER_ENGINES=all npm run test:e2e	2026-10-09T12:27:14.2517797Z   ✓  245 [webkit] › tests/e2e/rb10-completion.spec.ts:37:1 › AT-F29 normal author operation imports frozen shared quotation and task atomically, retains a failed preview, records both stages and reloads the old edition (12.6s)
verify	Run BROWSER_ENGINES=all npm run test:e2e	2026-10-09T12:27:17.7530509Z   ✓  246 [webkit] › tests/e2e/rb10-completion.spec.ts:51:1 › F29 public old-version deep link carries only public IDs and Unicode offsets without private identifiers (3.5s)
verify	Run BROWSER_ENGINES=all npm run test:e2e	2026-10-09T12:27:21.9115172Z   ✓  247 [webkit] › tests/e2e/rb10-completion.spec.ts:55:1 › F37 normal state editor shows enum meaning candidates while keeping an unknown initial value through a complete file and reload (4.1s)
verify	Run BROWSER_ENGINES=all npm run test:e2e	2026-10-09T12:27:34.5014519Z   ✓  248 [webkit] › tests/e2e/rb10-completion.spec.ts:59:1 › real native IndexedDB cancels a worker while a full import transaction contains parts, then explicitly retries and cold-loads every body (12.6s)
verify	Run BROWSER_ENGINES=all npm run test:e2e	2026-10-09T12:27:44.4504903Z   ✓  249 [webkit] › tests/e2e/rb10-graph.spec.ts:10:1 › graph movement keeps connected lines, device layout and live semantic edits consistent through cold reload (9.9s)
verify	Run BROWSER_ENGINES=all npm run test:e2e	2026-10-09T12:28:05.8580609Z   ✓  250 [webkit] › tests/e2e/rb10-import-errors.spec.ts:69:1 › AT-N09 rejects every original corrupt fixture with its path and reason, keeps native bytes and the prior draft, then retries and cold-restores (21.4s)
verify	Run BROWSER_ENGINES=all npm run test:e2e	2026-10-09T12:28:21.4914458Z   ✓  251 [webkit] › tests/e2e/rb10-library-reopen.spec.ts:52:1 › library selection keeps canonical projects clean and resumes a failed draft across another project, cold reload and empty new/clone restoration (15.6s)
verify	Run BROWSER_ENGINES=all npm run test:e2e	2026-10-09T12:30:20.1109630Z   ✓  252 [webkit] › tests/e2e/rb10-reference-index.spec.ts:11:1 › Large references can be cancelled and retried while the current editor stays writable, with no partial or stale rows (2.0m)
verify	Run BROWSER_ENGINES=all npm run test:e2e	2026-10-09T12:30:26.1582367Z   ✓  253 [webkit] › tests/e2e/reader-analysis-navigation.spec.ts:49:43 › AT-N05 retains cancelled current analysis after explicit cancellation, input and target edition (6.0s)
verify	Run BROWSER_ENGINES=all npm run test:e2e	2026-10-09T12:30:31.8180258Z   ✓  254 [webkit] › tests/e2e/reader-analysis-navigation.spec.ts:49:43 › AT-N05 retains cancelled fixed-edition analysis when navigating during capture, input and target edition (5.6s)
verify	Run BROWSER_ENGINES=all npm run test:e2e	2026-10-09T12:30:37.7322564Z   ✓  255 [webkit] › tests/e2e/reader-fallback.spec.ts:15:1 › 幅390pxの手動試読で候補がない場合の代替進行を確認・巻戻・記録再生できる (5.9s)
verify	Run BROWSER_ENGINES=all npm run test:e2e	2026-10-09T12:30:42.6434012Z   ✓  256 [webkit] › tests/e2e/review-runtime.spec.ts:21:1 › RV08 作品設定の未保存入力と不正暦入力を画面移動から再開し、設定を原子保存・再読込する (4.9s)
verify	Run BROWSER_ENGINES=all npm run test:e2e	2026-10-09T12:30:47.7898213Z   ✓  257 [webkit] › tests/e2e/review-runtime.spec.ts:39:1 › RV05/RV06 旧版の入口と固定リンクを通常画面で開き、経路保存・再読込・再実行する (5.1s)
verify	Run BROWSER_ENGINES=all npm run test:e2e	2026-10-09T12:30:53.4982980Z   ✓  258 [webkit] › tests/e2e/review-runtime.spec.ts:61:1 › RB05 相互排他を金額・物品と原子拒否し、二入口の台詞・経路を再読込して合流比較する (5.7s)
verify	Run BROWSER_ENGINES=all npm run test:e2e	2026-10-09T12:31:03.3540129Z   ✓  259 [webkit] › tests/e2e/structured-forms.spec.ts:38:1 › 別名の不正な子項目を削除・種類切替・任意項目解除で修正すると保存でき、切替取消は入力を保つ (9.8s)
verify	Run BROWSER_ENGINES=all npm run test:e2e	2026-10-09T12:31:11.3147647Z   ✓  260 [webkit] › tests/e2e/structured-forms.spec.ts:75:1 › 未完成の数値を未保存入力として再表示し、非表示でも保存を止め、修正と配列削除後の値を再読込する (7.9s)
verify	Run BROWSER_ENGINES=all npm run test:e2e	2026-10-09T12:31:18.3717750Z   ✓  261 [webkit] › tests/e2e/structured-forms.spec.ts:107:1 › 状態値の記録キーは状態変数から選択でき、不正な数値を含む記録項目を削除して保存する (7.0s)
verify	Run BROWSER_ENGINES=all npm run test:e2e	2026-10-09T12:31:24.4681068Z   ✓  262 [webkit] › tests/e2e/structured-forms.spec.ts:137:1 › 公開用の辞書の先頭キーをキーボードで変更しても位置・フォーカス・値を保ち、一時重複は復元後に修正できる (6.1s)
verify	Run BROWSER_ENGINES=all npm run test:e2e	2026-10-09T12:31:31.3370890Z   ✓  263 [webkit] › tests/e2e/structured-forms.spec.ts:174:1 › 固定版の人物と段落が現在版からなくても、別名と試読状態の通常フォームから無関係な変更を保存する (6.9s)
verify	Run BROWSER_ENGINES=all npm run test:e2e	2026-10-09T12:31:47.4178246Z   ✓  264 [webkit] › tests/e2e/templates.spec.ts:25:1 › AT-F02/F56 雛形の通常フォームを差分確認して適用し、非表示・型変更の取消・明示置換を再読込まで保持する (16.1s)
verify	Run BROWSER_ENGINES=all npm run test:e2e	2026-10-09T12:31:53.1867534Z   ✓  265 [webkit] › tests/e2e/templates.spec.ts:133:1 › 雛形の保存キーが一時的に重複しても各項目の初期値を保ち、再表示・改名・差分適用後も両方の値を保持する (5.8s)
verify	Run BROWSER_ENGINES=all npm run test:e2e	2026-10-09T12:32:02.4544801Z   ✓  266 [webkit] › tests/e2e/world-workspace.spec.ts:17:1 › 世界版の選択・借用参照・固定表示を通常画面で保存し、完全保存にも同じ版を保持する (9.2s)
verify	Run BROWSER_ENGINES=all npm run test:e2e	2026-10-09T12:32:11.9668175Z   ✓  267 [webkit] › tests/e2e/writing-workspace.spec.ts:32:1 › 作者別案の未保存入力を画面移動から保持し、版保存・再読込・完全保存へ接続する (9.5s)
verify	Run BROWSER_ENGINES=all npm run test:e2e	2026-10-09T12:32:16.1674493Z   ✓  268 [webkit] › tests/e2e/writing-workspace.spec.ts:95:1 › 章試読は固定版の本文を提示して開始状態と経路を通常保存する (4.2s)
verify	Run BROWSER_ENGINES=all npm run test:e2e	2026-10-09T12:32:21.7104467Z   ✓  269 [webkit] › tests/e2e/writing-workspace.spec.ts:117:1 › 参照値を変えた別案の採用を通常保存し、確認依頼と採用記録を再読込・完全保存する (5.5s)
verify	Run BROWSER_ENGINES=all npm run test:e2e	2026-10-09T12:32:25.7918175Z   ✓  270 [webkit] › tests/e2e/writing-workspace.spec.ts:149:1 › 章と場面の順序・所属・筋の変更を通常保存して再読込する (4.1s)
verify	Run BROWSER_ENGINES=all npm run test:e2e	2026-10-09T12:32:26.2034707Z 
verify	Run BROWSER_ENGINES=all npm run test:e2e	2026-10-09T12:32:26.2042047Z   270 passed (24.8m)
verify	Run RB03_ENGINES=chromium,firefox,webkit node tests/browser/run-rb03-components.mjs	﻿2026-10-09T12:32:26.8353893Z ##[group]Run RB03_ENGINES=chromium,firefox,webkit node tests/browser/run-rb03-components.mjs
verify	Run RB03_ENGINES=chromium,firefox,webkit node tests/browser/run-rb03-components.mjs	2026-10-09T12:32:26.8354629Z [36;1mRB03_ENGINES=chromium,firefox,webkit node tests/browser/run-rb03-components.mjs[0m
verify	Run RB03_ENGINES=chromium,firefox,webkit node tests/browser/run-rb03-components.mjs	2026-10-09T12:32:26.8416976Z shell: /usr/bin/bash -e {0}
verify	Run RB03_ENGINES=chromium,firefox,webkit node tests/browser/run-rb03-components.mjs	2026-10-09T12:32:26.8417486Z env:
verify	Run RB03_ENGINES=chromium,firefox,webkit node tests/browser/run-rb03-components.mjs	2026-10-09T12:32:26.8417850Z   CHROMIUM_PATH: /home/runner/.cache/ms-playwright/chromium-1243/chrome-linux64/chrome
verify	Run RB03_ENGINES=chromium,firefox,webkit node tests/browser/run-rb03-components.mjs	2026-10-09T12:32:26.8418290Z ##[endgroup]
verify	Run RB03_ENGINES=chromium,firefox,webkit node tests/browser/run-rb03-components.mjs	2026-10-09T12:32:36.3012120Z RB03 chromium: 5 component regression groups passed.
verify	Run RB03_ENGINES=chromium,firefox,webkit node tests/browser/run-rb03-components.mjs	2026-10-09T12:32:40.0050041Z RB03 chromium timeline smoke passed
verify	Run RB03_ENGINES=chromium,firefox,webkit node tests/browser/run-rb03-components.mjs	2026-10-09T12:32:44.4646989Z RB03 chromium world smoke passed
verify	Run RB03_ENGINES=chromium,firefox,webkit node tests/browser/run-rb03-components.mjs	2026-10-09T12:32:54.2330126Z RB03 firefox: 5 component regression groups passed.
verify	Run RB03_ENGINES=chromium,firefox,webkit node tests/browser/run-rb03-components.mjs	2026-10-09T12:33:00.1081027Z RB03 firefox timeline smoke passed
verify	Run RB03_ENGINES=chromium,firefox,webkit node tests/browser/run-rb03-components.mjs	2026-10-09T12:33:07.0814612Z RB03 firefox world smoke passed
verify	Run RB03_ENGINES=chromium,firefox,webkit node tests/browser/run-rb03-components.mjs	2026-10-09T12:33:16.7391156Z RB03 webkit: 5 component regression groups passed.
verify	Run RB03_ENGINES=chromium,firefox,webkit node tests/browser/run-rb03-components.mjs	2026-10-09T12:33:21.2717032Z RB03 webkit timeline smoke passed
verify	Run RB03_ENGINES=chromium,firefox,webkit node tests/browser/run-rb03-components.mjs	2026-10-09T12:33:26.3932175Z RB03 webkit world smoke passed
verify	Run for engine in chromium firefox webkit; do	﻿2026-10-09T12:33:26.5329166Z ##[group]Run for engine in chromium firefox webkit; do
verify	Run for engine in chromium firefox webkit; do	2026-10-09T12:33:26.5329921Z [36;1mfor engine in chromium firefox webkit; do[0m
verify	Run for engine in chromium firefox webkit; do	2026-10-09T12:33:26.5330894Z [36;1m  RB04_ENGINE="$engine" RB04_OUTPUT_DIR=test-results/rb04 node tests/browser/rb04-author-regressions.mjs[0m
verify	Run for engine in chromium firefox webkit; do	2026-10-09T12:33:26.5333376Z [36;1mdone[0m
verify	Run for engine in chromium firefox webkit; do	2026-10-09T12:33:26.5401719Z shell: /usr/bin/bash -e {0}
verify	Run for engine in chromium firefox webkit; do	2026-10-09T12:33:26.5402205Z env:
verify	Run for engine in chromium firefox webkit; do	2026-10-09T12:33:26.5402797Z   CHROMIUM_PATH: /home/runner/.cache/ms-playwright/chromium-1243/chrome-linux64/chrome
verify	Run for engine in chromium firefox webkit; do	2026-10-09T12:33:26.5403489Z ##[endgroup]
verify	Run for engine in chromium firefox webkit; do	2026-10-09T12:33:34.7404385Z {"engine":"chromium","checksPassed":12,"output":"/home/runner/work/shinariokanri/shinariokanri/test-results/rb04/rb04-author-regressions-chromium-wzHkYl"}
verify	Run for engine in chromium firefox webkit; do	2026-10-09T12:33:44.3683185Z {"engine":"firefox","checksPassed":12,"output":"/home/runner/work/shinariokanri/shinariokanri/test-results/rb04/rb04-author-regressions-firefox-WtnDiu"}
verify	Run for engine in chromium firefox webkit; do	2026-10-09T12:33:52.1483304Z {"engine":"webkit","checksPassed":12,"output":"/home/runner/work/shinariokanri/shinariokanri/test-results/rb04/rb04-author-regressions-webkit-h87ZRZ"}
verify	Run npx playwright test -c tests/rb04/playwright.config.ts --project=chromium --output=test-results/rb04-writing-chromium	﻿2026-10-09T12:33:52.2045501Z ##[group]Run npx playwright test -c tests/rb04/playwright.config.ts --project=chromium --output=test-results/rb04-writing-chromium
verify	Run npx playwright test -c tests/rb04/playwright.config.ts --project=chromium --output=test-results/rb04-writing-chromium	2026-10-09T12:33:52.2046507Z [36;1mnpx playwright test -c tests/rb04/playwright.config.ts --project=chromium --output=test-results/rb04-writing-chromium[0m
verify	Run npx playwright test -c tests/rb04/playwright.config.ts --project=chromium --output=test-results/rb04-writing-chromium	2026-10-09T12:33:52.2109732Z shell: /usr/bin/bash -e {0}
verify	Run npx playwright test -c tests/rb04/playwright.config.ts --project=chromium --output=test-results/rb04-writing-chromium	2026-10-09T12:33:52.2110001Z env:
verify	Run npx playwright test -c tests/rb04/playwright.config.ts --project=chromium --output=test-results/rb04-writing-chromium	2026-10-09T12:33:52.2110367Z   CHROMIUM_PATH: /home/runner/.cache/ms-playwright/chromium-1243/chrome-linux64/chrome
verify	Run npx playwright test -c tests/rb04/playwright.config.ts --project=chromium --output=test-results/rb04-writing-chromium	2026-10-09T12:33:52.2110813Z ##[endgroup]
verify	Run npx playwright test -c tests/rb04/playwright.config.ts --project=chromium --output=test-results/rb04-writing-chromium	2026-10-09T12:33:54.3811533Z 
verify	Run npx playwright test -c tests/rb04/playwright.config.ts --project=chromium --output=test-results/rb04-writing-chromium	2026-10-09T12:33:54.3812369Z Running 4 tests using 1 worker
verify	Run npx playwright test -c tests/rb04/playwright.config.ts --project=chromium --output=test-results/rb04-writing-chromium	2026-10-09T12:33:54.3812777Z 
verify	Run npx playwright test -c tests/rb04/playwright.config.ts --project=chromium --output=test-results/rb04-writing-chromium	2026-10-09T12:33:57.2013672Z   ✓  1 [chromium] › tests/rb04/workspace.spec.ts:38:1 › 章・筋・人物の見せ方が共有scene IDを保ち、回想順を世界時点と分離する (2.0s)
verify	Run npx playwright test -c tests/rb04/playwright.config.ts --project=chromium --output=test-results/rb04-writing-chromium	2026-10-09T12:33:59.1362201Z   ✓  2 [chromium] › tests/rb04/workspace.spec.ts:83:1 › 通読は章を絞り、選んだ経路を編集して再訪し実際の提示だけ記録する (1.9s)
verify	Run npx playwright test -c tests/rb04/playwright.config.ts --project=chromium --output=test-results/rb04-writing-chromium	2026-10-09T12:34:02.0365616Z   ✓  3 [chromium] › tests/rb04/workspace.spec.ts:141:1 › 別案の作成・編集・版戻し・採用・取消は正本と公開snapshotを分けて保つ (2.9s)
verify	Run npx playwright test -c tests/rb04/playwright.config.ts --project=chromium --output=test-results/rb04-writing-chromium	2026-10-09T12:34:04.1104153Z   ✓  4 [chromium] › tests/rb04/workspace.spec.ts:197:1 › 構成プレビューは取消では本文順を変えず、適用後の別案版だけに順序を保存する (2.1s)
verify	Run npx playwright test -c tests/rb04/playwright.config.ts --project=chromium --output=test-results/rb04-writing-chromium	2026-10-09T12:34:04.2720273Z 
verify	Run npx playwright test -c tests/rb04/playwright.config.ts --project=chromium --output=test-results/rb04-writing-chromium	2026-10-09T12:34:04.2725676Z   4 passed (11.2s)
verify	Run npx playwright test -c tests/rb04/playwright.config.ts --project=webkit --output=test-results/rb04-writing-webkit	﻿2026-10-09T12:34:04.3107373Z ##[group]Run npx playwright test -c tests/rb04/playwright.config.ts --project=webkit --output=test-results/rb04-writing-webkit
verify	Run npx playwright test -c tests/rb04/playwright.config.ts --project=webkit --output=test-results/rb04-writing-webkit	2026-10-09T12:34:04.3109032Z [36;1mnpx playwright test -c tests/rb04/playwright.config.ts --project=webkit --output=test-results/rb04-writing-webkit[0m
verify	Run npx playwright test -c tests/rb04/playwright.config.ts --project=webkit --output=test-results/rb04-writing-webkit	2026-10-09T12:34:04.3177427Z shell: /usr/bin/bash -e {0}
verify	Run npx playwright test -c tests/rb04/playwright.config.ts --project=webkit --output=test-results/rb04-writing-webkit	2026-10-09T12:34:04.3177740Z env:
verify	Run npx playwright test -c tests/rb04/playwright.config.ts --project=webkit --output=test-results/rb04-writing-webkit	2026-10-09T12:34:04.3178138Z   CHROMIUM_PATH: /home/runner/.cache/ms-playwright/chromium-1243/chrome-linux64/chrome
verify	Run npx playwright test -c tests/rb04/playwright.config.ts --project=webkit --output=test-results/rb04-writing-webkit	2026-10-09T12:34:04.3178596Z ##[endgroup]
verify	Run npx playwright test -c tests/rb04/playwright.config.ts --project=webkit --output=test-results/rb04-writing-webkit	2026-10-09T12:34:06.3773258Z 
verify	Run npx playwright test -c tests/rb04/playwright.config.ts --project=webkit --output=test-results/rb04-writing-webkit	2026-10-09T12:34:06.3774024Z Running 4 tests using 1 worker
verify	Run npx playwright test -c tests/rb04/playwright.config.ts --project=webkit --output=test-results/rb04-writing-webkit	2026-10-09T12:34:06.3774582Z 
verify	Run npx playwright test -c tests/rb04/playwright.config.ts --project=webkit --output=test-results/rb04-writing-webkit	2026-10-09T12:34:08.9184768Z   ✓  1 [webkit] › tests/rb04/workspace.spec.ts:38:1 › 章・筋・人物の見せ方が共有scene IDを保ち、回想順を世界時点と分離する (1.9s)
verify	Run npx playwright test -c tests/rb04/playwright.config.ts --project=webkit --output=test-results/rb04-writing-webkit	2026-10-09T12:34:11.2794766Z   ✓  2 [webkit] › tests/rb04/workspace.spec.ts:83:1 › 通読は章を絞り、選んだ経路を編集して再訪し実際の提示だけ記録する (2.3s)
verify	Run npx playwright test -c tests/rb04/playwright.config.ts --project=webkit --output=test-results/rb04-writing-webkit	2026-10-09T12:34:14.6253222Z   ✓  3 [webkit] › tests/rb04/workspace.spec.ts:141:1 › 別案の作成・編集・版戻し・採用・取消は正本と公開snapshotを分けて保つ (3.3s)
verify	Run npx playwright test -c tests/rb04/playwright.config.ts --project=webkit --output=test-results/rb04-writing-webkit	2026-10-09T12:34:16.8103632Z   ✓  4 [webkit] › tests/rb04/workspace.spec.ts:197:1 › 構成プレビューは取消では本文順を変えず、適用後の別案版だけに順序を保存する (2.2s)
verify	Run npx playwright test -c tests/rb04/playwright.config.ts --project=webkit --output=test-results/rb04-writing-webkit	2026-10-09T12:34:16.9615571Z 
verify	Run npx playwright test -c tests/rb04/playwright.config.ts --project=webkit --output=test-results/rb04-writing-webkit	2026-10-09T12:34:16.9620592Z   4 passed (11.8s)
verify	Run actions/upload-artifact@v4	﻿2026-10-09T12:34:17.0016884Z ##[group]Run actions/upload-artifact@v4
verify	Run actions/upload-artifact@v4	2026-10-09T12:34:17.0017271Z with:
verify	Run actions/upload-artifact@v4	2026-10-09T12:34:17.0017473Z   name: browser-evidence
verify	Run actions/upload-artifact@v4	2026-10-09T12:34:17.0017743Z   path: playwright-report/
verify	Run actions/upload-artifact@v4	test-results/
verify	Run actions/upload-artifact@v4	
verify	Run actions/upload-artifact@v4	2026-10-09T12:34:17.0018039Z   if-no-files-found: warn
verify	Run actions/upload-artifact@v4	2026-10-09T12:34:17.0018282Z   compression-level: 6
verify	Run actions/upload-artifact@v4	2026-10-09T12:34:17.0018502Z   overwrite: false
verify	Run actions/upload-artifact@v4	2026-10-09T12:34:17.0018718Z   include-hidden-files: false
verify	Run actions/upload-artifact@v4	2026-10-09T12:34:17.0018952Z env:
verify	Run actions/upload-artifact@v4	2026-10-09T12:34:17.0019298Z   CHROMIUM_PATH: /home/runner/.cache/ms-playwright/chromium-1243/chrome-linux64/chrome
verify	Run actions/upload-artifact@v4	2026-10-09T12:34:17.0019733Z ##[endgroup]
verify	Run actions/upload-artifact@v4	2026-10-09T12:34:17.1775579Z (node:24058) [DEP0040] DeprecationWarning: The `punycode` module is deprecated. Please use a userland alternative instead.
verify	Run actions/upload-artifact@v4	2026-10-09T12:34:17.1776994Z (Use `node --trace-deprecation ...` to show where the warning was created)
verify	Run actions/upload-artifact@v4	2026-10-09T12:34:17.1995869Z Multiple search paths detected. Calculating the least common ancestor of all paths
verify	Run actions/upload-artifact@v4	2026-10-09T12:34:17.1999103Z The least common ancestor is /home/runner/work/shinariokanri/shinariokanri. This will be the root directory of the artifact
verify	Run actions/upload-artifact@v4	2026-10-09T12:34:17.2000797Z With the provided path, there will be 43 files uploaded
verify	Run actions/upload-artifact@v4	2026-10-09T12:34:17.2006188Z Artifact name is valid!
verify	Run actions/upload-artifact@v4	2026-10-09T12:34:17.2007253Z Root directory input is valid!
verify	Run actions/upload-artifact@v4	2026-10-09T12:34:17.5279686Z Beginning upload of artifact content to blob storage
verify	Run actions/upload-artifact@v4	2026-10-09T12:34:17.7473210Z (node:24058) [DEP0169] DeprecationWarning: `url.parse()` behavior is not standardized and prone to errors that have security implications. Use the WHATWG URL API instead. CVEs are not issued for `url.parse()` vulnerabilities.
verify	Run actions/upload-artifact@v4	2026-10-09T12:34:18.3769164Z Uploaded bytes 3970553
verify	Run actions/upload-artifact@v4	2026-10-09T12:34:18.4371083Z Finished uploading artifact content to blob storage!
verify	Run actions/upload-artifact@v4	2026-10-09T12:34:18.4373163Z SHA256 digest of uploaded artifact zip is 6a9ac2760ae14f1f75fee8f5e672c1240e6ba9789a341b4c4134cf0e98a4697b
verify	Run actions/upload-artifact@v4	2026-10-09T12:34:18.4374577Z Finalizing artifact upload
verify	Run actions/upload-artifact@v4	2026-10-09T12:34:18.6909635Z Artifact browser-evidence.zip successfully finalized. Artifact ID 11616127093
verify	Run actions/upload-artifact@v4	2026-10-09T12:34:18.6911278Z Artifact browser-evidence has been successfully uploaded! Final size is 3970553 bytes. Artifact ID is 11616127093
verify	Run actions/upload-artifact@v4	2026-10-09T12:34:18.6918949Z Artifact download URL: https://github.com/chameleonjp-lab/shinariokanri/actions/runs/37927467219/artifacts/11616127093
verify	Post Run actions/setup-node@v4	﻿2026-10-09T12:34:18.7118494Z Post job cleanup.
verify	Post Run actions/setup-node@v4	2026-10-09T12:34:18.8399538Z (node:24071) [DEP0040] DeprecationWarning: The `punycode` module is deprecated. Please use a userland alternative instead.
verify	Post Run actions/setup-node@v4	2026-10-09T12:34:18.8400644Z (Use `node --trace-deprecation ...` to show where the warning was created)
verify	Post Run actions/setup-node@v4	2026-10-09T12:34:18.8404886Z Cache hit occurred on the primary key node-cache-Linux-x64-npm-6d82bbc41af669d666d011c5fca070c497082ca77603293ec8c70d28ba98cc31, not saving cache.
verify	Post Run actions/checkout@v4	﻿2026-10-09T12:34:18.8547359Z Post job cleanup.
verify	Post Run actions/checkout@v4	2026-10-09T12:34:18.9517711Z [command]/usr/bin/git version
verify	Post Run actions/checkout@v4	2026-10-09T12:34:18.9572420Z git version 2.55.0
verify	Post Run actions/checkout@v4	2026-10-09T12:34:18.9619621Z Temporarily overriding HOME='/home/runner/work/_temp/395eef14-4cd2-4fc3-ad44-d5342dd058a4' before making global git config changes
verify	Post Run actions/checkout@v4	2026-10-09T12:34:18.9622372Z Adding repository directory to the temporary git global config as a safe directory
verify	Post Run actions/checkout@v4	2026-10-09T12:34:18.9627421Z [command]/usr/bin/git config --global --add safe.directory /home/runner/work/shinariokanri/shinariokanri
verify	Post Run actions/checkout@v4	2026-10-09T12:34:18.9682456Z [command]/usr/bin/git config --local --name-only --get-regexp core\.sshCommand
verify	Post Run actions/checkout@v4	2026-10-09T12:34:18.9731989Z [command]/usr/bin/git submodule foreach --recursive sh -c "git config --local --name-only --get-regexp 'core\.sshCommand' && git config --local --unset-all 'core.sshCommand' || :"
verify	Post Run actions/checkout@v4	2026-10-09T12:34:19.0045279Z [command]/usr/bin/git config --local --name-only --get-regexp http\.https\:\/\/github\.com\/\.extraheader
verify	Post Run actions/checkout@v4	2026-10-09T12:34:19.0076046Z http.https://github.com/.extraheader
verify	Post Run actions/checkout@v4	2026-10-09T12:34:19.0092330Z [command]/usr/bin/git config --local --unset-all http.https://github.com/.extraheader
verify	Post Run actions/checkout@v4	2026-10-09T12:34:19.0137102Z [command]/usr/bin/git submodule foreach --recursive sh -c "git config --local --name-only --get-regexp 'http\.https\:\/\/github\.com\/\.extraheader' && git config --local --unset-all 'http.https://github.com/.extraheader' || :"
verify	Post Run actions/checkout@v4	2026-10-09T12:34:19.0443330Z [command]/usr/bin/git config --local --name-only --get-regexp ^includeIf\.gitdir:
verify	Post Run actions/checkout@v4	2026-10-09T12:34:19.0488796Z [command]/usr/bin/git submodule foreach --recursive git config --local --show-origin --name-only --get-regexp remote.origin.url
verify	Complete job	﻿2026-10-09T12:34:19.0916528Z Cleaning up orphan processes
verify	Complete job	2026-10-09T12:34:19.1353297Z ##[warning]Node.js 20 is deprecated. The following actions target Node.js 20 but are being forced to run on Node.js 24: actions/checkout@v4, actions/setup-node@v4, actions/upload-artifact@v4. For more information see: https://github.blog/changelog/2025-09-19-deprecation-of-node-20-on-github-actions-runners/
