verify	Set up job	﻿2026-10-09T03:40:54.7663935Z Current runner version: '2.337.0'
verify	Set up job	2026-10-09T03:40:54.7702491Z ##[group]Runner Image Provisioner
verify	Set up job	2026-10-09T03:40:54.7704143Z Hosted Compute Agent
verify	Set up job	2026-10-09T03:40:54.7705194Z Version: 20261002.596
verify	Set up job	2026-10-09T03:40:54.7706510Z Commit: c3d12f3313a95f25162a1503be624f3b0617f8c0
verify	Set up job	2026-10-09T03:40:54.7707760Z Build Date: 2026-10-02T22:28:27Z
verify	Set up job	2026-10-09T03:40:54.7709087Z Worker ID: {8632fd1f-969e-48a9-8fa9-66ac90a407a7}
verify	Set up job	2026-10-09T03:40:54.7710422Z Region: eastus
verify	Set up job	2026-10-09T03:40:54.7711406Z Cloud: Azure
verify	Set up job	2026-10-09T03:40:54.7712534Z ##[endgroup]
verify	Set up job	2026-10-09T03:40:54.7715208Z ##[group]Operating System
verify	Set up job	2026-10-09T03:40:54.7716387Z Ubuntu
verify	Set up job	2026-10-09T03:40:54.7717246Z 24.04.5
verify	Set up job	2026-10-09T03:40:54.7718099Z LTS
verify	Set up job	2026-10-09T03:40:54.7719371Z ##[endgroup]
verify	Set up job	2026-10-09T03:40:54.7720408Z ##[group]Runner Image
verify	Set up job	2026-10-09T03:40:54.7721652Z Image: ubuntu-24.04
verify	Set up job	2026-10-09T03:40:54.7722701Z Version: 20261004.327.1
verify	Set up job	2026-10-09T03:40:54.7724940Z Included Software: https://github.com/actions/runner-images/blob/ubuntu24/20261004.327/images/ubuntu/Ubuntu2404-Readme.md
verify	Set up job	2026-10-09T03:40:54.7728252Z Image Release: https://github.com/actions/runner-images/releases/tag/ubuntu24%2F20261004.327
verify	Set up job	2026-10-09T03:40:54.7730129Z ##[endgroup]
verify	Set up job	2026-10-09T03:40:54.7731997Z ##[group]GITHUB_TOKEN Permissions
verify	Set up job	2026-10-09T03:40:54.7735419Z Contents: read
verify	Set up job	2026-10-09T03:40:54.7736468Z Metadata: read
verify	Set up job	2026-10-09T03:40:54.7737634Z ##[endgroup]
verify	Set up job	2026-10-09T03:40:54.7740960Z Secret source: Actions
verify	Set up job	2026-10-09T03:40:54.7742656Z Cache mode: write
verify	Set up job	2026-10-09T03:40:54.7744527Z Prepare workflow directory
verify	Set up job	2026-10-09T03:40:54.8236067Z Prepare all required actions
verify	Set up job	2026-10-09T03:40:54.8308858Z Getting action download info
verify	Set up job	2026-10-09T03:40:54.9852958Z Download action repository 'actions/checkout@v4' (SHA:11d5960a326750d5838078e36cf38b85af677262)
verify	Set up job	2026-10-09T03:40:55.0966748Z Download action repository 'actions/setup-node@v4' (SHA:49933ea5288caeca8642d1e84afbd3f7d6820020)
verify	Set up job	2026-10-09T03:40:55.1805307Z Download action repository 'actions/upload-artifact@v4' (SHA:ea165f8d65b6e75b540449e92b4886f43607fa02)
verify	Set up job	2026-10-09T03:40:55.3910687Z Complete job name: verify
verify	Run actions/checkout@v4	﻿2026-10-09T03:40:55.4717936Z ##[group]Run actions/checkout@v4
verify	Run actions/checkout@v4	2026-10-09T03:40:55.4718844Z with:
verify	Run actions/checkout@v4	2026-10-09T03:40:55.4719325Z   repository: chameleonjp-lab/shinariokanri
verify	Run actions/checkout@v4	2026-10-09T03:40:55.4723728Z   token: ***
verify	Run actions/checkout@v4	2026-10-09T03:40:55.4724202Z   ssh-strict: true
verify	Run actions/checkout@v4	2026-10-09T03:40:55.4724645Z   ssh-user: git
verify	Run actions/checkout@v4	2026-10-09T03:40:55.4725096Z   persist-credentials: true
verify	Run actions/checkout@v4	2026-10-09T03:40:55.4725586Z   clean: true
verify	Run actions/checkout@v4	2026-10-09T03:40:55.4726028Z   sparse-checkout-cone-mode: true
verify	Run actions/checkout@v4	2026-10-09T03:40:55.4726539Z   fetch-depth: 1
verify	Run actions/checkout@v4	2026-10-09T03:40:55.4726960Z   fetch-tags: false
verify	Run actions/checkout@v4	2026-10-09T03:40:55.4727404Z   show-progress: true
verify	Run actions/checkout@v4	2026-10-09T03:40:55.4727847Z   lfs: false
verify	Run actions/checkout@v4	2026-10-09T03:40:55.4728267Z   submodules: false
verify	Run actions/checkout@v4	2026-10-09T03:40:55.4728723Z   set-safe-directory: true
verify	Run actions/checkout@v4	2026-10-09T03:40:55.4729232Z   allow-unsafe-pr-checkout: false
verify	Run actions/checkout@v4	2026-10-09T03:40:55.4730084Z ##[endgroup]
verify	Run actions/checkout@v4	2026-10-09T03:40:55.5724320Z Syncing repository: chameleonjp-lab/shinariokanri
verify	Run actions/checkout@v4	2026-10-09T03:40:55.5727081Z ##[group]Getting Git version info
verify	Run actions/checkout@v4	2026-10-09T03:40:55.5728026Z Working directory is '/home/runner/work/shinariokanri/shinariokanri'
verify	Run actions/checkout@v4	2026-10-09T03:40:55.5729421Z [command]/usr/bin/git version
verify	Run actions/checkout@v4	2026-10-09T03:40:55.5853424Z git version 2.55.0
verify	Run actions/checkout@v4	2026-10-09T03:40:55.5875957Z ##[endgroup]
verify	Run actions/checkout@v4	2026-10-09T03:40:55.5896642Z Temporarily overriding HOME='/home/runner/work/_temp/2ce4b6ab-e68c-4c3c-9763-35c4db68d98b' before making global git config changes
verify	Run actions/checkout@v4	2026-10-09T03:40:55.5899098Z Adding repository directory to the temporary git global config as a safe directory
verify	Run actions/checkout@v4	2026-10-09T03:40:55.5902136Z [command]/usr/bin/git config --global --add safe.directory /home/runner/work/shinariokanri/shinariokanri
verify	Run actions/checkout@v4	2026-10-09T03:40:55.5962944Z Deleting the contents of '/home/runner/work/shinariokanri/shinariokanri'
verify	Run actions/checkout@v4	2026-10-09T03:40:55.5967356Z ##[group]Initializing the repository
verify	Run actions/checkout@v4	2026-10-09T03:40:55.5971163Z [command]/usr/bin/git init /home/runner/work/shinariokanri/shinariokanri
verify	Run actions/checkout@v4	2026-10-09T03:40:55.6115737Z hint: Using 'master' as the name for the initial branch. This default branch name
verify	Run actions/checkout@v4	2026-10-09T03:40:55.6118284Z hint: will change to "main" in Git 3.0. To configure the initial branch name
verify	Run actions/checkout@v4	2026-10-09T03:40:55.6120083Z hint: to use in all of your new repositories, which will suppress this warning,
verify	Run actions/checkout@v4	2026-10-09T03:40:55.6121508Z hint: call:
verify	Run actions/checkout@v4	2026-10-09T03:40:55.6123059Z hint:
verify	Run actions/checkout@v4	2026-10-09T03:40:55.6124179Z hint: 	git config --global init.defaultBranch <name>
verify	Run actions/checkout@v4	2026-10-09T03:40:55.6125026Z hint:
verify	Run actions/checkout@v4	2026-10-09T03:40:55.6125708Z hint: Names commonly chosen instead of 'master' are 'main', 'trunk' and
verify	Run actions/checkout@v4	2026-10-09T03:40:55.6127188Z hint: 'development'. The just-created branch can be renamed via this command:
verify	Run actions/checkout@v4	2026-10-09T03:40:55.6128136Z hint:
verify	Run actions/checkout@v4	2026-10-09T03:40:55.6128649Z hint: 	git branch -m <name>
verify	Run actions/checkout@v4	2026-10-09T03:40:55.6129209Z hint:
verify	Run actions/checkout@v4	2026-10-09T03:40:55.6129938Z hint: Disable this message with "git config set advice.defaultBranchName false"
verify	Run actions/checkout@v4	2026-10-09T03:40:55.6131364Z Initialized empty Git repository in /home/runner/work/shinariokanri/shinariokanri/.git/
verify	Run actions/checkout@v4	2026-10-09T03:40:55.6134511Z [command]/usr/bin/git remote add origin https://github.com/chameleonjp-lab/shinariokanri
verify	Run actions/checkout@v4	2026-10-09T03:40:55.6183544Z ##[endgroup]
verify	Run actions/checkout@v4	2026-10-09T03:40:55.6184930Z ##[group]Disabling automatic garbage collection
verify	Run actions/checkout@v4	2026-10-09T03:40:55.6186840Z [command]/usr/bin/git config --local gc.auto 0
verify	Run actions/checkout@v4	2026-10-09T03:40:55.6236015Z ##[endgroup]
verify	Run actions/checkout@v4	2026-10-09T03:40:55.6237259Z ##[group]Setting up auth
verify	Run actions/checkout@v4	2026-10-09T03:40:55.6238520Z [command]/usr/bin/git config --local --name-only --get-regexp core\.sshCommand
verify	Run actions/checkout@v4	2026-10-09T03:40:55.6264735Z [command]/usr/bin/git submodule foreach --recursive sh -c "git config --local --name-only --get-regexp 'core\.sshCommand' && git config --local --unset-all 'core.sshCommand' || :"
verify	Run actions/checkout@v4	2026-10-09T03:40:55.6660036Z [command]/usr/bin/git config --local --name-only --get-regexp http\.https\:\/\/github\.com\/\.extraheader
verify	Run actions/checkout@v4	2026-10-09T03:40:55.6702003Z [command]/usr/bin/git submodule foreach --recursive sh -c "git config --local --name-only --get-regexp 'http\.https\:\/\/github\.com\/\.extraheader' && git config --local --unset-all 'http.https://github.com/.extraheader' || :"
verify	Run actions/checkout@v4	2026-10-09T03:40:55.6928517Z [command]/usr/bin/git config --local --name-only --get-regexp ^includeIf\.gitdir:
verify	Run actions/checkout@v4	2026-10-09T03:40:55.6964890Z [command]/usr/bin/git submodule foreach --recursive git config --local --show-origin --name-only --get-regexp remote.origin.url
verify	Run actions/checkout@v4	2026-10-09T03:40:55.7194929Z [command]/usr/bin/git config --local http.https://github.com/.extraheader AUTHORIZATION: basic ***
verify	Run actions/checkout@v4	2026-10-09T03:40:55.7304677Z ##[endgroup]
verify	Run actions/checkout@v4	2026-10-09T03:40:55.7314753Z ##[group]Fetching the repository
verify	Run actions/checkout@v4	2026-10-09T03:40:55.7316299Z [command]/usr/bin/git -c protocol.version=2 fetch --no-tags --prune --no-recurse-submodules --depth=1 origin +353c2fffd140256d8e76c99d603add7bb8b6314e:refs/remotes/pull/19/merge
verify	Run actions/checkout@v4	2026-10-09T03:40:57.4085425Z From https://github.com/chameleonjp-lab/shinariokanri
verify	Run actions/checkout@v4	2026-10-09T03:40:57.4086862Z  * [new ref]         353c2fffd140256d8e76c99d603add7bb8b6314e -> pull/19/merge
verify	Run actions/checkout@v4	2026-10-09T03:40:57.4090723Z ##[endgroup]
verify	Run actions/checkout@v4	2026-10-09T03:40:57.4092092Z ##[group]Determining the checkout info
verify	Run actions/checkout@v4	2026-10-09T03:40:57.4093742Z ##[endgroup]
verify	Run actions/checkout@v4	2026-10-09T03:40:57.4114055Z [command]/usr/bin/git sparse-checkout disable
verify	Run actions/checkout@v4	2026-10-09T03:40:57.4167326Z [command]/usr/bin/git config --local --unset-all extensions.worktreeConfig
verify	Run actions/checkout@v4	2026-10-09T03:40:57.4200596Z ##[group]Checking out the ref
verify	Run actions/checkout@v4	2026-10-09T03:40:57.4204171Z [command]/usr/bin/git checkout --progress --force refs/remotes/pull/19/merge
verify	Run actions/checkout@v4	2026-10-09T03:40:58.4384084Z Updating files:  96% (8811/9138)
verify	Run actions/checkout@v4	2026-10-09T03:40:58.4452563Z Updating files:  97% (8864/9138)
verify	Run actions/checkout@v4	2026-10-09T03:40:58.4521414Z Updating files:  98% (8956/9138)
verify	Run actions/checkout@v4	2026-10-09T03:40:58.4584031Z Updating files:  99% (9047/9138)
verify	Run actions/checkout@v4	2026-10-09T03:40:58.4585528Z Updating files: 100% (9138/9138)
verify	Run actions/checkout@v4	2026-10-09T03:40:58.4586912Z Updating files: 100% (9138/9138), done.
verify	Run actions/checkout@v4	2026-10-09T03:40:58.4687807Z Note: switching to 'refs/remotes/pull/19/merge'.
verify	Run actions/checkout@v4	2026-10-09T03:40:58.4689119Z 
verify	Run actions/checkout@v4	2026-10-09T03:40:58.4690084Z You are in 'detached HEAD' state. You can look around, make experimental
verify	Run actions/checkout@v4	2026-10-09T03:40:58.4692523Z changes and commit them, and you can discard any commits you make in this
verify	Run actions/checkout@v4	2026-10-09T03:40:58.4694870Z state without impacting any branches by switching back to a branch.
verify	Run actions/checkout@v4	2026-10-09T03:40:58.4696122Z 
verify	Run actions/checkout@v4	2026-10-09T03:40:58.4697096Z If you want to create a new branch to retain commits you create, you may
verify	Run actions/checkout@v4	2026-10-09T03:40:58.4699134Z do so (now or later) by using -c with the switch command. Example:
verify	Run actions/checkout@v4	2026-10-09T03:40:58.4700105Z 
verify	Run actions/checkout@v4	2026-10-09T03:40:58.4700684Z   git switch -c <new-branch-name>
verify	Run actions/checkout@v4	2026-10-09T03:40:58.4701369Z 
verify	Run actions/checkout@v4	2026-10-09T03:40:58.4701895Z Or undo this operation with:
verify	Run actions/checkout@v4	2026-10-09T03:40:58.4702527Z 
verify	Run actions/checkout@v4	2026-10-09T03:40:58.4703197Z   git switch -
verify	Run actions/checkout@v4	2026-10-09T03:40:58.4703727Z 
verify	Run actions/checkout@v4	2026-10-09T03:40:58.4704651Z Turn off this advice by setting config variable advice.detachedHead to false
verify	Run actions/checkout@v4	2026-10-09T03:40:58.4705795Z 
verify	Run actions/checkout@v4	2026-10-09T03:40:58.4707141Z HEAD is now at 353c2ff Merge 746cc6835323c756b9e94270e2151e892c3b7335 into c590b47ebb66a326511f9b2fbdad545c186bdc59
verify	Run actions/checkout@v4	2026-10-09T03:40:58.4772570Z ##[endgroup]
verify	Run actions/checkout@v4	2026-10-09T03:40:58.4824906Z [command]/usr/bin/git log -1 --format=%H
verify	Run actions/checkout@v4	2026-10-09T03:40:58.4853703Z 353c2fffd140256d8e76c99d603add7bb8b6314e
verify	Run actions/setup-node@v4	﻿2026-10-09T03:40:58.5258809Z ##[group]Run actions/setup-node@v4
verify	Run actions/setup-node@v4	2026-10-09T03:40:58.5260135Z with:
verify	Run actions/setup-node@v4	2026-10-09T03:40:58.5261023Z   node-version: 24
verify	Run actions/setup-node@v4	2026-10-09T03:40:58.5261977Z   cache: npm
verify	Run actions/setup-node@v4	2026-10-09T03:40:58.5263063Z   always-auth: false
verify	Run actions/setup-node@v4	2026-10-09T03:40:58.5264077Z   check-latest: false
verify	Run actions/setup-node@v4	2026-10-09T03:40:58.5274353Z   token: ***
verify	Run actions/setup-node@v4	2026-10-09T03:40:58.5275326Z ##[endgroup]
verify	Run actions/setup-node@v4	2026-10-09T03:40:58.6820890Z (node:2277) [DEP0040] DeprecationWarning: The `punycode` module is deprecated. Please use a userland alternative instead.
verify	Run actions/setup-node@v4	2026-10-09T03:40:58.6822474Z (Use `node --trace-deprecation ...` to show where the warning was created)
verify	Run actions/setup-node@v4	2026-10-09T03:40:58.6824176Z Found in cache @ /opt/hostedtoolcache/node/24.21.0/x64
verify	Run actions/setup-node@v4	2026-10-09T03:40:58.6825409Z ##[group]Environment details
verify	Run actions/setup-node@v4	2026-10-09T03:40:59.0986561Z node: v24.21.0
verify	Run actions/setup-node@v4	2026-10-09T03:40:59.0987113Z npm: 11.19.0
verify	Run actions/setup-node@v4	2026-10-09T03:40:59.0987365Z yarn: 1.22.22
verify	Run actions/setup-node@v4	2026-10-09T03:40:59.0988055Z ##[endgroup]
verify	Run actions/setup-node@v4	2026-10-09T03:40:59.1009901Z [command]/opt/hostedtoolcache/node/24.21.0/x64/bin/npm config get cache
verify	Run actions/setup-node@v4	2026-10-09T03:40:59.2161254Z /home/runner/.npm
verify	Run actions/setup-node@v4	2026-10-09T03:40:59.2973322Z Cache hit for: node-cache-Linux-x64-npm-6d82bbc41af669d666d011c5fca070c497082ca77603293ec8c70d28ba98cc31
verify	Run actions/setup-node@v4	2026-10-09T03:40:59.3080309Z (node:2277) [DEP0169] DeprecationWarning: `url.parse()` behavior is not standardized and prone to errors that have security implications. Use the WHATWG URL API instead. CVEs are not issued for `url.parse()` vulnerabilities.
verify	Run actions/setup-node@v4	2026-10-09T03:40:59.7390446Z Received 44135652 of 44135652 (100.0%), 114.1 MBs/sec
verify	Run actions/setup-node@v4	2026-10-09T03:40:59.7391439Z Cache Size: ~42 MB (44135652 B)
verify	Run actions/setup-node@v4	2026-10-09T03:40:59.7495074Z [command]/usr/bin/tar -xf /home/runner/work/_temp/1eb75d11-85d1-41af-ac50-cb081d2c0aaa/cache.tzst -P -C /home/runner/work/shinariokanri/shinariokanri --use-compress-program unzstd
verify	Run actions/setup-node@v4	2026-10-09T03:40:59.8278123Z Cache restored successfully
verify	Run actions/setup-node@v4	2026-10-09T03:40:59.8307898Z Cache restored from key: node-cache-Linux-x64-npm-6d82bbc41af669d666d011c5fca070c497082ca77603293ec8c70d28ba98cc31
verify	Run npm ci	﻿2026-10-09T03:40:59.8498859Z ##[group]Run npm ci
verify	Run npm ci	2026-10-09T03:40:59.8499197Z [36;1mnpm ci[0m
verify	Run npm ci	2026-10-09T03:40:59.8791997Z shell: /usr/bin/bash -e {0}
verify	Run npm ci	2026-10-09T03:40:59.8792380Z ##[endgroup]
verify	Run npm ci	2026-10-09T03:41:01.9592071Z 
verify	Run npm ci	2026-10-09T03:41:01.9602633Z added 61 packages, and audited 62 packages in 2s
verify	Run npm ci	2026-10-09T03:41:01.9603482Z 
verify	Run npm ci	2026-10-09T03:41:01.9603896Z 15 packages are looking for funding
verify	Run npm ci	2026-10-09T03:41:01.9604624Z   run `npm fund` for details
verify	Run npm ci	2026-10-09T03:41:01.9609048Z 
verify	Run npm ci	2026-10-09T03:41:01.9609316Z found 0 vulnerabilities
verify	Run python3 scripts/check_docs.py	﻿2026-10-09T03:41:02.0135768Z ##[group]Run python3 scripts/check_docs.py
verify	Run python3 scripts/check_docs.py	2026-10-09T03:41:02.0136188Z [36;1mpython3 scripts/check_docs.py[0m
verify	Run python3 scripts/check_docs.py	2026-10-09T03:41:02.0201786Z shell: /usr/bin/bash -e {0}
verify	Run python3 scripts/check_docs.py	2026-10-09T03:41:02.0202072Z ##[endgroup]
verify	Run python3 scripts/check_docs.py	2026-10-09T03:41:02.2206209Z DOCUMENT VALIDATION PASSED: 104 requirements, 60 proposals, 24 work packages, 116 planned cases, 48 original + 10 technical sources.
verify	Run python3 scripts/check_docs.py	2026-10-09T03:41:02.2208639Z Checked: IDs, scope, sources, two-way traceability, acyclic dependencies, document/registry consistency, file hashes, fixture structure, local links.
verify	Run python3 scripts/check_docs.py	2026-10-09T03:41:02.2210744Z This document checker does not run application, schema, archive, security, performance or real-device acceptance tests. See docs/implementation/PROGRESS.md for separate implementation evidence.
verify	Run python3 scripts/check_completion_plan.py	﻿2026-10-09T03:41:02.2315106Z ##[group]Run python3 scripts/check_completion_plan.py
verify	Run python3 scripts/check_completion_plan.py	2026-10-09T03:41:02.2315558Z [36;1mpython3 scripts/check_completion_plan.py[0m
verify	Run python3 scripts/check_completion_plan.py	2026-10-09T03:41:02.2383339Z shell: /usr/bin/bash -e {0}
verify	Run python3 scripts/check_completion_plan.py	2026-10-09T03:41:02.2383656Z ##[endgroup]
verify	Run python3 scripts/check_completion_plan.py	2026-10-09T03:41:02.2981568Z COMPLETION PLAN PASSED: 104 tasks / 24 packages / 116 cases / 6 regression groups / 10 batches; original contracts retained.
verify	Run python3 -m unittest discover -s scripts -p 'test_check_*.py' -v	﻿2026-10-09T03:41:02.3071092Z ##[group]Run python3 -m unittest discover -s scripts -p 'test_check_*.py' -v
verify	Run python3 -m unittest discover -s scripts -p 'test_check_*.py' -v	2026-10-09T03:41:02.3071704Z [36;1mpython3 -m unittest discover -s scripts -p 'test_check_*.py' -v[0m
verify	Run python3 -m unittest discover -s scripts -p 'test_check_*.py' -v	2026-10-09T03:41:02.3140213Z shell: /usr/bin/bash -e {0}
verify	Run python3 -m unittest discover -s scripts -p 'test_check_*.py' -v	2026-10-09T03:41:02.3140516Z ##[endgroup]
verify	Run python3 -m unittest discover -s scripts -p 'test_check_*.py' -v	2026-10-09T03:41:03.1655334Z test_broken_example_route_fails (test_check_docs.DocumentCheckerTests.test_broken_example_route_fails) ... ok
verify	Run python3 -m unittest discover -s scripts -p 'test_check_*.py' -v	2026-10-09T03:41:03.9040626Z test_broken_link_fails (test_check_docs.DocumentCheckerTests.test_broken_link_fails) ... ok
verify	Run python3 -m unittest discover -s scripts -p 'test_check_*.py' -v	2026-10-09T03:41:04.6510312Z test_changed_pdf_fails (test_check_docs.DocumentCheckerTests.test_changed_pdf_fails) ... ok
verify	Run python3 -m unittest discover -s scripts -p 'test_check_*.py' -v	2026-10-09T03:41:05.4373214Z test_claimed_app_pass_fails (test_check_docs.DocumentCheckerTests.test_claimed_app_pass_fails) ... ok
verify	Run python3 -m unittest discover -s scripts -p 'test_check_*.py' -v	2026-10-09T03:41:06.1827196Z test_dependency_cycle_fails (test_check_docs.DocumentCheckerTests.test_dependency_cycle_fails) ... ok
verify	Run python3 -m unittest discover -s scripts -p 'test_check_*.py' -v	2026-10-09T03:41:06.9164966Z test_document_registry_drift_fails (test_check_docs.DocumentCheckerTests.test_document_registry_drift_fails) ... ok
verify	Run python3 -m unittest discover -s scripts -p 'test_check_*.py' -v	2026-10-09T03:41:07.6511304Z test_duplicate_id_fails (test_check_docs.DocumentCheckerTests.test_duplicate_id_fails) ... ok
verify	Run python3 -m unittest discover -s scripts -p 'test_check_*.py' -v	2026-10-09T03:41:08.3881614Z test_generated_dependency_documents_are_not_repository_sources (test_check_docs.DocumentCheckerTests.test_generated_dependency_documents_are_not_repository_sources) ... ok
verify	Run python3 -m unittest discover -s scripts -p 'test_check_*.py' -v	2026-10-09T03:41:09.1209383Z test_intact_documents_pass (test_check_docs.DocumentCheckerTests.test_intact_documents_pass) ... ok
verify	Run python3 -m unittest discover -s scripts -p 'test_check_*.py' -v	2026-10-09T03:41:09.8563258Z test_missing_acceptance_fails (test_check_docs.DocumentCheckerTests.test_missing_acceptance_fails) ... ok
verify	Run python3 -m unittest discover -s scripts -p 'test_check_*.py' -v	2026-10-09T03:41:10.5884935Z test_omitted_proposal_fails (test_check_docs.DocumentCheckerTests.test_omitted_proposal_fails) ... ok
verify	Run python3 -m unittest discover -s scripts -p 'test_check_*.py' -v	2026-10-09T03:41:10.5899692Z test_automated_browser_cannot_replace_live_rls_or_real_device_gate (test_check_release.ReleaseGateTests.test_automated_browser_cannot_replace_live_rls_or_real_device_gate) ... ok
verify	Run python3 -m unittest discover -s scripts -p 'test_check_*.py' -v	2026-10-09T03:41:10.5923698Z test_different_commit_and_not_run_case_block (test_check_release.ReleaseGateTests.test_different_commit_and_not_run_case_block) ... ok
verify	Run python3 -m unittest discover -s scripts -p 'test_check_*.py' -v	2026-10-09T03:41:10.5925669Z test_matching_complete_record_passes (test_check_release.ReleaseGateTests.test_matching_complete_record_passes) ... ok
verify	Run python3 -m unittest discover -s scripts -p 'test_check_*.py' -v	2026-10-09T03:41:10.5945150Z test_missing_evidence_blocks (test_check_release.ReleaseGateTests.test_missing_evidence_blocks) ... ok
verify	Run python3 -m unittest discover -s scripts -p 'test_check_*.py' -v	2026-10-09T03:41:10.5946020Z 
verify	Run python3 -m unittest discover -s scripts -p 'test_check_*.py' -v	2026-10-09T03:41:10.5946440Z ----------------------------------------------------------------------
verify	Run python3 -m unittest discover -s scripts -p 'test_check_*.py' -v	2026-10-09T03:41:10.5947085Z Ran 15 tests in 8.182s
verify	Run python3 -m unittest discover -s scripts -p 'test_check_*.py' -v	2026-10-09T03:41:10.5947325Z 
verify	Run python3 -m unittest discover -s scripts -p 'test_check_*.py' -v	2026-10-09T03:41:10.5947461Z OK
verify	Run npx playwright install --with-deps chromium firefox webkit	﻿2026-10-09T03:41:10.6082195Z ##[group]Run npx playwright install --with-deps chromium firefox webkit
verify	Run npx playwright install --with-deps chromium firefox webkit	2026-10-09T03:41:10.6082756Z [36;1mnpx playwright install --with-deps chromium firefox webkit[0m
verify	Run npx playwright install --with-deps chromium firefox webkit	2026-10-09T03:41:10.6146863Z shell: /usr/bin/bash -e {0}
verify	Run npx playwright install --with-deps chromium firefox webkit	2026-10-09T03:41:10.6147134Z ##[endgroup]
verify	Run npx playwright install --with-deps chromium firefox webkit	2026-10-09T03:41:11.3811818Z Installing dependencies...
verify	Run npx playwright install --with-deps chromium firefox webkit	2026-10-09T03:41:11.3897872Z Switching to root user to install dependencies...
verify	Run npx playwright install --with-deps chromium firefox webkit	2026-10-09T03:41:11.4835469Z Get:1 file:/etc/apt/apt-mirrors.txt Mirrorlist [144 B]
verify	Run npx playwright install --with-deps chromium firefox webkit	2026-10-09T03:41:11.5122395Z Get:6 https://packages.microsoft.com/ubuntu/24.04/prod noble InRelease [3600 B]
verify	Run npx playwright install --with-deps chromium firefox webkit	2026-10-09T03:41:11.5219873Z Hit:2 http://azure.archive.ubuntu.com/ubuntu noble InRelease
verify	Run npx playwright install --with-deps chromium firefox webkit	2026-10-09T03:41:11.5237772Z Get:3 http://azure.archive.ubuntu.com/ubuntu noble-updates InRelease [126 kB]
verify	Run npx playwright install --with-deps chromium firefox webkit	2026-10-09T03:41:11.5303971Z Get:4 http://azure.archive.ubuntu.com/ubuntu noble-backports InRelease [126 kB]
verify	Run npx playwright install --with-deps chromium firefox webkit	2026-10-09T03:41:11.5324943Z Get:5 http://azure.archive.ubuntu.com/ubuntu noble-security InRelease [126 kB]
verify	Run npx playwright install --with-deps chromium firefox webkit	2026-10-09T03:41:11.5918775Z Get:7 https://packages.microsoft.com/ubuntu/24.04/prod noble/main all Packages [640 B]
verify	Run npx playwright install --with-deps chromium firefox webkit	2026-10-09T03:41:11.6024355Z Get:8 https://packages.microsoft.com/ubuntu/24.04/prod noble/main arm64 Packages [475 kB]
verify	Run npx playwright install --with-deps chromium firefox webkit	2026-10-09T03:41:11.6093969Z Get:9 https://packages.microsoft.com/ubuntu/24.04/prod noble/main armhf Packages [12.3 kB]
verify	Run npx playwright install --with-deps chromium firefox webkit	2026-10-09T03:41:11.6118108Z Get:10 https://packages.microsoft.com/ubuntu/24.04/prod noble/main amd64 Packages [531 kB]
verify	Run npx playwright install --with-deps chromium firefox webkit	2026-10-09T03:41:11.7121917Z Get:11 http://azure.archive.ubuntu.com/ubuntu noble-updates/main amd64 Packages [1375 kB]
verify	Run npx playwright install --with-deps chromium firefox webkit	2026-10-09T03:41:11.7249680Z Get:12 http://azure.archive.ubuntu.com/ubuntu noble-updates/main Translation-en [306 kB]
verify	Run npx playwright install --with-deps chromium firefox webkit	2026-10-09T03:41:11.7264098Z Get:13 http://azure.archive.ubuntu.com/ubuntu noble-updates/universe amd64 Packages [1702 kB]
verify	Run npx playwright install --with-deps chromium firefox webkit	2026-10-09T03:41:11.7352557Z Get:14 http://azure.archive.ubuntu.com/ubuntu noble-updates/universe Translation-en [342 kB]
verify	Run npx playwright install --with-deps chromium firefox webkit	2026-10-09T03:41:11.7382517Z Get:15 http://azure.archive.ubuntu.com/ubuntu noble-updates/restricted amd64 Packages [1761 kB]
verify	Run npx playwright install --with-deps chromium firefox webkit	2026-10-09T03:41:11.7482555Z Get:16 http://azure.archive.ubuntu.com/ubuntu noble-updates/restricted Translation-en [401 kB]
verify	Run npx playwright install --with-deps chromium firefox webkit	2026-10-09T03:41:11.7524444Z Get:17 http://azure.archive.ubuntu.com/ubuntu noble-updates/multiverse amd64 Packages [55.0 kB]
verify	Run npx playwright install --with-deps chromium firefox webkit	2026-10-09T03:41:11.7529872Z Get:18 http://azure.archive.ubuntu.com/ubuntu noble-updates/multiverse Translation-en [14.3 kB]
verify	Run npx playwright install --with-deps chromium firefox webkit	2026-10-09T03:41:11.8225244Z Get:19 http://azure.archive.ubuntu.com/ubuntu noble-security/main amd64 Packages [1118 kB]
verify	Run npx playwright install --with-deps chromium firefox webkit	2026-10-09T03:41:11.8279086Z Get:20 http://azure.archive.ubuntu.com/ubuntu noble-security/main Translation-en [228 kB]
verify	Run npx playwright install --with-deps chromium firefox webkit	2026-10-09T03:41:11.8719356Z Get:21 http://azure.archive.ubuntu.com/ubuntu noble-security/universe amd64 Packages [1220 kB]
verify	Run npx playwright install --with-deps chromium firefox webkit	2026-10-09T03:41:11.8779807Z Get:22 http://azure.archive.ubuntu.com/ubuntu noble-security/universe Translation-en [245 kB]
verify	Run npx playwright install --with-deps chromium firefox webkit	2026-10-09T03:41:11.8801985Z Get:23 http://azure.archive.ubuntu.com/ubuntu noble-security/restricted amd64 Packages [1667 kB]
verify	Run npx playwright install --with-deps chromium firefox webkit	2026-10-09T03:41:11.8880276Z Get:24 http://azure.archive.ubuntu.com/ubuntu noble-security/restricted Translation-en [383 kB]
verify	Run npx playwright install --with-deps chromium firefox webkit	2026-10-09T03:41:11.8907026Z Get:25 http://azure.archive.ubuntu.com/ubuntu noble-security/multiverse amd64 Packages [49.8 kB]
verify	Run npx playwright install --with-deps chromium firefox webkit	2026-10-09T03:41:11.8920234Z Get:26 http://azure.archive.ubuntu.com/ubuntu noble-security/multiverse Translation-en [12.4 kB]
verify	Run npx playwright install --with-deps chromium firefox webkit	2026-10-09T03:41:14.8477702Z Fetched 12.3 MB in 1s (9685 kB/s)
verify	Run npx playwright install --with-deps chromium firefox webkit	2026-10-09T03:41:15.7107041Z Reading package lists...
verify	Run npx playwright install --with-deps chromium firefox webkit	2026-10-09T03:41:15.7355378Z Reading package lists...
verify	Run npx playwright install --with-deps chromium firefox webkit	2026-10-09T03:41:15.9223384Z Building dependency tree...
verify	Run npx playwright install --with-deps chromium firefox webkit	2026-10-09T03:41:15.9231013Z Reading state information...
verify	Run npx playwright install --with-deps chromium firefox webkit	2026-10-09T03:41:15.9371549Z libasound2t64 is already the newest version (1.2.11-1ubuntu0.3).
verify	Run npx playwright install --with-deps chromium firefox webkit	2026-10-09T03:41:15.9372359Z libasound2t64 set to manually installed.
verify	Run npx playwright install --with-deps chromium firefox webkit	2026-10-09T03:41:15.9373359Z libatk-bridge2.0-0t64 is already the newest version (2.52.0-1build1).
verify	Run npx playwright install --with-deps chromium firefox webkit	2026-10-09T03:41:15.9374143Z libatk-bridge2.0-0t64 set to manually installed.
verify	Run npx playwright install --with-deps chromium firefox webkit	2026-10-09T03:41:15.9375434Z libatk1.0-0t64 is already the newest version (2.52.0-1build1).
verify	Run npx playwright install --with-deps chromium firefox webkit	2026-10-09T03:41:15.9376122Z libatk1.0-0t64 set to manually installed.
verify	Run npx playwright install --with-deps chromium firefox webkit	2026-10-09T03:41:15.9376860Z libatspi2.0-0t64 is already the newest version (2.52.0-1build1).
verify	Run npx playwright install --with-deps chromium firefox webkit	2026-10-09T03:41:15.9377561Z libatspi2.0-0t64 set to manually installed.
verify	Run npx playwright install --with-deps chromium firefox webkit	2026-10-09T03:41:15.9378332Z libcairo2 is already the newest version (1.18.0-3build1).
verify	Run npx playwright install --with-deps chromium firefox webkit	2026-10-09T03:41:15.9378983Z libcairo2 set to manually installed.
verify	Run npx playwright install --with-deps chromium firefox webkit	2026-10-09T03:41:15.9379909Z libcups2t64 is already the newest version (2.4.7-1.2ubuntu7.14).
verify	Run npx playwright install --with-deps chromium firefox webkit	2026-10-09T03:41:15.9380593Z libcups2t64 set to manually installed.
verify	Run npx playwright install --with-deps chromium firefox webkit	2026-10-09T03:41:15.9381284Z libdbus-1-3 is already the newest version (1.14.10-4ubuntu4.1).
verify	Run npx playwright install --with-deps chromium firefox webkit	2026-10-09T03:41:15.9381938Z libdbus-1-3 set to manually installed.
verify	Run npx playwright install --with-deps chromium firefox webkit	2026-10-09T03:41:15.9382649Z libdrm2 is already the newest version (2.4.125-1ubuntu0.1~24.04.2).
verify	Run npx playwright install --with-deps chromium firefox webkit	2026-10-09T03:41:15.9383528Z libdrm2 set to manually installed.
verify	Run npx playwright install --with-deps chromium firefox webkit	2026-10-09T03:41:15.9384205Z libgbm1 is already the newest version (25.2.8-0ubuntu0.24.04.4).
verify	Run npx playwright install --with-deps chromium firefox webkit	2026-10-09T03:41:15.9384870Z libgbm1 set to manually installed.
verify	Run npx playwright install --with-deps chromium firefox webkit	2026-10-09T03:41:15.9385573Z libglib2.0-0t64 is already the newest version (2.80.0-6ubuntu3.9).
verify	Run npx playwright install --with-deps chromium firefox webkit	2026-10-09T03:41:15.9386285Z libglib2.0-0t64 set to manually installed.
verify	Run npx playwright install --with-deps chromium firefox webkit	2026-10-09T03:41:15.9387062Z libnspr4 is already the newest version (2:4.35-1.1build1).
verify	Run npx playwright install --with-deps chromium firefox webkit	2026-10-09T03:41:15.9387740Z libnspr4 set to manually installed.
verify	Run npx playwright install --with-deps chromium firefox webkit	2026-10-09T03:41:15.9388424Z libnss3 is already the newest version (2:3.98-1ubuntu0.2).
verify	Run npx playwright install --with-deps chromium firefox webkit	2026-10-09T03:41:15.9389095Z libnss3 set to manually installed.
verify	Run npx playwright install --with-deps chromium firefox webkit	2026-10-09T03:41:15.9389827Z libpango-1.0-0 is already the newest version (1.52.1+ds-1build1).
verify	Run npx playwright install --with-deps chromium firefox webkit	2026-10-09T03:41:15.9390550Z libpango-1.0-0 set to manually installed.
verify	Run npx playwright install --with-deps chromium firefox webkit	2026-10-09T03:41:15.9391243Z libx11-6 is already the newest version (2:1.8.7-1build1).
verify	Run npx playwright install --with-deps chromium firefox webkit	2026-10-09T03:41:15.9391893Z libx11-6 set to manually installed.
verify	Run npx playwright install --with-deps chromium firefox webkit	2026-10-09T03:41:15.9392526Z libxcb1 is already the newest version (1.15-1ubuntu2).
verify	Run npx playwright install --with-deps chromium firefox webkit	2026-10-09T03:41:15.9393331Z libxcb1 set to manually installed.
verify	Run npx playwright install --with-deps chromium firefox webkit	2026-10-09T03:41:15.9394060Z libxcomposite1 is already the newest version (1:0.4.5-1build3).
verify	Run npx playwright install --with-deps chromium firefox webkit	2026-10-09T03:41:15.9394808Z libxcomposite1 set to manually installed.
verify	Run npx playwright install --with-deps chromium firefox webkit	2026-10-09T03:41:15.9395547Z libxdamage1 is already the newest version (1:1.1.6-1build1).
verify	Run npx playwright install --with-deps chromium firefox webkit	2026-10-09T03:41:15.9396242Z libxdamage1 set to manually installed.
verify	Run npx playwright install --with-deps chromium firefox webkit	2026-10-09T03:41:15.9396952Z libxext6 is already the newest version (2:1.3.4-1build2).
verify	Run npx playwright install --with-deps chromium firefox webkit	2026-10-09T03:41:15.9397609Z libxext6 set to manually installed.
verify	Run npx playwright install --with-deps chromium firefox webkit	2026-10-09T03:41:15.9398309Z libxfixes3 is already the newest version (1:6.0.0-2build1).
verify	Run npx playwright install --with-deps chromium firefox webkit	2026-10-09T03:41:15.9399007Z libxfixes3 set to manually installed.
verify	Run npx playwright install --with-deps chromium firefox webkit	2026-10-09T03:41:15.9399721Z libxkbcommon0 is already the newest version (1.6.0-1build1).
verify	Run npx playwright install --with-deps chromium firefox webkit	2026-10-09T03:41:15.9400435Z libxkbcommon0 set to manually installed.
verify	Run npx playwright install --with-deps chromium firefox webkit	2026-10-09T03:41:15.9401173Z libxrandr2 is already the newest version (2:1.5.2-2build1).
verify	Run npx playwright install --with-deps chromium firefox webkit	2026-10-09T03:41:15.9401858Z libxrandr2 set to manually installed.
verify	Run npx playwright install --with-deps chromium firefox webkit	2026-10-09T03:41:15.9402546Z xvfb is already the newest version (2:21.1.12-1ubuntu1.8).
verify	Run npx playwright install --with-deps chromium firefox webkit	2026-10-09T03:41:15.9403715Z fonts-noto-color-emoji is already the newest version (2.047-0ubuntu0.24.04.1).
verify	Run npx playwright install --with-deps chromium firefox webkit	2026-10-09T03:41:15.9404721Z libfontconfig1 is already the newest version (2.15.0-1.1ubuntu2).
verify	Run npx playwright install --with-deps chromium firefox webkit	2026-10-09T03:41:15.9405473Z libfontconfig1 set to manually installed.
verify	Run npx playwright install --with-deps chromium firefox webkit	2026-10-09T03:41:15.9406206Z fonts-liberation is already the newest version (1:2.1.5-3).
verify	Run npx playwright install --with-deps chromium firefox webkit	2026-10-09T03:41:15.9406935Z fonts-liberation set to manually installed.
verify	Run npx playwright install --with-deps chromium firefox webkit	2026-10-09T03:41:15.9407746Z libcairo-gobject2 is already the newest version (1.18.0-3build1).
verify	Run npx playwright install --with-deps chromium firefox webkit	2026-10-09T03:41:15.9408523Z libcairo-gobject2 set to manually installed.
verify	Run npx playwright install --with-deps chromium firefox webkit	2026-10-09T03:41:15.9409403Z libgdk-pixbuf-2.0-0 is already the newest version (2.42.10+dfsg-3ubuntu3.3).
verify	Run npx playwright install --with-deps chromium firefox webkit	2026-10-09T03:41:15.9410258Z libgdk-pixbuf-2.0-0 set to manually installed.
verify	Run npx playwright install --with-deps chromium firefox webkit	2026-10-09T03:41:15.9411065Z libgtk-3-0t64 is already the newest version (3.24.41-4ubuntu1.3).
verify	Run npx playwright install --with-deps chromium firefox webkit	2026-10-09T03:41:15.9411808Z libgtk-3-0t64 set to manually installed.
verify	Run npx playwright install --with-deps chromium firefox webkit	2026-10-09T03:41:15.9412617Z libpangocairo-1.0-0 is already the newest version (1.52.1+ds-1build1).
verify	Run npx playwright install --with-deps chromium firefox webkit	2026-10-09T03:41:15.9413855Z libpangocairo-1.0-0 set to manually installed.
verify	Run npx playwright install --with-deps chromium firefox webkit	2026-10-09T03:41:15.9414635Z libx11-xcb1 is already the newest version (2:1.8.7-1build1).
verify	Run npx playwright install --with-deps chromium firefox webkit	2026-10-09T03:41:15.9415337Z libx11-xcb1 set to manually installed.
verify	Run npx playwright install --with-deps chromium firefox webkit	2026-10-09T03:41:15.9416043Z libxcb-shm0 is already the newest version (1.15-1ubuntu2).
verify	Run npx playwright install --with-deps chromium firefox webkit	2026-10-09T03:41:15.9416749Z libxcb-shm0 set to manually installed.
verify	Run npx playwright install --with-deps chromium firefox webkit	2026-10-09T03:41:15.9417642Z libxcursor1 is already the newest version (1:1.2.1-1build1).
verify	Run npx playwright install --with-deps chromium firefox webkit	2026-10-09T03:41:15.9418351Z libxcursor1 set to manually installed.
verify	Run npx playwright install --with-deps chromium firefox webkit	2026-10-09T03:41:15.9419045Z libxi6 is already the newest version (2:1.8.1-1build1).
verify	Run npx playwright install --with-deps chromium firefox webkit	2026-10-09T03:41:15.9419728Z libxi6 set to manually installed.
verify	Run npx playwright install --with-deps chromium firefox webkit	2026-10-09T03:41:15.9420570Z libxrender1 is already the newest version (1:0.9.10-1.1build1).
verify	Run npx playwright install --with-deps chromium firefox webkit	2026-10-09T03:41:15.9421309Z libxrender1 set to manually installed.
verify	Run npx playwright install --with-deps chromium firefox webkit	2026-10-09T03:41:15.9422021Z libicu74 is already the newest version (74.2-1ubuntu3.1).
verify	Run npx playwright install --with-deps chromium firefox webkit	2026-10-09T03:41:15.9423083Z libatomic1 is already the newest version (14.2.0-4ubuntu2~24.04.1).
verify	Run npx playwright install --with-deps chromium firefox webkit	2026-10-09T03:41:15.9423849Z libatomic1 set to manually installed.
verify	Run npx playwright install --with-deps chromium firefox webkit	2026-10-09T03:41:15.9424486Z libenchant-2-2 is already the newest version (2.3.3-2build2).
verify	Run npx playwright install --with-deps chromium firefox webkit	2026-10-09T03:41:15.9425108Z libenchant-2-2 set to manually installed.
verify	Run npx playwright install --with-deps chromium firefox webkit	2026-10-09T03:41:15.9425719Z libepoxy0 is already the newest version (1.5.10-1build1).
verify	Run npx playwright install --with-deps chromium firefox webkit	2026-10-09T03:41:15.9426312Z libepoxy0 set to manually installed.
verify	Run npx playwright install --with-deps chromium firefox webkit	2026-10-09T03:41:15.9427018Z libgstreamer1.0-0 is already the newest version (1.24.2-1ubuntu0.1).
verify	Run npx playwright install --with-deps chromium firefox webkit	2026-10-09T03:41:15.9427773Z libgstreamer1.0-0 set to manually installed.
verify	Run npx playwright install --with-deps chromium firefox webkit	2026-10-09T03:41:15.9428442Z libharfbuzz0b is already the newest version (8.3.0-2build2).
verify	Run npx playwright install --with-deps chromium firefox webkit	2026-10-09T03:41:15.9429064Z libharfbuzz0b set to manually installed.
verify	Run npx playwright install --with-deps chromium firefox webkit	2026-10-09T03:41:15.9429719Z libjpeg-turbo8 is already the newest version (2.1.5-2ubuntu2).
verify	Run npx playwright install --with-deps chromium firefox webkit	2026-10-09T03:41:16.0755910Z libjpeg-turbo8 set to manually installed.
verify	Run npx playwright install --with-deps chromium firefox webkit	2026-10-09T03:41:16.0756820Z liblcms2-2 is already the newest version (2.14-2ubuntu0.1).
verify	Run npx playwright install --with-deps chromium firefox webkit	2026-10-09T03:41:16.0757604Z liblcms2-2 set to manually installed.
verify	Run npx playwright install --with-deps chromium firefox webkit	2026-10-09T03:41:16.0758483Z libwayland-client0 is already the newest version (1.22.0-2.1build1).
verify	Run npx playwright install --with-deps chromium firefox webkit	2026-10-09T03:41:16.0759361Z libwayland-client0 set to manually installed.
verify	Run npx playwright install --with-deps chromium firefox webkit	2026-10-09T03:41:16.0760175Z libwayland-egl1 is already the newest version (1.22.0-2.1build1).
verify	Run npx playwright install --with-deps chromium firefox webkit	2026-10-09T03:41:16.0760987Z libwayland-egl1 set to manually installed.
verify	Run npx playwright install --with-deps chromium firefox webkit	2026-10-09T03:41:16.0761719Z libwebp7 is already the newest version (1.3.2-0.4build3).
verify	Run npx playwright install --with-deps chromium firefox webkit	2026-10-09T03:41:16.0762393Z libwebp7 set to manually installed.
verify	Run npx playwright install --with-deps chromium firefox webkit	2026-10-09T03:41:16.0763387Z libwebpdemux2 is already the newest version (1.3.2-0.4build3).
verify	Run npx playwright install --with-deps chromium firefox webkit	2026-10-09T03:41:16.0764143Z libwebpdemux2 set to manually installed.
verify	Run npx playwright install --with-deps chromium firefox webkit	2026-10-09T03:41:16.0764934Z libxslt1.1 is already the newest version (1.1.39-0exp1ubuntu0.24.04.3).
verify	Run npx playwright install --with-deps chromium firefox webkit	2026-10-09T03:41:16.0765702Z libxslt1.1 set to manually installed.
verify	Run npx playwright install --with-deps chromium firefox webkit	2026-10-09T03:41:16.0766403Z The following additional packages will be installed:
verify	Run npx playwright install --with-deps chromium firefox webkit	2026-10-09T03:41:16.0767276Z   glib-networking glib-networking-common glib-networking-services
verify	Run npx playwright install --with-deps chromium firefox webkit	2026-10-09T03:41:16.0768335Z   gsettings-desktop-schemas libaa1 libabsl20220623t64 libass9 libasyncns0
verify	Run npx playwright install --with-deps chromium firefox webkit	2026-10-09T03:41:16.0769301Z   libavc1394-0 libavfilter9 libavformat60 libavtp0 libavutil58 libblas3
verify	Run npx playwright install --with-deps chromium firefox webkit	2026-10-09T03:41:16.0770359Z   libbluray2 libbs2b0 libcaca0 libcairo-script-interpreter2 libcdparanoia0
verify	Run npx playwright install --with-deps chromium firefox webkit	2026-10-09T03:41:16.0771363Z   libchromaprint1 libcjson1 libcodec2-1.2 libdav1d7 libdc1394-25 libdca0
verify	Run npx playwright install --with-deps chromium firefox webkit	2026-10-09T03:41:16.0772240Z   libde265-0 libdecor-0-0 libdirectfb-1.7-7t64 libdv4t64 libdvdnav4
verify	Run npx playwright install --with-deps chromium firefox webkit	2026-10-09T03:41:16.0773305Z   libdvdread8t64 libegl-mesa0 libegl1 libfaad2 libflac12t64 libfluidsynth3
verify	Run npx playwright install --with-deps chromium firefox webkit	2026-10-09T03:41:16.0773926Z   libfreeaptx0 libgav1-1 libgme0 libgraphene-1.0-0 libgsm1 libgssdp-1.6-0
verify	Run npx playwright install --with-deps chromium firefox webkit	2026-10-09T03:41:16.0774440Z   libgstreamer-plugins-good1.0-0 libgtk-4-common libgupnp-1.6-0
verify	Run npx playwright install --with-deps chromium firefox webkit	2026-10-09T03:41:16.0774926Z   libgupnp-igd-1.6-0 libhwy1t64 libiec61883-0 libimath-3-1-29t64
verify	Run npx playwright install --with-deps chromium firefox webkit	2026-10-09T03:41:16.0775411Z   libinstpatch-1.0-2 libjack-jackd2-0 libjxl0.7 liblapack3 liblc3-1
verify	Run npx playwright install --with-deps chromium firefox webkit	2026-10-09T03:41:16.0776324Z   libldacbt-enc2 liblilv-0-0 liblrdf0 libltc11 libmbedcrypto7t64 libmfx1
verify	Run npx playwright install --with-deps chromium firefox webkit	2026-10-09T03:41:16.0776805Z   libmjpegutils-2.1-0t64 libmodplug1 libmp3lame0 libmpcdec6
verify	Run npx playwright install --with-deps chromium firefox webkit	2026-10-09T03:41:16.0777283Z   libmpeg2encpp-2.1-0t64 libmpg123-0t64 libmplex2-2.1-0t64 libmysofa1
verify	Run npx playwright install --with-deps chromium firefox webkit	2026-10-09T03:41:16.0778196Z   libneon27t64 libnice10 libopenal-data libopenal1 libopenexr-3-1-30
verify	Run npx playwright install --with-deps chromium firefox webkit	2026-10-09T03:41:16.0778683Z   libopenh264-7 libopenmpt0t64 libopenni2-0 liborc-0.4-0t64
verify	Run npx playwright install --with-deps chromium firefox webkit	2026-10-09T03:41:16.0779329Z   libpipewire-0.3-0t64 libplacebo338 libpocketsphinx3 libpostproc57
verify	Run npx playwright install --with-deps chromium firefox webkit	2026-10-09T03:41:16.0779847Z   libproxy1v5 libpulse0 libqrencode4 libraptor2-0 librav1e0 libraw1394-11
verify	Run npx playwright install --with-deps chromium firefox webkit	2026-10-09T03:41:16.0780378Z   librist4 librsvg2-2 librubberband2 libsamplerate0 libsbc1 libsdl2-2.0-0
verify	Run npx playwright install --with-deps chromium firefox webkit	2026-10-09T03:41:16.0781198Z   libsecret-common libserd-0-0 libshine3 libshout3 libsndfile1 libsndio7.0
verify	Run npx playwright install --with-deps chromium firefox webkit	2026-10-09T03:41:16.0781770Z   libsord-0-0 libsoundtouch1 libsoup-3.0-0 libsoup-3.0-common libsoxr0
verify	Run npx playwright install --with-deps chromium firefox webkit	2026-10-09T03:41:16.0782329Z   libspa-0.2-modules libspandsp2t64 libspeex1 libsphinxbase3t64 libsratom-0-0
verify	Run npx playwright install --with-deps chromium firefox webkit	2026-10-09T03:41:16.0783215Z   libsrt1.5-gnutls libsrtp2-1 libssh-gcrypt-4 libsvtav1enc1d1 libswresample4
verify	Run npx playwright install --with-deps chromium firefox webkit	2026-10-09T03:41:16.0783884Z   libswscale7 libtag1v5 libtag1v5-vanilla libtheora0 libtwolame0 libudfread0
verify	Run npx playwright install --with-deps chromium firefox webkit	2026-10-09T03:41:16.0784583Z   libunibreak5 libv4l-0t64 libv4lconvert0t64 libva-drm2 libva-x11-2 libva2
verify	Run npx playwright install --with-deps chromium firefox webkit	2026-10-09T03:41:16.0785496Z   libvdpau1 libvidstab1.1 libvisual-0.4-0 libvo-aacenc0 libvo-amrwbenc0
verify	Run npx playwright install --with-deps chromium firefox webkit	2026-10-09T03:41:16.0786578Z   libvorbisenc2 libvpl2 libwavpack1 libwebrtc-audio-processing1 libwildmidi2
verify	Run npx playwright install --with-deps chromium firefox webkit	2026-10-09T03:41:16.0787613Z   libx265-199 libxcb-xkb1 libxkbcommon-x11-0 libxml2-dev libxvidcore4 libyuv0
verify	Run npx playwright install --with-deps chromium firefox webkit	2026-10-09T03:41:16.0788220Z   libzbar0t64 libzimg2 libzix-0-0 libzvbi-common libzvbi0t64 libzxing3
verify	Run npx playwright install --with-deps chromium firefox webkit	2026-10-09T03:41:16.0788764Z   ocl-icd-libopencl1 session-migration timgm6mb-soundfont xfonts-encodings
verify	Run npx playwright install --with-deps chromium firefox webkit	2026-10-09T03:41:16.0789167Z   xfonts-utils
verify	Run npx playwright install --with-deps chromium firefox webkit	2026-10-09T03:41:16.0789393Z Suggested packages:
verify	Run npx playwright install --with-deps chromium firefox webkit	2026-10-09T03:41:16.0789788Z   frei0r-plugins gvfs libcuda1 libnvcuvid1 libnvidia-encode1 libbluray-bdj
verify	Run npx playwright install --with-deps chromium firefox webkit	2026-10-09T03:41:16.0790345Z   libdirectfb-extra libdv-bin oss-compat libdvdcss2 libvisual-0.4-plugins
verify	Run npx playwright install --with-deps chromium firefox webkit	2026-10-09T03:41:16.0791366Z   jackd2 liblrdf0-dev libportaudio2 opus-tools pipewire pulseaudio
verify	Run npx playwright install --with-deps chromium firefox webkit	2026-10-09T03:41:16.0792300Z   raptor2-utils libraw1394-doc librsvg2-bin serdi sndiod sordi speex
verify	Run npx playwright install --with-deps chromium firefox webkit	2026-10-09T03:41:16.0793232Z   libwildmidi-config opencl-icd fluid-soundfont-gm
verify	Run npx playwright install --with-deps chromium firefox webkit	2026-10-09T03:41:16.0793600Z Recommended packages:
verify	Run npx playwright install --with-deps chromium firefox webkit	2026-10-09T03:41:16.0793940Z   fonts-ipafont-mincho fonts-tlwg-loma gstreamer1.0-x libaacs0
verify	Run npx playwright install --with-deps chromium firefox webkit	2026-10-09T03:41:16.0794437Z   default-libdecor-0-plugin-1 | libdecor-0-plugin-1 gstreamer1.0-gl
verify	Run npx playwright install --with-deps chromium firefox webkit	2026-10-09T03:41:16.0794994Z   libgtk-4-bin librsvg2-common libgtk-4-media-gstreamer libpipewire-0.3-common
verify	Run npx playwright install --with-deps chromium firefox webkit	2026-10-09T03:41:16.0795815Z   pocketsphinx-en-us va-driver-all | va-driver vdpau-driver-all | vdpau-driver
verify	Run npx playwright install --with-deps chromium firefox webkit	2026-10-09T03:41:16.0796615Z   libmagickcore-6.q16-7-extra
verify	Run npx playwright install --with-deps chromium firefox webkit	2026-10-09T03:41:16.1468400Z The following NEW packages will be installed:
verify	Run npx playwright install --with-deps chromium firefox webkit	2026-10-09T03:41:16.1469564Z   fonts-freefont-ttf fonts-ipafont-gothic fonts-tlwg-loma-otf fonts-unifont
verify	Run npx playwright install --with-deps chromium firefox webkit	2026-10-09T03:41:16.1470534Z   fonts-wqy-zenhei glib-networking glib-networking-common
verify	Run npx playwright install --with-deps chromium firefox webkit	2026-10-09T03:41:16.1471472Z   glib-networking-services gsettings-desktop-schemas gstreamer1.0-libav
verify	Run npx playwright install --with-deps chromium firefox webkit	2026-10-09T03:41:16.1472673Z   gstreamer1.0-plugins-bad gstreamer1.0-plugins-base gstreamer1.0-plugins-good
verify	Run npx playwright install --with-deps chromium firefox webkit	2026-10-09T03:41:16.1474078Z   libaa1 libabsl20220623t64 libass9 libasyncns0 libavc1394-0 libavcodec60
verify	Run npx playwright install --with-deps chromium firefox webkit	2026-10-09T03:41:16.1475071Z   libavfilter9 libavformat60 libavif16 libavtp0 libavutil58 libblas3
verify	Run npx playwright install --with-deps chromium firefox webkit	2026-10-09T03:41:16.1476155Z   libbluray2 libbs2b0 libcaca0 libcairo-script-interpreter2 libcdparanoia0
verify	Run npx playwright install --with-deps chromium firefox webkit	2026-10-09T03:41:16.1477199Z   libchromaprint1 libcjson1 libcodec2-1.2 libdav1d7 libdc1394-25 libdca0
verify	Run npx playwright install --with-deps chromium firefox webkit	2026-10-09T03:41:16.1478163Z   libde265-0 libdecor-0-0 libdirectfb-1.7-7t64 libdv4t64 libdvdnav4
verify	Run npx playwright install --with-deps chromium firefox webkit	2026-10-09T03:41:16.1479164Z   libdvdread8t64 libegl-mesa0 libegl1 libevent-2.1-7t64 libfaad2 libflac12t64
verify	Run npx playwright install --with-deps chromium firefox webkit	2026-10-09T03:41:16.1480608Z   libflite1 libfluidsynth3 libfreeaptx0 libgav1-1 libgles2 libgme0
verify	Run npx playwright install --with-deps chromium firefox webkit	2026-10-09T03:41:16.1481579Z   libgraphene-1.0-0 libgsm1 libgssdp-1.6-0 libgstreamer-gl1.0-0
verify	Run npx playwright install --with-deps chromium firefox webkit	2026-10-09T03:41:16.1482537Z   libgstreamer-plugins-bad1.0-0 libgstreamer-plugins-base1.0-0
verify	Run npx playwright install --with-deps chromium firefox webkit	2026-10-09T03:41:16.1483720Z   libgstreamer-plugins-good1.0-0 libgtk-4-1 libgtk-4-common libgupnp-1.6-0
verify	Run npx playwright install --with-deps chromium firefox webkit	2026-10-09T03:41:16.1484745Z   libgupnp-igd-1.6-0 libharfbuzz-icu0 libhwy1t64 libhyphen0 libiec61883-0
verify	Run npx playwright install --with-deps chromium firefox webkit	2026-10-09T03:41:16.1485970Z   libimath-3-1-29t64 libinstpatch-1.0-2 libjack-jackd2-0 libjxl0.7 liblapack3
verify	Run npx playwright install --with-deps chromium firefox webkit	2026-10-09T03:41:16.1487010Z   liblc3-1 libldacbt-enc2 liblilv-0-0 liblrdf0 libltc11 libmanette-0.2-0
verify	Run npx playwright install --with-deps chromium firefox webkit	2026-10-09T03:41:16.1488029Z   libmbedcrypto7t64 libmfx1 libmjpegutils-2.1-0t64 libmodplug1 libmp3lame0
verify	Run npx playwright install --with-deps chromium firefox webkit	2026-10-09T03:41:16.1489050Z   libmpcdec6 libmpeg2encpp-2.1-0t64 libmpg123-0t64 libmplex2-2.1-0t64
verify	Run npx playwright install --with-deps chromium firefox webkit	2026-10-09T03:41:16.1489934Z   libmysofa1 libneon27t64 libnice10 libopenal-data libopenal1
verify	Run npx playwright install --with-deps chromium firefox webkit	2026-10-09T03:41:16.1490804Z   libopenexr-3-1-30 libopenh264-7 libopenmpt0t64 libopenni2-0 libopus0
verify	Run npx playwright install --with-deps chromium firefox webkit	2026-10-09T03:41:16.1491748Z   liborc-0.4-0t64 libpipewire-0.3-0t64 libplacebo338 libpocketsphinx3
verify	Run npx playwright install --with-deps chromium firefox webkit	2026-10-09T03:41:16.1492704Z   libpostproc57 libproxy1v5 libpulse0 libqrencode4 libraptor2-0 librav1e0
verify	Run npx playwright install --with-deps chromium firefox webkit	2026-10-09T03:41:16.1493888Z   libraw1394-11 librist4 librsvg2-2 librubberband2 libsamplerate0 libsbc1
verify	Run npx playwright install --with-deps chromium firefox webkit	2026-10-09T03:41:16.1494928Z   libsdl2-2.0-0 libsecret-1-0 libsecret-common libserd-0-0 libshine3 libshout3
verify	Run npx playwright install --with-deps chromium firefox webkit	2026-10-09T03:41:16.1495926Z   libsndfile1 libsndio7.0 libsord-0-0 libsoundtouch1 libsoup-3.0-0
verify	Run npx playwright install --with-deps chromium firefox webkit	2026-10-09T03:41:16.1496817Z   libsoup-3.0-common libsoxr0 libspa-0.2-modules libspandsp2t64 libspeex1
verify	Run npx playwright install --with-deps chromium firefox webkit	2026-10-09T03:41:16.1497824Z   libsphinxbase3t64 libsratom-0-0 libsrt1.5-gnutls libsrtp2-1 libssh-gcrypt-4
verify	Run npx playwright install --with-deps chromium firefox webkit	2026-10-09T03:41:16.1498884Z   libsvtav1enc1d1 libswresample4 libswscale7 libtag1v5 libtag1v5-vanilla
verify	Run npx playwright install --with-deps chromium firefox webkit	2026-10-09T03:41:16.1499831Z   libtheora0 libtwolame0 libudfread0 libunibreak5 libv4l-0t64
verify	Run npx playwright install --with-deps chromium firefox webkit	2026-10-09T03:41:16.1500772Z   libv4lconvert0t64 libva-drm2 libva-x11-2 libva2 libvdpau1 libvidstab1.1
verify	Run npx playwright install --with-deps chromium firefox webkit	2026-10-09T03:41:16.1501758Z   libvisual-0.4-0 libvo-aacenc0 libvo-amrwbenc0 libvorbisenc2 libvpl2 libvpx9
verify	Run npx playwright install --with-deps chromium firefox webkit	2026-10-09T03:41:16.1502925Z   libwavpack1 libwayland-server0 libwebrtc-audio-processing1 libwildmidi2
verify	Run npx playwright install --with-deps chromium firefox webkit	2026-10-09T03:41:16.1503937Z   libwoff1 libx264-164 libx265-199 libxcb-xkb1 libxkbcommon-x11-0 libxvidcore4
verify	Run npx playwright install --with-deps chromium firefox webkit	2026-10-09T03:41:16.1504965Z   libyuv0 libzbar0t64 libzimg2 libzix-0-0 libzvbi-common libzvbi0t64 libzxing3
verify	Run npx playwright install --with-deps chromium firefox webkit	2026-10-09T03:41:16.1505983Z   ocl-icd-libopencl1 session-migration timgm6mb-soundfont xfonts-cyrillic
verify	Run npx playwright install --with-deps chromium firefox webkit	2026-10-09T03:41:16.1506806Z   xfonts-encodings xfonts-scalable xfonts-utils
verify	Run npx playwright install --with-deps chromium firefox webkit	2026-10-09T03:41:16.1507460Z The following packages will be upgraded:
verify	Run npx playwright install --with-deps chromium firefox webkit	2026-10-09T03:41:16.1508076Z   libfreetype6 libpng16-16t64 libxml2 libxml2-dev
verify	Run npx playwright install --with-deps chromium firefox webkit	2026-10-09T03:41:16.1713086Z 4 upgraded, 181 newly installed, 0 to remove and 19 not upgraded.
verify	Run npx playwright install --with-deps chromium firefox webkit	2026-10-09T03:41:16.1713944Z Need to get 116 MB of archives.
verify	Run npx playwright install --with-deps chromium firefox webkit	2026-10-09T03:41:16.1714728Z After this operation, 364 MB of additional disk space will be used.
verify	Run npx playwright install --with-deps chromium firefox webkit	2026-10-09T03:41:16.1715667Z Get:1 file:/etc/apt/apt-mirrors.txt Mirrorlist [144 B]
verify	Run npx playwright install --with-deps chromium firefox webkit	2026-10-09T03:41:16.2050704Z Get:2 http://azure.archive.ubuntu.com/ubuntu noble/universe amd64 fonts-ipafont-gothic all 00303-21ubuntu1 [3513 kB]
verify	Run npx playwright install --with-deps chromium firefox webkit	2026-10-09T03:41:16.2500301Z Get:3 http://azure.archive.ubuntu.com/ubuntu noble-updates/main amd64 libxml2-dev amd64 2.9.14+dfsg-1.3ubuntu3.10 [781 kB]
verify	Run npx playwright install --with-deps chromium firefox webkit	2026-10-09T03:41:16.2704323Z Get:4 http://azure.archive.ubuntu.com/ubuntu noble-updates/main amd64 libxml2 amd64 2.9.14+dfsg-1.3ubuntu3.10 [764 kB]
verify	Run npx playwright install --with-deps chromium firefox webkit	2026-10-09T03:41:16.2896483Z Get:5 http://azure.archive.ubuntu.com/ubuntu noble-updates/main amd64 libpng16-16t64 amd64 1.6.43-5ubuntu0.7 [189 kB]
verify	Run npx playwright install --with-deps chromium firefox webkit	2026-10-09T03:41:16.3058166Z Get:6 http://azure.archive.ubuntu.com/ubuntu noble/main amd64 fonts-freefont-ttf all 20211204+svn4273-2 [5641 kB]
verify	Run npx playwright install --with-deps chromium firefox webkit	2026-10-09T03:41:16.3514343Z Get:7 http://azure.archive.ubuntu.com/ubuntu noble/universe amd64 fonts-tlwg-loma-otf all 1:0.7.3-1 [107 kB]
verify	Run npx playwright install --with-deps chromium firefox webkit	2026-10-09T03:41:16.3671676Z Get:8 http://azure.archive.ubuntu.com/ubuntu noble/universe amd64 fonts-unifont all 1:15.1.01-1build1 [2993 kB]
verify	Run npx playwright install --with-deps chromium firefox webkit	2026-10-09T03:41:16.3985306Z Get:9 http://azure.archive.ubuntu.com/ubuntu noble/universe amd64 fonts-wqy-zenhei all 0.9.45-8 [7472 kB]
verify	Run npx playwright install --with-deps chromium firefox webkit	2026-10-09T03:41:16.4593739Z Get:10 http://azure.archive.ubuntu.com/ubuntu noble/main amd64 libproxy1v5 amd64 0.5.4-4build1 [26.5 kB]
verify	Run npx playwright install --with-deps chromium firefox webkit	2026-10-09T03:41:16.4745318Z Get:11 http://azure.archive.ubuntu.com/ubuntu noble/main amd64 glib-networking-common all 2.80.0-1build1 [6702 B]
verify	Run npx playwright install --with-deps chromium firefox webkit	2026-10-09T03:41:16.5029265Z Get:12 http://azure.archive.ubuntu.com/ubuntu noble/main amd64 glib-networking-services amd64 2.80.0-1build1 [12.8 kB]
verify	Run npx playwright install --with-deps chromium firefox webkit	2026-10-09T03:41:16.5182094Z Get:13 http://azure.archive.ubuntu.com/ubuntu noble/main amd64 session-migration amd64 0.3.9build1 [9034 B]
verify	Run npx playwright install --with-deps chromium firefox webkit	2026-10-09T03:41:16.5335908Z Get:14 http://azure.archive.ubuntu.com/ubuntu noble-updates/main amd64 gsettings-desktop-schemas all 46.1-0ubuntu1 [35.6 kB]
verify	Run npx playwright install --with-deps chromium firefox webkit	2026-10-09T03:41:16.5488393Z Get:15 http://azure.archive.ubuntu.com/ubuntu noble/main amd64 glib-networking amd64 2.80.0-1build1 [64.1 kB]
verify	Run npx playwright install --with-deps chromium firefox webkit	2026-10-09T03:41:16.5642568Z Get:16 http://azure.archive.ubuntu.com/ubuntu noble-updates/universe amd64 libva2 amd64 2.20.0-2ubuntu0.2 [66.4 kB]
verify	Run npx playwright install --with-deps chromium firefox webkit	2026-10-09T03:41:16.5795426Z Get:17 http://azure.archive.ubuntu.com/ubuntu noble-updates/universe amd64 libva-drm2 amd64 2.20.0-2ubuntu0.2 [7124 B]
verify	Run npx playwright install --with-deps chromium firefox webkit	2026-10-09T03:41:16.5946622Z Get:18 http://azure.archive.ubuntu.com/ubuntu noble-updates/universe amd64 libva-x11-2 amd64 2.20.0-2ubuntu0.2 [12.0 kB]
verify	Run npx playwright install --with-deps chromium firefox webkit	2026-10-09T03:41:16.6097659Z Get:19 http://azure.archive.ubuntu.com/ubuntu noble/main amd64 libvdpau1 amd64 1.5-2build1 [27.8 kB]
verify	Run npx playwright install --with-deps chromium firefox webkit	2026-10-09T03:41:16.6704958Z Get:20 http://azure.archive.ubuntu.com/ubuntu noble/universe amd64 libvpl2 amd64 2023.3.0-1build1 [99.8 kB]
verify	Run npx playwright install --with-deps chromium firefox webkit	2026-10-09T03:41:16.6860064Z Get:21 http://azure.archive.ubuntu.com/ubuntu noble/universe amd64 ocl-icd-libopencl1 amd64 2.3.2-1build1 [38.5 kB]
verify	Run npx playwright install --with-deps chromium firefox webkit	2026-10-09T03:41:16.7011827Z Get:22 http://azure.archive.ubuntu.com/ubuntu noble/universe amd64 libavutil58 amd64 7:6.1.1-3ubuntu5 [401 kB]
verify	Run npx playwright install --with-deps chromium firefox webkit	2026-10-09T03:41:16.7184106Z Get:23 http://azure.archive.ubuntu.com/ubuntu noble/universe amd64 libcodec2-1.2 amd64 1.2.0-2build1 [8998 kB]
verify	Run npx playwright install --with-deps chromium firefox webkit	2026-10-09T03:41:16.7844866Z Get:24 http://azure.archive.ubuntu.com/ubuntu noble/universe amd64 libdav1d7 amd64 1.4.1-1build1 [604 kB]
verify	Run npx playwright install --with-deps chromium firefox webkit	2026-10-09T03:41:16.8024971Z Get:25 http://azure.archive.ubuntu.com/ubuntu noble/universe amd64 libgsm1 amd64 1.0.22-1build1 [27.8 kB]
verify	Run npx playwright install --with-deps chromium firefox webkit	2026-10-09T03:41:16.8173676Z Get:26 http://azure.archive.ubuntu.com/ubuntu noble/universe amd64 libhwy1t64 amd64 1.0.7-8.1build1 [584 kB]
verify	Run npx playwright install --with-deps chromium firefox webkit	2026-10-09T03:41:16.8356205Z Get:27 http://azure.archive.ubuntu.com/ubuntu noble-updates/universe amd64 libjxl0.7 amd64 0.7.0-10.2ubuntu6.1 [1001 kB]
verify	Run npx playwright install --with-deps chromium firefox webkit	2026-10-09T03:41:16.8562331Z Get:28 http://azure.archive.ubuntu.com/ubuntu noble/main amd64 libmp3lame0 amd64 3.100-6build1 [142 kB]
verify	Run npx playwright install --with-deps chromium firefox webkit	2026-10-09T03:41:16.8720051Z Get:29 http://azure.archive.ubuntu.com/ubuntu noble/main amd64 libopus0 amd64 1.4-1build1 [208 kB]
verify	Run npx playwright install --with-deps chromium firefox webkit	2026-10-09T03:41:16.8884585Z Get:30 http://azure.archive.ubuntu.com/ubuntu noble/universe amd64 librav1e0 amd64 0.7.1-2 [1022 kB]
verify	Run npx playwright install --with-deps chromium firefox webkit	2026-10-09T03:41:16.9090976Z Get:31 http://azure.archive.ubuntu.com/ubuntu noble-updates/main amd64 librsvg2-2 amd64 2.58.0+dfsg-1ubuntu0.1 [2141 kB]
verify	Run npx playwright install --with-deps chromium firefox webkit	2026-10-09T03:41:16.9358515Z Get:32 http://azure.archive.ubuntu.com/ubuntu noble/universe amd64 libshine3 amd64 3.1.1-2build1 [23.2 kB]
verify	Run npx playwright install --with-deps chromium firefox webkit	2026-10-09T03:41:16.9507856Z Get:33 http://azure.archive.ubuntu.com/ubuntu noble-updates/main amd64 libspeex1 amd64 1.2.1-2ubuntu2.24.04.1 [59.6 kB]
verify	Run npx playwright install --with-deps chromium firefox webkit	2026-10-09T03:41:16.9665322Z Get:34 http://azure.archive.ubuntu.com/ubuntu noble/universe amd64 libsvtav1enc1d1 amd64 1.7.0+dfsg-2build1 [2425 kB]
verify	Run npx playwright install --with-deps chromium firefox webkit	2026-10-09T03:41:16.9946040Z Get:35 http://azure.archive.ubuntu.com/ubuntu noble/universe amd64 libsoxr0 amd64 0.1.3-4build3 [80.0 kB]
verify	Run npx playwright install --with-deps chromium firefox webkit	2026-10-09T03:41:17.0097153Z Get:36 http://azure.archive.ubuntu.com/ubuntu noble/universe amd64 libswresample4 amd64 7:6.1.1-3ubuntu5 [63.8 kB]
verify	Run npx playwright install --with-deps chromium firefox webkit	2026-10-09T03:41:17.0251280Z Get:37 http://azure.archive.ubuntu.com/ubuntu noble/main amd64 libtheora0 amd64 1.1.1+dfsg.1-16.1build3 [211 kB]
verify	Run npx playwright install --with-deps chromium firefox webkit	2026-10-09T03:41:17.0413621Z Get:38 http://azure.archive.ubuntu.com/ubuntu noble/main amd64 libtwolame0 amd64 0.4.0-2build3 [52.3 kB]
verify	Run npx playwright install --with-deps chromium firefox webkit	2026-10-09T03:41:17.0982688Z Get:39 http://azure.archive.ubuntu.com/ubuntu noble/main amd64 libvorbisenc2 amd64 1.3.7-1build3 [80.8 kB]
verify	Run npx playwright install --with-deps chromium firefox webkit	2026-10-09T03:41:17.1146579Z Get:40 http://azure.archive.ubuntu.com/ubuntu noble-updates/main amd64 libvpx9 amd64 1.14.0-1ubuntu2.3 [1143 kB]
verify	Run npx playwright install --with-deps chromium firefox webkit	2026-10-09T03:41:17.1357029Z Get:41 http://azure.archive.ubuntu.com/ubuntu noble/universe amd64 libx264-164 amd64 2:0.164.3108+git31e19f9-1 [604 kB]
verify	Run npx playwright install --with-deps chromium firefox webkit	2026-10-09T03:41:17.1540676Z Get:42 http://azure.archive.ubuntu.com/ubuntu noble/universe amd64 libx265-199 amd64 3.5-2build1 [1226 kB]
verify	Run npx playwright install --with-deps chromium firefox webkit	2026-10-09T03:41:17.1755772Z Get:43 http://azure.archive.ubuntu.com/ubuntu noble/universe amd64 libxvidcore4 amd64 2:1.3.7-1build1 [219 kB]
verify	Run npx playwright install --with-deps chromium firefox webkit	2026-10-09T03:41:17.1918317Z Get:44 http://azure.archive.ubuntu.com/ubuntu noble/universe amd64 libzvbi-common all 0.2.42-2 [42.4 kB]
verify	Run npx playwright install --with-deps chromium firefox webkit	2026-10-09T03:41:17.2070180Z Get:45 http://azure.archive.ubuntu.com/ubuntu noble/universe amd64 libzvbi0t64 amd64 0.2.42-2 [261 kB]
verify	Run npx playwright install --with-deps chromium firefox webkit	2026-10-09T03:41:17.2234211Z Get:46 http://azure.archive.ubuntu.com/ubuntu noble/universe amd64 libavcodec60 amd64 7:6.1.1-3ubuntu5 [5851 kB]
verify	Run npx playwright install --with-deps chromium firefox webkit	2026-10-09T03:41:17.2696679Z Get:47 http://azure.archive.ubuntu.com/ubuntu noble-updates/main amd64 libfreetype6 amd64 2.13.2+dfsg-1ubuntu0.2 [403 kB]
verify	Run npx playwright install --with-deps chromium firefox webkit	2026-10-09T03:41:17.2865139Z Get:48 http://azure.archive.ubuntu.com/ubuntu noble/universe amd64 libunibreak5 amd64 5.1-2build1 [25.0 kB]
verify	Run npx playwright install --with-deps chromium firefox webkit	2026-10-09T03:41:17.3015012Z Get:49 http://azure.archive.ubuntu.com/ubuntu noble/universe amd64 libass9 amd64 1:0.17.1-2build1 [104 kB]
verify	Run npx playwright install --with-deps chromium firefox webkit	2026-10-09T03:41:17.3169130Z Get:50 http://azure.archive.ubuntu.com/ubuntu noble/universe amd64 libudfread0 amd64 1.1.2-1build1 [19.0 kB]
verify	Run npx playwright install --with-deps chromium firefox webkit	2026-10-09T03:41:17.3315908Z Get:51 http://azure.archive.ubuntu.com/ubuntu noble/universe amd64 libbluray2 amd64 1:1.3.4-1build1 [159 kB]
verify	Run npx playwright install --with-deps chromium firefox webkit	2026-10-09T03:41:17.3472664Z Get:52 http://azure.archive.ubuntu.com/ubuntu noble/universe amd64 libchromaprint1 amd64 1.5.1-5 [30.5 kB]
verify	Run npx playwright install --with-deps chromium firefox webkit	2026-10-09T03:41:17.3626211Z Get:53 http://azure.archive.ubuntu.com/ubuntu noble/universe amd64 libgme0 amd64 0.6.3-7build1 [134 kB]
verify	Run npx playwright install --with-deps chromium firefox webkit	2026-10-09T03:41:17.3786684Z Get:54 http://azure.archive.ubuntu.com/ubuntu noble-updates/main amd64 libmpg123-0t64 amd64 1.32.5-1ubuntu1.1 [169 kB]
verify	Run npx playwright install --with-deps chromium firefox webkit	2026-10-09T03:41:17.4114223Z Get:55 http://azure.archive.ubuntu.com/ubuntu noble/universe amd64 libopenmpt0t64 amd64 0.7.3-1.1build3 [647 kB]
verify	Run npx playwright install --with-deps chromium firefox webkit	2026-10-09T03:41:17.4337746Z Get:56 http://azure.archive.ubuntu.com/ubuntu noble/universe amd64 libcjson1 amd64 1.7.17-1 [24.8 kB]
verify	Run npx playwright install --with-deps chromium firefox webkit	2026-10-09T03:41:17.4486999Z Get:57 http://azure.archive.ubuntu.com/ubuntu noble/universe amd64 libmbedcrypto7t64 amd64 2.28.8-1 [209 kB]
verify	Run npx playwright install --with-deps chromium firefox webkit	2026-10-09T03:41:17.5057934Z Get:58 http://azure.archive.ubuntu.com/ubuntu noble/universe amd64 librist4 amd64 0.2.10+dfsg-2 [74.9 kB]
verify	Run npx playwright install --with-deps chromium firefox webkit	2026-10-09T03:41:17.5211075Z Get:59 http://azure.archive.ubuntu.com/ubuntu noble/universe amd64 libsrt1.5-gnutls amd64 1.5.3-1build2 [316 kB]
verify	Run npx playwright install --with-deps chromium firefox webkit	2026-10-09T03:41:17.5374729Z Get:60 http://azure.archive.ubuntu.com/ubuntu noble-updates/main amd64 libssh-gcrypt-4 amd64 0.10.6-2ubuntu0.5 [226 kB]
verify	Run npx playwright install --with-deps chromium firefox webkit	2026-10-09T03:41:17.5536057Z Get:61 http://azure.archive.ubuntu.com/ubuntu noble/universe amd64 libavformat60 amd64 7:6.1.1-3ubuntu5 [1153 kB]
verify	Run npx playwright install --with-deps chromium firefox webkit	2026-10-09T03:41:17.5744597Z Get:62 http://azure.archive.ubuntu.com/ubuntu noble/universe amd64 libbs2b0 amd64 3.1.0+dfsg-7build1 [10.6 kB]
verify	Run npx playwright install --with-deps chromium firefox webkit	2026-10-09T03:41:17.5894263Z Get:63 http://azure.archive.ubuntu.com/ubuntu noble/universe amd64 libflite1 amd64 2.2-6build3 [13.6 MB]
verify	Run npx playwright install --with-deps chromium firefox webkit	2026-10-09T03:41:17.6783804Z Get:64 http://azure.archive.ubuntu.com/ubuntu noble/universe amd64 libserd-0-0 amd64 0.32.2-1 [43.6 kB]
verify	Run npx playwright install --with-deps chromium firefox webkit	2026-10-09T03:41:17.6933988Z Get:65 http://azure.archive.ubuntu.com/ubuntu noble/universe amd64 libzix-0-0 amd64 0.4.2-2build1 [23.6 kB]
verify	Run npx playwright install --with-deps chromium firefox webkit	2026-10-09T03:41:17.7084186Z Get:66 http://azure.archive.ubuntu.com/ubuntu noble/universe amd64 libsord-0-0 amd64 0.16.16-2build1 [15.8 kB]
verify	Run npx playwright install --with-deps chromium firefox webkit	2026-10-09T03:41:17.7234228Z Get:67 http://azure.archive.ubuntu.com/ubuntu noble/universe amd64 libsratom-0-0 amd64 0.6.16-1build1 [17.3 kB]
verify	Run npx playwright install --with-deps chromium firefox webkit	2026-10-09T03:41:17.7388306Z Get:68 http://azure.archive.ubuntu.com/ubuntu noble/universe amd64 liblilv-0-0 amd64 0.24.22-1build1 [41.0 kB]
verify	Run npx playwright install --with-deps chromium firefox webkit	2026-10-09T03:41:17.7543932Z Get:69 http://azure.archive.ubuntu.com/ubuntu noble/universe amd64 libmysofa1 amd64 1.3.2+dfsg-2ubuntu2 [1158 kB]
verify	Run npx playwright install --with-deps chromium firefox webkit	2026-10-09T03:41:17.7756580Z Get:70 http://azure.archive.ubuntu.com/ubuntu noble/universe amd64 libplacebo338 amd64 6.338.2-2build1 [2654 kB]
verify	Run npx playwright install --with-deps chromium firefox webkit	2026-10-09T03:41:17.8055592Z Get:71 http://azure.archive.ubuntu.com/ubuntu noble-updates/main amd64 libblas3 amd64 3.12.0-3build1.1 [238 kB]
verify	Run npx playwright install --with-deps chromium firefox webkit	2026-10-09T03:41:17.8218333Z Get:72 http://azure.archive.ubuntu.com/ubuntu noble-updates/main amd64 liblapack3 amd64 3.12.0-3build1.1 [2646 kB]
verify	Run npx playwright install --with-deps chromium firefox webkit	2026-10-09T03:41:17.8536616Z Get:73 http://azure.archive.ubuntu.com/ubuntu noble/main amd64 libasyncns0 amd64 0.8-6build4 [11.3 kB]
verify	Run npx playwright install --with-deps chromium firefox webkit	2026-10-09T03:41:17.8691705Z Get:74 http://azure.archive.ubuntu.com/ubuntu noble/main amd64 libflac12t64 amd64 1.4.3+ds-2.1ubuntu2 [197 kB]
verify	Run npx playwright install --with-deps chromium firefox webkit	2026-10-09T03:41:17.8853909Z Get:75 http://azure.archive.ubuntu.com/ubuntu noble-updates/main amd64 libsndfile1 amd64 1.2.2-1ubuntu5.24.04.1 [209 kB]
verify	Run npx playwright install --with-deps chromium firefox webkit	2026-10-09T03:41:17.9459384Z Get:76 http://azure.archive.ubuntu.com/ubuntu noble-updates/main amd64 libpulse0 amd64 1:16.1+dfsg1-2ubuntu10.1 [292 kB]
verify	Run npx playwright install --with-deps chromium firefox webkit	2026-10-09T03:41:17.9632664Z Get:77 http://azure.archive.ubuntu.com/ubuntu noble/universe amd64 libsphinxbase3t64 amd64 0.8+5prealpha+1-17build2 [126 kB]
verify	Run npx playwright install --with-deps chromium firefox webkit	2026-10-09T03:41:17.9791164Z Get:78 http://azure.archive.ubuntu.com/ubuntu noble/universe amd64 libpocketsphinx3 amd64 0.8.0+real5prealpha+1-15ubuntu5 [133 kB]
verify	Run npx playwright install --with-deps chromium firefox webkit	2026-10-09T03:41:17.9950972Z Get:79 http://azure.archive.ubuntu.com/ubuntu noble/universe amd64 libpostproc57 amd64 7:6.1.1-3ubuntu5 [49.9 kB]
verify	Run npx playwright install --with-deps chromium firefox webkit	2026-10-09T03:41:18.0104105Z Get:80 http://azure.archive.ubuntu.com/ubuntu noble/main amd64 libsamplerate0 amd64 0.2.2-4build1 [1344 kB]
verify	Run npx playwright install --with-deps chromium firefox webkit	2026-10-09T03:41:18.0336223Z Get:81 http://azure.archive.ubuntu.com/ubuntu noble/universe amd64 librubberband2 amd64 3.3.0+dfsg-2build1 [130 kB]
verify	Run npx playwright install --with-deps chromium firefox webkit	2026-10-09T03:41:18.0493763Z Get:82 http://azure.archive.ubuntu.com/ubuntu noble/universe amd64 libswscale7 amd64 7:6.1.1-3ubuntu5 [193 kB]
verify	Run npx playwright install --with-deps chromium firefox webkit	2026-10-09T03:41:18.0656101Z Get:83 http://azure.archive.ubuntu.com/ubuntu noble/universe amd64 libvidstab1.1 amd64 1.1.0-2build1 [38.5 kB]
verify	Run npx playwright install --with-deps chromium firefox webkit	2026-10-09T03:41:18.0806738Z Get:84 http://azure.archive.ubuntu.com/ubuntu noble/universe amd64 libzimg2 amd64 3.0.5+ds1-1build1 [254 kB]
verify	Run npx playwright install --with-deps chromium firefox webkit	2026-10-09T03:41:18.0980736Z Get:85 http://azure.archive.ubuntu.com/ubuntu noble/universe amd64 libavfilter9 amd64 7:6.1.1-3ubuntu5 [4235 kB]
verify	Run npx playwright install --with-deps chromium firefox webkit	2026-10-09T03:41:18.1384582Z Get:86 http://azure.archive.ubuntu.com/ubuntu noble-updates/main amd64 liborc-0.4-0t64 amd64 1:0.4.38-1ubuntu0.1 [207 kB]
verify	Run npx playwright install --with-deps chromium firefox webkit	2026-10-09T03:41:18.1549425Z Get:87 http://azure.archive.ubuntu.com/ubuntu noble-updates/main amd64 libgstreamer-plugins-base1.0-0 amd64 1.24.2-1ubuntu0.5 [862 kB]
verify	Run npx playwright install --with-deps chromium firefox webkit	2026-10-09T03:41:18.1750331Z Get:88 http://azure.archive.ubuntu.com/ubuntu noble/universe amd64 gstreamer1.0-libav amd64 1.24.1-1build1 [103 kB]
verify	Run npx playwright install --with-deps chromium firefox webkit	2026-10-09T03:41:18.1905759Z Get:89 http://azure.archive.ubuntu.com/ubuntu noble/main amd64 libcdparanoia0 amd64 3.10.2+debian-14build3 [48.5 kB]
verify	Run npx playwright install --with-deps chromium firefox webkit	2026-10-09T03:41:18.2059287Z Get:90 http://azure.archive.ubuntu.com/ubuntu noble/main amd64 libvisual-0.4-0 amd64 0.4.2-2build1 [115 kB]
verify	Run npx playwright install --with-deps chromium firefox webkit	2026-10-09T03:41:18.2216949Z Get:91 http://azure.archive.ubuntu.com/ubuntu noble-updates/main amd64 gstreamer1.0-plugins-base amd64 1.24.2-1ubuntu0.5 [721 kB]
verify	Run npx playwright install --with-deps chromium firefox webkit	2026-10-09T03:41:18.2412235Z Get:92 http://azure.archive.ubuntu.com/ubuntu noble/main amd64 libaa1 amd64 1.4p5-51.1 [49.9 kB]
verify	Run npx playwright install --with-deps chromium firefox webkit	2026-10-09T03:41:18.2565434Z Get:93 http://azure.archive.ubuntu.com/ubuntu noble/main amd64 libraw1394-11 amd64 2.1.2-2build3 [26.2 kB]
verify	Run npx playwright install --with-deps chromium firefox webkit	2026-10-09T03:41:18.3180547Z Get:94 http://azure.archive.ubuntu.com/ubuntu noble/main amd64 libavc1394-0 amd64 0.5.4-5build3 [15.4 kB]
verify	Run npx playwright install --with-deps chromium firefox webkit	2026-10-09T03:41:18.3334234Z Get:95 http://azure.archive.ubuntu.com/ubuntu noble-updates/main amd64 libcaca0 amd64 0.99.beta20-4ubuntu0.2 [209 kB]
verify	Run npx playwright install --with-deps chromium firefox webkit	2026-10-09T03:41:18.3494390Z Get:96 http://azure.archive.ubuntu.com/ubuntu noble/main amd64 libdv4t64 amd64 1.0.0-17.1build1 [63.2 kB]
verify	Run npx playwright install --with-deps chromium firefox webkit	2026-10-09T03:41:18.3647104Z Get:97 http://azure.archive.ubuntu.com/ubuntu noble-updates/main amd64 libgstreamer-plugins-good1.0-0 amd64 1.24.2-1ubuntu1.8 [34.3 kB]
verify	Run npx playwright install --with-deps chromium firefox webkit	2026-10-09T03:41:18.3796221Z Get:98 http://azure.archive.ubuntu.com/ubuntu noble/main amd64 libiec61883-0 amd64 1.2.0-6build1 [24.5 kB]
verify	Run npx playwright install --with-deps chromium firefox webkit	2026-10-09T03:41:18.3945868Z Get:99 http://azure.archive.ubuntu.com/ubuntu noble/main amd64 libshout3 amd64 2.4.6-1build2 [50.3 kB]
verify	Run npx playwright install --with-deps chromium firefox webkit	2026-10-09T03:41:18.4097311Z Get:100 http://azure.archive.ubuntu.com/ubuntu noble/main amd64 libtag1v5-vanilla amd64 1.13.1-1build1 [326 kB]
verify	Run npx playwright install --with-deps chromium firefox webkit	2026-10-09T03:41:18.4267595Z Get:101 http://azure.archive.ubuntu.com/ubuntu noble/main amd64 libtag1v5 amd64 1.13.1-1build1 [11.7 kB]
verify	Run npx playwright install --with-deps chromium firefox webkit	2026-10-09T03:41:18.4417644Z Get:102 http://azure.archive.ubuntu.com/ubuntu noble/main amd64 libv4lconvert0t64 amd64 1.26.1-4build3 [87.6 kB]
verify	Run npx playwright install --with-deps chromium firefox webkit	2026-10-09T03:41:18.5268462Z Get:103 http://azure.archive.ubuntu.com/ubuntu noble/main amd64 libv4l-0t64 amd64 1.26.1-4build3 [46.9 kB]
verify	Run npx playwright install --with-deps chromium firefox webkit	2026-10-09T03:41:18.6113189Z Get:104 http://azure.archive.ubuntu.com/ubuntu noble/main amd64 libwavpack1 amd64 5.6.0-1build1 [84.6 kB]
verify	Run npx playwright install --with-deps chromium firefox webkit	2026-10-09T03:41:18.6947452Z Get:105 http://azure.archive.ubuntu.com/ubuntu noble-updates/main amd64 libsoup-3.0-common all 3.4.4-5ubuntu0.9 [12.3 kB]
verify	Run npx playwright install --with-deps chromium firefox webkit	2026-10-09T03:41:18.7774999Z Get:106 http://azure.archive.ubuntu.com/ubuntu noble-updates/main amd64 libsoup-3.0-0 amd64 3.4.4-5ubuntu0.9 [291 kB]
verify	Run npx playwright install --with-deps chromium firefox webkit	2026-10-09T03:41:18.8630790Z Get:107 http://azure.archive.ubuntu.com/ubuntu noble-updates/main amd64 gstreamer1.0-plugins-good amd64 1.24.2-1ubuntu1.8 [2236 kB]
verify	Run npx playwright install --with-deps chromium firefox webkit	2026-10-09T03:41:18.9759326Z Get:108 http://azure.archive.ubuntu.com/ubuntu noble-updates/main amd64 libabsl20220623t64 amd64 20220623.1-3.1ubuntu3.2 [423 kB]
verify	Run npx playwright install --with-deps chromium firefox webkit	2026-10-09T03:41:19.0636372Z Get:109 http://azure.archive.ubuntu.com/ubuntu noble/universe amd64 libgav1-1 amd64 0.18.0-1build3 [357 kB]
verify	Run npx playwright install --with-deps chromium firefox webkit	2026-10-09T03:41:19.1507220Z Get:110 http://azure.archive.ubuntu.com/ubuntu noble/universe amd64 libyuv0 amd64 0.0~git202401110.af6ac82-1 [178 kB]
verify	Run npx playwright install --with-deps chromium firefox webkit	2026-10-09T03:41:19.2346794Z Get:111 http://azure.archive.ubuntu.com/ubuntu noble/universe amd64 libavif16 amd64 1.0.4-1ubuntu3 [91.2 kB]
verify	Run npx playwright install --with-deps chromium firefox webkit	2026-10-09T03:41:19.3179871Z Get:112 http://azure.archive.ubuntu.com/ubuntu noble/universe amd64 libavtp0 amd64 0.2.0-1build1 [6414 B]
verify	Run npx playwright install --with-deps chromium firefox webkit	2026-10-09T03:41:19.4005242Z Get:113 http://azure.archive.ubuntu.com/ubuntu noble/main amd64 libcairo-script-interpreter2 amd64 1.18.0-3build1 [60.3 kB]
verify	Run npx playwright install --with-deps chromium firefox webkit	2026-10-09T03:41:19.4834288Z Get:114 http://azure.archive.ubuntu.com/ubuntu noble/universe amd64 libdc1394-25 amd64 2.2.6-4build1 [90.1 kB]
verify	Run npx playwright install --with-deps chromium firefox webkit	2026-10-09T03:41:19.5663635Z Get:115 http://azure.archive.ubuntu.com/ubuntu noble-updates/main amd64 libde265-0 amd64 1.0.15-1ubuntu0.2 [167 kB]
verify	Run npx playwright install --with-deps chromium firefox webkit	2026-10-09T03:41:19.6502544Z Get:116 http://azure.archive.ubuntu.com/ubuntu noble/main amd64 libdecor-0-0 amd64 0.2.2-1build2 [16.5 kB]
verify	Run npx playwright install --with-deps chromium firefox webkit	2026-10-09T03:41:19.7327773Z Get:117 http://azure.archive.ubuntu.com/ubuntu noble/main amd64 libgles2 amd64 1.7.0-1build1 [17.1 kB]
verify	Run npx playwright install --with-deps chromium firefox webkit	2026-10-09T03:41:19.8152502Z Get:118 http://azure.archive.ubuntu.com/ubuntu noble/universe amd64 libdirectfb-1.7-7t64 amd64 1.7.7-11.1ubuntu2 [1035 kB]
verify	Run npx playwright install --with-deps chromium firefox webkit	2026-10-09T03:41:19.9114036Z Get:119 http://azure.archive.ubuntu.com/ubuntu noble/universe amd64 libdvdread8t64 amd64 6.1.3-1.1build1 [54.7 kB]
verify	Run npx playwright install --with-deps chromium firefox webkit	2026-10-09T03:41:19.9945211Z Get:120 http://azure.archive.ubuntu.com/ubuntu noble/universe amd64 libdvdnav4 amd64 6.1.1-3build1 [39.5 kB]
verify	Run npx playwright install --with-deps chromium firefox webkit	2026-10-09T03:41:20.0780718Z Get:121 http://azure.archive.ubuntu.com/ubuntu noble-updates/main amd64 libegl-mesa0 amd64 25.2.8-0ubuntu0.24.04.4 [117 kB]
verify	Run npx playwright install --with-deps chromium firefox webkit	2026-10-09T03:41:20.1613817Z Get:122 http://azure.archive.ubuntu.com/ubuntu noble-updates/main amd64 libevent-2.1-7t64 amd64 2.1.12-stable-9ubuntu2.2 [146 kB]
verify	Run npx playwright install --with-deps chromium firefox webkit	2026-10-09T03:41:20.2455279Z Get:123 http://azure.archive.ubuntu.com/ubuntu noble/universe amd64 libfaad2 amd64 2.11.1-1build1 [207 kB]
verify	Run npx playwright install --with-deps chromium firefox webkit	2026-10-09T03:41:20.3302085Z Get:124 http://azure.archive.ubuntu.com/ubuntu noble/universe amd64 libinstpatch-1.0-2 amd64 1.1.6-1build2 [251 kB]
verify	Run npx playwright install --with-deps chromium firefox webkit	2026-10-09T03:41:20.4152369Z Get:125 http://azure.archive.ubuntu.com/ubuntu noble/main amd64 libjack-jackd2-0 amd64 1.9.21~dfsg-3ubuntu3 [289 kB]
verify	Run npx playwright install --with-deps chromium firefox webkit	2026-10-09T03:41:20.5010840Z Get:126 http://azure.archive.ubuntu.com/ubuntu noble/main amd64 libwebrtc-audio-processing1 amd64 0.3.1-0ubuntu6 [290 kB]
verify	Run npx playwright install --with-deps chromium firefox webkit	2026-10-09T03:41:20.6052111Z Get:127 http://azure.archive.ubuntu.com/ubuntu noble-updates/main amd64 libspa-0.2-modules amd64 1.0.5-1ubuntu3.3 [628 kB]
verify	Run npx playwright install --with-deps chromium firefox webkit	2026-10-09T03:41:20.6974810Z Get:128 http://azure.archive.ubuntu.com/ubuntu noble-updates/main amd64 libpipewire-0.3-0t64 amd64 1.0.5-1ubuntu3.3 [252 kB]
verify	Run npx playwright install --with-deps chromium firefox webkit	2026-10-09T03:41:20.7825436Z Get:129 http://azure.archive.ubuntu.com/ubuntu noble-updates/main amd64 libsdl2-2.0-0 amd64 2.30.0+dfsg-1ubuntu3.1 [686 kB]
verify	Run npx playwright install --with-deps chromium firefox webkit	2026-10-09T03:41:20.8737345Z Get:130 http://azure.archive.ubuntu.com/ubuntu noble/universe amd64 timgm6mb-soundfont all 1.3-5 [5427 kB]
verify	Run npx playwright install --with-deps chromium firefox webkit	2026-10-09T03:41:21.0697897Z Get:131 http://azure.archive.ubuntu.com/ubuntu noble/universe amd64 libfluidsynth3 amd64 2.3.4-1build3 [249 kB]
verify	Run npx playwright install --with-deps chromium firefox webkit	2026-10-09T03:41:21.1541792Z Get:132 http://azure.archive.ubuntu.com/ubuntu noble/main amd64 libfreeaptx0 amd64 0.1.1-2build1 [13.5 kB]
verify	Run npx playwright install --with-deps chromium firefox webkit	2026-10-09T03:41:21.2366347Z Get:133 http://azure.archive.ubuntu.com/ubuntu noble/main amd64 libgraphene-1.0-0 amd64 1.10.8-3build2 [46.2 kB]
verify	Run npx playwright install --with-deps chromium firefox webkit	2026-10-09T03:41:21.3194552Z Get:134 http://azure.archive.ubuntu.com/ubuntu noble/main amd64 libgssdp-1.6-0 amd64 1.6.3-1build3 [40.4 kB]
verify	Run npx playwright install --with-deps chromium firefox webkit	2026-10-09T03:41:21.4023293Z Get:135 http://azure.archive.ubuntu.com/ubuntu noble/main amd64 libegl1 amd64 1.7.0-1build1 [28.7 kB]
verify	Run npx playwright install --with-deps chromium firefox webkit	2026-10-09T03:41:21.4850771Z Get:136 http://azure.archive.ubuntu.com/ubuntu noble-updates/main amd64 libgstreamer-gl1.0-0 amd64 1.24.2-1ubuntu0.5 [214 kB]
verify	Run npx playwright install --with-deps chromium firefox webkit	2026-10-09T03:41:21.5921730Z Get:137 http://azure.archive.ubuntu.com/ubuntu noble-updates/main amd64 libgtk-4-common all 4.14.5+ds-0ubuntu0.10 [1497 kB]
verify	Run npx playwright install --with-deps chromium firefox webkit	2026-10-09T03:41:21.6879459Z Get:138 http://azure.archive.ubuntu.com/ubuntu noble-updates/main amd64 libgtk-4-1 amd64 4.14.5+ds-0ubuntu0.10 [3295 kB]
verify	Run npx playwright install --with-deps chromium firefox webkit	2026-10-09T03:41:21.8547657Z Get:139 http://azure.archive.ubuntu.com/ubuntu noble/main amd64 libgupnp-1.6-0 amd64 1.6.6-1build3 [92.7 kB]
verify	Run npx playwright install --with-deps chromium firefox webkit	2026-10-09T03:41:21.9378790Z Get:140 http://azure.archive.ubuntu.com/ubuntu noble/universe amd64 libgupnp-igd-1.6-0 amd64 1.6.0-3build3 [16.5 kB]
verify	Run npx playwright install --with-deps chromium firefox webkit	2026-10-09T03:41:22.0203768Z Get:141 http://azure.archive.ubuntu.com/ubuntu noble/main amd64 libharfbuzz-icu0 amd64 8.3.0-2build2 [13.3 kB]
verify	Run npx playwright install --with-deps chromium firefox webkit	2026-10-09T03:41:22.1030967Z Get:142 http://azure.archive.ubuntu.com/ubuntu noble/main amd64 libhyphen0 amd64 2.8.8-7build3 [26.5 kB]
verify	Run npx playwright install --with-deps chromium firefox webkit	2026-10-09T03:41:22.1858479Z Get:143 http://azure.archive.ubuntu.com/ubuntu noble/universe amd64 libimath-3-1-29t64 amd64 3.1.9-3.1ubuntu2 [72.2 kB]
verify	Run npx playwright install --with-deps chromium firefox webkit	2026-10-09T03:41:22.2684884Z Get:144 http://azure.archive.ubuntu.com/ubuntu noble/main amd64 liblc3-1 amd64 1.0.4-3build1 [69.7 kB]
verify	Run npx playwright install --with-deps chromium firefox webkit	2026-10-09T03:41:22.3514452Z Get:145 http://azure.archive.ubuntu.com/ubuntu noble/main amd64 libldacbt-enc2 amd64 2.0.2.3+git20200429+ed310a0-4ubuntu2 [27.1 kB]
verify	Run npx playwright install --with-deps chromium firefox webkit	2026-10-09T03:41:22.4342371Z Get:146 http://azure.archive.ubuntu.com/ubuntu noble-updates/main amd64 libraptor2-0 amd64 2.0.16-3ubuntu0.1 [165 kB]
verify	Run npx playwright install --with-deps chromium firefox webkit	2026-10-09T03:41:22.5395027Z Get:147 http://azure.archive.ubuntu.com/ubuntu noble/universe amd64 liblrdf0 amd64 0.6.1-4build1 [18.5 kB]
verify	Run npx playwright install --with-deps chromium firefox webkit	2026-10-09T03:41:22.6235772Z Get:148 http://azure.archive.ubuntu.com/ubuntu noble/universe amd64 libltc11 amd64 1.3.2-1build1 [13.0 kB]
verify	Run npx playwright install --with-deps chromium firefox webkit	2026-10-09T03:41:22.7059803Z Get:149 http://azure.archive.ubuntu.com/ubuntu noble/main amd64 libmanette-0.2-0 amd64 0.2.7-1build2 [30.6 kB]
verify	Run npx playwright install --with-deps chromium firefox webkit	2026-10-09T03:41:22.7885734Z Get:150 http://azure.archive.ubuntu.com/ubuntu noble/universe amd64 libmfx1 amd64 22.5.4-1 [3124 kB]
verify	Run npx playwright install --with-deps chromium firefox webkit	2026-10-09T03:41:22.8990570Z Get:151 http://azure.archive.ubuntu.com/ubuntu noble/universe amd64 libmjpegutils-2.1-0t64 amd64 1:2.1.0+debian-8.1build1 [25.5 kB]
verify	Run npx playwright install --with-deps chromium firefox webkit	2026-10-09T03:41:22.9816815Z Get:152 http://azure.archive.ubuntu.com/ubuntu noble/universe amd64 libmodplug1 amd64 1:0.8.9.0-3build1 [166 kB]
verify	Run npx playwright install --with-deps chromium firefox webkit	2026-10-09T03:41:23.0650999Z Get:153 http://azure.archive.ubuntu.com/ubuntu noble/universe amd64 libmpcdec6 amd64 2:0.1~r495-2build1 [32.7 kB]
verify	Run npx playwright install --with-deps chromium firefox webkit	2026-10-09T03:41:23.1480646Z Get:154 http://azure.archive.ubuntu.com/ubuntu noble/universe amd64 libmpeg2encpp-2.1-0t64 amd64 1:2.1.0+debian-8.1build1 [75.6 kB]
verify	Run npx playwright install --with-deps chromium firefox webkit	2026-10-09T03:41:23.2308454Z Get:155 http://azure.archive.ubuntu.com/ubuntu noble/universe amd64 libmplex2-2.1-0t64 amd64 1:2.1.0+debian-8.1build1 [46.1 kB]
verify	Run npx playwright install --with-deps chromium firefox webkit	2026-10-09T03:41:23.3143506Z Get:156 http://azure.archive.ubuntu.com/ubuntu noble/universe amd64 libneon27t64 amd64 0.33.0-1.1build3 [102 kB]
verify	Run npx playwright install --with-deps chromium firefox webkit	2026-10-09T03:41:23.3975857Z Get:157 http://azure.archive.ubuntu.com/ubuntu noble/universe amd64 libnice10 amd64 0.1.21-2build3 [157 kB]
verify	Run npx playwright install --with-deps chromium firefox webkit	2026-10-09T03:41:23.4880664Z Get:158 http://azure.archive.ubuntu.com/ubuntu noble/universe amd64 libopenal-data all 1:1.23.1-4build1 [161 kB]
verify	Run npx playwright install --with-deps chromium firefox webkit	2026-10-09T03:41:23.5723176Z Get:159 http://azure.archive.ubuntu.com/ubuntu noble/universe amd64 libopenexr-3-1-30 amd64 3.1.5-5.1build3 [1004 kB]
verify	Run npx playwright install --with-deps chromium firefox webkit	2026-10-09T03:41:23.6642324Z Get:160 http://azure.archive.ubuntu.com/ubuntu noble/universe amd64 libopenh264-7 amd64 2.4.1+dfsg-1 [409 kB]
verify	Run npx playwright install --with-deps chromium firefox webkit	2026-10-09T03:41:23.7496572Z Get:161 http://azure.archive.ubuntu.com/ubuntu noble/universe amd64 libopenni2-0 amd64 2.2.0.33+dfsg-18 [370 kB]
verify	Run npx playwright install --with-deps chromium firefox webkit	2026-10-09T03:41:23.8354332Z Get:162 http://azure.archive.ubuntu.com/ubuntu noble/universe amd64 libqrencode4 amd64 4.1.1-1build2 [25.0 kB]
verify	Run npx playwright install --with-deps chromium firefox webkit	2026-10-09T03:41:23.9176909Z Get:163 http://azure.archive.ubuntu.com/ubuntu noble/main amd64 libsecret-common all 0.21.4-1build3 [4962 B]
verify	Run npx playwright install --with-deps chromium firefox webkit	2026-10-09T03:41:24.0835420Z Get:164 http://azure.archive.ubuntu.com/ubuntu noble/main amd64 libsecret-1-0 amd64 0.21.4-1build3 [116 kB]
verify	Run npx playwright install --with-deps chromium firefox webkit	2026-10-09T03:41:24.4363999Z Get:165 http://azure.archive.ubuntu.com/ubuntu noble/universe amd64 libsndio7.0 amd64 1.9.0-0.3build3 [29.6 kB]
verify	Run npx playwright install --with-deps chromium firefox webkit	2026-10-09T03:41:24.5220036Z Get:166 http://azure.archive.ubuntu.com/ubuntu noble/universe amd64 libsoundtouch1 amd64 2.3.2+ds1-1build1 [60.5 kB]
verify	Run npx playwright install --with-deps chromium firefox webkit	2026-10-09T03:41:24.6053281Z Get:167 http://azure.archive.ubuntu.com/ubuntu noble/universe amd64 libspandsp2t64 amd64 0.0.6+dfsg-2.1build1 [311 kB]
verify	Run npx playwright install --with-deps chromium firefox webkit	2026-10-09T03:41:24.6971855Z Get:168 http://azure.archive.ubuntu.com/ubuntu noble/universe amd64 libsrtp2-1 amd64 2.5.0-3build1 [41.9 kB]
verify	Run npx playwright install --with-deps chromium firefox webkit	2026-10-09T03:41:24.7798817Z Get:169 http://azure.archive.ubuntu.com/ubuntu noble/main amd64 libwayland-server0 amd64 1.22.0-2.1build1 [33.9 kB]
verify	Run npx playwright install --with-deps chromium firefox webkit	2026-10-09T03:41:24.8653870Z Get:170 http://azure.archive.ubuntu.com/ubuntu noble/universe amd64 libwildmidi2 amd64 0.4.3-1build3 [68.5 kB]
verify	Run npx playwright install --with-deps chromium firefox webkit	2026-10-09T03:41:24.9504368Z Get:171 http://azure.archive.ubuntu.com/ubuntu noble/main amd64 libwoff1 amd64 1.0.2-2build1 [45.3 kB]
verify	Run npx playwright install --with-deps chromium firefox webkit	2026-10-09T03:41:25.0334273Z Get:172 http://azure.archive.ubuntu.com/ubuntu noble/main amd64 libxcb-xkb1 amd64 1.15-1ubuntu2 [32.3 kB]
verify	Run npx playwright install --with-deps chromium firefox webkit	2026-10-09T03:41:25.1159639Z Get:173 http://azure.archive.ubuntu.com/ubuntu noble/main amd64 libxkbcommon-x11-0 amd64 1.6.0-1build1 [14.5 kB]
verify	Run npx playwright install --with-deps chromium firefox webkit	2026-10-09T03:41:25.1994129Z Get:174 http://azure.archive.ubuntu.com/ubuntu noble/universe amd64 libzbar0t64 amd64 0.23.93-4build3 [123 kB]
verify	Run npx playwright install --with-deps chromium firefox webkit	2026-10-09T03:41:25.2840117Z Get:175 http://azure.archive.ubuntu.com/ubuntu noble/universe amd64 libzxing3 amd64 2.2.1-3 [583 kB]
verify	Run npx playwright install --with-deps chromium firefox webkit	2026-10-09T03:41:25.3810500Z Get:176 http://azure.archive.ubuntu.com/ubuntu noble/main amd64 xfonts-encodings all 1:1.0.5-0ubuntu2 [578 kB]
verify	Run npx playwright install --with-deps chromium firefox webkit	2026-10-09T03:41:25.4826881Z Get:177 http://azure.archive.ubuntu.com/ubuntu noble/main amd64 xfonts-utils amd64 1:7.7+6build3 [94.4 kB]
verify	Run npx playwright install --with-deps chromium firefox webkit	2026-10-09T03:41:25.5667504Z Get:178 http://azure.archive.ubuntu.com/ubuntu noble/universe amd64 xfonts-cyrillic all 1:1.0.5+nmu1 [384 kB]
verify	Run npx playwright install --with-deps chromium firefox webkit	2026-10-09T03:41:25.6585651Z Get:179 http://azure.archive.ubuntu.com/ubuntu noble/main amd64 xfonts-scalable all 1:1.0.3-1.3 [304 kB]
verify	Run npx playwright install --with-deps chromium firefox webkit	2026-10-09T03:41:25.7480883Z Get:180 http://azure.archive.ubuntu.com/ubuntu noble/universe amd64 libgstreamer-plugins-bad1.0-0 amd64 1.24.2-1ubuntu4 [797 kB]
verify	Run npx playwright install --with-deps chromium firefox webkit	2026-10-09T03:41:25.8509565Z Get:181 http://azure.archive.ubuntu.com/ubuntu noble/universe amd64 libdca0 amd64 0.0.7-2build1 [93.8 kB]
verify	Run npx playwright install --with-deps chromium firefox webkit	2026-10-09T03:41:25.9352275Z Get:182 http://azure.archive.ubuntu.com/ubuntu noble/universe amd64 libopenal1 amd64 1:1.23.1-4build1 [540 kB]
verify	Run npx playwright install --with-deps chromium firefox webkit	2026-10-09T03:41:26.0309461Z Get:183 http://azure.archive.ubuntu.com/ubuntu noble/main amd64 libsbc1 amd64 2.0-1build1 [33.9 kB]
verify	Run npx playwright install --with-deps chromium firefox webkit	2026-10-09T03:41:26.1148665Z Get:184 http://azure.archive.ubuntu.com/ubuntu noble/universe amd64 libvo-aacenc0 amd64 0.1.3-2build1 [67.8 kB]
verify	Run npx playwright install --with-deps chromium firefox webkit	2026-10-09T03:41:26.2002721Z Get:185 http://azure.archive.ubuntu.com/ubuntu noble/universe amd64 libvo-amrwbenc0 amd64 0.1.3-2build1 [76.7 kB]
verify	Run npx playwright install --with-deps chromium firefox webkit	2026-10-09T03:41:26.2839040Z Get:186 http://azure.archive.ubuntu.com/ubuntu noble/universe amd64 gstreamer1.0-plugins-bad amd64 1.24.2-1ubuntu4 [3081 kB]
verify	Run npx playwright install --with-deps chromium firefox webkit	2026-10-09T03:41:26.7818456Z Fetched 116 MB in 10s (11.4 MB/s)
verify	Run npx playwright install --with-deps chromium firefox webkit	2026-10-09T03:41:26.8073065Z Selecting previously unselected package fonts-ipafont-gothic.
verify	Run npx playwright install --with-deps chromium firefox webkit	2026-10-09T03:41:26.8367207Z (Reading database ... 
verify	Run npx playwright install --with-deps chromium firefox webkit	2026-10-09T03:41:26.8367707Z (Reading database ... 5%
verify	Run npx playwright install --with-deps chromium firefox webkit	2026-10-09T03:41:26.8368096Z (Reading database ... 10%
verify	Run npx playwright install --with-deps chromium firefox webkit	2026-10-09T03:41:26.8368452Z (Reading database ... 15%
verify	Run npx playwright install --with-deps chromium firefox webkit	2026-10-09T03:41:26.8368807Z (Reading database ... 20%
verify	Run npx playwright install --with-deps chromium firefox webkit	2026-10-09T03:41:26.8369271Z (Reading database ... 25%
verify	Run npx playwright install --with-deps chromium firefox webkit	2026-10-09T03:41:26.8369622Z (Reading database ... 30%
verify	Run npx playwright install --with-deps chromium firefox webkit	2026-10-09T03:41:26.8369933Z (Reading database ... 35%
verify	Run npx playwright install --with-deps chromium firefox webkit	2026-10-09T03:41:26.8370240Z (Reading database ... 40%
verify	Run npx playwright install --with-deps chromium firefox webkit	2026-10-09T03:41:26.8370551Z (Reading database ... 45%
verify	Run npx playwright install --with-deps chromium firefox webkit	2026-10-09T03:41:26.8370848Z (Reading database ... 50%
verify	Run npx playwright install --with-deps chromium firefox webkit	2026-10-09T03:41:26.8421019Z (Reading database ... 55%
verify	Run npx playwright install --with-deps chromium firefox webkit	2026-10-09T03:41:26.9411451Z (Reading database ... 60%
verify	Run npx playwright install --with-deps chromium firefox webkit	2026-10-09T03:41:27.1484993Z (Reading database ... 65%
verify	Run npx playwright install --with-deps chromium firefox webkit	2026-10-09T03:41:27.3377814Z (Reading database ... 70%
verify	Run npx playwright install --with-deps chromium firefox webkit	2026-10-09T03:41:27.5350724Z (Reading database ... 75%
verify	Run npx playwright install --with-deps chromium firefox webkit	2026-10-09T03:41:27.6430830Z (Reading database ... 80%
verify	Run npx playwright install --with-deps chromium firefox webkit	2026-10-09T03:41:27.7950898Z (Reading database ... 85%
verify	Run npx playwright install --with-deps chromium firefox webkit	2026-10-09T03:41:27.9377623Z (Reading database ... 90%
verify	Run npx playwright install --with-deps chromium firefox webkit	2026-10-09T03:41:28.1011480Z (Reading database ... 95%
verify	Run npx playwright install --with-deps chromium firefox webkit	2026-10-09T03:41:28.1012089Z (Reading database ... 100%
verify	Run npx playwright install --with-deps chromium firefox webkit	2026-10-09T03:41:28.1013147Z (Reading database ... 203191 files and directories currently installed.)
verify	Run npx playwright install --with-deps chromium firefox webkit	2026-10-09T03:41:28.1054372Z Preparing to unpack .../000-fonts-ipafont-gothic_00303-21ubuntu1_all.deb ...
verify	Run npx playwright install --with-deps chromium firefox webkit	2026-10-09T03:41:28.1147406Z Unpacking fonts-ipafont-gothic (00303-21ubuntu1) ...
verify	Run npx playwright install --with-deps chromium firefox webkit	2026-10-09T03:41:28.3541416Z Preparing to unpack .../001-libxml2-dev_2.9.14+dfsg-1.3ubuntu3.10_amd64.deb ...
verify	Run npx playwright install --with-deps chromium firefox webkit	2026-10-09T03:41:28.3563498Z Unpacking libxml2-dev:amd64 (2.9.14+dfsg-1.3ubuntu3.10) over (2.9.14+dfsg-1.3ubuntu3.9) ...
verify	Run npx playwright install --with-deps chromium firefox webkit	2026-10-09T03:41:28.4259086Z Preparing to unpack .../002-libxml2_2.9.14+dfsg-1.3ubuntu3.10_amd64.deb ...
verify	Run npx playwright install --with-deps chromium firefox webkit	2026-10-09T03:41:28.4326571Z Unpacking libxml2:amd64 (2.9.14+dfsg-1.3ubuntu3.10) over (2.9.14+dfsg-1.3ubuntu3.9) ...
verify	Run npx playwright install --with-deps chromium firefox webkit	2026-10-09T03:41:28.4748811Z Preparing to unpack .../003-libpng16-16t64_1.6.43-5ubuntu0.7_amd64.deb ...
verify	Run npx playwright install --with-deps chromium firefox webkit	2026-10-09T03:41:28.4770262Z Unpacking libpng16-16t64:amd64 (1.6.43-5ubuntu0.7) over (1.6.43-5ubuntu0.6) ...
verify	Run npx playwright install --with-deps chromium firefox webkit	2026-10-09T03:41:28.5042811Z Selecting previously unselected package fonts-freefont-ttf.
verify	Run npx playwright install --with-deps chromium firefox webkit	2026-10-09T03:41:28.5172537Z Preparing to unpack .../004-fonts-freefont-ttf_20211204+svn4273-2_all.deb ...
verify	Run npx playwright install --with-deps chromium firefox webkit	2026-10-09T03:41:28.5182279Z Unpacking fonts-freefont-ttf (20211204+svn4273-2) ...
verify	Run npx playwright install --with-deps chromium firefox webkit	2026-10-09T03:41:28.5926397Z Selecting previously unselected package fonts-tlwg-loma-otf.
verify	Run npx playwright install --with-deps chromium firefox webkit	2026-10-09T03:41:28.6051530Z Preparing to unpack .../005-fonts-tlwg-loma-otf_1%3a0.7.3-1_all.deb ...
verify	Run npx playwright install --with-deps chromium firefox webkit	2026-10-09T03:41:28.6058845Z Unpacking fonts-tlwg-loma-otf (1:0.7.3-1) ...
verify	Run npx playwright install --with-deps chromium firefox webkit	2026-10-09T03:41:28.6279267Z Selecting previously unselected package fonts-unifont.
verify	Run npx playwright install --with-deps chromium firefox webkit	2026-10-09T03:41:28.6403589Z Preparing to unpack .../006-fonts-unifont_1%3a15.1.01-1build1_all.deb ...
verify	Run npx playwright install --with-deps chromium firefox webkit	2026-10-09T03:41:28.6410959Z Unpacking fonts-unifont (1:15.1.01-1build1) ...
verify	Run npx playwright install --with-deps chromium firefox webkit	2026-10-09T03:41:28.7421636Z Selecting previously unselected package fonts-wqy-zenhei.
verify	Run npx playwright install --with-deps chromium firefox webkit	2026-10-09T03:41:28.7547798Z Preparing to unpack .../007-fonts-wqy-zenhei_0.9.45-8_all.deb ...
verify	Run npx playwright install --with-deps chromium firefox webkit	2026-10-09T03:41:28.7647897Z Unpacking fonts-wqy-zenhei (0.9.45-8) ...
verify	Run npx playwright install --with-deps chromium firefox webkit	2026-10-09T03:41:29.2390742Z Selecting previously unselected package libproxy1v5:amd64.
verify	Run npx playwright install --with-deps chromium firefox webkit	2026-10-09T03:41:29.2515922Z Preparing to unpack .../008-libproxy1v5_0.5.4-4build1_amd64.deb ...
verify	Run npx playwright install --with-deps chromium firefox webkit	2026-10-09T03:41:29.2527051Z Unpacking libproxy1v5:amd64 (0.5.4-4build1) ...
verify	Run npx playwright install --with-deps chromium firefox webkit	2026-10-09T03:41:29.2714292Z Selecting previously unselected package glib-networking-common.
verify	Run npx playwright install --with-deps chromium firefox webkit	2026-10-09T03:41:29.2836516Z Preparing to unpack .../009-glib-networking-common_2.80.0-1build1_all.deb ...
verify	Run npx playwright install --with-deps chromium firefox webkit	2026-10-09T03:41:29.2843237Z Unpacking glib-networking-common (2.80.0-1build1) ...
verify	Run npx playwright install --with-deps chromium firefox webkit	2026-10-09T03:41:29.3018229Z Selecting previously unselected package glib-networking-services.
verify	Run npx playwright install --with-deps chromium firefox webkit	2026-10-09T03:41:29.3136761Z Preparing to unpack .../010-glib-networking-services_2.80.0-1build1_amd64.deb ...
verify	Run npx playwright install --with-deps chromium firefox webkit	2026-10-09T03:41:29.3143183Z Unpacking glib-networking-services (2.80.0-1build1) ...
verify	Run npx playwright install --with-deps chromium firefox webkit	2026-10-09T03:41:29.3330315Z Selecting previously unselected package session-migration.
verify	Run npx playwright install --with-deps chromium firefox webkit	2026-10-09T03:41:29.3449925Z Preparing to unpack .../011-session-migration_0.3.9build1_amd64.deb ...
verify	Run npx playwright install --with-deps chromium firefox webkit	2026-10-09T03:41:29.3456071Z Unpacking session-migration (0.3.9build1) ...
verify	Run npx playwright install --with-deps chromium firefox webkit	2026-10-09T03:41:29.3659330Z Selecting previously unselected package gsettings-desktop-schemas.
verify	Run npx playwright install --with-deps chromium firefox webkit	2026-10-09T03:41:29.3780866Z Preparing to unpack .../012-gsettings-desktop-schemas_46.1-0ubuntu1_all.deb ...
verify	Run npx playwright install --with-deps chromium firefox webkit	2026-10-09T03:41:29.3787635Z Unpacking gsettings-desktop-schemas (46.1-0ubuntu1) ...
verify	Run npx playwright install --with-deps chromium firefox webkit	2026-10-09T03:41:29.4118215Z Selecting previously unselected package glib-networking:amd64.
verify	Run npx playwright install --with-deps chromium firefox webkit	2026-10-09T03:41:29.4247193Z Preparing to unpack .../013-glib-networking_2.80.0-1build1_amd64.deb ...
verify	Run npx playwright install --with-deps chromium firefox webkit	2026-10-09T03:41:29.4252990Z Unpacking glib-networking:amd64 (2.80.0-1build1) ...
verify	Run npx playwright install --with-deps chromium firefox webkit	2026-10-09T03:41:29.4456907Z Selecting previously unselected package libva2:amd64.
verify	Run npx playwright install --with-deps chromium firefox webkit	2026-10-09T03:41:29.4577622Z Preparing to unpack .../014-libva2_2.20.0-2ubuntu0.2_amd64.deb ...
verify	Run npx playwright install --with-deps chromium firefox webkit	2026-10-09T03:41:29.4584333Z Unpacking libva2:amd64 (2.20.0-2ubuntu0.2) ...
verify	Run npx playwright install --with-deps chromium firefox webkit	2026-10-09T03:41:29.4784165Z Selecting previously unselected package libva-drm2:amd64.
verify	Run npx playwright install --with-deps chromium firefox webkit	2026-10-09T03:41:29.4906836Z Preparing to unpack .../015-libva-drm2_2.20.0-2ubuntu0.2_amd64.deb ...
verify	Run npx playwright install --with-deps chromium firefox webkit	2026-10-09T03:41:29.4914220Z Unpacking libva-drm2:amd64 (2.20.0-2ubuntu0.2) ...
verify	Run npx playwright install --with-deps chromium firefox webkit	2026-10-09T03:41:29.5152040Z Selecting previously unselected package libva-x11-2:amd64.
verify	Run npx playwright install --with-deps chromium firefox webkit	2026-10-09T03:41:29.5277081Z Preparing to unpack .../016-libva-x11-2_2.20.0-2ubuntu0.2_amd64.deb ...
verify	Run npx playwright install --with-deps chromium firefox webkit	2026-10-09T03:41:29.5284453Z Unpacking libva-x11-2:amd64 (2.20.0-2ubuntu0.2) ...
verify	Run npx playwright install --with-deps chromium firefox webkit	2026-10-09T03:41:29.5475862Z Selecting previously unselected package libvdpau1:amd64.
verify	Run npx playwright install --with-deps chromium firefox webkit	2026-10-09T03:41:29.5598768Z Preparing to unpack .../017-libvdpau1_1.5-2build1_amd64.deb ...
verify	Run npx playwright install --with-deps chromium firefox webkit	2026-10-09T03:41:29.5606826Z Unpacking libvdpau1:amd64 (1.5-2build1) ...
verify	Run npx playwright install --with-deps chromium firefox webkit	2026-10-09T03:41:29.5806576Z Selecting previously unselected package libvpl2.
verify	Run npx playwright install --with-deps chromium firefox webkit	2026-10-09T03:41:29.5929930Z Preparing to unpack .../018-libvpl2_2023.3.0-1build1_amd64.deb ...
verify	Run npx playwright install --with-deps chromium firefox webkit	2026-10-09T03:41:29.5936698Z Unpacking libvpl2 (2023.3.0-1build1) ...
verify	Run npx playwright install --with-deps chromium firefox webkit	2026-10-09T03:41:29.6145051Z Selecting previously unselected package ocl-icd-libopencl1:amd64.
verify	Run npx playwright install --with-deps chromium firefox webkit	2026-10-09T03:41:29.6267961Z Preparing to unpack .../019-ocl-icd-libopencl1_2.3.2-1build1_amd64.deb ...
verify	Run npx playwright install --with-deps chromium firefox webkit	2026-10-09T03:41:29.6284013Z Unpacking ocl-icd-libopencl1:amd64 (2.3.2-1build1) ...
verify	Run npx playwright install --with-deps chromium firefox webkit	2026-10-09T03:41:29.6490237Z Selecting previously unselected package libavutil58:amd64.
verify	Run npx playwright install --with-deps chromium firefox webkit	2026-10-09T03:41:29.6612656Z Preparing to unpack .../020-libavutil58_7%3a6.1.1-3ubuntu5_amd64.deb ...
verify	Run npx playwright install --with-deps chromium firefox webkit	2026-10-09T03:41:29.6619932Z Unpacking libavutil58:amd64 (7:6.1.1-3ubuntu5) ...
verify	Run npx playwright install --with-deps chromium firefox webkit	2026-10-09T03:41:29.6871024Z Selecting previously unselected package libcodec2-1.2:amd64.
verify	Run npx playwright install --with-deps chromium firefox webkit	2026-10-09T03:41:29.6992675Z Preparing to unpack .../021-libcodec2-1.2_1.2.0-2build1_amd64.deb ...
verify	Run npx playwright install --with-deps chromium firefox webkit	2026-10-09T03:41:29.7005345Z Unpacking libcodec2-1.2:amd64 (1.2.0-2build1) ...
verify	Run npx playwright install --with-deps chromium firefox webkit	2026-10-09T03:41:29.7716517Z Selecting previously unselected package libdav1d7:amd64.
verify	Run npx playwright install --with-deps chromium firefox webkit	2026-10-09T03:41:29.7843389Z Preparing to unpack .../022-libdav1d7_1.4.1-1build1_amd64.deb ...
verify	Run npx playwright install --with-deps chromium firefox webkit	2026-10-09T03:41:29.7850934Z Unpacking libdav1d7:amd64 (1.4.1-1build1) ...
verify	Run npx playwright install --with-deps chromium firefox webkit	2026-10-09T03:41:29.8104841Z Selecting previously unselected package libgsm1:amd64.
verify	Run npx playwright install --with-deps chromium firefox webkit	2026-10-09T03:41:29.8229800Z Preparing to unpack .../023-libgsm1_1.0.22-1build1_amd64.deb ...
verify	Run npx playwright install --with-deps chromium firefox webkit	2026-10-09T03:41:29.8236796Z Unpacking libgsm1:amd64 (1.0.22-1build1) ...
verify	Run npx playwright install --with-deps chromium firefox webkit	2026-10-09T03:41:29.8444325Z Selecting previously unselected package libhwy1t64:amd64.
verify	Run npx playwright install --with-deps chromium firefox webkit	2026-10-09T03:41:29.8569355Z Preparing to unpack .../024-libhwy1t64_1.0.7-8.1build1_amd64.deb ...
verify	Run npx playwright install --with-deps chromium firefox webkit	2026-10-09T03:41:29.8576435Z Unpacking libhwy1t64:amd64 (1.0.7-8.1build1) ...
verify	Run npx playwright install --with-deps chromium firefox webkit	2026-10-09T03:41:29.8870674Z Selecting previously unselected package libjxl0.7:amd64.
verify	Run npx playwright install --with-deps chromium firefox webkit	2026-10-09T03:41:29.8995870Z Preparing to unpack .../025-libjxl0.7_0.7.0-10.2ubuntu6.1_amd64.deb ...
verify	Run npx playwright install --with-deps chromium firefox webkit	2026-10-09T03:41:29.9002602Z Unpacking libjxl0.7:amd64 (0.7.0-10.2ubuntu6.1) ...
verify	Run npx playwright install --with-deps chromium firefox webkit	2026-10-09T03:41:29.9331737Z Selecting previously unselected package libmp3lame0:amd64.
verify	Run npx playwright install --with-deps chromium firefox webkit	2026-10-09T03:41:29.9457002Z Preparing to unpack .../026-libmp3lame0_3.100-6build1_amd64.deb ...
verify	Run npx playwright install --with-deps chromium firefox webkit	2026-10-09T03:41:29.9464526Z Unpacking libmp3lame0:amd64 (3.100-6build1) ...
verify	Run npx playwright install --with-deps chromium firefox webkit	2026-10-09T03:41:29.9691533Z Selecting previously unselected package libopus0:amd64.
verify	Run npx playwright install --with-deps chromium firefox webkit	2026-10-09T03:41:29.9815900Z Preparing to unpack .../027-libopus0_1.4-1build1_amd64.deb ...
verify	Run npx playwright install --with-deps chromium firefox webkit	2026-10-09T03:41:29.9823557Z Unpacking libopus0:amd64 (1.4-1build1) ...
verify	Run npx playwright install --with-deps chromium firefox webkit	2026-10-09T03:41:30.0033613Z Selecting previously unselected package librav1e0:amd64.
verify	Run npx playwright install --with-deps chromium firefox webkit	2026-10-09T03:41:30.0155069Z Preparing to unpack .../028-librav1e0_0.7.1-2_amd64.deb ...
verify	Run npx playwright install --with-deps chromium firefox webkit	2026-10-09T03:41:30.0162124Z Unpacking librav1e0:amd64 (0.7.1-2) ...
verify	Run npx playwright install --with-deps chromium firefox webkit	2026-10-09T03:41:30.0475090Z Selecting previously unselected package librsvg2-2:amd64.
verify	Run npx playwright install --with-deps chromium firefox webkit	2026-10-09T03:41:30.0599798Z Preparing to unpack .../029-librsvg2-2_2.58.0+dfsg-1ubuntu0.1_amd64.deb ...
verify	Run npx playwright install --with-deps chromium firefox webkit	2026-10-09T03:41:30.0606962Z Unpacking librsvg2-2:amd64 (2.58.0+dfsg-1ubuntu0.1) ...
verify	Run npx playwright install --with-deps chromium firefox webkit	2026-10-09T03:41:30.1048855Z Selecting previously unselected package libshine3:amd64.
verify	Run npx playwright install --with-deps chromium firefox webkit	2026-10-09T03:41:30.1174430Z Preparing to unpack .../030-libshine3_3.1.1-2build1_amd64.deb ...
verify	Run npx playwright install --with-deps chromium firefox webkit	2026-10-09T03:41:30.1181465Z Unpacking libshine3:amd64 (3.1.1-2build1) ...
verify	Run npx playwright install --with-deps chromium firefox webkit	2026-10-09T03:41:30.1373605Z Selecting previously unselected package libspeex1:amd64.
verify	Run npx playwright install --with-deps chromium firefox webkit	2026-10-09T03:41:30.1498024Z Preparing to unpack .../031-libspeex1_1.2.1-2ubuntu2.24.04.1_amd64.deb ...
verify	Run npx playwright install --with-deps chromium firefox webkit	2026-10-09T03:41:30.1505124Z Unpacking libspeex1:amd64 (1.2.1-2ubuntu2.24.04.1) ...
verify	Run npx playwright install --with-deps chromium firefox webkit	2026-10-09T03:41:30.1698999Z Selecting previously unselected package libsvtav1enc1d1:amd64.
verify	Run npx playwright install --with-deps chromium firefox webkit	2026-10-09T03:41:30.1822518Z Preparing to unpack .../032-libsvtav1enc1d1_1.7.0+dfsg-2build1_amd64.deb ...
verify	Run npx playwright install --with-deps chromium firefox webkit	2026-10-09T03:41:30.1829634Z Unpacking libsvtav1enc1d1:amd64 (1.7.0+dfsg-2build1) ...
verify	Run npx playwright install --with-deps chromium firefox webkit	2026-10-09T03:41:30.2286143Z Selecting previously unselected package libsoxr0:amd64.
verify	Run npx playwright install --with-deps chromium firefox webkit	2026-10-09T03:41:30.2411091Z Preparing to unpack .../033-libsoxr0_0.1.3-4build3_amd64.deb ...
verify	Run npx playwright install --with-deps chromium firefox webkit	2026-10-09T03:41:30.2418735Z Unpacking libsoxr0:amd64 (0.1.3-4build3) ...
verify	Run npx playwright install --with-deps chromium firefox webkit	2026-10-09T03:41:30.2621426Z Selecting previously unselected package libswresample4:amd64.
verify	Run npx playwright install --with-deps chromium firefox webkit	2026-10-09T03:41:30.2747621Z Preparing to unpack .../034-libswresample4_7%3a6.1.1-3ubuntu5_amd64.deb ...
verify	Run npx playwright install --with-deps chromium firefox webkit	2026-10-09T03:41:30.2755143Z Unpacking libswresample4:amd64 (7:6.1.1-3ubuntu5) ...
verify	Run npx playwright install --with-deps chromium firefox webkit	2026-10-09T03:41:30.2982692Z Selecting previously unselected package libtheora0:amd64.
verify	Run npx playwright install --with-deps chromium firefox webkit	2026-10-09T03:41:30.3104990Z Preparing to unpack .../035-libtheora0_1.1.1+dfsg.1-16.1build3_amd64.deb ...
verify	Run npx playwright install --with-deps chromium firefox webkit	2026-10-09T03:41:30.3111614Z Unpacking libtheora0:amd64 (1.1.1+dfsg.1-16.1build3) ...
verify	Run npx playwright install --with-deps chromium firefox webkit	2026-10-09T03:41:30.3334950Z Selecting previously unselected package libtwolame0:amd64.
verify	Run npx playwright install --with-deps chromium firefox webkit	2026-10-09T03:41:30.3454444Z Preparing to unpack .../036-libtwolame0_0.4.0-2build3_amd64.deb ...
verify	Run npx playwright install --with-deps chromium firefox webkit	2026-10-09T03:41:30.3463841Z Unpacking libtwolame0:amd64 (0.4.0-2build3) ...
verify	Run npx playwright install --with-deps chromium firefox webkit	2026-10-09T03:41:30.3663224Z Selecting previously unselected package libvorbisenc2:amd64.
verify	Run npx playwright install --with-deps chromium firefox webkit	2026-10-09T03:41:30.3788398Z Preparing to unpack .../037-libvorbisenc2_1.3.7-1build3_amd64.deb ...
verify	Run npx playwright install --with-deps chromium firefox webkit	2026-10-09T03:41:30.3795157Z Unpacking libvorbisenc2:amd64 (1.3.7-1build3) ...
verify	Run npx playwright install --with-deps chromium firefox webkit	2026-10-09T03:41:30.4008897Z Selecting previously unselected package libvpx9:amd64.
verify	Run npx playwright install --with-deps chromium firefox webkit	2026-10-09T03:41:30.4132924Z Preparing to unpack .../038-libvpx9_1.14.0-1ubuntu2.3_amd64.deb ...
verify	Run npx playwright install --with-deps chromium firefox webkit	2026-10-09T03:41:30.4139912Z Unpacking libvpx9:amd64 (1.14.0-1ubuntu2.3) ...
verify	Run npx playwright install --with-deps chromium firefox webkit	2026-10-09T03:41:30.4448164Z Selecting previously unselected package libx264-164:amd64.
verify	Run npx playwright install --with-deps chromium firefox webkit	2026-10-09T03:41:30.4573629Z Preparing to unpack .../039-libx264-164_2%3a0.164.3108+git31e19f9-1_amd64.deb ...
verify	Run npx playwright install --with-deps chromium firefox webkit	2026-10-09T03:41:30.4580845Z Unpacking libx264-164:amd64 (2:0.164.3108+git31e19f9-1) ...
verify	Run npx playwright install --with-deps chromium firefox webkit	2026-10-09T03:41:30.4844842Z Selecting previously unselected package libx265-199:amd64.
verify	Run npx playwright install --with-deps chromium firefox webkit	2026-10-09T03:41:30.4970019Z Preparing to unpack .../040-libx265-199_3.5-2build1_amd64.deb ...
verify	Run npx playwright install --with-deps chromium firefox webkit	2026-10-09T03:41:30.4977893Z Unpacking libx265-199:amd64 (3.5-2build1) ...
verify	Run npx playwright install --with-deps chromium firefox webkit	2026-10-09T03:41:30.5607776Z Selecting previously unselected package libxvidcore4:amd64.
verify	Run npx playwright install --with-deps chromium firefox webkit	2026-10-09T03:41:30.5734219Z Preparing to unpack .../041-libxvidcore4_2%3a1.3.7-1build1_amd64.deb ...
verify	Run npx playwright install --with-deps chromium firefox webkit	2026-10-09T03:41:30.5741686Z Unpacking libxvidcore4:amd64 (2:1.3.7-1build1) ...
verify	Run npx playwright install --with-deps chromium firefox webkit	2026-10-09T03:41:30.5953898Z Selecting previously unselected package libzvbi-common.
verify	Run npx playwright install --with-deps chromium firefox webkit	2026-10-09T03:41:30.6079741Z Preparing to unpack .../042-libzvbi-common_0.2.42-2_all.deb ...
verify	Run npx playwright install --with-deps chromium firefox webkit	2026-10-09T03:41:30.6086537Z Unpacking libzvbi-common (0.2.42-2) ...
verify	Run npx playwright install --with-deps chromium firefox webkit	2026-10-09T03:41:30.6621756Z Selecting previously unselected package libzvbi0t64:amd64.
verify	Run npx playwright install --with-deps chromium firefox webkit	2026-10-09T03:41:30.6745028Z Preparing to unpack .../043-libzvbi0t64_0.2.42-2_amd64.deb ...
verify	Run npx playwright install --with-deps chromium firefox webkit	2026-10-09T03:41:30.6752305Z Unpacking libzvbi0t64:amd64 (0.2.42-2) ...
verify	Run npx playwright install --with-deps chromium firefox webkit	2026-10-09T03:41:30.6978269Z Selecting previously unselected package libavcodec60:amd64.
verify	Run npx playwright install --with-deps chromium firefox webkit	2026-10-09T03:41:30.7103529Z Preparing to unpack .../044-libavcodec60_7%3a6.1.1-3ubuntu5_amd64.deb ...
verify	Run npx playwright install --with-deps chromium firefox webkit	2026-10-09T03:41:30.7111059Z Unpacking libavcodec60:amd64 (7:6.1.1-3ubuntu5) ...
verify	Run npx playwright install --with-deps chromium firefox webkit	2026-10-09T03:41:30.8063404Z Preparing to unpack .../045-libfreetype6_2.13.2+dfsg-1ubuntu0.2_amd64.deb ...
verify	Run npx playwright install --with-deps chromium firefox webkit	2026-10-09T03:41:30.8086047Z Unpacking libfreetype6:amd64 (2.13.2+dfsg-1ubuntu0.2) over (2.13.2+dfsg-1ubuntu0.1) ...
verify	Run npx playwright install --with-deps chromium firefox webkit	2026-10-09T03:41:30.8339046Z Selecting previously unselected package libunibreak5:amd64.
verify	Run npx playwright install --with-deps chromium firefox webkit	2026-10-09T03:41:30.8465225Z Preparing to unpack .../046-libunibreak5_5.1-2build1_amd64.deb ...
verify	Run npx playwright install --with-deps chromium firefox webkit	2026-10-09T03:41:30.8473848Z Unpacking libunibreak5:amd64 (5.1-2build1) ...
verify	Run npx playwright install --with-deps chromium firefox webkit	2026-10-09T03:41:30.8679223Z Selecting previously unselected package libass9:amd64.
verify	Run npx playwright install --with-deps chromium firefox webkit	2026-10-09T03:41:30.8804082Z Preparing to unpack .../047-libass9_1%3a0.17.1-2build1_amd64.deb ...
verify	Run npx playwright install --with-deps chromium firefox webkit	2026-10-09T03:41:30.8811676Z Unpacking libass9:amd64 (1:0.17.1-2build1) ...
verify	Run npx playwright install --with-deps chromium firefox webkit	2026-10-09T03:41:30.9021057Z Selecting previously unselected package libudfread0:amd64.
verify	Run npx playwright install --with-deps chromium firefox webkit	2026-10-09T03:41:30.9146391Z Preparing to unpack .../048-libudfread0_1.1.2-1build1_amd64.deb ...
verify	Run npx playwright install --with-deps chromium firefox webkit	2026-10-09T03:41:30.9155228Z Unpacking libudfread0:amd64 (1.1.2-1build1) ...
verify	Run npx playwright install --with-deps chromium firefox webkit	2026-10-09T03:41:30.9363667Z Selecting previously unselected package libbluray2:amd64.
verify	Run npx playwright install --with-deps chromium firefox webkit	2026-10-09T03:41:30.9488921Z Preparing to unpack .../049-libbluray2_1%3a1.3.4-1build1_amd64.deb ...
verify	Run npx playwright install --with-deps chromium firefox webkit	2026-10-09T03:41:30.9497394Z Unpacking libbluray2:amd64 (1:1.3.4-1build1) ...
verify	Run npx playwright install --with-deps chromium firefox webkit	2026-10-09T03:41:30.9703119Z Selecting previously unselected package libchromaprint1:amd64.
verify	Run npx playwright install --with-deps chromium firefox webkit	2026-10-09T03:41:30.9826016Z Preparing to unpack .../050-libchromaprint1_1.5.1-5_amd64.deb ...
verify	Run npx playwright install --with-deps chromium firefox webkit	2026-10-09T03:41:30.9832397Z Unpacking libchromaprint1:amd64 (1.5.1-5) ...
verify	Run npx playwright install --with-deps chromium firefox webkit	2026-10-09T03:41:31.0024365Z Selecting previously unselected package libgme0:amd64.
verify	Run npx playwright install --with-deps chromium firefox webkit	2026-10-09T03:41:31.0144247Z Preparing to unpack .../051-libgme0_0.6.3-7build1_amd64.deb ...
verify	Run npx playwright install --with-deps chromium firefox webkit	2026-10-09T03:41:31.0151206Z Unpacking libgme0:amd64 (0.6.3-7build1) ...
verify	Run npx playwright install --with-deps chromium firefox webkit	2026-10-09T03:41:31.0357249Z Selecting previously unselected package libmpg123-0t64:amd64.
verify	Run npx playwright install --with-deps chromium firefox webkit	2026-10-09T03:41:31.0479209Z Preparing to unpack .../052-libmpg123-0t64_1.32.5-1ubuntu1.1_amd64.deb ...
verify	Run npx playwright install --with-deps chromium firefox webkit	2026-10-09T03:41:31.0486736Z Unpacking libmpg123-0t64:amd64 (1.32.5-1ubuntu1.1) ...
verify	Run npx playwright install --with-deps chromium firefox webkit	2026-10-09T03:41:31.0741369Z Selecting previously unselected package libopenmpt0t64:amd64.
verify	Run npx playwright install --with-deps chromium firefox webkit	2026-10-09T03:41:31.0864558Z Preparing to unpack .../053-libopenmpt0t64_0.7.3-1.1build3_amd64.deb ...
verify	Run npx playwright install --with-deps chromium firefox webkit	2026-10-09T03:41:31.0871042Z Unpacking libopenmpt0t64:amd64 (0.7.3-1.1build3) ...
verify	Run npx playwright install --with-deps chromium firefox webkit	2026-10-09T03:41:31.1127554Z Selecting previously unselected package libcjson1:amd64.
verify	Run npx playwright install --with-deps chromium firefox webkit	2026-10-09T03:41:31.1256116Z Preparing to unpack .../054-libcjson1_1.7.17-1_amd64.deb ...
verify	Run npx playwright install --with-deps chromium firefox webkit	2026-10-09T03:41:31.1263518Z Unpacking libcjson1:amd64 (1.7.17-1) ...
verify	Run npx playwright install --with-deps chromium firefox webkit	2026-10-09T03:41:31.1457899Z Selecting previously unselected package libmbedcrypto7t64:amd64.
verify	Run npx playwright install --with-deps chromium firefox webkit	2026-10-09T03:41:31.1580248Z Preparing to unpack .../055-libmbedcrypto7t64_2.28.8-1_amd64.deb ...
verify	Run npx playwright install --with-deps chromium firefox webkit	2026-10-09T03:41:31.1587289Z Unpacking libmbedcrypto7t64:amd64 (2.28.8-1) ...
verify	Run npx playwright install --with-deps chromium firefox webkit	2026-10-09T03:41:31.1829170Z Selecting previously unselected package librist4:amd64.
verify	Run npx playwright install --with-deps chromium firefox webkit	2026-10-09T03:41:31.1950619Z Preparing to unpack .../056-librist4_0.2.10+dfsg-2_amd64.deb ...
verify	Run npx playwright install --with-deps chromium firefox webkit	2026-10-09T03:41:31.1957057Z Unpacking librist4:amd64 (0.2.10+dfsg-2) ...
verify	Run npx playwright install --with-deps chromium firefox webkit	2026-10-09T03:41:31.2147358Z Selecting previously unselected package libsrt1.5-gnutls:amd64.
verify	Run npx playwright install --with-deps chromium firefox webkit	2026-10-09T03:41:31.2267531Z Preparing to unpack .../057-libsrt1.5-gnutls_1.5.3-1build2_amd64.deb ...
verify	Run npx playwright install --with-deps chromium firefox webkit	2026-10-09T03:41:31.2274625Z Unpacking libsrt1.5-gnutls:amd64 (1.5.3-1build2) ...
verify	Run npx playwright install --with-deps chromium firefox webkit	2026-10-09T03:41:31.2507471Z Selecting previously unselected package libssh-gcrypt-4:amd64.
verify	Run npx playwright install --with-deps chromium firefox webkit	2026-10-09T03:41:31.2633236Z Preparing to unpack .../058-libssh-gcrypt-4_0.10.6-2ubuntu0.5_amd64.deb ...
verify	Run npx playwright install --with-deps chromium firefox webkit	2026-10-09T03:41:31.2641219Z Unpacking libssh-gcrypt-4:amd64 (0.10.6-2ubuntu0.5) ...
verify	Run npx playwright install --with-deps chromium firefox webkit	2026-10-09T03:41:31.2892113Z Selecting previously unselected package libavformat60:amd64.
verify	Run npx playwright install --with-deps chromium firefox webkit	2026-10-09T03:41:31.3016217Z Preparing to unpack .../059-libavformat60_7%3a6.1.1-3ubuntu5_amd64.deb ...
verify	Run npx playwright install --with-deps chromium firefox webkit	2026-10-09T03:41:31.3024879Z Unpacking libavformat60:amd64 (7:6.1.1-3ubuntu5) ...
verify	Run npx playwright install --with-deps chromium firefox webkit	2026-10-09T03:41:31.3319439Z Selecting previously unselected package libbs2b0:amd64.
verify	Run npx playwright install --with-deps chromium firefox webkit	2026-10-09T03:41:31.3442995Z Preparing to unpack .../060-libbs2b0_3.1.0+dfsg-7build1_amd64.deb ...
verify	Run npx playwright install --with-deps chromium firefox webkit	2026-10-09T03:41:31.3449705Z Unpacking libbs2b0:amd64 (3.1.0+dfsg-7build1) ...
verify	Run npx playwright install --with-deps chromium firefox webkit	2026-10-09T03:41:31.3665838Z Selecting previously unselected package libflite1:amd64.
verify	Run npx playwright install --with-deps chromium firefox webkit	2026-10-09T03:41:31.3788687Z Preparing to unpack .../061-libflite1_2.2-6build3_amd64.deb ...
verify	Run npx playwright install --with-deps chromium firefox webkit	2026-10-09T03:41:31.3795890Z Unpacking libflite1:amd64 (2.2-6build3) ...
verify	Run npx playwright install --with-deps chromium firefox webkit	2026-10-09T03:41:31.4843366Z Selecting previously unselected package libserd-0-0:amd64.
verify	Run npx playwright install --with-deps chromium firefox webkit	2026-10-09T03:41:31.4967917Z Preparing to unpack .../062-libserd-0-0_0.32.2-1_amd64.deb ...
verify	Run npx playwright install --with-deps chromium firefox webkit	2026-10-09T03:41:31.4975082Z Unpacking libserd-0-0:amd64 (0.32.2-1) ...
verify	Run npx playwright install --with-deps chromium firefox webkit	2026-10-09T03:41:31.5173480Z Selecting previously unselected package libzix-0-0:amd64.
verify	Run npx playwright install --with-deps chromium firefox webkit	2026-10-09T03:41:31.5301694Z Preparing to unpack .../063-libzix-0-0_0.4.2-2build1_amd64.deb ...
verify	Run npx playwright install --with-deps chromium firefox webkit	2026-10-09T03:41:31.5308756Z Unpacking libzix-0-0:amd64 (0.4.2-2build1) ...
verify	Run npx playwright install --with-deps chromium firefox webkit	2026-10-09T03:41:31.5500978Z Selecting previously unselected package libsord-0-0:amd64.
verify	Run npx playwright install --with-deps chromium firefox webkit	2026-10-09T03:41:31.5624875Z Preparing to unpack .../064-libsord-0-0_0.16.16-2build1_amd64.deb ...
verify	Run npx playwright install --with-deps chromium firefox webkit	2026-10-09T03:41:31.5633146Z Unpacking libsord-0-0:amd64 (0.16.16-2build1) ...
verify	Run npx playwright install --with-deps chromium firefox webkit	2026-10-09T03:41:31.5826032Z Selecting previously unselected package libsratom-0-0:amd64.
verify	Run npx playwright install --with-deps chromium firefox webkit	2026-10-09T03:41:31.5949069Z Preparing to unpack .../065-libsratom-0-0_0.6.16-1build1_amd64.deb ...
verify	Run npx playwright install --with-deps chromium firefox webkit	2026-10-09T03:41:31.5957264Z Unpacking libsratom-0-0:amd64 (0.6.16-1build1) ...
verify	Run npx playwright install --with-deps chromium firefox webkit	2026-10-09T03:41:31.6157174Z Selecting previously unselected package liblilv-0-0:amd64.
verify	Run npx playwright install --with-deps chromium firefox webkit	2026-10-09T03:41:31.6280078Z Preparing to unpack .../066-liblilv-0-0_0.24.22-1build1_amd64.deb ...
verify	Run npx playwright install --with-deps chromium firefox webkit	2026-10-09T03:41:31.6288758Z Unpacking liblilv-0-0:amd64 (0.24.22-1build1) ...
verify	Run npx playwright install --with-deps chromium firefox webkit	2026-10-09T03:41:31.6487732Z Selecting previously unselected package libmysofa1:amd64.
verify	Run npx playwright install --with-deps chromium firefox webkit	2026-10-09T03:41:31.6611161Z Preparing to unpack .../067-libmysofa1_1.3.2+dfsg-2ubuntu2_amd64.deb ...
verify	Run npx playwright install --with-deps chromium firefox webkit	2026-10-09T03:41:31.6619031Z Unpacking libmysofa1:amd64 (1.3.2+dfsg-2ubuntu2) ...
verify	Run npx playwright install --with-deps chromium firefox webkit	2026-10-09T03:41:31.6852687Z Selecting previously unselected package libplacebo338:amd64.
verify	Run npx playwright install --with-deps chromium firefox webkit	2026-10-09T03:41:31.6975970Z Preparing to unpack .../068-libplacebo338_6.338.2-2build1_amd64.deb ...
verify	Run npx playwright install --with-deps chromium firefox webkit	2026-10-09T03:41:31.6984494Z Unpacking libplacebo338:amd64 (6.338.2-2build1) ...
verify	Run npx playwright install --with-deps chromium firefox webkit	2026-10-09T03:41:31.7489298Z Selecting previously unselected package libblas3:amd64.
verify	Run npx playwright install --with-deps chromium firefox webkit	2026-10-09T03:41:31.7615973Z Preparing to unpack .../069-libblas3_3.12.0-3build1.1_amd64.deb ...
verify	Run npx playwright install --with-deps chromium firefox webkit	2026-10-09T03:41:31.7645555Z Unpacking libblas3:amd64 (3.12.0-3build1.1) ...
verify	Run npx playwright install --with-deps chromium firefox webkit	2026-10-09T03:41:31.7875913Z Selecting previously unselected package liblapack3:amd64.
verify	Run npx playwright install --with-deps chromium firefox webkit	2026-10-09T03:41:31.8000285Z Preparing to unpack .../070-liblapack3_3.12.0-3build1.1_amd64.deb ...
verify	Run npx playwright install --with-deps chromium firefox webkit	2026-10-09T03:41:31.8029412Z Unpacking liblapack3:amd64 (3.12.0-3build1.1) ...
verify	Run npx playwright install --with-deps chromium firefox webkit	2026-10-09T03:41:31.8490174Z Selecting previously unselected package libasyncns0:amd64.
verify	Run npx playwright install --with-deps chromium firefox webkit	2026-10-09T03:41:31.8615708Z Preparing to unpack .../071-libasyncns0_0.8-6build4_amd64.deb ...
verify	Run npx playwright install --with-deps chromium firefox webkit	2026-10-09T03:41:31.8622709Z Unpacking libasyncns0:amd64 (0.8-6build4) ...
verify	Run npx playwright install --with-deps chromium firefox webkit	2026-10-09T03:41:31.8817734Z Selecting previously unselected package libflac12t64:amd64.
verify	Run npx playwright install --with-deps chromium firefox webkit	2026-10-09T03:41:31.8943101Z Preparing to unpack .../072-libflac12t64_1.4.3+ds-2.1ubuntu2_amd64.deb ...
verify	Run npx playwright install --with-deps chromium firefox webkit	2026-10-09T03:41:31.8950313Z Unpacking libflac12t64:amd64 (1.4.3+ds-2.1ubuntu2) ...
verify	Run npx playwright install --with-deps chromium firefox webkit	2026-10-09T03:41:31.9171408Z Selecting previously unselected package libsndfile1:amd64.
verify	Run npx playwright install --with-deps chromium firefox webkit	2026-10-09T03:41:31.9297362Z Preparing to unpack .../073-libsndfile1_1.2.2-1ubuntu5.24.04.1_amd64.deb ...
verify	Run npx playwright install --with-deps chromium firefox webkit	2026-10-09T03:41:31.9305055Z Unpacking libsndfile1:amd64 (1.2.2-1ubuntu5.24.04.1) ...
verify	Run npx playwright install --with-deps chromium firefox webkit	2026-10-09T03:41:31.9541789Z Selecting previously unselected package libpulse0:amd64.
verify	Run npx playwright install --with-deps chromium firefox webkit	2026-10-09T03:41:31.9665763Z Preparing to unpack .../074-libpulse0_1%3a16.1+dfsg1-2ubuntu10.1_amd64.deb ...
verify	Run npx playwright install --with-deps chromium firefox webkit	2026-10-09T03:41:31.9728668Z Unpacking libpulse0:amd64 (1:16.1+dfsg1-2ubuntu10.1) ...
verify	Run npx playwright install --with-deps chromium firefox webkit	2026-10-09T03:41:31.9972062Z Selecting previously unselected package libsphinxbase3t64:amd64.
verify	Run npx playwright install --with-deps chromium firefox webkit	2026-10-09T03:41:32.0096309Z Preparing to unpack .../075-libsphinxbase3t64_0.8+5prealpha+1-17build2_amd64.deb ...
verify	Run npx playwright install --with-deps chromium firefox webkit	2026-10-09T03:41:32.0104267Z Unpacking libsphinxbase3t64:amd64 (0.8+5prealpha+1-17build2) ...
verify	Run npx playwright install --with-deps chromium firefox webkit	2026-10-09T03:41:32.0314556Z Selecting previously unselected package libpocketsphinx3:amd64.
verify	Run npx playwright install --with-deps chromium firefox webkit	2026-10-09T03:41:32.0437893Z Preparing to unpack .../076-libpocketsphinx3_0.8.0+real5prealpha+1-15ubuntu5_amd64.deb ...
verify	Run npx playwright install --with-deps chromium firefox webkit	2026-10-09T03:41:32.0445258Z Unpacking libpocketsphinx3:amd64 (0.8.0+real5prealpha+1-15ubuntu5) ...
verify	Run npx playwright install --with-deps chromium firefox webkit	2026-10-09T03:41:32.0658927Z Selecting previously unselected package libpostproc57:amd64.
verify	Run npx playwright install --with-deps chromium firefox webkit	2026-10-09T03:41:32.0785512Z Preparing to unpack .../077-libpostproc57_7%3a6.1.1-3ubuntu5_amd64.deb ...
verify	Run npx playwright install --with-deps chromium firefox webkit	2026-10-09T03:41:32.0793261Z Unpacking libpostproc57:amd64 (7:6.1.1-3ubuntu5) ...
verify	Run npx playwright install --with-deps chromium firefox webkit	2026-10-09T03:41:32.1230354Z Selecting previously unselected package libsamplerate0:amd64.
verify	Run npx playwright install --with-deps chromium firefox webkit	2026-10-09T03:41:32.1357952Z Preparing to unpack .../078-libsamplerate0_0.2.2-4build1_amd64.deb ...
verify	Run npx playwright install --with-deps chromium firefox webkit	2026-10-09T03:41:32.1365428Z Unpacking libsamplerate0:amd64 (0.2.2-4build1) ...
verify	Run npx playwright install --with-deps chromium firefox webkit	2026-10-09T03:41:32.1614517Z Selecting previously unselected package librubberband2:amd64.
verify	Run npx playwright install --with-deps chromium firefox webkit	2026-10-09T03:41:32.1740394Z Preparing to unpack .../079-librubberband2_3.3.0+dfsg-2build1_amd64.deb ...
verify	Run npx playwright install --with-deps chromium firefox webkit	2026-10-09T03:41:32.1748130Z Unpacking librubberband2:amd64 (3.3.0+dfsg-2build1) ...
verify	Run npx playwright install --with-deps chromium firefox webkit	2026-10-09T03:41:32.1953696Z Selecting previously unselected package libswscale7:amd64.
verify	Run npx playwright install --with-deps chromium firefox webkit	2026-10-09T03:41:32.2077019Z Preparing to unpack .../080-libswscale7_7%3a6.1.1-3ubuntu5_amd64.deb ...
verify	Run npx playwright install --with-deps chromium firefox webkit	2026-10-09T03:41:32.2084663Z Unpacking libswscale7:amd64 (7:6.1.1-3ubuntu5) ...
verify	Run npx playwright install --with-deps chromium firefox webkit	2026-10-09T03:41:32.2300361Z Selecting previously unselected package libvidstab1.1:amd64.
verify	Run npx playwright install --with-deps chromium firefox webkit	2026-10-09T03:41:32.2423524Z Preparing to unpack .../081-libvidstab1.1_1.1.0-2build1_amd64.deb ...
verify	Run npx playwright install --with-deps chromium firefox webkit	2026-10-09T03:41:32.2431016Z Unpacking libvidstab1.1:amd64 (1.1.0-2build1) ...
verify	Run npx playwright install --with-deps chromium firefox webkit	2026-10-09T03:41:32.2619584Z Selecting previously unselected package libzimg2:amd64.
verify	Run npx playwright install --with-deps chromium firefox webkit	2026-10-09T03:41:32.2739142Z Preparing to unpack .../082-libzimg2_3.0.5+ds1-1build1_amd64.deb ...
verify	Run npx playwright install --with-deps chromium firefox webkit	2026-10-09T03:41:32.2747258Z Unpacking libzimg2:amd64 (3.0.5+ds1-1build1) ...
verify	Run npx playwright install --with-deps chromium firefox webkit	2026-10-09T03:41:32.2968470Z Selecting previously unselected package libavfilter9:amd64.
verify	Run npx playwright install --with-deps chromium firefox webkit	2026-10-09T03:41:32.3088337Z Preparing to unpack .../083-libavfilter9_7%3a6.1.1-3ubuntu5_amd64.deb ...
verify	Run npx playwright install --with-deps chromium firefox webkit	2026-10-09T03:41:32.3095007Z Unpacking libavfilter9:amd64 (7:6.1.1-3ubuntu5) ...
verify	Run npx playwright install --with-deps chromium firefox webkit	2026-10-09T03:41:32.3753895Z Selecting previously unselected package liborc-0.4-0t64:amd64.
verify	Run npx playwright install --with-deps chromium firefox webkit	2026-10-09T03:41:32.3880233Z Preparing to unpack .../084-liborc-0.4-0t64_1%3a0.4.38-1ubuntu0.1_amd64.deb ...
verify	Run npx playwright install --with-deps chromium firefox webkit	2026-10-09T03:41:32.3887816Z Unpacking liborc-0.4-0t64:amd64 (1:0.4.38-1ubuntu0.1) ...
verify	Run npx playwright install --with-deps chromium firefox webkit	2026-10-09T03:41:32.4133748Z Selecting previously unselected package libgstreamer-plugins-base1.0-0:amd64.
verify	Run npx playwright install --with-deps chromium firefox webkit	2026-10-09T03:41:32.4258464Z Preparing to unpack .../085-libgstreamer-plugins-base1.0-0_1.24.2-1ubuntu0.5_amd64.deb ...
verify	Run npx playwright install --with-deps chromium firefox webkit	2026-10-09T03:41:32.4267661Z Unpacking libgstreamer-plugins-base1.0-0:amd64 (1.24.2-1ubuntu0.5) ...
verify	Run npx playwright install --with-deps chromium firefox webkit	2026-10-09T03:41:32.4569949Z Selecting previously unselected package gstreamer1.0-libav:amd64.
verify	Run npx playwright install --with-deps chromium firefox webkit	2026-10-09T03:41:32.4694475Z Preparing to unpack .../086-gstreamer1.0-libav_1.24.1-1build1_amd64.deb ...
verify	Run npx playwright install --with-deps chromium firefox webkit	2026-10-09T03:41:32.4701146Z Unpacking gstreamer1.0-libav:amd64 (1.24.1-1build1) ...
verify	Run npx playwright install --with-deps chromium firefox webkit	2026-10-09T03:41:32.4926497Z Selecting previously unselected package libcdparanoia0:amd64.
verify	Run npx playwright install --with-deps chromium firefox webkit	2026-10-09T03:41:32.5050637Z Preparing to unpack .../087-libcdparanoia0_3.10.2+debian-14build3_amd64.deb ...
verify	Run npx playwright install --with-deps chromium firefox webkit	2026-10-09T03:41:32.5058658Z Unpacking libcdparanoia0:amd64 (3.10.2+debian-14build3) ...
verify	Run npx playwright install --with-deps chromium firefox webkit	2026-10-09T03:41:32.5261535Z Selecting previously unselected package libvisual-0.4-0:amd64.
verify	Run npx playwright install --with-deps chromium firefox webkit	2026-10-09T03:41:32.5385331Z Preparing to unpack .../088-libvisual-0.4-0_0.4.2-2build1_amd64.deb ...
verify	Run npx playwright install --with-deps chromium firefox webkit	2026-10-09T03:41:32.5392128Z Unpacking libvisual-0.4-0:amd64 (0.4.2-2build1) ...
verify	Run npx playwright install --with-deps chromium firefox webkit	2026-10-09T03:41:32.5598533Z Selecting previously unselected package gstreamer1.0-plugins-base:amd64.
verify	Run npx playwright install --with-deps chromium firefox webkit	2026-10-09T03:41:32.5721596Z Preparing to unpack .../089-gstreamer1.0-plugins-base_1.24.2-1ubuntu0.5_amd64.deb ...
verify	Run npx playwright install --with-deps chromium firefox webkit	2026-10-09T03:41:32.5727786Z Unpacking gstreamer1.0-plugins-base:amd64 (1.24.2-1ubuntu0.5) ...
verify	Run npx playwright install --with-deps chromium firefox webkit	2026-10-09T03:41:32.6035854Z Selecting previously unselected package libaa1:amd64.
verify	Run npx playwright install --with-deps chromium firefox webkit	2026-10-09T03:41:32.6158736Z Preparing to unpack .../090-libaa1_1.4p5-51.1_amd64.deb ...
verify	Run npx playwright install --with-deps chromium firefox webkit	2026-10-09T03:41:32.6166066Z Unpacking libaa1:amd64 (1.4p5-51.1) ...
verify	Run npx playwright install --with-deps chromium firefox webkit	2026-10-09T03:41:32.6364328Z Selecting previously unselected package libraw1394-11:amd64.
verify	Run npx playwright install --with-deps chromium firefox webkit	2026-10-09T03:41:32.6487026Z Preparing to unpack .../091-libraw1394-11_2.1.2-2build3_amd64.deb ...
verify	Run npx playwright install --with-deps chromium firefox webkit	2026-10-09T03:41:32.6495133Z Unpacking libraw1394-11:amd64 (2.1.2-2build3) ...
verify	Run npx playwright install --with-deps chromium firefox webkit	2026-10-09T03:41:32.6685389Z Selecting previously unselected package libavc1394-0:amd64.
verify	Run npx playwright install --with-deps chromium firefox webkit	2026-10-09T03:41:32.6806895Z Preparing to unpack .../092-libavc1394-0_0.5.4-5build3_amd64.deb ...
verify	Run npx playwright install --with-deps chromium firefox webkit	2026-10-09T03:41:32.6813379Z Unpacking libavc1394-0:amd64 (0.5.4-5build3) ...
verify	Run npx playwright install --with-deps chromium firefox webkit	2026-10-09T03:41:32.7004843Z Selecting previously unselected package libcaca0:amd64.
verify	Run npx playwright install --with-deps chromium firefox webkit	2026-10-09T03:41:32.7128182Z Preparing to unpack .../093-libcaca0_0.99.beta20-4ubuntu0.2_amd64.deb ...
verify	Run npx playwright install --with-deps chromium firefox webkit	2026-10-09T03:41:32.7137822Z Unpacking libcaca0:amd64 (0.99.beta20-4ubuntu0.2) ...
verify	Run npx playwright install --with-deps chromium firefox webkit	2026-10-09T03:41:32.7371072Z Selecting previously unselected package libdv4t64:amd64.
verify	Run npx playwright install --with-deps chromium firefox webkit	2026-10-09T03:41:32.7493409Z Preparing to unpack .../094-libdv4t64_1.0.0-17.1build1_amd64.deb ...
verify	Run npx playwright install --with-deps chromium firefox webkit	2026-10-09T03:41:32.7501925Z Unpacking libdv4t64:amd64 (1.0.0-17.1build1) ...
verify	Run npx playwright install --with-deps chromium firefox webkit	2026-10-09T03:41:32.7714366Z Selecting previously unselected package libgstreamer-plugins-good1.0-0:amd64.
verify	Run npx playwright install --with-deps chromium firefox webkit	2026-10-09T03:41:32.7836319Z Preparing to unpack .../095-libgstreamer-plugins-good1.0-0_1.24.2-1ubuntu1.8_amd64.deb ...
verify	Run npx playwright install --with-deps chromium firefox webkit	2026-10-09T03:41:32.7843247Z Unpacking libgstreamer-plugins-good1.0-0:amd64 (1.24.2-1ubuntu1.8) ...
verify	Run npx playwright install --with-deps chromium firefox webkit	2026-10-09T03:41:32.8046255Z Selecting previously unselected package libiec61883-0:amd64.
verify	Run npx playwright install --with-deps chromium firefox webkit	2026-10-09T03:41:32.8166828Z Preparing to unpack .../096-libiec61883-0_1.2.0-6build1_amd64.deb ...
verify	Run npx playwright install --with-deps chromium firefox webkit	2026-10-09T03:41:32.8173721Z Unpacking libiec61883-0:amd64 (1.2.0-6build1) ...
verify	Run npx playwright install --with-deps chromium firefox webkit	2026-10-09T03:41:32.8393969Z Selecting previously unselected package libshout3:amd64.
verify	Run npx playwright install --with-deps chromium firefox webkit	2026-10-09T03:41:32.8513515Z Preparing to unpack .../097-libshout3_2.4.6-1build2_amd64.deb ...
verify	Run npx playwright install --with-deps chromium firefox webkit	2026-10-09T03:41:32.8523228Z Unpacking libshout3:amd64 (2.4.6-1build2) ...
verify	Run npx playwright install --with-deps chromium firefox webkit	2026-10-09T03:41:32.8724643Z Selecting previously unselected package libtag1v5-vanilla:amd64.
verify	Run npx playwright install --with-deps chromium firefox webkit	2026-10-09T03:41:32.8843515Z Preparing to unpack .../098-libtag1v5-vanilla_1.13.1-1build1_amd64.deb ...
verify	Run npx playwright install --with-deps chromium firefox webkit	2026-10-09T03:41:32.8850111Z Unpacking libtag1v5-vanilla:amd64 (1.13.1-1build1) ...
verify	Run npx playwright install --with-deps chromium firefox webkit	2026-10-09T03:41:32.9074460Z Selecting previously unselected package libtag1v5:amd64.
verify	Run npx playwright install --with-deps chromium firefox webkit	2026-10-09T03:41:32.9199927Z Preparing to unpack .../099-libtag1v5_1.13.1-1build1_amd64.deb ...
verify	Run npx playwright install --with-deps chromium firefox webkit	2026-10-09T03:41:32.9207287Z Unpacking libtag1v5:amd64 (1.13.1-1build1) ...
verify	Run npx playwright install --with-deps chromium firefox webkit	2026-10-09T03:41:32.9411840Z Selecting previously unselected package libv4lconvert0t64:amd64.
verify	Run npx playwright install --with-deps chromium firefox webkit	2026-10-09T03:41:32.9533221Z Preparing to unpack .../100-libv4lconvert0t64_1.26.1-4build3_amd64.deb ...
verify	Run npx playwright install --with-deps chromium firefox webkit	2026-10-09T03:41:32.9543715Z Unpacking libv4lconvert0t64:amd64 (1.26.1-4build3) ...
verify	Run npx playwright install --with-deps chromium firefox webkit	2026-10-09T03:41:32.9755929Z Selecting previously unselected package libv4l-0t64:amd64.
verify	Run npx playwright install --with-deps chromium firefox webkit	2026-10-09T03:41:32.9876565Z Preparing to unpack .../101-libv4l-0t64_1.26.1-4build3_amd64.deb ...
verify	Run npx playwright install --with-deps chromium firefox webkit	2026-10-09T03:41:32.9883622Z Unpacking libv4l-0t64:amd64 (1.26.1-4build3) ...
verify	Run npx playwright install --with-deps chromium firefox webkit	2026-10-09T03:41:33.0103804Z Selecting previously unselected package libwavpack1:amd64.
verify	Run npx playwright install --with-deps chromium firefox webkit	2026-10-09T03:41:33.0225176Z Preparing to unpack .../102-libwavpack1_5.6.0-1build1_amd64.deb ...
verify	Run npx playwright install --with-deps chromium firefox webkit	2026-10-09T03:41:33.0232004Z Unpacking libwavpack1:amd64 (5.6.0-1build1) ...
verify	Run npx playwright install --with-deps chromium firefox webkit	2026-10-09T03:41:33.0434553Z Selecting previously unselected package libsoup-3.0-common.
verify	Run npx playwright install --with-deps chromium firefox webkit	2026-10-09T03:41:33.0557850Z Preparing to unpack .../103-libsoup-3.0-common_3.4.4-5ubuntu0.9_all.deb ...
verify	Run npx playwright install --with-deps chromium firefox webkit	2026-10-09T03:41:33.0581706Z Unpacking libsoup-3.0-common (3.4.4-5ubuntu0.9) ...
verify	Run npx playwright install --with-deps chromium firefox webkit	2026-10-09T03:41:33.0776756Z Selecting previously unselected package libsoup-3.0-0:amd64.
verify	Run npx playwright install --with-deps chromium firefox webkit	2026-10-09T03:41:33.0899730Z Preparing to unpack .../104-libsoup-3.0-0_3.4.4-5ubuntu0.9_amd64.deb ...
verify	Run npx playwright install --with-deps chromium firefox webkit	2026-10-09T03:41:33.0907908Z Unpacking libsoup-3.0-0:amd64 (3.4.4-5ubuntu0.9) ...
verify	Run npx playwright install --with-deps chromium firefox webkit	2026-10-09T03:41:33.1129950Z Selecting previously unselected package gstreamer1.0-plugins-good:amd64.
verify	Run npx playwright install --with-deps chromium firefox webkit	2026-10-09T03:41:33.1253365Z Preparing to unpack .../105-gstreamer1.0-plugins-good_1.24.2-1ubuntu1.8_amd64.deb ...
verify	Run npx playwright install --with-deps chromium firefox webkit	2026-10-09T03:41:33.1260416Z Unpacking gstreamer1.0-plugins-good:amd64 (1.24.2-1ubuntu1.8) ...
verify	Run npx playwright install --with-deps chromium firefox webkit	2026-10-09T03:41:33.1796614Z Selecting previously unselected package libabsl20220623t64:amd64.
verify	Run npx playwright install --with-deps chromium firefox webkit	2026-10-09T03:41:33.1923301Z Preparing to unpack .../106-libabsl20220623t64_20220623.1-3.1ubuntu3.2_amd64.deb ...
verify	Run npx playwright install --with-deps chromium firefox webkit	2026-10-09T03:41:33.1931223Z Unpacking libabsl20220623t64:amd64 (20220623.1-3.1ubuntu3.2) ...
verify	Run npx playwright install --with-deps chromium firefox webkit	2026-10-09T03:41:33.2334873Z Selecting previously unselected package libgav1-1:amd64.
verify	Run npx playwright install --with-deps chromium firefox webkit	2026-10-09T03:41:33.2460600Z Preparing to unpack .../107-libgav1-1_0.18.0-1build3_amd64.deb ...
verify	Run npx playwright install --with-deps chromium firefox webkit	2026-10-09T03:41:33.2467568Z Unpacking libgav1-1:amd64 (0.18.0-1build3) ...
verify	Run npx playwright install --with-deps chromium firefox webkit	2026-10-09T03:41:33.2720973Z Selecting previously unselected package libyuv0:amd64.
verify	Run npx playwright install --with-deps chromium firefox webkit	2026-10-09T03:41:33.2846496Z Preparing to unpack .../108-libyuv0_0.0~git202401110.af6ac82-1_amd64.deb ...
verify	Run npx playwright install --with-deps chromium firefox webkit	2026-10-09T03:41:33.2853415Z Unpacking libyuv0:amd64 (0.0~git202401110.af6ac82-1) ...
verify	Run npx playwright install --with-deps chromium firefox webkit	2026-10-09T03:41:33.3068998Z Selecting previously unselected package libavif16:amd64.
verify	Run npx playwright install --with-deps chromium firefox webkit	2026-10-09T03:41:33.3192307Z Preparing to unpack .../109-libavif16_1.0.4-1ubuntu3_amd64.deb ...
verify	Run npx playwright install --with-deps chromium firefox webkit	2026-10-09T03:41:33.3199120Z Unpacking libavif16:amd64 (1.0.4-1ubuntu3) ...
verify	Run npx playwright install --with-deps chromium firefox webkit	2026-10-09T03:41:33.3402408Z Selecting previously unselected package libavtp0:amd64.
verify	Run npx playwright install --with-deps chromium firefox webkit	2026-10-09T03:41:33.3524155Z Preparing to unpack .../110-libavtp0_0.2.0-1build1_amd64.deb ...
verify	Run npx playwright install --with-deps chromium firefox webkit	2026-10-09T03:41:33.3531355Z Unpacking libavtp0:amd64 (0.2.0-1build1) ...
verify	Run npx playwright install --with-deps chromium firefox webkit	2026-10-09T03:41:33.3745008Z Selecting previously unselected package libcairo-script-interpreter2:amd64.
verify	Run npx playwright install --with-deps chromium firefox webkit	2026-10-09T03:41:33.3867664Z Preparing to unpack .../111-libcairo-script-interpreter2_1.18.0-3build1_amd64.deb ...
verify	Run npx playwright install --with-deps chromium firefox webkit	2026-10-09T03:41:33.3874832Z Unpacking libcairo-script-interpreter2:amd64 (1.18.0-3build1) ...
verify	Run npx playwright install --with-deps chromium firefox webkit	2026-10-09T03:41:33.4089976Z Selecting previously unselected package libdc1394-25:amd64.
verify	Run npx playwright install --with-deps chromium firefox webkit	2026-10-09T03:41:33.4213551Z Preparing to unpack .../112-libdc1394-25_2.2.6-4build1_amd64.deb ...
verify	Run npx playwright install --with-deps chromium firefox webkit	2026-10-09T03:41:33.4220245Z Unpacking libdc1394-25:amd64 (2.2.6-4build1) ...
verify	Run npx playwright install --with-deps chromium firefox webkit	2026-10-09T03:41:33.4424189Z Selecting previously unselected package libde265-0:amd64.
verify	Run npx playwright install --with-deps chromium firefox webkit	2026-10-09T03:41:33.4543712Z Preparing to unpack .../113-libde265-0_1.0.15-1ubuntu0.2_amd64.deb ...
verify	Run npx playwright install --with-deps chromium firefox webkit	2026-10-09T03:41:33.4551534Z Unpacking libde265-0:amd64 (1.0.15-1ubuntu0.2) ...
verify	Run npx playwright install --with-deps chromium firefox webkit	2026-10-09T03:41:33.4768632Z Selecting previously unselected package libdecor-0-0:amd64.
verify	Run npx playwright install --with-deps chromium firefox webkit	2026-10-09T03:41:33.4889588Z Preparing to unpack .../114-libdecor-0-0_0.2.2-1build2_amd64.deb ...
verify	Run npx playwright install --with-deps chromium firefox webkit	2026-10-09T03:41:33.4897985Z Unpacking libdecor-0-0:amd64 (0.2.2-1build2) ...
verify	Run npx playwright install --with-deps chromium firefox webkit	2026-10-09T03:41:33.5094203Z Selecting previously unselected package libgles2:amd64.
verify	Run npx playwright install --with-deps chromium firefox webkit	2026-10-09T03:41:33.5213827Z Preparing to unpack .../115-libgles2_1.7.0-1build1_amd64.deb ...
verify	Run npx playwright install --with-deps chromium firefox webkit	2026-10-09T03:41:33.5223303Z Unpacking libgles2:amd64 (1.7.0-1build1) ...
verify	Run npx playwright install --with-deps chromium firefox webkit	2026-10-09T03:41:33.5424474Z Selecting previously unselected package libdirectfb-1.7-7t64:amd64.
verify	Run npx playwright install --with-deps chromium firefox webkit	2026-10-09T03:41:33.5542983Z Preparing to unpack .../116-libdirectfb-1.7-7t64_1.7.7-11.1ubuntu2_amd64.deb ...
verify	Run npx playwright install --with-deps chromium firefox webkit	2026-10-09T03:41:33.5550312Z Unpacking libdirectfb-1.7-7t64:amd64 (1.7.7-11.1ubuntu2) ...
verify	Run npx playwright install --with-deps chromium firefox webkit	2026-10-09T03:41:33.5950328Z Selecting previously unselected package libdvdread8t64:amd64.
verify	Run npx playwright install --with-deps chromium firefox webkit	2026-10-09T03:41:33.6074496Z Preparing to unpack .../117-libdvdread8t64_6.1.3-1.1build1_amd64.deb ...
verify	Run npx playwright install --with-deps chromium firefox webkit	2026-10-09T03:41:33.6081379Z Unpacking libdvdread8t64:amd64 (6.1.3-1.1build1) ...
verify	Run npx playwright install --with-deps chromium firefox webkit	2026-10-09T03:41:33.6290568Z Selecting previously unselected package libdvdnav4:amd64.
verify	Run npx playwright install --with-deps chromium firefox webkit	2026-10-09T03:41:33.6414072Z Preparing to unpack .../118-libdvdnav4_6.1.1-3build1_amd64.deb ...
verify	Run npx playwright install --with-deps chromium firefox webkit	2026-10-09T03:41:33.6421311Z Unpacking libdvdnav4:amd64 (6.1.1-3build1) ...
verify	Run npx playwright install --with-deps chromium firefox webkit	2026-10-09T03:41:33.6625403Z Selecting previously unselected package libegl-mesa0:amd64.
verify	Run npx playwright install --with-deps chromium firefox webkit	2026-10-09T03:41:33.6746681Z Preparing to unpack .../119-libegl-mesa0_25.2.8-0ubuntu0.24.04.4_amd64.deb ...
verify	Run npx playwright install --with-deps chromium firefox webkit	2026-10-09T03:41:33.6753846Z Unpacking libegl-mesa0:amd64 (25.2.8-0ubuntu0.24.04.4) ...
verify	Run npx playwright install --with-deps chromium firefox webkit	2026-10-09T03:41:33.6974730Z Selecting previously unselected package libevent-2.1-7t64:amd64.
verify	Run npx playwright install --with-deps chromium firefox webkit	2026-10-09T03:41:33.7098073Z Preparing to unpack .../120-libevent-2.1-7t64_2.1.12-stable-9ubuntu2.2_amd64.deb ...
verify	Run npx playwright install --with-deps chromium firefox webkit	2026-10-09T03:41:33.7105404Z Unpacking libevent-2.1-7t64:amd64 (2.1.12-stable-9ubuntu2.2) ...
verify	Run npx playwright install --with-deps chromium firefox webkit	2026-10-09T03:41:33.7329403Z Selecting previously unselected package libfaad2:amd64.
verify	Run npx playwright install --with-deps chromium firefox webkit	2026-10-09T03:41:33.7452182Z Preparing to unpack .../121-libfaad2_2.11.1-1build1_amd64.deb ...
verify	Run npx playwright install --with-deps chromium firefox webkit	2026-10-09T03:41:33.7458475Z Unpacking libfaad2:amd64 (2.11.1-1build1) ...
verify	Run npx playwright install --with-deps chromium firefox webkit	2026-10-09T03:41:33.7684105Z Selecting previously unselected package libinstpatch-1.0-2:amd64.
verify	Run npx playwright install --with-deps chromium firefox webkit	2026-10-09T03:41:33.7806933Z Preparing to unpack .../122-libinstpatch-1.0-2_1.1.6-1build2_amd64.deb ...
verify	Run npx playwright install --with-deps chromium firefox webkit	2026-10-09T03:41:33.7813701Z Unpacking libinstpatch-1.0-2:amd64 (1.1.6-1build2) ...
verify	Run npx playwright install --with-deps chromium firefox webkit	2026-10-09T03:41:33.8038963Z Selecting previously unselected package libjack-jackd2-0:amd64.
verify	Run npx playwright install --with-deps chromium firefox webkit	2026-10-09T03:41:33.8164190Z Preparing to unpack .../123-libjack-jackd2-0_1.9.21~dfsg-3ubuntu3_amd64.deb ...
verify	Run npx playwright install --with-deps chromium firefox webkit	2026-10-09T03:41:33.8171638Z Unpacking libjack-jackd2-0:amd64 (1.9.21~dfsg-3ubuntu3) ...
verify	Run npx playwright install --with-deps chromium firefox webkit	2026-10-09T03:41:33.8412413Z Selecting previously unselected package libwebrtc-audio-processing1:amd64.
verify	Run npx playwright install --with-deps chromium firefox webkit	2026-10-09T03:41:33.8534754Z Preparing to unpack .../124-libwebrtc-audio-processing1_0.3.1-0ubuntu6_amd64.deb ...
verify	Run npx playwright install --with-deps chromium firefox webkit	2026-10-09T03:41:33.8543969Z Unpacking libwebrtc-audio-processing1:amd64 (0.3.1-0ubuntu6) ...
verify	Run npx playwright install --with-deps chromium firefox webkit	2026-10-09T03:41:33.8758738Z Selecting previously unselected package libspa-0.2-modules:amd64.
verify	Run npx playwright install --with-deps chromium firefox webkit	2026-10-09T03:41:33.8881791Z Preparing to unpack .../125-libspa-0.2-modules_1.0.5-1ubuntu3.3_amd64.deb ...
verify	Run npx playwright install --with-deps chromium firefox webkit	2026-10-09T03:41:33.8892537Z Unpacking libspa-0.2-modules:amd64 (1.0.5-1ubuntu3.3) ...
verify	Run npx playwright install --with-deps chromium firefox webkit	2026-10-09T03:41:33.9195804Z Selecting previously unselected package libpipewire-0.3-0t64:amd64.
verify	Run npx playwright install --with-deps chromium firefox webkit	2026-10-09T03:41:33.9321331Z Preparing to unpack .../126-libpipewire-0.3-0t64_1.0.5-1ubuntu3.3_amd64.deb ...
verify	Run npx playwright install --with-deps chromium firefox webkit	2026-10-09T03:41:33.9330069Z Unpacking libpipewire-0.3-0t64:amd64 (1.0.5-1ubuntu3.3) ...
verify	Run npx playwright install --with-deps chromium firefox webkit	2026-10-09T03:41:33.9561941Z Selecting previously unselected package libsdl2-2.0-0:amd64.
verify	Run npx playwright install --with-deps chromium firefox webkit	2026-10-09T03:41:33.9687307Z Preparing to unpack .../127-libsdl2-2.0-0_2.30.0+dfsg-1ubuntu3.1_amd64.deb ...
verify	Run npx playwright install --with-deps chromium firefox webkit	2026-10-09T03:41:33.9694738Z Unpacking libsdl2-2.0-0:amd64 (2.30.0+dfsg-1ubuntu3.1) ...
verify	Run npx playwright install --with-deps chromium firefox webkit	2026-10-09T03:41:33.9988442Z Selecting previously unselected package timgm6mb-soundfont.
verify	Run npx playwright install --with-deps chromium firefox webkit	2026-10-09T03:41:34.0113727Z Preparing to unpack .../128-timgm6mb-soundfont_1.3-5_all.deb ...
verify	Run npx playwright install --with-deps chromium firefox webkit	2026-10-09T03:41:34.0120506Z Unpacking timgm6mb-soundfont (1.3-5) ...
verify	Run npx playwright install --with-deps chromium firefox webkit	2026-10-09T03:41:34.3505774Z Selecting previously unselected package libfluidsynth3:amd64.
verify	Run npx playwright install --with-deps chromium firefox webkit	2026-10-09T03:41:34.3633851Z Preparing to unpack .../129-libfluidsynth3_2.3.4-1build3_amd64.deb ...
verify	Run npx playwright install --with-deps chromium firefox webkit	2026-10-09T03:41:34.3641267Z Unpacking libfluidsynth3:amd64 (2.3.4-1build3) ...
verify	Run npx playwright install --with-deps chromium firefox webkit	2026-10-09T03:41:34.3878753Z Selecting previously unselected package libfreeaptx0:amd64.
verify	Run npx playwright install --with-deps chromium firefox webkit	2026-10-09T03:41:34.4004860Z Preparing to unpack .../130-libfreeaptx0_0.1.1-2build1_amd64.deb ...
verify	Run npx playwright install --with-deps chromium firefox webkit	2026-10-09T03:41:34.4011976Z Unpacking libfreeaptx0:amd64 (0.1.1-2build1) ...
verify	Run npx playwright install --with-deps chromium firefox webkit	2026-10-09T03:41:34.4218151Z Selecting previously unselected package libgraphene-1.0-0:amd64.
verify	Run npx playwright install --with-deps chromium firefox webkit	2026-10-09T03:41:34.4342577Z Preparing to unpack .../131-libgraphene-1.0-0_1.10.8-3build2_amd64.deb ...
verify	Run npx playwright install --with-deps chromium firefox webkit	2026-10-09T03:41:34.4350364Z Unpacking libgraphene-1.0-0:amd64 (1.10.8-3build2) ...
verify	Run npx playwright install --with-deps chromium firefox webkit	2026-10-09T03:41:34.4560212Z Selecting previously unselected package libgssdp-1.6-0:amd64.
verify	Run npx playwright install --with-deps chromium firefox webkit	2026-10-09T03:41:34.4683731Z Preparing to unpack .../132-libgssdp-1.6-0_1.6.3-1build3_amd64.deb ...
verify	Run npx playwright install --with-deps chromium firefox webkit	2026-10-09T03:41:34.4715284Z Unpacking libgssdp-1.6-0:amd64 (1.6.3-1build3) ...
verify	Run npx playwright install --with-deps chromium firefox webkit	2026-10-09T03:41:34.4920066Z Selecting previously unselected package libegl1:amd64.
verify	Run npx playwright install --with-deps chromium firefox webkit	2026-10-09T03:41:34.5044251Z Preparing to unpack .../133-libegl1_1.7.0-1build1_amd64.deb ...
verify	Run npx playwright install --with-deps chromium firefox webkit	2026-10-09T03:41:34.5051650Z Unpacking libegl1:amd64 (1.7.0-1build1) ...
verify	Run npx playwright install --with-deps chromium firefox webkit	2026-10-09T03:41:34.5269486Z Selecting previously unselected package libgstreamer-gl1.0-0:amd64.
verify	Run npx playwright install --with-deps chromium firefox webkit	2026-10-09T03:41:34.5397948Z Preparing to unpack .../134-libgstreamer-gl1.0-0_1.24.2-1ubuntu0.5_amd64.deb ...
verify	Run npx playwright install --with-deps chromium firefox webkit	2026-10-09T03:41:34.5406830Z Unpacking libgstreamer-gl1.0-0:amd64 (1.24.2-1ubuntu0.5) ...
verify	Run npx playwright install --with-deps chromium firefox webkit	2026-10-09T03:41:34.5621160Z Selecting previously unselected package libgtk-4-common.
verify	Run npx playwright install --with-deps chromium firefox webkit	2026-10-09T03:41:34.5747306Z Preparing to unpack .../135-libgtk-4-common_4.14.5+ds-0ubuntu0.10_all.deb ...
verify	Run npx playwright install --with-deps chromium firefox webkit	2026-10-09T03:41:34.5754199Z Unpacking libgtk-4-common (4.14.5+ds-0ubuntu0.10) ...
verify	Run npx playwright install --with-deps chromium firefox webkit	2026-10-09T03:41:34.6222733Z Selecting previously unselected package libgtk-4-1:amd64.
verify	Run npx playwright install --with-deps chromium firefox webkit	2026-10-09T03:41:34.6349430Z Preparing to unpack .../136-libgtk-4-1_4.14.5+ds-0ubuntu0.10_amd64.deb ...
verify	Run npx playwright install --with-deps chromium firefox webkit	2026-10-09T03:41:34.6361079Z Unpacking libgtk-4-1:amd64 (4.14.5+ds-0ubuntu0.10) ...
verify	Run npx playwright install --with-deps chromium firefox webkit	2026-10-09T03:41:34.7051155Z Selecting previously unselected package libgupnp-1.6-0:amd64.
verify	Run npx playwright install --with-deps chromium firefox webkit	2026-10-09T03:41:34.7177589Z Preparing to unpack .../137-libgupnp-1.6-0_1.6.6-1build3_amd64.deb ...
verify	Run npx playwright install --with-deps chromium firefox webkit	2026-10-09T03:41:34.7184765Z Unpacking libgupnp-1.6-0:amd64 (1.6.6-1build3) ...
verify	Run npx playwright install --with-deps chromium firefox webkit	2026-10-09T03:41:34.7406888Z Selecting previously unselected package libgupnp-igd-1.6-0:amd64.
verify	Run npx playwright install --with-deps chromium firefox webkit	2026-10-09T03:41:34.7531138Z Preparing to unpack .../138-libgupnp-igd-1.6-0_1.6.0-3build3_amd64.deb ...
verify	Run npx playwright install --with-deps chromium firefox webkit	2026-10-09T03:41:34.7539981Z Unpacking libgupnp-igd-1.6-0:amd64 (1.6.0-3build3) ...
verify	Run npx playwright install --with-deps chromium firefox webkit	2026-10-09T03:41:34.7762104Z Selecting previously unselected package libharfbuzz-icu0:amd64.
verify	Run npx playwright install --with-deps chromium firefox webkit	2026-10-09T03:41:34.7880264Z Preparing to unpack .../139-libharfbuzz-icu0_8.3.0-2build2_amd64.deb ...
verify	Run npx playwright install --with-deps chromium firefox webkit	2026-10-09T03:41:34.7888456Z Unpacking libharfbuzz-icu0:amd64 (8.3.0-2build2) ...
verify	Run npx playwright install --with-deps chromium firefox webkit	2026-10-09T03:41:34.8083465Z Selecting previously unselected package libhyphen0:amd64.
verify	Run npx playwright install --with-deps chromium firefox webkit	2026-10-09T03:41:34.8201968Z Preparing to unpack .../140-libhyphen0_2.8.8-7build3_amd64.deb ...
verify	Run npx playwright install --with-deps chromium firefox webkit	2026-10-09T03:41:34.8209647Z Unpacking libhyphen0:amd64 (2.8.8-7build3) ...
verify	Run npx playwright install --with-deps chromium firefox webkit	2026-10-09T03:41:34.8406450Z Selecting previously unselected package libimath-3-1-29t64:amd64.
verify	Run npx playwright install --with-deps chromium firefox webkit	2026-10-09T03:41:34.8525248Z Preparing to unpack .../141-libimath-3-1-29t64_3.1.9-3.1ubuntu2_amd64.deb ...
verify	Run npx playwright install --with-deps chromium firefox webkit	2026-10-09T03:41:34.8534477Z Unpacking libimath-3-1-29t64:amd64 (3.1.9-3.1ubuntu2) ...
verify	Run npx playwright install --with-deps chromium firefox webkit	2026-10-09T03:41:34.8753305Z Selecting previously unselected package liblc3-1:amd64.
verify	Run npx playwright install --with-deps chromium firefox webkit	2026-10-09T03:41:34.8872480Z Preparing to unpack .../142-liblc3-1_1.0.4-3build1_amd64.deb ...
verify	Run npx playwright install --with-deps chromium firefox webkit	2026-10-09T03:41:34.8879975Z Unpacking liblc3-1:amd64 (1.0.4-3build1) ...
verify	Run npx playwright install --with-deps chromium firefox webkit	2026-10-09T03:41:34.9084493Z Selecting previously unselected package libldacbt-enc2:amd64.
verify	Run npx playwright install --with-deps chromium firefox webkit	2026-10-09T03:41:34.9206559Z Preparing to unpack .../143-libldacbt-enc2_2.0.2.3+git20200429+ed310a0-4ubuntu2_amd64.deb ...
verify	Run npx playwright install --with-deps chromium firefox webkit	2026-10-09T03:41:34.9213938Z Unpacking libldacbt-enc2:amd64 (2.0.2.3+git20200429+ed310a0-4ubuntu2) ...
verify	Run npx playwright install --with-deps chromium firefox webkit	2026-10-09T03:41:34.9420081Z Selecting previously unselected package libraptor2-0:amd64.
verify	Run npx playwright install --with-deps chromium firefox webkit	2026-10-09T03:41:34.9539040Z Preparing to unpack .../144-libraptor2-0_2.0.16-3ubuntu0.1_amd64.deb ...
verify	Run npx playwright install --with-deps chromium firefox webkit	2026-10-09T03:41:34.9547309Z Unpacking libraptor2-0:amd64 (2.0.16-3ubuntu0.1) ...
verify	Run npx playwright install --with-deps chromium firefox webkit	2026-10-09T03:41:34.9771035Z Selecting previously unselected package liblrdf0:amd64.
verify	Run npx playwright install --with-deps chromium firefox webkit	2026-10-09T03:41:34.9894127Z Preparing to unpack .../145-liblrdf0_0.6.1-4build1_amd64.deb ...
verify	Run npx playwright install --with-deps chromium firefox webkit	2026-10-09T03:41:34.9900768Z Unpacking liblrdf0:amd64 (0.6.1-4build1) ...
verify	Run npx playwright install --with-deps chromium firefox webkit	2026-10-09T03:41:35.0110304Z Selecting previously unselected package libltc11:amd64.
verify	Run npx playwright install --with-deps chromium firefox webkit	2026-10-09T03:41:35.0234077Z Preparing to unpack .../146-libltc11_1.3.2-1build1_amd64.deb ...
verify	Run npx playwright install --with-deps chromium firefox webkit	2026-10-09T03:41:35.0249005Z Unpacking libltc11:amd64 (1.3.2-1build1) ...
verify	Run npx playwright install --with-deps chromium firefox webkit	2026-10-09T03:41:35.0445674Z Selecting previously unselected package libmanette-0.2-0:amd64.
verify	Run npx playwright install --with-deps chromium firefox webkit	2026-10-09T03:41:35.0567665Z Preparing to unpack .../147-libmanette-0.2-0_0.2.7-1build2_amd64.deb ...
verify	Run npx playwright install --with-deps chromium firefox webkit	2026-10-09T03:41:35.0576402Z Unpacking libmanette-0.2-0:amd64 (0.2.7-1build2) ...
verify	Run npx playwright install --with-deps chromium firefox webkit	2026-10-09T03:41:35.0789113Z Selecting previously unselected package libmfx1:amd64.
verify	Run npx playwright install --with-deps chromium firefox webkit	2026-10-09T03:41:35.0913781Z Preparing to unpack .../148-libmfx1_22.5.4-1_amd64.deb ...
verify	Run npx playwright install --with-deps chromium firefox webkit	2026-10-09T03:41:35.0921655Z Unpacking libmfx1:amd64 (22.5.4-1) ...
verify	Run npx playwright install --with-deps chromium firefox webkit	2026-10-09T03:41:35.1812210Z Selecting previously unselected package libmjpegutils-2.1-0t64:amd64.
verify	Run npx playwright install --with-deps chromium firefox webkit	2026-10-09T03:41:35.1938629Z Preparing to unpack .../149-libmjpegutils-2.1-0t64_1%3a2.1.0+debian-8.1build1_amd64.deb ...
verify	Run npx playwright install --with-deps chromium firefox webkit	2026-10-09T03:41:35.1947207Z Unpacking libmjpegutils-2.1-0t64:amd64 (1:2.1.0+debian-8.1build1) ...
verify	Run npx playwright install --with-deps chromium firefox webkit	2026-10-09T03:41:35.2150518Z Selecting previously unselected package libmodplug1:amd64.
verify	Run npx playwright install --with-deps chromium firefox webkit	2026-10-09T03:41:35.2278097Z Preparing to unpack .../150-libmodplug1_1%3a0.8.9.0-3build1_amd64.deb ...
verify	Run npx playwright install --with-deps chromium firefox webkit	2026-10-09T03:41:35.2285523Z Unpacking libmodplug1:amd64 (1:0.8.9.0-3build1) ...
verify	Run npx playwright install --with-deps chromium firefox webkit	2026-10-09T03:41:35.2526027Z Selecting previously unselected package libmpcdec6:amd64.
verify	Run npx playwright install --with-deps chromium firefox webkit	2026-10-09T03:41:35.2653488Z Preparing to unpack .../151-libmpcdec6_2%3a0.1~r495-2build1_amd64.deb ...
verify	Run npx playwright install --with-deps chromium firefox webkit	2026-10-09T03:41:35.2662018Z Unpacking libmpcdec6:amd64 (2:0.1~r495-2build1) ...
verify	Run npx playwright install --with-deps chromium firefox webkit	2026-10-09T03:41:35.2867382Z Selecting previously unselected package libmpeg2encpp-2.1-0t64:amd64.
verify	Run npx playwright install --with-deps chromium firefox webkit	2026-10-09T03:41:35.2994490Z Preparing to unpack .../152-libmpeg2encpp-2.1-0t64_1%3a2.1.0+debian-8.1build1_amd64.deb ...
verify	Run npx playwright install --with-deps chromium firefox webkit	2026-10-09T03:41:35.3001896Z Unpacking libmpeg2encpp-2.1-0t64:amd64 (1:2.1.0+debian-8.1build1) ...
verify	Run npx playwright install --with-deps chromium firefox webkit	2026-10-09T03:41:35.3210498Z Selecting previously unselected package libmplex2-2.1-0t64:amd64.
verify	Run npx playwright install --with-deps chromium firefox webkit	2026-10-09T03:41:35.3336888Z Preparing to unpack .../153-libmplex2-2.1-0t64_1%3a2.1.0+debian-8.1build1_amd64.deb ...
verify	Run npx playwright install --with-deps chromium firefox webkit	2026-10-09T03:41:35.3345493Z Unpacking libmplex2-2.1-0t64:amd64 (1:2.1.0+debian-8.1build1) ...
verify	Run npx playwright install --with-deps chromium firefox webkit	2026-10-09T03:41:35.3574244Z Selecting previously unselected package libneon27t64:amd64.
verify	Run npx playwright install --with-deps chromium firefox webkit	2026-10-09T03:41:35.3699148Z Preparing to unpack .../154-libneon27t64_0.33.0-1.1build3_amd64.deb ...
verify	Run npx playwright install --with-deps chromium firefox webkit	2026-10-09T03:41:35.3706083Z Unpacking libneon27t64:amd64 (0.33.0-1.1build3) ...
verify	Run npx playwright install --with-deps chromium firefox webkit	2026-10-09T03:41:35.3923107Z Selecting previously unselected package libnice10:amd64.
verify	Run npx playwright install --with-deps chromium firefox webkit	2026-10-09T03:41:35.4047901Z Preparing to unpack .../155-libnice10_0.1.21-2build3_amd64.deb ...
verify	Run npx playwright install --with-deps chromium firefox webkit	2026-10-09T03:41:35.4057107Z Unpacking libnice10:amd64 (0.1.21-2build3) ...
verify	Run npx playwright install --with-deps chromium firefox webkit	2026-10-09T03:41:35.4267110Z Selecting previously unselected package libopenal-data.
verify	Run npx playwright install --with-deps chromium firefox webkit	2026-10-09T03:41:35.4392703Z Preparing to unpack .../156-libopenal-data_1%3a1.23.1-4build1_all.deb ...
verify	Run npx playwright install --with-deps chromium firefox webkit	2026-10-09T03:41:35.4399859Z Unpacking libopenal-data (1:1.23.1-4build1) ...
verify	Run npx playwright install --with-deps chromium firefox webkit	2026-10-09T03:41:35.4643226Z Selecting previously unselected package libopenexr-3-1-30:amd64.
verify	Run npx playwright install --with-deps chromium firefox webkit	2026-10-09T03:41:35.4767355Z Preparing to unpack .../157-libopenexr-3-1-30_3.1.5-5.1build3_amd64.deb ...
verify	Run npx playwright install --with-deps chromium firefox webkit	2026-10-09T03:41:35.4775569Z Unpacking libopenexr-3-1-30:amd64 (3.1.5-5.1build3) ...
verify	Run npx playwright install --with-deps chromium firefox webkit	2026-10-09T03:41:35.5118925Z Selecting previously unselected package libopenh264-7:amd64.
verify	Run npx playwright install --with-deps chromium firefox webkit	2026-10-09T03:41:35.5245591Z Preparing to unpack .../158-libopenh264-7_2.4.1+dfsg-1_amd64.deb ...
verify	Run npx playwright install --with-deps chromium firefox webkit	2026-10-09T03:41:35.5253721Z Unpacking libopenh264-7:amd64 (2.4.1+dfsg-1) ...
verify	Run npx playwright install --with-deps chromium firefox webkit	2026-10-09T03:41:35.5521961Z Selecting previously unselected package libopenni2-0:amd64.
verify	Run npx playwright install --with-deps chromium firefox webkit	2026-10-09T03:41:35.5646170Z Preparing to unpack .../159-libopenni2-0_2.2.0.33+dfsg-18_amd64.deb ...
verify	Run npx playwright install --with-deps chromium firefox webkit	2026-10-09T03:41:35.5676751Z Unpacking libopenni2-0:amd64 (2.2.0.33+dfsg-18) ...
verify	Run npx playwright install --with-deps chromium firefox webkit	2026-10-09T03:41:35.5934549Z Selecting previously unselected package libqrencode4:amd64.
verify	Run npx playwright install --with-deps chromium firefox webkit	2026-10-09T03:41:35.6060440Z Preparing to unpack .../160-libqrencode4_4.1.1-1build2_amd64.deb ...
verify	Run npx playwright install --with-deps chromium firefox webkit	2026-10-09T03:41:35.6067808Z Unpacking libqrencode4:amd64 (4.1.1-1build2) ...
verify	Run npx playwright install --with-deps chromium firefox webkit	2026-10-09T03:41:35.6509488Z Selecting previously unselected package libsecret-common.
verify	Run npx playwright install --with-deps chromium firefox webkit	2026-10-09T03:41:35.6635612Z Preparing to unpack .../161-libsecret-common_0.21.4-1build3_all.deb ...
verify	Run npx playwright install --with-deps chromium firefox webkit	2026-10-09T03:41:35.6643963Z Unpacking libsecret-common (0.21.4-1build3) ...
verify	Run npx playwright install --with-deps chromium firefox webkit	2026-10-09T03:41:35.6847094Z Selecting previously unselected package libsecret-1-0:amd64.
verify	Run npx playwright install --with-deps chromium firefox webkit	2026-10-09T03:41:35.6969966Z Preparing to unpack .../162-libsecret-1-0_0.21.4-1build3_amd64.deb ...
verify	Run npx playwright install --with-deps chromium firefox webkit	2026-10-09T03:41:35.6977726Z Unpacking libsecret-1-0:amd64 (0.21.4-1build3) ...
verify	Run npx playwright install --with-deps chromium firefox webkit	2026-10-09T03:41:35.7191680Z Selecting previously unselected package libsndio7.0:amd64.
verify	Run npx playwright install --with-deps chromium firefox webkit	2026-10-09T03:41:35.7315359Z Preparing to unpack .../163-libsndio7.0_1.9.0-0.3build3_amd64.deb ...
verify	Run npx playwright install --with-deps chromium firefox webkit	2026-10-09T03:41:35.7323332Z Unpacking libsndio7.0:amd64 (1.9.0-0.3build3) ...
verify	Run npx playwright install --with-deps chromium firefox webkit	2026-10-09T03:41:35.7521450Z Selecting previously unselected package libsoundtouch1:amd64.
verify	Run npx playwright install --with-deps chromium firefox webkit	2026-10-09T03:41:35.7643535Z Preparing to unpack .../164-libsoundtouch1_2.3.2+ds1-1build1_amd64.deb ...
verify	Run npx playwright install --with-deps chromium firefox webkit	2026-10-09T03:41:35.7650402Z Unpacking libsoundtouch1:amd64 (2.3.2+ds1-1build1) ...
verify	Run npx playwright install --with-deps chromium firefox webkit	2026-10-09T03:41:35.7870130Z Selecting previously unselected package libspandsp2t64:amd64.
verify	Run npx playwright install --with-deps chromium firefox webkit	2026-10-09T03:41:35.7992631Z Preparing to unpack .../165-libspandsp2t64_0.0.6+dfsg-2.1build1_amd64.deb ...
verify	Run npx playwright install --with-deps chromium firefox webkit	2026-10-09T03:41:35.8000146Z Unpacking libspandsp2t64:amd64 (0.0.6+dfsg-2.1build1) ...
verify	Run npx playwright install --with-deps chromium firefox webkit	2026-10-09T03:41:35.8232422Z Selecting previously unselected package libsrtp2-1:amd64.
verify	Run npx playwright install --with-deps chromium firefox webkit	2026-10-09T03:41:35.8354716Z Preparing to unpack .../166-libsrtp2-1_2.5.0-3build1_amd64.deb ...
verify	Run npx playwright install --with-deps chromium firefox webkit	2026-10-09T03:41:35.8361371Z Unpacking libsrtp2-1:amd64 (2.5.0-3build1) ...
verify	Run npx playwright install --with-deps chromium firefox webkit	2026-10-09T03:41:35.8568121Z Selecting previously unselected package libwayland-server0:amd64.
verify	Run npx playwright install --with-deps chromium firefox webkit	2026-10-09T03:41:35.8687692Z Preparing to unpack .../167-libwayland-server0_1.22.0-2.1build1_amd64.deb ...
verify	Run npx playwright install --with-deps chromium firefox webkit	2026-10-09T03:41:35.8696449Z Unpacking libwayland-server0:amd64 (1.22.0-2.1build1) ...
verify	Run npx playwright install --with-deps chromium firefox webkit	2026-10-09T03:41:35.8895554Z Selecting previously unselected package libwildmidi2:amd64.
verify	Run npx playwright install --with-deps chromium firefox webkit	2026-10-09T03:41:35.9017067Z Preparing to unpack .../168-libwildmidi2_0.4.3-1build3_amd64.deb ...
verify	Run npx playwright install --with-deps chromium firefox webkit	2026-10-09T03:41:35.9036835Z Unpacking libwildmidi2:amd64 (0.4.3-1build3) ...
verify	Run npx playwright install --with-deps chromium firefox webkit	2026-10-09T03:41:35.9237513Z Selecting previously unselected package libwoff1:amd64.
verify	Run npx playwright install --with-deps chromium firefox webkit	2026-10-09T03:41:35.9357855Z Preparing to unpack .../169-libwoff1_1.0.2-2build1_amd64.deb ...
verify	Run npx playwright install --with-deps chromium firefox webkit	2026-10-09T03:41:35.9364944Z Unpacking libwoff1:amd64 (1.0.2-2build1) ...
verify	Run npx playwright install --with-deps chromium firefox webkit	2026-10-09T03:41:35.9571432Z Selecting previously unselected package libxcb-xkb1:amd64.
verify	Run npx playwright install --with-deps chromium firefox webkit	2026-10-09T03:41:35.9690285Z Preparing to unpack .../170-libxcb-xkb1_1.15-1ubuntu2_amd64.deb ...
verify	Run npx playwright install --with-deps chromium firefox webkit	2026-10-09T03:41:35.9697157Z Unpacking libxcb-xkb1:amd64 (1.15-1ubuntu2) ...
verify	Run npx playwright install --with-deps chromium firefox webkit	2026-10-09T03:41:35.9899065Z Selecting previously unselected package libxkbcommon-x11-0:amd64.
verify	Run npx playwright install --with-deps chromium firefox webkit	2026-10-09T03:41:36.0019968Z Preparing to unpack .../171-libxkbcommon-x11-0_1.6.0-1build1_amd64.deb ...
verify	Run npx playwright install --with-deps chromium firefox webkit	2026-10-09T03:41:36.0027060Z Unpacking libxkbcommon-x11-0:amd64 (1.6.0-1build1) ...
verify	Run npx playwright install --with-deps chromium firefox webkit	2026-10-09T03:41:36.0243462Z Selecting previously unselected package libzbar0t64:amd64.
verify	Run npx playwright install --with-deps chromium firefox webkit	2026-10-09T03:41:36.0365080Z Preparing to unpack .../172-libzbar0t64_0.23.93-4build3_amd64.deb ...
verify	Run npx playwright install --with-deps chromium firefox webkit	2026-10-09T03:41:36.0372244Z Unpacking libzbar0t64:amd64 (0.23.93-4build3) ...
verify	Run npx playwright install --with-deps chromium firefox webkit	2026-10-09T03:41:36.0580312Z Selecting previously unselected package libzxing3:amd64.
verify	Run npx playwright install --with-deps chromium firefox webkit	2026-10-09T03:41:36.0704182Z Preparing to unpack .../173-libzxing3_2.2.1-3_amd64.deb ...
verify	Run npx playwright install --with-deps chromium firefox webkit	2026-10-09T03:41:36.0712474Z Unpacking libzxing3:amd64 (2.2.1-3) ...
verify	Run npx playwright install --with-deps chromium firefox webkit	2026-10-09T03:41:36.0961069Z Selecting previously unselected package xfonts-encodings.
verify	Run npx playwright install --with-deps chromium firefox webkit	2026-10-09T03:41:36.1087866Z Preparing to unpack .../174-xfonts-encodings_1%3a1.0.5-0ubuntu2_all.deb ...
verify	Run npx playwright install --with-deps chromium firefox webkit	2026-10-09T03:41:36.1096714Z Unpacking xfonts-encodings (1:1.0.5-0ubuntu2) ...
verify	Run npx playwright install --with-deps chromium firefox webkit	2026-10-09T03:41:36.1399753Z Selecting previously unselected package xfonts-utils.
verify	Run npx playwright install --with-deps chromium firefox webkit	2026-10-09T03:41:36.1524858Z Preparing to unpack .../175-xfonts-utils_1%3a7.7+6build3_amd64.deb ...
verify	Run npx playwright install --with-deps chromium firefox webkit	2026-10-09T03:41:36.1532146Z Unpacking xfonts-utils (1:7.7+6build3) ...
verify	Run npx playwright install --with-deps chromium firefox webkit	2026-10-09T03:41:36.1882095Z Selecting previously unselected package xfonts-cyrillic.
verify	Run npx playwright install --with-deps chromium firefox webkit	2026-10-09T03:41:36.2007088Z Preparing to unpack .../176-xfonts-cyrillic_1%3a1.0.5+nmu1_all.deb ...
verify	Run npx playwright install --with-deps chromium firefox webkit	2026-10-09T03:41:36.2016415Z Unpacking xfonts-cyrillic (1:1.0.5+nmu1) ...
verify	Run npx playwright install --with-deps chromium firefox webkit	2026-10-09T03:41:36.2369978Z Selecting previously unselected package xfonts-scalable.
verify	Run npx playwright install --with-deps chromium firefox webkit	2026-10-09T03:41:36.2494846Z Preparing to unpack .../177-xfonts-scalable_1%3a1.0.3-1.3_all.deb ...
verify	Run npx playwright install --with-deps chromium firefox webkit	2026-10-09T03:41:36.2501666Z Unpacking xfonts-scalable (1:1.0.3-1.3) ...
verify	Run npx playwright install --with-deps chromium firefox webkit	2026-10-09T03:41:36.2733622Z Selecting previously unselected package libgstreamer-plugins-bad1.0-0:amd64.
verify	Run npx playwright install --with-deps chromium firefox webkit	2026-10-09T03:41:36.2856875Z Preparing to unpack .../178-libgstreamer-plugins-bad1.0-0_1.24.2-1ubuntu4_amd64.deb ...
verify	Run npx playwright install --with-deps chromium firefox webkit	2026-10-09T03:41:36.2865366Z Unpacking libgstreamer-plugins-bad1.0-0:amd64 (1.24.2-1ubuntu4) ...
verify	Run npx playwright install --with-deps chromium firefox webkit	2026-10-09T03:41:36.3218046Z Selecting previously unselected package libdca0:amd64.
verify	Run npx playwright install --with-deps chromium firefox webkit	2026-10-09T03:41:36.3342347Z Preparing to unpack .../179-libdca0_0.0.7-2build1_amd64.deb ...
verify	Run npx playwright install --with-deps chromium firefox webkit	2026-10-09T03:41:36.3349153Z Unpacking libdca0:amd64 (0.0.7-2build1) ...
verify	Run npx playwright install --with-deps chromium firefox webkit	2026-10-09T03:41:36.3574269Z Selecting previously unselected package libopenal1:amd64.
verify	Run npx playwright install --with-deps chromium firefox webkit	2026-10-09T03:41:36.3698783Z Preparing to unpack .../180-libopenal1_1%3a1.23.1-4build1_amd64.deb ...
verify	Run npx playwright install --with-deps chromium firefox webkit	2026-10-09T03:41:36.3707441Z Unpacking libopenal1:amd64 (1:1.23.1-4build1) ...
verify	Run npx playwright install --with-deps chromium firefox webkit	2026-10-09T03:41:36.4305736Z Selecting previously unselected package libsbc1:amd64.
verify	Run npx playwright install --with-deps chromium firefox webkit	2026-10-09T03:41:36.4441657Z Preparing to unpack .../181-libsbc1_2.0-1build1_amd64.deb ...
verify	Run npx playwright install --with-deps chromium firefox webkit	2026-10-09T03:41:36.4460518Z Unpacking libsbc1:amd64 (2.0-1build1) ...
verify	Run npx playwright install --with-deps chromium firefox webkit	2026-10-09T03:41:36.4880307Z Selecting previously unselected package libvo-aacenc0:amd64.
verify	Run npx playwright install --with-deps chromium firefox webkit	2026-10-09T03:41:36.5006594Z Preparing to unpack .../182-libvo-aacenc0_0.1.3-2build1_amd64.deb ...
verify	Run npx playwright install --with-deps chromium firefox webkit	2026-10-09T03:41:36.5014804Z Unpacking libvo-aacenc0:amd64 (0.1.3-2build1) ...
verify	Run npx playwright install --with-deps chromium firefox webkit	2026-10-09T03:41:36.5218644Z Selecting previously unselected package libvo-amrwbenc0:amd64.
verify	Run npx playwright install --with-deps chromium firefox webkit	2026-10-09T03:41:36.5347740Z Preparing to unpack .../183-libvo-amrwbenc0_0.1.3-2build1_amd64.deb ...
verify	Run npx playwright install --with-deps chromium firefox webkit	2026-10-09T03:41:36.5354981Z Unpacking libvo-amrwbenc0:amd64 (0.1.3-2build1) ...
verify	Run npx playwright install --with-deps chromium firefox webkit	2026-10-09T03:41:36.5553723Z Selecting previously unselected package gstreamer1.0-plugins-bad:amd64.
verify	Run npx playwright install --with-deps chromium firefox webkit	2026-10-09T03:41:36.5679501Z Preparing to unpack .../184-gstreamer1.0-plugins-bad_1.24.2-1ubuntu4_amd64.deb ...
verify	Run npx playwright install --with-deps chromium firefox webkit	2026-10-09T03:41:36.5687127Z Unpacking gstreamer1.0-plugins-bad:amd64 (1.24.2-1ubuntu4) ...
verify	Run npx playwright install --with-deps chromium firefox webkit	2026-10-09T03:41:36.7494071Z Setting up libgme0:amd64 (0.6.3-7build1) ...
verify	Run npx playwright install --with-deps chromium firefox webkit	2026-10-09T03:41:36.7519650Z Setting up libchromaprint1:amd64 (1.5.1-5) ...
verify	Run npx playwright install --with-deps chromium firefox webkit	2026-10-09T03:41:36.7539217Z Setting up libssh-gcrypt-4:amd64 (0.10.6-2ubuntu0.5) ...
verify	Run npx playwright install --with-deps chromium firefox webkit	2026-10-09T03:41:36.7558589Z Setting up libhwy1t64:amd64 (1.0.7-8.1build1) ...
verify	Run npx playwright install --with-deps chromium firefox webkit	2026-10-09T03:41:36.7574987Z Setting up libfreeaptx0:amd64 (0.1.1-2build1) ...
verify	Run npx playwright install --with-deps chromium firefox webkit	2026-10-09T03:41:36.7593394Z Setting up libdvdread8t64:amd64 (6.1.3-1.1build1) ...
verify	Run npx playwright install --with-deps chromium firefox webkit	2026-10-09T03:41:36.7613857Z Setting up libudfread0:amd64 (1.1.2-1build1) ...
verify	Run npx playwright install --with-deps chromium firefox webkit	2026-10-09T03:41:36.7632712Z Setting up libmodplug1:amd64 (1:0.8.9.0-3build1) ...
verify	Run npx playwright install --with-deps chromium firefox webkit	2026-10-09T03:41:36.7651044Z Setting up libcdparanoia0:amd64 (3.10.2+debian-14build3) ...
verify	Run npx playwright install --with-deps chromium firefox webkit	2026-10-09T03:41:36.7669479Z Setting up libwayland-server0:amd64 (1.22.0-2.1build1) ...
verify	Run npx playwright install --with-deps chromium firefox webkit	2026-10-09T03:41:36.7691360Z Setting up libvo-amrwbenc0:amd64 (0.1.3-2build1) ...
verify	Run npx playwright install --with-deps chromium firefox webkit	2026-10-09T03:41:36.7711771Z Setting up session-migration (0.3.9build1) ...
verify	Run npx playwright install --with-deps chromium firefox webkit	2026-10-09T03:41:36.9070112Z Created symlink /etc/systemd/user/graphical-session-pre.target.wants/session-migration.service → /usr/lib/systemd/user/session-migration.service.
verify	Run npx playwright install --with-deps chromium firefox webkit	2026-10-09T03:41:36.9071188Z 
verify	Run npx playwright install --with-deps chromium firefox webkit	2026-10-09T03:41:36.9097355Z Setting up libraw1394-11:amd64 (2.1.2-2build3) ...
verify	Run npx playwright install --with-deps chromium firefox webkit	2026-10-09T03:41:36.9118261Z Setting up libsbc1:amd64 (2.0-1build1) ...
verify	Run npx playwright install --with-deps chromium firefox webkit	2026-10-09T03:41:36.9138608Z Setting up libproxy1v5:amd64 (0.5.4-4build1) ...
verify	Run npx playwright install --with-deps chromium firefox webkit	2026-10-09T03:41:36.9157879Z Setting up libtag1v5-vanilla:amd64 (1.13.1-1build1) ...
verify	Run npx playwright install --with-deps chromium firefox webkit	2026-10-09T03:41:36.9174922Z Setting up libharfbuzz-icu0:amd64 (8.3.0-2build2) ...
verify	Run npx playwright install --with-deps chromium firefox webkit	2026-10-09T03:41:36.9194699Z Setting up libopenni2-0:amd64 (2.2.0.33+dfsg-18) ...
verify	Run npx playwright install --with-deps chromium firefox webkit	2026-10-09T03:41:36.9423411Z Setting up libspeex1:amd64 (1.2.1-2ubuntu2.24.04.1) ...
verify	Run npx playwright install --with-deps chromium firefox webkit	2026-10-09T03:41:36.9443565Z Setting up libshine3:amd64 (3.1.1-2build1) ...
verify	Run npx playwright install --with-deps chromium firefox webkit	2026-10-09T03:41:36.9461312Z Setting up libcaca0:amd64 (0.99.beta20-4ubuntu0.2) ...
verify	Run npx playwright install --with-deps chromium firefox webkit	2026-10-09T03:41:36.9480640Z Setting up libvpl2 (2023.3.0-1build1) ...
verify	Run npx playwright install --with-deps chromium firefox webkit	2026-10-09T03:41:36.9499669Z Setting up libv4lconvert0t64:amd64 (1.26.1-4build3) ...
verify	Run npx playwright install --with-deps chromium firefox webkit	2026-10-09T03:41:36.9520524Z Setting up libx264-164:amd64 (2:0.164.3108+git31e19f9-1) ...
verify	Run npx playwright install --with-deps chromium firefox webkit	2026-10-09T03:41:36.9540252Z Setting up libtwolame0:amd64 (0.4.0-2build3) ...
verify	Run npx playwright install --with-deps chromium firefox webkit	2026-10-09T03:41:36.9557791Z Setting up libmbedcrypto7t64:amd64 (2.28.8-1) ...
verify	Run npx playwright install --with-deps chromium firefox webkit	2026-10-09T03:41:36.9577576Z Setting up libwoff1:amd64 (1.0.2-2build1) ...
verify	Run npx playwright install --with-deps chromium firefox webkit	2026-10-09T03:41:36.9596227Z Setting up liblc3-1:amd64 (1.0.4-3build1) ...
verify	Run npx playwright install --with-deps chromium firefox webkit	2026-10-09T03:41:36.9614801Z Setting up libqrencode4:amd64 (4.1.1-1build2) ...
verify	Run npx playwright install --with-deps chromium firefox webkit	2026-10-09T03:41:36.9633692Z Setting up libhyphen0:amd64 (2.8.8-7build3) ...
verify	Run npx playwright install --with-deps chromium firefox webkit	2026-10-09T03:41:36.9652073Z Setting up libgsm1:amd64 (1.0.22-1build1) ...
verify	Run npx playwright install --with-deps chromium firefox webkit	2026-10-09T03:41:36.9671765Z Setting up libvisual-0.4-0:amd64 (0.4.2-2build1) ...
verify	Run npx playwright install --with-deps chromium firefox webkit	2026-10-09T03:41:36.9692121Z Setting up libsoxr0:amd64 (0.1.3-4build3) ...
verify	Run npx playwright install --with-deps chromium firefox webkit	2026-10-09T03:41:36.9714288Z Setting up libzix-0-0:amd64 (0.4.2-2build1) ...
verify	Run npx playwright install --with-deps chromium firefox webkit	2026-10-09T03:41:36.9732042Z Setting up libcodec2-1.2:amd64 (1.2.0-2build1) ...
verify	Run npx playwright install --with-deps chromium firefox webkit	2026-10-09T03:41:36.9751550Z Setting up libmanette-0.2-0:amd64 (0.2.7-1build2) ...
verify	Run npx playwright install --with-deps chromium firefox webkit	2026-10-09T03:41:36.9775343Z Setting up libsrtp2-1:amd64 (2.5.0-3build1) ...
verify	Run npx playwright install --with-deps chromium firefox webkit	2026-10-09T03:41:36.9796688Z Setting up libmysofa1:amd64 (1.3.2+dfsg-2ubuntu2) ...
verify	Run npx playwright install --with-deps chromium firefox webkit	2026-10-09T03:41:36.9814320Z Setting up libldacbt-enc2:amd64 (2.0.2.3+git20200429+ed310a0-4ubuntu2) ...
verify	Run npx playwright install --with-deps chromium firefox webkit	2026-10-09T03:41:36.9832425Z Setting up fonts-wqy-zenhei (0.9.45-8) ...
verify	Run npx playwright install --with-deps chromium firefox webkit	2026-10-09T03:41:36.9945271Z Setting up libwebrtc-audio-processing1:amd64 (0.3.1-0ubuntu6) ...
verify	Run npx playwright install --with-deps chromium firefox webkit	2026-10-09T03:41:36.9965776Z Setting up fonts-freefont-ttf (20211204+svn4273-2) ...
verify	Run npx playwright install --with-deps chromium firefox webkit	2026-10-09T03:41:36.9983824Z Setting up libevent-2.1-7t64:amd64 (2.1.12-stable-9ubuntu2.2) ...
verify	Run npx playwright install --with-deps chromium firefox webkit	2026-10-09T03:41:37.0001596Z Setting up libsvtav1enc1d1:amd64 (1.7.0+dfsg-2build1) ...
verify	Run npx playwright install --with-deps chromium firefox webkit	2026-10-09T03:41:37.0020133Z Setting up libsoup-3.0-common (3.4.4-5ubuntu0.9) ...
verify	Run npx playwright install --with-deps chromium firefox webkit	2026-10-09T03:41:37.0037562Z Setting up libmpg123-0t64:amd64 (1.32.5-1ubuntu1.1) ...
verify	Run npx playwright install --with-deps chromium firefox webkit	2026-10-09T03:41:37.0056559Z Setting up libcjson1:amd64 (1.7.17-1) ...
verify	Run npx playwright install --with-deps chromium firefox webkit	2026-10-09T03:41:37.0074896Z Setting up libxvidcore4:amd64 (2:1.3.7-1build1) ...
verify	Run npx playwright install --with-deps chromium firefox webkit	2026-10-09T03:41:37.0115650Z Setting up libmpcdec6:amd64 (2:0.1~r495-2build1) ...
verify	Run npx playwright install --with-deps chromium firefox webkit	2026-10-09T03:41:37.0134658Z Setting up libmjpegutils-2.1-0t64:amd64 (1:2.1.0+debian-8.1build1) ...
verify	Run npx playwright install --with-deps chromium firefox webkit	2026-10-09T03:41:37.0152533Z Setting up librav1e0:amd64 (0.7.1-2) ...
verify	Run npx playwright install --with-deps chromium firefox webkit	2026-10-09T03:41:37.0172142Z Setting up liborc-0.4-0t64:amd64 (1:0.4.38-1ubuntu0.1) ...
verify	Run npx playwright install --with-deps chromium firefox webkit	2026-10-09T03:41:37.0191295Z Setting up libxcb-xkb1:amd64 (1.15-1ubuntu2) ...
verify	Run npx playwright install --with-deps chromium firefox webkit	2026-10-09T03:41:37.0210182Z Setting up libvo-aacenc0:amd64 (0.1.3-2build1) ...
verify	Run npx playwright install --with-deps chromium firefox webkit	2026-10-09T03:41:37.0227204Z Setting up librist4:amd64 (0.2.10+dfsg-2) ...
verify	Run npx playwright install --with-deps chromium firefox webkit	2026-10-09T03:41:37.0250403Z Setting up libblas3:amd64 (3.12.0-3build1.1) ...
verify	Run npx playwright install --with-deps chromium firefox webkit	2026-10-09T03:41:37.0309515Z update-alternatives: using /usr/lib/x86_64-linux-gnu/blas/libblas.so.3 to provide /usr/lib/x86_64-linux-gnu/libblas.so.3 (libblas.so.3-x86_64-linux-gnu) in auto mode
verify	Run npx playwright install --with-deps chromium firefox webkit	2026-10-09T03:41:37.0326405Z Setting up libegl-mesa0:amd64 (25.2.8-0ubuntu0.24.04.4) ...
verify	Run npx playwright install --with-deps chromium firefox webkit	2026-10-09T03:41:37.0346443Z Setting up libsoundtouch1:amd64 (2.3.2+ds1-1build1) ...
verify	Run npx playwright install --with-deps chromium firefox webkit	2026-10-09T03:41:37.0363810Z Setting up libplacebo338:amd64 (6.338.2-2build1) ...
verify	Run npx playwright install --with-deps chromium firefox webkit	2026-10-09T03:41:37.0381639Z Setting up libgles2:amd64 (1.7.0-1build1) ...
verify	Run npx playwright install --with-deps chromium firefox webkit	2026-10-09T03:41:37.0403026Z Setting up fonts-tlwg-loma-otf (1:0.7.3-1) ...
verify	Run npx playwright install --with-deps chromium firefox webkit	2026-10-09T03:41:37.0421481Z Setting up libva2:amd64 (2.20.0-2ubuntu0.2) ...
verify	Run npx playwright install --with-deps chromium firefox webkit	2026-10-09T03:41:37.0444900Z Setting up libspa-0.2-modules:amd64 (1.0.5-1ubuntu3.3) ...
verify	Run npx playwright install --with-deps chromium firefox webkit	2026-10-09T03:41:37.0464876Z Setting up libzxing3:amd64 (2.2.1-3) ...
verify	Run npx playwright install --with-deps chromium firefox webkit	2026-10-09T03:41:37.0482951Z Setting up xfonts-encodings (1:1.0.5-0ubuntu2) ...
verify	Run npx playwright install --with-deps chromium firefox webkit	2026-10-09T03:41:37.0501387Z Setting up libopus0:amd64 (1.4-1build1) ...
verify	Run npx playwright install --with-deps chromium firefox webkit	2026-10-09T03:41:37.0520236Z Setting up libfaad2:amd64 (2.11.1-1build1) ...
verify	Run npx playwright install --with-deps chromium firefox webkit	2026-10-09T03:41:37.0540715Z Setting up libxkbcommon-x11-0:amd64 (1.6.0-1build1) ...
verify	Run npx playwright install --with-deps chromium firefox webkit	2026-10-09T03:41:37.0564885Z Setting up libdc1394-25:amd64 (2.2.6-4build1) ...
verify	Run npx playwright install --with-deps chromium firefox webkit	2026-10-09T03:41:37.0593965Z Setting up libpng16-16t64:amd64 (1.6.43-5ubuntu0.7) ...
verify	Run npx playwright install --with-deps chromium firefox webkit	2026-10-09T03:41:37.0618869Z Setting up libimath-3-1-29t64:amd64 (3.1.9-3.1ubuntu2) ...
verify	Run npx playwright install --with-deps chromium firefox webkit	2026-10-09T03:41:37.0636991Z Setting up libunibreak5:amd64 (5.1-2build1) ...
verify	Run npx playwright install --with-deps chromium firefox webkit	2026-10-09T03:41:37.0658667Z Setting up libdv4t64:amd64 (1.0.0-17.1build1) ...
verify	Run npx playwright install --with-deps chromium firefox webkit	2026-10-09T03:41:37.0676703Z Setting up libjxl0.7:amd64 (0.7.0-10.2ubuntu6.1) ...
verify	Run npx playwright install --with-deps chromium firefox webkit	2026-10-09T03:41:37.0696058Z Setting up libopenh264-7:amd64 (2.4.1+dfsg-1) ...
verify	Run npx playwright install --with-deps chromium firefox webkit	2026-10-09T03:41:37.0721916Z Setting up libltc11:amd64 (1.3.2-1build1) ...
verify	Run npx playwright install --with-deps chromium firefox webkit	2026-10-09T03:41:37.0742497Z Setting up libx265-199:amd64 (3.5-2build1) ...
verify	Run npx playwright install --with-deps chromium firefox webkit	2026-10-09T03:41:37.0761027Z Setting up libv4l-0t64:amd64 (1.26.1-4build3) ...
verify	Run npx playwright install --with-deps chromium firefox webkit	2026-10-09T03:41:37.0781191Z Setting up libavtp0:amd64 (0.2.0-1build1) ...
verify	Run npx playwright install --with-deps chromium firefox webkit	2026-10-09T03:41:37.0800321Z Setting up libsndio7.0:amd64 (1.9.0-0.3build3) ...
verify	Run npx playwright install --with-deps chromium firefox webkit	2026-10-09T03:41:37.0820629Z Setting up libdirectfb-1.7-7t64:amd64 (1.7.7-11.1ubuntu2) ...
verify	Run npx playwright install --with-deps chromium firefox webkit	2026-10-09T03:41:37.0839808Z Setting up libspandsp2t64:amd64 (0.0.6+dfsg-2.1build1) ...
verify	Run npx playwright install --with-deps chromium firefox webkit	2026-10-09T03:41:37.0857604Z Setting up libvidstab1.1:amd64 (1.1.0-2build1) ...
verify	Run npx playwright install --with-deps chromium firefox webkit	2026-10-09T03:41:37.1136318Z Setting up libvpx9:amd64 (1.14.0-1ubuntu2.3) ...
verify	Run npx playwright install --with-deps chromium firefox webkit	2026-10-09T03:41:37.1154872Z Setting up libsrt1.5-gnutls:amd64 (1.5.3-1build2) ...
verify	Run npx playwright install --with-deps chromium firefox webkit	2026-10-09T03:41:37.1174764Z Setting up libtag1v5:amd64 (1.13.1-1build1) ...
verify	Run npx playwright install --with-deps chromium firefox webkit	2026-10-09T03:41:37.1191422Z Setting up libflite1:amd64 (2.2-6build3) ...
verify	Run npx playwright install --with-deps chromium firefox webkit	2026-10-09T03:41:37.1232979Z Setting up libdav1d7:amd64 (1.4.1-1build1) ...
verify	Run npx playwright install --with-deps chromium firefox webkit	2026-10-09T03:41:37.1252969Z Setting up libva-drm2:amd64 (2.20.0-2ubuntu0.2) ...
verify	Run npx playwright install --with-deps chromium firefox webkit	2026-10-09T03:41:37.1273251Z Setting up fonts-ipafont-gothic (00303-21ubuntu1) ...
verify	Run npx playwright install --with-deps chromium firefox webkit	2026-10-09T03:41:37.1345521Z update-alternatives: using /usr/share/fonts/opentype/ipafont-gothic/ipag.ttf to provide /usr/share/fonts/truetype/fonts-japanese-gothic.ttf (fonts-japanese-gothic.ttf) in auto mode
verify	Run npx playwright install --with-deps chromium firefox webkit	2026-10-09T03:41:37.1365459Z Setting up ocl-icd-libopencl1:amd64 (2.3.2-1build1) ...
verify	Run npx playwright install --with-deps chromium firefox webkit	2026-10-09T03:41:37.1383668Z Setting up libasyncns0:amd64 (0.8-6build4) ...
verify	Run npx playwright install --with-deps chromium firefox webkit	2026-10-09T03:41:37.1407280Z Setting up libwildmidi2:amd64 (0.4.3-1build3) ...
verify	Run npx playwright install --with-deps chromium firefox webkit	2026-10-09T03:41:37.1424635Z Setting up libvdpau1:amd64 (1.5-2build1) ...
verify	Run npx playwright install --with-deps chromium firefox webkit	2026-10-09T03:41:37.1450169Z Setting up libwavpack1:amd64 (5.6.0-1build1) ...
verify	Run npx playwright install --with-deps chromium firefox webkit	2026-10-09T03:41:37.1467603Z Setting up libbs2b0:amd64 (3.1.0+dfsg-7build1) ...
verify	Run npx playwright install --with-deps chromium firefox webkit	2026-10-09T03:41:37.1486833Z Setting up libtheora0:amd64 (1.1.1+dfsg.1-16.1build3) ...
verify	Run npx playwright install --with-deps chromium firefox webkit	2026-10-09T03:41:37.1504301Z Setting up libegl1:amd64 (1.7.0-1build1) ...
verify	Run npx playwright install --with-deps chromium firefox webkit	2026-10-09T03:41:37.1531191Z Setting up libdecor-0-0:amd64 (0.2.2-1build2) ...
verify	Run npx playwright install --with-deps chromium firefox webkit	2026-10-09T03:41:37.1556442Z Setting up libdca0:amd64 (0.0.7-2build1) ...
verify	Run npx playwright install --with-deps chromium firefox webkit	2026-10-09T03:41:37.1575338Z Setting up libzimg2:amd64 (3.0.5+ds1-1build1) ...
verify	Run npx playwright install --with-deps chromium firefox webkit	2026-10-09T03:41:37.1594956Z Setting up libopenal-data (1:1.23.1-4build1) ...
verify	Run npx playwright install --with-deps chromium firefox webkit	2026-10-09T03:41:37.1618294Z Setting up libabsl20220623t64:amd64 (20220623.1-3.1ubuntu3.2) ...
verify	Run npx playwright install --with-deps chromium firefox webkit	2026-10-09T03:41:37.1636591Z Setting up libflac12t64:amd64 (1.4.3+ds-2.1ubuntu2) ...
verify	Run npx playwright install --with-deps chromium firefox webkit	2026-10-09T03:41:37.1654521Z Setting up libgtk-4-common (4.14.5+ds-0ubuntu0.10) ...
verify	Run npx playwright install --with-deps chromium firefox webkit	2026-10-09T03:41:37.1672506Z Setting up libmpeg2encpp-2.1-0t64:amd64 (1:2.1.0+debian-8.1build1) ...
verify	Run npx playwright install --with-deps chromium firefox webkit	2026-10-09T03:41:37.1691244Z Setting up glib-networking-common (2.80.0-1build1) ...
verify	Run npx playwright install --with-deps chromium firefox webkit	2026-10-09T03:41:37.1709921Z Setting up libmfx1:amd64 (22.5.4-1) ...
verify	Run npx playwright install --with-deps chromium firefox webkit	2026-10-09T03:41:37.1726923Z Setting up libde265-0:amd64 (1.0.15-1ubuntu0.2) ...
verify	Run npx playwright install --with-deps chromium firefox webkit	2026-10-09T03:41:37.1746544Z Setting up libsamplerate0:amd64 (0.2.2-4build1) ...
verify	Run npx playwright install --with-deps chromium firefox webkit	2026-10-09T03:41:37.1763691Z Setting up timgm6mb-soundfont (1.3-5) ...
verify	Run npx playwright install --with-deps chromium firefox webkit	2026-10-09T03:41:37.1841509Z update-alternatives: using /usr/share/sounds/sf2/TimGM6mb.sf2 to provide /usr/share/sounds/sf2/default-GM.sf2 (default-GM.sf2) in auto mode
verify	Run npx playwright install --with-deps chromium firefox webkit	2026-10-09T03:41:37.1887122Z update-alternatives: using /usr/share/sounds/sf2/TimGM6mb.sf2 to provide /usr/share/sounds/sf3/default-GM.sf3 (default-GM.sf3) in auto mode
verify	Run npx playwright install --with-deps chromium firefox webkit	2026-10-09T03:41:37.1902087Z Setting up libva-x11-2:amd64 (2.20.0-2ubuntu0.2) ...
verify	Run npx playwright install --with-deps chromium firefox webkit	2026-10-09T03:41:37.1920158Z Setting up libyuv0:amd64 (0.0~git202401110.af6ac82-1) ...
verify	Run npx playwright install --with-deps chromium firefox webkit	2026-10-09T03:41:37.1939080Z Setting up libmplex2-2.1-0t64:amd64 (1:2.1.0+debian-8.1build1) ...
verify	Run npx playwright install --with-deps chromium firefox webkit	2026-10-09T03:41:37.1956270Z Setting up libpipewire-0.3-0t64:amd64 (1.0.5-1ubuntu3.3) ...
verify	Run npx playwright install --with-deps chromium firefox webkit	2026-10-09T03:41:37.1975086Z Setting up libxml2:amd64 (2.9.14+dfsg-1.3ubuntu3.10) ...
verify	Run npx playwright install --with-deps chromium firefox webkit	2026-10-09T03:41:37.1993640Z Setting up libopenmpt0t64:amd64 (0.7.3-1.1build3) ...
verify	Run npx playwright install --with-deps chromium firefox webkit	2026-10-09T03:41:37.2013249Z Setting up libzvbi-common (0.2.42-2) ...
verify	Run npx playwright install --with-deps chromium firefox webkit	2026-10-09T03:41:37.2031627Z Setting up libsecret-common (0.21.4-1build3) ...
verify	Run npx playwright install --with-deps chromium firefox webkit	2026-10-09T03:41:37.2048330Z Setting up libmp3lame0:amd64 (3.100-6build1) ...
verify	Run npx playwright install --with-deps chromium firefox webkit	2026-10-09T03:41:37.2067949Z Setting up libgraphene-1.0-0:amd64 (1.10.8-3build2) ...
verify	Run npx playwright install --with-deps chromium firefox webkit	2026-10-09T03:41:37.2086171Z Setting up libvorbisenc2:amd64 (1.3.7-1build3) ...
verify	Run npx playwright install --with-deps chromium firefox webkit	2026-10-09T03:41:37.2106458Z Setting up libdvdnav4:amd64 (6.1.1-3build1) ...
verify	Run npx playwright install --with-deps chromium firefox webkit	2026-10-09T03:41:37.2124831Z Setting up fonts-unifont (1:15.1.01-1build1) ...
verify	Run npx playwright install --with-deps chromium firefox webkit	2026-10-09T03:41:37.2143334Z Setting up libaa1:amd64 (1.4p5-51.1) ...
verify	Run npx playwright install --with-deps chromium firefox webkit	2026-10-09T03:41:37.2162430Z Setting up libiec61883-0:amd64 (1.2.0-6build1) ...
verify	Run npx playwright install --with-deps chromium firefox webkit	2026-10-09T03:41:37.2180232Z Setting up libserd-0-0:amd64 (0.32.2-1) ...
verify	Run npx playwright install --with-deps chromium firefox webkit	2026-10-09T03:41:37.2203811Z Setting up libavc1394-0:amd64 (0.5.4-5build3) ...
verify	Run npx playwright install --with-deps chromium firefox webkit	2026-10-09T03:41:37.2221171Z Setting up gsettings-desktop-schemas (46.1-0ubuntu1) ...
verify	Run npx playwright install --with-deps chromium firefox webkit	2026-10-09T03:41:37.2243553Z Setting up glib-networking-services (2.80.0-1build1) ...
verify	Run npx playwright install --with-deps chromium firefox webkit	2026-10-09T03:41:37.2261083Z Setting up liblapack3:amd64 (3.12.0-3build1.1) ...
verify	Run npx playwright install --with-deps chromium firefox webkit	2026-10-09T03:41:37.2317796Z update-alternatives: using /usr/lib/x86_64-linux-gnu/lapack/liblapack.so.3 to provide /usr/lib/x86_64-linux-gnu/liblapack.so.3 (liblapack.so.3-x86_64-linux-gnu) in auto mode
verify	Run npx playwright install --with-deps chromium firefox webkit	2026-10-09T03:41:37.2341223Z Setting up libneon27t64:amd64 (0.33.0-1.1build3) ...
verify	Run npx playwright install --with-deps chromium firefox webkit	2026-10-09T03:41:37.2358976Z Setting up libzvbi0t64:amd64 (0.2.42-2) ...
verify	Run npx playwright install --with-deps chromium firefox webkit	2026-10-09T03:41:37.2379683Z Setting up libraptor2-0:amd64 (2.0.16-3ubuntu0.1) ...
verify	Run npx playwright install --with-deps chromium firefox webkit	2026-10-09T03:41:37.2401999Z Setting up libzbar0t64:amd64 (0.23.93-4build3) ...
verify	Run npx playwright install --with-deps chromium firefox webkit	2026-10-09T03:41:37.2421599Z Setting up libgstreamer-plugins-base1.0-0:amd64 (1.24.2-1ubuntu0.5) ...
verify	Run npx playwright install --with-deps chromium firefox webkit	2026-10-09T03:41:37.2439729Z Setting up libavutil58:amd64 (7:6.1.1-3ubuntu5) ...
verify	Run npx playwright install --with-deps chromium firefox webkit	2026-10-09T03:41:37.2458320Z Setting up libopenal1:amd64 (1:1.23.1-4build1) ...
verify	Run npx playwright install --with-deps chromium firefox webkit	2026-10-09T03:41:37.2480349Z Setting up librsvg2-2:amd64 (2.58.0+dfsg-1ubuntu0.1) ...
verify	Run npx playwright install --with-deps chromium firefox webkit	2026-10-09T03:41:37.2497201Z Setting up libxml2-dev:amd64 (2.9.14+dfsg-1.3ubuntu3.10) ...
verify	Run npx playwright install --with-deps chromium firefox webkit	2026-10-09T03:41:37.2517400Z Setting up libsecret-1-0:amd64 (0.21.4-1build3) ...
verify	Run npx playwright install --with-deps chromium firefox webkit	2026-10-09T03:41:37.2537940Z Setting up libgstreamer-plugins-good1.0-0:amd64 (1.24.2-1ubuntu1.8) ...
verify	Run npx playwright install --with-deps chromium firefox webkit	2026-10-09T03:41:37.2556120Z Setting up libgstreamer-gl1.0-0:amd64 (1.24.2-1ubuntu0.5) ...
verify	Run npx playwright install --with-deps chromium firefox webkit	2026-10-09T03:41:37.2574224Z Setting up gstreamer1.0-plugins-base:amd64 (1.24.2-1ubuntu0.5) ...
verify	Run npx playwright install --with-deps chromium firefox webkit	2026-10-09T03:41:37.2593087Z Setting up libfreetype6:amd64 (2.13.2+dfsg-1ubuntu0.2) ...
verify	Run npx playwright install --with-deps chromium firefox webkit	2026-10-09T03:41:37.2610261Z Setting up libswresample4:amd64 (7:6.1.1-3ubuntu5) ...
verify	Run npx playwright install --with-deps chromium firefox webkit	2026-10-09T03:41:37.2631726Z Setting up libopenexr-3-1-30:amd64 (3.1.5-5.1build3) ...
verify	Run npx playwright install --with-deps chromium firefox webkit	2026-10-09T03:41:37.2649189Z Setting up libshout3:amd64 (2.4.6-1build2) ...
verify	Run npx playwright install --with-deps chromium firefox webkit	2026-10-09T03:41:37.2666981Z Setting up libgav1-1:amd64 (0.18.0-1build3) ...
verify	Run npx playwright install --with-deps chromium firefox webkit	2026-10-09T03:41:37.2688660Z Setting up libavcodec60:amd64 (7:6.1.1-3ubuntu5) ...
verify	Run npx playwright install --with-deps chromium firefox webkit	2026-10-09T03:41:37.2708434Z Setting up librubberband2:amd64 (3.3.0+dfsg-2build1) ...
verify	Run npx playwright install --with-deps chromium firefox webkit	2026-10-09T03:41:37.2728764Z Setting up libjack-jackd2-0:amd64 (1.9.21~dfsg-3ubuntu3) ...
verify	Run npx playwright install --with-deps chromium firefox webkit	2026-10-09T03:41:37.2750503Z Setting up libsord-0-0:amd64 (0.16.16-2build1) ...
verify	Run npx playwright install --with-deps chromium firefox webkit	2026-10-09T03:41:37.2768077Z Setting up libpostproc57:amd64 (7:6.1.1-3ubuntu5) ...
verify	Run npx playwright install --with-deps chromium firefox webkit	2026-10-09T03:41:37.2790577Z Setting up libsratom-0-0:amd64 (0.6.16-1build1) ...
verify	Run npx playwright install --with-deps chromium firefox webkit	2026-10-09T03:41:37.2816095Z Setting up libsndfile1:amd64 (1.2.2-1ubuntu5.24.04.1) ...
verify	Run npx playwright install --with-deps chromium firefox webkit	2026-10-09T03:41:37.2834437Z Setting up libbluray2:amd64 (1:1.3.4-1build1) ...
verify	Run npx playwright install --with-deps chromium firefox webkit	2026-10-09T03:41:37.2859103Z Setting up liblilv-0-0:amd64 (0.24.22-1build1) ...
verify	Run npx playwright install --with-deps chromium firefox webkit	2026-10-09T03:41:37.2881130Z Setting up libinstpatch-1.0-2:amd64 (1.1.6-1build2) ...
verify	Run npx playwright install --with-deps chromium firefox webkit	2026-10-09T03:41:37.2903250Z Setting up libswscale7:amd64 (7:6.1.1-3ubuntu5) ...
verify	Run npx playwright install --with-deps chromium firefox webkit	2026-10-09T03:41:37.2925178Z Setting up libcairo-script-interpreter2:amd64 (1.18.0-3build1) ...
verify	Run npx playwright install --with-deps chromium firefox webkit	2026-10-09T03:41:37.2943777Z Setting up libavif16:amd64 (1.0.4-1ubuntu3) ...
verify	Run npx playwright install --with-deps chromium firefox webkit	2026-10-09T03:41:37.2966870Z Setting up libpulse0:amd64 (1:16.1+dfsg1-2ubuntu10.1) ...
verify	Run npx playwright install --with-deps chromium firefox webkit	2026-10-09T03:41:37.3037518Z Setting up liblrdf0:amd64 (0.6.1-4build1) ...
verify	Run npx playwright install --with-deps chromium firefox webkit	2026-10-09T03:41:37.3058720Z Setting up libavformat60:amd64 (7:6.1.1-3ubuntu5) ...
verify	Run npx playwright install --with-deps chromium firefox webkit	2026-10-09T03:41:37.3311276Z Setting up xfonts-utils (1:7.7+6build3) ...
verify	Run npx playwright install --with-deps chromium firefox webkit	2026-10-09T03:41:37.3350975Z Setting up libsphinxbase3t64:amd64 (0.8+5prealpha+1-17build2) ...
verify	Run npx playwright install --with-deps chromium firefox webkit	2026-10-09T03:41:37.3368603Z Setting up libass9:amd64 (1:0.17.1-2build1) ...
verify	Run npx playwright install --with-deps chromium firefox webkit	2026-10-09T03:41:37.3387094Z Setting up xfonts-cyrillic (1:1.0.5+nmu1) ...
verify	Run npx playwright install --with-deps chromium firefox webkit	2026-10-09T03:41:37.3688494Z Setting up libsdl2-2.0-0:amd64 (2.30.0+dfsg-1ubuntu3.1) ...
verify	Run npx playwright install --with-deps chromium firefox webkit	2026-10-09T03:41:37.3708792Z Setting up xfonts-scalable (1:1.0.3-1.3) ...
verify	Run npx playwright install --with-deps chromium firefox webkit	2026-10-09T03:41:37.3980564Z Setting up libfluidsynth3:amd64 (2.3.4-1build3) ...
verify	Run npx playwright install --with-deps chromium firefox webkit	2026-10-09T03:41:37.3997752Z Setting up libpocketsphinx3:amd64 (0.8.0+real5prealpha+1-15ubuntu5) ...
verify	Run npx playwright install --with-deps chromium firefox webkit	2026-10-09T03:41:37.4015192Z Setting up libavfilter9:amd64 (7:6.1.1-3ubuntu5) ...
verify	Run npx playwright install --with-deps chromium firefox webkit	2026-10-09T03:41:37.4035111Z Setting up gstreamer1.0-libav:amd64 (1.24.1-1build1) ...
verify	Run npx playwright install --with-deps chromium firefox webkit	2026-10-09T03:41:37.4337659Z Processing triggers for fontconfig (2.15.0-1.1ubuntu2) ...
verify	Run npx playwright install --with-deps chromium firefox webkit	2026-10-09T03:41:37.5261660Z Processing triggers for libc-bin (2.39-0ubuntu8.9) ...
verify	Run npx playwright install --with-deps chromium firefox webkit	2026-10-09T03:41:37.5755251Z Processing triggers for man-db (2.12.0-4build2) ...
verify	Run npx playwright install --with-deps chromium firefox webkit	2026-10-09T03:41:37.5774805Z Not building database; man-db/auto-update is not 'true'.
verify	Run npx playwright install --with-deps chromium firefox webkit	2026-10-09T03:41:37.5803263Z Processing triggers for libglib2.0-0t64:amd64 (2.80.0-6ubuntu3.9) ...
verify	Run npx playwright install --with-deps chromium firefox webkit	2026-10-09T03:41:37.6429193Z Setting up libgtk-4-1:amd64 (4.14.5+ds-0ubuntu0.10) ...
verify	Run npx playwright install --with-deps chromium firefox webkit	2026-10-09T03:41:37.7050937Z Setting up glib-networking:amd64 (2.80.0-1build1) ...
verify	Run npx playwright install --with-deps chromium firefox webkit	2026-10-09T03:41:37.7084062Z Setting up libsoup-3.0-0:amd64 (3.4.4-5ubuntu0.9) ...
verify	Run npx playwright install --with-deps chromium firefox webkit	2026-10-09T03:41:37.7115939Z Setting up libgssdp-1.6-0:amd64 (1.6.3-1build3) ...
verify	Run npx playwright install --with-deps chromium firefox webkit	2026-10-09T03:41:37.7186694Z Setting up gstreamer1.0-plugins-good:amd64 (1.24.2-1ubuntu1.8) ...
verify	Run npx playwright install --with-deps chromium firefox webkit	2026-10-09T03:41:37.7213604Z Setting up libgupnp-1.6-0:amd64 (1.6.6-1build3) ...
verify	Run npx playwright install --with-deps chromium firefox webkit	2026-10-09T03:41:37.7275202Z Setting up libgupnp-igd-1.6-0:amd64 (1.6.0-3build3) ...
verify	Run npx playwright install --with-deps chromium firefox webkit	2026-10-09T03:41:37.7311597Z Setting up libnice10:amd64 (0.1.21-2build3) ...
verify	Run npx playwright install --with-deps chromium firefox webkit	2026-10-09T03:41:37.7362657Z Setting up libgstreamer-plugins-bad1.0-0:amd64 (1.24.2-1ubuntu4) ...
verify	Run npx playwright install --with-deps chromium firefox webkit	2026-10-09T03:41:37.7406846Z Setting up gstreamer1.0-plugins-bad:amd64 (1.24.2-1ubuntu4) ...
verify	Run npx playwright install --with-deps chromium firefox webkit	2026-10-09T03:41:37.7427632Z Processing triggers for libc-bin (2.39-0ubuntu8.9) ...
verify	Run npx playwright install --with-deps chromium firefox webkit	2026-10-09T03:41:38.3950617Z 
verify	Run npx playwright install --with-deps chromium firefox webkit	2026-10-09T03:41:38.3951298Z Running kernel seems to be up-to-date.
verify	Run npx playwright install --with-deps chromium firefox webkit	2026-10-09T03:41:38.3951708Z 
verify	Run npx playwright install --with-deps chromium firefox webkit	2026-10-09T03:41:38.3951860Z Restarting services...
verify	Run npx playwright install --with-deps chromium firefox webkit	2026-10-09T03:41:38.4128918Z  systemctl restart packagekit.service php8.3-fpm.service
verify	Run npx playwright install --with-deps chromium firefox webkit	2026-10-09T03:41:38.5263935Z 
verify	Run npx playwright install --with-deps chromium firefox webkit	2026-10-09T03:41:38.5288221Z No containers need to be restarted.
verify	Run npx playwright install --with-deps chromium firefox webkit	2026-10-09T03:41:38.5293333Z 
verify	Run npx playwright install --with-deps chromium firefox webkit	2026-10-09T03:41:38.5293922Z No user sessions are running outdated binaries.
verify	Run npx playwright install --with-deps chromium firefox webkit	2026-10-09T03:41:38.5294354Z 
verify	Run npx playwright install --with-deps chromium firefox webkit	2026-10-09T03:41:38.5294679Z No VM guests are running outdated hypervisor (qemu) binaries on this host.
verify	Run npx playwright install --with-deps chromium firefox webkit	2026-10-09T03:41:39.3695721Z Downloading Chrome for Testing 153.0.8010.12 (playwright chromium v1243) from https://cdn.playwright.dev/builds/cft/153.0.8010.12/linux64/chrome-linux64.zip
verify	Run npx playwright install --with-deps chromium firefox webkit	2026-10-09T03:41:39.7850140Z |                                                                                |   0% of 186.8 MiB
verify	Run npx playwright install --with-deps chromium firefox webkit	2026-10-09T03:41:39.9874884Z |■■■■■■■■                                                                        |  10% of 186.8 MiB
verify	Run npx playwright install --with-deps chromium firefox webkit	2026-10-09T03:41:40.0975590Z |■■■■■■■■■■■■■■■■                                                                |  20% of 186.8 MiB
verify	Run npx playwright install --with-deps chromium firefox webkit	2026-10-09T03:41:40.2063125Z |■■■■■■■■■■■■■■■■■■■■■■■■                                                        |  30% of 186.8 MiB
verify	Run npx playwright install --with-deps chromium firefox webkit	2026-10-09T03:41:40.2858148Z |■■■■■■■■■■■■■■■■■■■■■■■■■■■■■■■■                                                |  40% of 186.8 MiB
verify	Run npx playwright install --with-deps chromium firefox webkit	2026-10-09T03:41:40.3702543Z |■■■■■■■■■■■■■■■■■■■■■■■■■■■■■■■■■■■■■■■■                                        |  50% of 186.8 MiB
verify	Run npx playwright install --with-deps chromium firefox webkit	2026-10-09T03:41:40.4525618Z |■■■■■■■■■■■■■■■■■■■■■■■■■■■■■■■■■■■■■■■■■■■■■■■■                                |  60% of 186.8 MiB
verify	Run npx playwright install --with-deps chromium firefox webkit	2026-10-09T03:41:40.5262424Z |■■■■■■■■■■■■■■■■■■■■■■■■■■■■■■■■■■■■■■■■■■■■■■■■■■■■■■■■                        |  70% of 186.8 MiB
verify	Run npx playwright install --with-deps chromium firefox webkit	2026-10-09T03:41:40.6238729Z |■■■■■■■■■■■■■■■■■■■■■■■■■■■■■■■■■■■■■■■■■■■■■■■■■■■■■■■■■■■■■■■■                |  80% of 186.8 MiB
verify	Run npx playwright install --with-deps chromium firefox webkit	2026-10-09T03:41:40.7215012Z |■■■■■■■■■■■■■■■■■■■■■■■■■■■■■■■■■■■■■■■■■■■■■■■■■■■■■■■■■■■■■■■■■■■■■■■■        |  90% of 186.8 MiB
verify	Run npx playwright install --with-deps chromium firefox webkit	2026-10-09T03:41:40.8238437Z |■■■■■■■■■■■■■■■■■■■■■■■■■■■■■■■■■■■■■■■■■■■■■■■■■■■■■■■■■■■■■■■■■■■■■■■■■■■■■■■■| 100% of 186.8 MiB
verify	Run npx playwright install --with-deps chromium firefox webkit	2026-10-09T03:41:43.9615603Z Chrome for Testing 153.0.8010.12 (playwright chromium v1243) downloaded to /home/runner/.cache/ms-playwright/chromium-1243
verify	Run npx playwright install --with-deps chromium firefox webkit	2026-10-09T03:41:43.9619508Z Downloading FFmpeg (playwright ffmpeg v1011) from https://cdn.playwright.dev/dbazure/download/playwright/builds/ffmpeg/1011/ffmpeg-linux.zip
verify	Run npx playwright install --with-deps chromium firefox webkit	2026-10-09T03:41:44.3125920Z |                                                                                |   0% of 2.3 MiB
verify	Run npx playwright install --with-deps chromium firefox webkit	2026-10-09T03:41:44.3166391Z |■■■■■■■■                                                                        |  10% of 2.3 MiB
verify	Run npx playwright install --with-deps chromium firefox webkit	2026-10-09T03:41:44.3200575Z |■■■■■■■■■■■■■■■■                                                                |  20% of 2.3 MiB
verify	Run npx playwright install --with-deps chromium firefox webkit	2026-10-09T03:41:44.3234446Z |■■■■■■■■■■■■■■■■■■■■■■■■                                                        |  30% of 2.3 MiB
verify	Run npx playwright install --with-deps chromium firefox webkit	2026-10-09T03:41:44.3252652Z |■■■■■■■■■■■■■■■■■■■■■■■■■■■■■■■■                                                |  40% of 2.3 MiB
verify	Run npx playwright install --with-deps chromium firefox webkit	2026-10-09T03:41:44.3268584Z |■■■■■■■■■■■■■■■■■■■■■■■■■■■■■■■■■■■■■■■■                                        |  50% of 2.3 MiB
verify	Run npx playwright install --with-deps chromium firefox webkit	2026-10-09T03:41:44.3288572Z |■■■■■■■■■■■■■■■■■■■■■■■■■■■■■■■■■■■■■■■■■■■■■■■■                                |  60% of 2.3 MiB
verify	Run npx playwright install --with-deps chromium firefox webkit	2026-10-09T03:41:44.3309618Z |■■■■■■■■■■■■■■■■■■■■■■■■■■■■■■■■■■■■■■■■■■■■■■■■■■■■■■■■                        |  70% of 2.3 MiB
verify	Run npx playwright install --with-deps chromium firefox webkit	2026-10-09T03:41:44.3355573Z |■■■■■■■■■■■■■■■■■■■■■■■■■■■■■■■■■■■■■■■■■■■■■■■■■■■■■■■■■■■■■■■■                |  80% of 2.3 MiB
verify	Run npx playwright install --with-deps chromium firefox webkit	2026-10-09T03:41:44.3370600Z |■■■■■■■■■■■■■■■■■■■■■■■■■■■■■■■■■■■■■■■■■■■■■■■■■■■■■■■■■■■■■■■■■■■■■■■■        |  90% of 2.3 MiB
verify	Run npx playwright install --with-deps chromium firefox webkit	2026-10-09T03:41:44.3420935Z |■■■■■■■■■■■■■■■■■■■■■■■■■■■■■■■■■■■■■■■■■■■■■■■■■■■■■■■■■■■■■■■■■■■■■■■■■■■■■■■■| 100% of 2.3 MiB
verify	Run npx playwright install --with-deps chromium firefox webkit	2026-10-09T03:41:44.4026862Z FFmpeg (playwright ffmpeg v1011) downloaded to /home/runner/.cache/ms-playwright/ffmpeg-1011
verify	Run npx playwright install --with-deps chromium firefox webkit	2026-10-09T03:41:44.4029600Z Downloading Chrome Headless Shell 153.0.8010.12 (playwright chromium-headless-shell v1243) from https://cdn.playwright.dev/builds/cft/153.0.8010.12/linux64/chrome-headless-shell-linux64.zip
verify	Run npx playwright install --with-deps chromium firefox webkit	2026-10-09T03:41:44.7972390Z |                                                                                |   0% of 114.3 MiB
verify	Run npx playwright install --with-deps chromium firefox webkit	2026-10-09T03:41:44.9972468Z |■■■■■■■■                                                                        |  10% of 114.3 MiB
verify	Run npx playwright install --with-deps chromium firefox webkit	2026-10-09T03:41:45.1210074Z |■■■■■■■■■■■■■■■■                                                                |  20% of 114.3 MiB
verify	Run npx playwright install --with-deps chromium firefox webkit	2026-10-09T03:41:45.2060432Z |■■■■■■■■■■■■■■■■■■■■■■■■                                                        |  30% of 114.3 MiB
verify	Run npx playwright install --with-deps chromium firefox webkit	2026-10-09T03:41:45.2582377Z |■■■■■■■■■■■■■■■■■■■■■■■■■■■■■■■■                                                |  40% of 114.3 MiB
verify	Run npx playwright install --with-deps chromium firefox webkit	2026-10-09T03:41:45.3236727Z |■■■■■■■■■■■■■■■■■■■■■■■■■■■■■■■■■■■■■■■■                                        |  50% of 114.3 MiB
verify	Run npx playwright install --with-deps chromium firefox webkit	2026-10-09T03:41:45.3661928Z |■■■■■■■■■■■■■■■■■■■■■■■■■■■■■■■■■■■■■■■■■■■■■■■■                                |  60% of 114.3 MiB
verify	Run npx playwright install --with-deps chromium firefox webkit	2026-10-09T03:41:45.4338877Z |■■■■■■■■■■■■■■■■■■■■■■■■■■■■■■■■■■■■■■■■■■■■■■■■■■■■■■■■                        |  70% of 114.3 MiB
verify	Run npx playwright install --with-deps chromium firefox webkit	2026-10-09T03:41:45.4960586Z |■■■■■■■■■■■■■■■■■■■■■■■■■■■■■■■■■■■■■■■■■■■■■■■■■■■■■■■■■■■■■■■■                |  80% of 114.3 MiB
verify	Run npx playwright install --with-deps chromium firefox webkit	2026-10-09T03:41:45.5372491Z |■■■■■■■■■■■■■■■■■■■■■■■■■■■■■■■■■■■■■■■■■■■■■■■■■■■■■■■■■■■■■■■■■■■■■■■■        |  90% of 114.3 MiB
verify	Run npx playwright install --with-deps chromium firefox webkit	2026-10-09T03:41:45.5765074Z |■■■■■■■■■■■■■■■■■■■■■■■■■■■■■■■■■■■■■■■■■■■■■■■■■■■■■■■■■■■■■■■■■■■■■■■■■■■■■■■■| 100% of 114.3 MiB
verify	Run npx playwright install --with-deps chromium firefox webkit	2026-10-09T03:41:47.7942584Z Chrome Headless Shell 153.0.8010.12 (playwright chromium-headless-shell v1243) downloaded to /home/runner/.cache/ms-playwright/chromium_headless_shell-1243
verify	Run npx playwright install --with-deps chromium firefox webkit	2026-10-09T03:41:47.7945683Z Downloading Firefox 155.0 (playwright firefox v1543) from https://cdn.playwright.dev/dbazure/download/playwright/builds/firefox/1543/firefox-ubuntu-24.04.zip
verify	Run npx playwright install --with-deps chromium firefox webkit	2026-10-09T03:41:49.1960587Z |                                                                                |   0% of 109.5 MiB
verify	Run npx playwright install --with-deps chromium firefox webkit	2026-10-09T03:41:49.2698115Z |■■■■■■■■                                                                        |  10% of 109.5 MiB
verify	Run npx playwright install --with-deps chromium firefox webkit	2026-10-09T03:41:49.3506956Z |■■■■■■■■■■■■■■■■                                                                |  20% of 109.5 MiB
verify	Run npx playwright install --with-deps chromium firefox webkit	2026-10-09T03:41:49.4095227Z |■■■■■■■■■■■■■■■■■■■■■■■■                                                        |  30% of 109.5 MiB
verify	Run npx playwright install --with-deps chromium firefox webkit	2026-10-09T03:41:49.4619355Z |■■■■■■■■■■■■■■■■■■■■■■■■■■■■■■■■                                                |  40% of 109.5 MiB
verify	Run npx playwright install --with-deps chromium firefox webkit	2026-10-09T03:41:49.5338940Z |■■■■■■■■■■■■■■■■■■■■■■■■■■■■■■■■■■■■■■■■                                        |  50% of 109.5 MiB
verify	Run npx playwright install --with-deps chromium firefox webkit	2026-10-09T03:41:49.6009476Z |■■■■■■■■■■■■■■■■■■■■■■■■■■■■■■■■■■■■■■■■■■■■■■■■                                |  60% of 109.5 MiB
verify	Run npx playwright install --with-deps chromium firefox webkit	2026-10-09T03:41:49.6604212Z |■■■■■■■■■■■■■■■■■■■■■■■■■■■■■■■■■■■■■■■■■■■■■■■■■■■■■■■■                        |  70% of 109.5 MiB
verify	Run npx playwright install --with-deps chromium firefox webkit	2026-10-09T03:41:49.7271768Z |■■■■■■■■■■■■■■■■■■■■■■■■■■■■■■■■■■■■■■■■■■■■■■■■■■■■■■■■■■■■■■■■                |  80% of 109.5 MiB
verify	Run npx playwright install --with-deps chromium firefox webkit	2026-10-09T03:41:49.7865891Z |■■■■■■■■■■■■■■■■■■■■■■■■■■■■■■■■■■■■■■■■■■■■■■■■■■■■■■■■■■■■■■■■■■■■■■■■        |  90% of 109.5 MiB
verify	Run npx playwright install --with-deps chromium firefox webkit	2026-10-09T03:41:49.8359239Z |■■■■■■■■■■■■■■■■■■■■■■■■■■■■■■■■■■■■■■■■■■■■■■■■■■■■■■■■■■■■■■■■■■■■■■■■■■■■■■■■| 100% of 109.5 MiB
verify	Run npx playwright install --with-deps chromium firefox webkit	2026-10-09T03:41:52.0327894Z Firefox 155.0 (playwright firefox v1543) downloaded to /home/runner/.cache/ms-playwright/firefox-1543
verify	Run npx playwright install --with-deps chromium firefox webkit	2026-10-09T03:41:52.0331135Z Downloading WebKit 26.6 (playwright webkit v2359) from https://cdn.playwright.dev/dbazure/download/playwright/builds/webkit/2359/webkit-ubuntu-24.04.zip
verify	Run npx playwright install --with-deps chromium firefox webkit	2026-10-09T03:41:52.3779860Z |                                                                                |   0% of 102.3 MiB
verify	Run npx playwright install --with-deps chromium firefox webkit	2026-10-09T03:41:52.4538350Z |■■■■■■■■                                                                        |  10% of 102.3 MiB
verify	Run npx playwright install --with-deps chromium firefox webkit	2026-10-09T03:41:52.5285822Z |■■■■■■■■■■■■■■■■                                                                |  20% of 102.3 MiB
verify	Run npx playwright install --with-deps chromium firefox webkit	2026-10-09T03:41:52.5808121Z |■■■■■■■■■■■■■■■■■■■■■■■■                                                        |  30% of 102.3 MiB
verify	Run npx playwright install --with-deps chromium firefox webkit	2026-10-09T03:41:52.6418700Z |■■■■■■■■■■■■■■■■■■■■■■■■■■■■■■■■                                                |  40% of 102.3 MiB
verify	Run npx playwright install --with-deps chromium firefox webkit	2026-10-09T03:41:52.7172110Z |■■■■■■■■■■■■■■■■■■■■■■■■■■■■■■■■■■■■■■■■                                        |  50% of 102.3 MiB
verify	Run npx playwright install --with-deps chromium firefox webkit	2026-10-09T03:41:52.7872658Z |■■■■■■■■■■■■■■■■■■■■■■■■■■■■■■■■■■■■■■■■■■■■■■■■                                |  60% of 102.3 MiB
verify	Run npx playwright install --with-deps chromium firefox webkit	2026-10-09T03:41:52.8377866Z |■■■■■■■■■■■■■■■■■■■■■■■■■■■■■■■■■■■■■■■■■■■■■■■■■■■■■■■■                        |  70% of 102.3 MiB
verify	Run npx playwright install --with-deps chromium firefox webkit	2026-10-09T03:41:52.9007421Z |■■■■■■■■■■■■■■■■■■■■■■■■■■■■■■■■■■■■■■■■■■■■■■■■■■■■■■■■■■■■■■■■                |  80% of 102.3 MiB
verify	Run npx playwright install --with-deps chromium firefox webkit	2026-10-09T03:41:52.9511068Z |■■■■■■■■■■■■■■■■■■■■■■■■■■■■■■■■■■■■■■■■■■■■■■■■■■■■■■■■■■■■■■■■■■■■■■■■        |  90% of 102.3 MiB
verify	Run npx playwright install --with-deps chromium firefox webkit	2026-10-09T03:41:53.0008804Z |■■■■■■■■■■■■■■■■■■■■■■■■■■■■■■■■■■■■■■■■■■■■■■■■■■■■■■■■■■■■■■■■■■■■■■■■■■■■■■■■| 100% of 102.3 MiB
verify	Run npx playwright install --with-deps chromium firefox webkit	2026-10-09T03:41:55.1066668Z WebKit 26.6 (playwright webkit v2359) downloaded to /home/runner/.cache/ms-playwright/webkit-2359
verify	Run node -e 'require("fs").appendFileSync(process.env.GITHUB_ENV, "CHROMIUM_PATH=" + require("playwright").chromium.executablePath() + "\n")'	﻿2026-10-09T03:41:55.5095556Z ##[group]Run node -e 'require("fs").appendFileSync(process.env.GITHUB_ENV, "CHROMIUM_PATH=" + require("playwright").chromium.executablePath() + "\n")'
verify	Run node -e 'require("fs").appendFileSync(process.env.GITHUB_ENV, "CHROMIUM_PATH=" + require("playwright").chromium.executablePath() + "\n")'	2026-10-09T03:41:55.5097534Z [36;1mnode -e 'require("fs").appendFileSync(process.env.GITHUB_ENV, "CHROMIUM_PATH=" + require("playwright").chromium.executablePath() + "\n")'[0m
verify	Run node -e 'require("fs").appendFileSync(process.env.GITHUB_ENV, "CHROMIUM_PATH=" + require("playwright").chromium.executablePath() + "\n")'	2026-10-09T03:41:55.5193234Z shell: /usr/bin/bash -e {0}
verify	Run node -e 'require("fs").appendFileSync(process.env.GITHUB_ENV, "CHROMIUM_PATH=" + require("playwright").chromium.executablePath() + "\n")'	2026-10-09T03:41:55.5193709Z ##[endgroup]
verify	Run npm test	﻿2026-10-09T03:41:55.8868238Z ##[group]Run npm test
verify	Run npm test	2026-10-09T03:41:55.8868671Z [36;1mnpm test[0m
verify	Run npm test	2026-10-09T03:41:55.8949585Z shell: /usr/bin/bash -e {0}
verify	Run npm test	2026-10-09T03:41:55.8950004Z env:
verify	Run npm test	2026-10-09T03:41:55.8950604Z   CHROMIUM_PATH: /home/runner/.cache/ms-playwright/chromium-1243/chrome-linux64/chrome
verify	Run npm test	2026-10-09T03:41:55.8951354Z ##[endgroup]
verify	Run npm test	2026-10-09T03:41:56.0123367Z 
verify	Run npm test	2026-10-09T03:41:56.0124292Z > shinariokanri@0.1.0 pretest
verify	Run npm test	2026-10-09T03:41:56.0125044Z > node scripts/build/portable-runtime.mjs
verify	Run npm test	2026-10-09T03:41:56.0125442Z 
verify	Run npm test	2026-10-09T03:41:56.1628426Z Production portable runtime generated: 144514 characters
verify	Run npm test	2026-10-09T03:41:56.2297974Z 
verify	Run npm test	2026-10-09T03:41:56.2298892Z > shinariokanri@0.1.0 test
verify	Run npm test	2026-10-09T03:41:56.2299589Z > vitest run
verify	Run npm test	2026-10-09T03:41:56.2299976Z 
verify	Run npm test	2026-10-09T03:41:56.5514825Z 
verify	Run npm test	2026-10-09T03:41:56.5518923Z [1m[30m[46m RUN [49m[39m[22m [36mv5.0.3 [39m[90m/home/runner/work/shinariokanri/shinariokanri[39m
verify	Run npm test	2026-10-09T03:41:56.5520043Z 
verify	Run npm test	2026-10-09T03:41:58.5088269Z  [32m✓[39m tests/runtime.test.ts [2m([22m[2m35 tests[22m[2m)[22m[33m 677[2mms[22m[39m
verify	Run npm test	2026-10-09T03:41:58.5113771Z    [32m✓[39m pure reading runtime [2m(22)[22m
verify	Run npm test	2026-10-09T03:41:58.5157364Z      [33m[2m✓[22m[39m replays pinned evidence after saving and a full ZIP round trip regardless of object key order[33m 400[2mms[22m[39m
verify	Run npm test	2026-10-09T03:41:58.8678875Z [90mstderr[2m | src/storage/rb07Production.test.ts[2m > [22m[2mRB07 authored production workflow and complete recovery[2m > [22m[2mkeeps production input and material bytes across reopening; rejects damaged drafts and oversized/active attachments without touching saved author data
verify	Run npm test	2026-10-09T03:41:58.8715105Z [22m[39mAnother connection wants to delete database 'rb07-draft-b283694c-f888-4df4-a758-429c50d6f405'. Closing db now to resume the delete request.
verify	Run npm test	2026-10-09T03:41:58.8734108Z 
verify	Run npm test	2026-10-09T03:41:59.6285118Z  [32m✓[39m src/storage/rb07Production.test.ts [2m([22m[2m22 tests[22m[2m)[22m[33m 1826[2mms[22m[39m
verify	Run npm test	2026-10-09T03:41:59.6354100Z    [32m✓[39m RB07 authored production workflow and complete recovery [2m(12)[22m
verify	Run npm test	2026-10-09T03:41:59.6443542Z      [33m[2m✓[22m[39m splits Unicode text with ruby, links and positional cue once; atomically retains old IDs, deliverables and immutable editions through empty/clone roundtrips[33m 724[2mms[22m[39m
verify	Run npm test	2026-10-09T03:42:01.0225303Z  [32m✓[39m tests/rb09Features.test.ts [2m([22m[2m27 tests[22m[2m)[22m[33m 949[2mms[22m[39m
verify	Run npm test	2026-10-09T03:42:01.0245902Z    [33m[2m✓[22m[39m round-trips native confirmed base, prepared batch, history and raw original IDs into a cold new and clone recovery without automatically sending[33m 377[2mms[22m[39m
verify	Run npm test	2026-10-09T03:42:01.2304871Z  [32m✓[39m src/domain/domain.test.ts [2m([22m[2m96 tests[22m[2m)[22m[33m 2306[2mms[22m[39m
verify	Run npm test	2026-10-09T03:42:01.2306692Z    [32m✓[39m versioned entity and reference contracts [2m(65)[22m
verify	Run npm test	2026-10-09T03:42:01.2334692Z      [33m[2m✓[22m[39m compiles the actual JSON Schema and accepts all-kind/condition/query fixtures while rejecting unknown payloads[33m 1858[2mms[22m[39m
verify	Run npm test	2026-10-09T03:42:01.6466985Z [90mstderr[2m | src/storage/storage.test.ts[2m > [22m[2matomic IndexedDB commands[2m > [22m[2mhydrates private cold rows without changing stored blocks, drafts or fixed snapshots
verify	Run npm test	2026-10-09T03:42:01.6472425Z [22m[39mAnother connection wants to delete database 'private-hydration-23989d48-5eae-42de-8568-c9e0df508a74'. Closing db now to resume the delete request.
verify	Run npm test	2026-10-09T03:42:01.6475644Z 
verify	Run npm test	2026-10-09T03:42:01.7045234Z [90mstderr[2m | src/storage/storage.test.ts[2m > [22m[2matomic IndexedDB commands[2m > [22m[2mpersists stable IDs, links, original text and huge negative ticks across restart; undo appends history
verify	Run npm test	2026-10-09T03:42:01.7084882Z [22m[39mAnother connection wants to delete database 'restart-8e6f2f5f-1602-4da8-b928-69e3546eada5'. Closing db now to resume the delete request.
verify	Run npm test	2026-10-09T03:42:01.7143405Z 
verify	Run npm test	2026-10-09T03:42:02.9017803Z  [32m✓[39m src/storage/rb08Handoff.test.ts [2m([22m[2m17 tests[22m[2m)[22m[33m 5105[2mms[22m[39m
verify	Run npm test	2026-10-09T03:42:02.9034749Z    [32m✓[39m RB08 production handoff and independent portable engine [2m(6)[22m
verify	Run npm test	2026-10-09T03:42:02.9049256Z      [33m[2m✓[22m[39m counts reference reuse once, independent clones separately, preserves route occurrences and atomically reloads speed/assumption/unknown estimates[33m 342[2mms[22m[39m
verify	Run npm test	2026-10-09T03:42:02.9052255Z      [33m[2m✓[22m[39m imports consultation text only into a sealed author alternative with source/edition and independent paragraph IDs, then roundtrips without applying canonical text[33m 669[2mms[22m[39m
verify	Run npm test	2026-10-09T03:42:02.9056114Z    [33m[2m✓[22m[39m receives explicit game-owned contracts and stable dialogue/asset IDs, verifies actual mechanics and replay, then atomically saves/reloads/empty-clones the receipt without executing a game from trials[33m 876[2mms[22m[39m
verify	Run npm test	2026-10-09T03:42:02.9066824Z    [33m[2m✓[22m[39m exports independently approved old citations with Unicode positions and distinct old/new asset bytes, verifies receipt, and empty-restores native policies[33m 1299[2mms[22m[39m
verify	Run npm test	2026-10-09T03:42:02.9070218Z    [33m[2m✓[22m[39m keeps an explicitly approved world citation on its verified old edition after adoption advances, and refuses absent hashes/cyclic approval[33m 833[2mms[22m[39m
verify	Run npm test	2026-10-09T03:42:02.9073133Z    [33m[2m✓[22m[39m rejects a rehashed forged terminal state at atomic save and archive boundaries, retaining the saved revision and bytes[33m 313[2mms[22m[39m
verify	Run npm test	2026-10-09T03:42:03.1147693Z  [32m✓[39m src/storage/storage.test.ts [2m([22m[2m44 tests[22m[2m)[22m[33m 1695[2mms[22m[39m
verify	Run npm test	2026-10-09T03:42:03.6124386Z  [32m✓[39m tests/sync.test.ts [2m([22m[2m40 tests[22m[2m)[22m[32m 220[2mms[22m[39m
verify	Run npm test	2026-10-09T03:42:03.9898338Z [90mstderr[2m | src/storage/authorAlternativesDurability.test.ts[2m > [22m[2mnative author alternative durability[2m > [22m[2mkeeps branch-only attachment bytes through save, close/reopen, full backup, and restore
verify	Run npm test	2026-10-09T03:42:03.9925100Z [22m[39mAnother connection wants to delete database 'alternative-asset-88e12993-a315-400d-8c7c-a21d17c282fe'. Closing db now to resume the delete request.
verify	Run npm test	2026-10-09T03:42:03.9953338Z 
verify	Run npm test	2026-10-09T03:42:04.2444954Z  [32m✓[39m tests/world.test.ts [2m([22m[2m17 tests[22m[2m)[22m[32m 173[2mms[22m[39m
verify	Run npm test	2026-10-09T03:42:04.8300885Z  [32m✓[39m tests/exports.test.ts [2m([22m[2m21 tests[22m[2m)[22m[33m 2815[2mms[22m[39m
verify	Run npm test	2026-10-09T03:42:04.8333874Z    [32m✓[39m purpose-specific export [2m(21)[22m
verify	Run npm test	2026-10-09T03:42:04.8354485Z      [33m[2m✓[22m[39m runs the exported HTML in Chromium, renders active text safely, and restores the complete state[33m 1336[2mms[22m[39m
verify	Run npm test	2026-10-09T03:42:04.8356352Z      [33m[2m✓[22m[39m rolls back every exported effect when a later effect violates an integer bound[33m 946[2mms[22m[39m
verify	Run npm test	2026-10-09T03:42:05.4146016Z [90mstderr[2m | src/storage/authorAlternativesDurability.test.ts[2m > [22m[2mnative author alternative durability[2m > [22m[2mkeeps reference-valued adoption receipts valid through full backup, clone, reopen, and re-export
verify	Run npm test	2026-10-09T03:42:05.4149523Z [22m[39mAnother connection wants to delete database 'alternative-clone-2f884c56-dfd6-4f75-99b1-cf4ad0b41e5f'. Closing db now to resume the delete request.
verify	Run npm test	2026-10-09T03:42:05.4151223Z 
verify	Run npm test	2026-10-09T03:42:05.5440047Z [90mstderr[2m | src/storage/authorAlternativesDurability.test.ts[2m > [22m[2mnative author alternative durability[2m > [22m[2mrecords removed entities and relations as logically absent across native reopen and full backup
verify	Run npm test	2026-10-09T03:42:05.5443974Z [22m[39mAnother connection wants to delete database 'alternative-removal-ea5ce110-f98a-4c87-bd41-9047431e1386'. Closing db now to resume the delete request.
verify	Run npm test	2026-10-09T03:42:05.5445558Z 
verify	Run npm test	2026-10-09T03:42:05.6585230Z  [32m✓[39m tests/textEditing.test.ts [2m([22m[2m17 tests[22m[2m)[22m[32m 148[2mms[22m[39m
verify	Run npm test	2026-10-09T03:42:05.7790832Z  [32m✓[39m src/storage/authorAlternativesDurability.test.ts [2m([22m[2m14 tests[22m[2m)[22m[33m 2233[2mms[22m[39m
verify	Run npm test	2026-10-09T03:42:05.7793051Z    [32m✓[39m native author alternative durability [2m(14)[22m
verify	Run npm test	2026-10-09T03:42:05.7794631Z      [33m[2m✓[22m[39m keeps branch-only attachment bytes through save, close/reopen, full backup, and restore[33m 441[2mms[22m[39m
verify	Run npm test	2026-10-09T03:42:05.7796710Z      [33m[2m✓[22m[39m merges new alternative IDs without dropping destination branches and blocks same-ID replacement[33m 393[2mms[22m[39m
verify	Run npm test	2026-10-09T03:42:05.7798838Z      [33m[2m✓[22m[39m keeps reference-valued adoption receipts valid through full backup, clone, reopen, and re-export[33m 624[2mms[22m[39m
verify	Run npm test	2026-10-09T03:42:05.9627364Z  [32m✓[39m src/domain/writingWorkspace.test.ts [2m([22m[2m11 tests[22m[2m)[22m[32m 82[2mms[22m[39m
verify	Run npm test	2026-10-09T03:42:06.4095093Z  [32m✓[39m tests/runtime-regressions.test.ts [2m([22m[2m26 tests[22m[2m)[22m[33m 361[2mms[22m[39m
verify	Run npm test	2026-10-09T03:42:06.6757276Z  [32m✓[39m tests/templates.test.ts [2m([22m[2m34 tests[22m[2m)[22m[33m 325[2mms[22m[39m
verify	Run npm test	2026-10-09T03:42:06.9108817Z  [32m✓[39m tests/projection.test.ts [2m([22m[2m14 tests[22m[2m)[22m[32m 38[2mms[22m[39m
verify	Run npm test	2026-10-09T03:42:07.3913126Z [90mstderr[2m | src/storage/performance.test.ts[2m > [22m[2mR06 changed-record saves and portable recovery[2m > [22m[2mloads current editing rows after restart without reading history; retains all history on save/export/empty recovery
verify	Run npm test	2026-10-09T03:42:07.3937540Z [22m[39mAnother connection wants to delete database 'lazy-ecead837-1421-4152-b05f-59b26535d1aa'. Closing db now to resume the delete request.
verify	Run npm test	2026-10-09T03:42:07.3939157Z 
verify	Run npm test	2026-10-09T03:42:07.8046662Z [90mstderr[2m | src/storage/performance.test.ts[2m > [22m[2mR06 changed-record saves and portable recovery[2m > [22m[2mretains checkpoints, old revisions and undo across more than 64 compact commands
verify	Run npm test	2026-10-09T03:42:07.8050048Z [22m[39mAnother connection wants to delete database 'checkpoints-802baa70-d12b-4595-bce8-aea008818bb1'. Closing db now to resume the delete request.
verify	Run npm test	2026-10-09T03:42:07.8051555Z 
verify	Run npm test	2026-10-09T03:42:07.8347012Z [90mstderr[2m | src/storage/performance.test.ts[2m > [22m[2mR06 changed-record saves and portable recovery[2m > [22m[2mrejects stale editing tokens, replaced tokens and tampered full history without committing
verify	Run npm test	2026-10-09T03:42:07.8362142Z [22m[39mAnother connection wants to delete database 'tokens-9a7626db-89c6-4f9d-9e0f-474314db22b9'. Closing db now to resume the delete request.
verify	Run npm test	2026-10-09T03:42:07.8363807Z 
verify	Run npm test	2026-10-09T03:42:07.8541930Z  [32m✓[39m tests/rb05-reuse.test.ts [2m([22m[2m7 tests[22m[2m)[22m[33m 564[2mms[22m[39m
verify	Run npm test	2026-10-09T03:42:07.9107383Z [90mstderr[2m | src/storage/performance.test.ts[2m > [22m[2mR06 changed-record saves and portable recovery[2m > [22m[2mpreserves an imported revision-zero header in the first compact edit, including after restart
verify	Run npm test	2026-10-09T03:42:07.9111313Z [22m[39mAnother connection wants to delete database 'import-zero-0bd819cd-2cbd-49ae-8810-acbbcf0d02a9'. Closing db now to resume the delete request.
verify	Run npm test	2026-10-09T03:42:07.9113037Z 
verify	Run npm test	2026-10-09T03:42:08.3077055Z [90mstderr[2m | src/storage/performance.test.ts[2m > [22m[2mR06 changed-record saves and portable recovery[2m > [22m[2mreads legacy v1 full rows/outbox and replays original hashes before adding new deltas
verify	Run npm test	2026-10-09T03:42:08.3091757Z [22m[39mAnother connection wants to delete database 'legacy-5930c4f9-2dd9-49ad-8bad-e81cc533a070'. Closing db now to resume the delete request.
verify	Run npm test	2026-10-09T03:42:08.3118193Z 
verify	Run npm test	2026-10-09T03:42:08.3626919Z [90mstderr[2m | src/storage/performance.test.ts[2m > [22m[2mR06 changed-record saves and portable recovery[2m > [22m[2mrejects a missing delta base and duplicate immutable snapshot IDs
verify	Run npm test	2026-10-09T03:42:08.3629903Z [22m[39mAnother connection wants to delete database 'corrupt-b4caa814-307f-4c53-8139-0b52e06f87d2'. Closing db now to resume the delete request.
verify	Run npm test	2026-10-09T03:42:08.3634234Z 
verify	Run npm test	2026-10-09T03:42:08.3647939Z  [32m✓[39m src/storage/performance.test.ts [2m([22m[2m11 tests[22m[2m)[22m[33m 1565[2mms[22m[39m
verify	Run npm test	2026-10-09T03:42:08.3675844Z    [32m✓[39m R06 changed-record saves and portable recovery [2m(11)[22m
verify	Run npm test	2026-10-09T03:42:08.3677900Z      [33m[2m✓[22m[39m loads current editing rows after restart without reading history; retains all history on save/export/empty recovery[33m 305[2mms[22m[39m
verify	Run npm test	2026-10-09T03:42:08.3684138Z      [33m[2m✓[22m[39m retains checkpoints, old revisions and undo across more than 64 compact commands[33m 412[2mms[22m[39m
verify	Run npm test	2026-10-09T03:42:08.3686664Z      [33m[2m✓[22m[39m remaps live entity/relation anchors on single text restore while retaining pinned emoji positions and archive recovery[33m 321[2mms[22m[39m
verify	Run npm test	2026-10-09T03:42:08.6276577Z  [32m✓[39m tests/rb05-reviewed-regressions.test.ts [2m([22m[2m9 tests[22m[2m)[22m[33m 367[2mms[22m[39m
verify	Run npm test	2026-10-09T03:42:08.9567216Z  [32m✓[39m src/domain/maintenance.test.ts [2m([22m[2m5 tests[22m[2m)[22m[32m 100[2mms[22m[39m
verify	Run npm test	2026-10-09T03:42:08.9916225Z  [32m✓[39m src/ui/StructuredDataField.test.ts [2m([22m[2m11 tests[22m[2m)[22m[32m 218[2mms[22m[39m
verify	Run npm test	2026-10-09T03:42:09.4044845Z  [32m✓[39m tests/rb05-narrative-boundaries.test.ts [2m([22m[2m14 tests[22m[2m)[22m[32m 159[2mms[22m[39m
verify	Run npm test	2026-10-09T03:42:09.8054930Z  [32m✓[39m tests/rb05-reuse-boundaries.test.ts [2m([22m[2m11 tests[22m[2m)[22m[33m 427[2mms[22m[39m
verify	Run npm test	2026-10-09T03:42:10.3027197Z  [32m✓[39m tests/timeEditing.test.ts [2m([22m[2m11 tests[22m[2m)[22m[32m 264[2mms[22m[39m
verify	Run npm test	2026-10-09T03:42:10.6667605Z  [32m✓[39m tests/rb05-edition-extra.test.ts [2m([22m[2m9 tests[22m[2m)[22m[33m 918[2mms[22m[39m
verify	Run npm test	2026-10-09T03:42:10.9869988Z  [32m✓[39m tests/review-runtime-regressions.test.ts [2m([22m[2m10 tests[22m[2m)[22m[32m 76[2mms[22m[39m
verify	Run npm test	2026-10-09T03:42:11.2227896Z  [32m✓[39m tests/rb05-reconfirmation.test.ts [2m([22m[2m7 tests[22m[2m)[22m[33m 518[2mms[22m[39m
verify	Run npm test	2026-10-09T03:42:11.4620019Z  [32m✓[39m src/domain/catalog.test.ts [2m([22m[2m10 tests[22m[2m)[22m[32m 27[2mms[22m[39m
verify	Run npm test	2026-10-09T03:42:11.9827371Z  [32m✓[39m src/storage/worldPins.test.ts [2m([22m[2m8 tests[22m[2m)[22m[33m 648[2mms[22m[39m
verify	Run npm test	2026-10-09T03:42:11.9853031Z    [33m[2m✓[22m[39m atomically pins immutable world content and preserves it through undo and full restore[33m 306[2mms[22m[39m
verify	Run npm test	2026-10-09T03:42:12.0542090Z  [32m✓[39m tests/rb05-persistence-boundaries.test.ts [2m([22m[2m9 tests[22m[2m)[22m[32m 228[2mms[22m[39m
verify	Run npm test	2026-10-09T03:42:12.6661981Z  [32m✓[39m tests/rb05-structure-reading.test.ts [2m([22m[2m6 tests[22m[2m)[22m[32m 275[2mms[22m[39m
verify	Run npm test	2026-10-09T03:42:12.7434604Z  [32m✓[39m tests/rb05-edition-boundaries.test.ts [2m([22m[2m6 tests[22m[2m)[22m[33m 381[2mms[22m[39m
verify	Run npm test	2026-10-09T03:42:12.9932331Z [90mstderr[2m | src/storage/rb06Recovery.test.ts[2m > [22m[2mRB06 complete recovery and arbitrary historical selection[2m > [22m[2mretains native file and mapping drafts across restart, and freezes migration restore-point approval
verify	Run npm test	2026-10-09T03:42:12.9943900Z [22m[39mAnother connection wants to delete database 'draft-b78a8051-f166-4156-8056-93c084afe942'. Closing db now to resume the delete request.
verify	Run npm test	2026-10-09T03:42:12.9945282Z 
verify	Run npm test	2026-10-09T03:42:13.0736497Z [90mstderr[2m | src/storage/rb06Recovery.test.ts[2m > [22m[2mRB06 complete recovery and arbitrary historical selection[2m > [22m[2mupgrades a v1 database with genuine old native content by appending operational tables without changing saved IDs or replay
verify	Run npm test	2026-10-09T03:42:13.0750234Z  [32m✓[39m src/storage/rb06Recovery.test.ts [2m([22m[2m13 tests[22m[2m)[22m[33m 8387[2mms[22m[39m
verify	Run npm test	2026-10-09T03:42:13.0794023Z [22m[39mAnother connection wants to delete database 'v1-upgrade-0a8feace-4135-4dd9-841e-9d53b12bf036'. Closing db now to resume the delete request.
verify	Run npm test	2026-10-09T03:42:13.0795054Z    [32m✓[39m RB06 complete recovery and arbitrary historical selection [2m(13)[22m
verify	Run npm test	2026-10-09T03:42:13.0797060Z      [33m[2m✓[22m[39m preserves a declared item ID shared with runtime inventories through enumeration and clone recovery[33m 1421[2mms[22m[39m
verify	Run npm test	2026-10-09T03:42:13.0798717Z      [33m[2m✓[22m[39m selects history older than fifty, distinguishes unit from whole, freezes approval and retains immutable editions[33m 1364[2mms[22m[39m
verify	Run npm test	2026-10-09T03:42:13.0800693Z      [33m[2m✓[22m[39m atomically maps all source IDs into another project while preserving source timelines and portable pending origins[33m 587[2mms[22m[39m
verify	Run npm test	2026-10-09T03:42:13.0802274Z 
verify	Run npm test	2026-10-09T03:42:13.0804078Z      [33m[2m✓[22m[39m restores every kind, stable body IDs, selected immutable edition, transitive worlds, author receipts, bytes and ordered pending to empty and clone environments[33m 4271[2mms[22m[39m
verify	Run npm test	2026-10-09T03:42:13.1403192Z  [32m✓[39m src/domain/changeReviews.test.ts [2m([22m[2m6 tests[22m[2m)[22m[32m 154[2mms[22m[39m
verify	Run npm test	2026-10-09T03:42:13.3116282Z  [32m✓[39m tests/rb05-native-roundtrip.test.ts [2m([22m[2m4 tests[22m[2m)[22m[32m 299[2mms[22m[39m
verify	Run npm test	2026-10-09T03:42:13.4658711Z  [32m✓[39m tests/rb05-narrative.test.ts [2m([22m[2m6 tests[22m[2m)[22m[32m 67[2mms[22m[39m
verify	Run npm test	2026-10-09T03:42:13.6654815Z  [32m✓[39m tests/presentation.test.ts [2m([22m[2m13 tests[22m[2m)[22m[32m 130[2mms[22m[39m
verify	Run npm test	2026-10-09T03:42:13.7223709Z [90mstderr[2m | src/storage/rb09Sync.test.ts[2m > [22m[2mnative prepared synchronization (contract server, not real Auth/RLS/Storage)[2m > [22m[2mprepares from confirmed common base rather than the last local command, merges separate fields, persists ack and reopens the same native edition
verify	Run npm test	2026-10-09T03:42:13.7233888Z [22m[39mAnother connection wants to delete database 'rb09-ecd0249e-c41a-45bf-b117-2d5c95da1721'. Closing db now to resume the delete request.
verify	Run npm test	2026-10-09T03:42:13.7235264Z 
verify	Run npm test	2026-10-09T03:42:13.9094956Z  [32m✓[39m src/domain/linkCandidates.test.ts [2m([22m[2m7 tests[22m[2m)[22m[32m 31[2mms[22m[39m
verify	Run npm test	2026-10-09T03:42:13.9998870Z [90mstderr[2m | src/storage/rb09Sync.test.ts[2m > [22m[2mnative prepared synchronization (contract server, not real Auth/RLS/Storage)[2m > [22m[2mkeeps the entire rejected batch and base/local/server alternatives across cold reopen, rejects changed approval, and confirms an explicit server resolution
verify	Run npm test	2026-10-09T03:42:14.0004206Z [22m[39mAnother connection wants to delete database 'rb09-01d40901-e56b-4e9f-b3fc-1ce51be3ff9c'. Closing db now to resume the delete request.
verify	Run npm test	2026-10-09T03:42:14.0006591Z 
verify	Run npm test	2026-10-09T03:42:14.1417396Z  [32m✓[39m src/storage/rb09Sync.test.ts [2m([22m[2m5 tests[22m[2m)[22m[33m 705[2mms[22m[39m
verify	Run npm test	2026-10-09T03:42:14.4318861Z  [32m✓[39m tests/rb05-state-exploration.test.ts [2m([22m[2m5 tests[22m[2m)[22m[32m 68[2mms[22m[39m
verify	Run npm test	2026-10-09T03:42:14.4890196Z [90mstderr[2m | src/storage/flowWorldDurability.test.ts[2m > [22m[2mRV04 exact fixed world across native save, restore and clone (fake IndexedDB)[2m > [22m[2mkeeps gate, borrowed values, saved replay and hashes tied to the old edition after world revision
verify	Run npm test	2026-10-09T03:42:14.4894480Z [22m[39mAnother connection wants to delete database 'flow-world-9f82c8ab-2e45-40b5-bb9f-840eb50c3a65'. Closing db now to resume the delete request.
verify	Run npm test	2026-10-09T03:42:14.4897125Z 
verify	Run npm test	2026-10-09T03:42:14.4914403Z  [32m✓[39m src/storage/flowWorldDurability.test.ts [2m([22m[2m2 tests[22m[2m)[22m[33m 704[2mms[22m[39m
verify	Run npm test	2026-10-09T03:42:14.4916415Z    [32m✓[39m RV04 exact fixed world across native save, restore and clone (fake IndexedDB) [2m(2)[22m
verify	Run npm test	2026-10-09T03:42:14.4924666Z      [33m[2m✓[22m[39m keeps gate, borrowed values, saved replay and hashes tied to the old edition after world revision[33m 503[2mms[22m[39m
verify	Run npm test	2026-10-09T03:42:14.5225852Z [90mstderr[2m | src/storage/cacheConcurrency.test.ts[2m > [22m[2mdoes not repopulate caches when an initial uncached read resumes after close
verify	Run npm test	2026-10-09T03:42:14.5231222Z [22m[39mAnother connection wants to delete database 'cache-close-fed22aa5-a562-49cf-97b6-e846e7341d87'. Closing db now to resume the delete request.
verify	Run npm test	2026-10-09T03:42:14.5233484Z 
verify	Run npm test	2026-10-09T03:42:14.5935340Z  [32m✓[39m src/storage/cacheConcurrency.test.ts [2m([22m[2m4 tests[22m[2m)[22m[33m 304[2mms[22m[39m
verify	Run npm test	2026-10-09T03:42:14.6685720Z  [32m✓[39m src/ui/viewPreferences.test.ts [2m([22m[2m8 tests[22m[2m)[22m[32m 12[2mms[22m[39m
verify	Run npm test	2026-10-09T03:42:14.7234949Z  [32m✓[39m src/domain/publicCatalog.test.ts [2m([22m[2m2 tests[22m[2m)[22m[32m 16[2mms[22m[39m
verify	Run npm test	2026-10-09T03:42:15.4589982Z [90mstderr[2m | src/storage/authorAlternativeAdoptionGuard.test.ts[2m > [22m[2mrejects unrelated adoption content and forged generated-review metadata atomically, then persists the exact derived review
verify	Run npm test	2026-10-09T03:42:15.4614873Z [22m[39mAnother connection wants to delete database 'independent-adoption-guard-cdd3cb65-f6b8-4fb1-b1b1-2486da3759b0'. Closing db now to resume the delete request.
verify	Run npm test	2026-10-09T03:42:15.4616968Z  [32m✓[39m src/storage/authorAlternativeAdoptionGuard.test.ts [2m([22m[2m1 test[22m[2m)[22m[33m 420[2mms[22m[39m
verify	Run npm test	2026-10-09T03:42:15.4638122Z 
verify	Run npm test	2026-10-09T03:42:15.4644702Z    [33m[2m✓[22m[39m rejects unrelated adoption content and forged generated-review metadata atomically, then persists the exact derived review[33m 418[2mms[22m[39m
verify	Run npm test	2026-10-09T03:42:15.5365867Z [90mstderr[2m | src/storage/rb10Reviews.test.ts[2m > [22m[2mAT-F29 preserves the original version, Unicode quotation and production task through failure, deletion, stages, cold reload and complete clone restoration
verify	Run npm test	2026-10-09T03:42:15.5368786Z [22m[39mAnother connection wants to delete database 'rb10-review-24ac75f1-59aa-4945-869b-eef98e15c6dc'. Closing db now to resume the delete request.
verify	Run npm test	2026-10-09T03:42:15.5369817Z 
verify	Run npm test	2026-10-09T03:42:15.5751776Z  [32m✓[39m src/storage/rb10Reviews.test.ts [2m([22m[2m3 tests[22m[2m)[22m[33m 560[2mms[22m[39m
verify	Run npm test	2026-10-09T03:42:15.5755134Z    [33m[2m✓[22m[39m AT-F29 preserves the original version, Unicode quotation and production task through failure, deletion, stages, cold reload and complete clone restoration[33m 524[2mms[22m[39m
verify	Run npm test	2026-10-09T03:42:16.0304885Z  [32m✓[39m src/storage/rb10Diagnostics.test.ts [2m([22m[2m4 tests[22m[2m)[22m[32m 244[2mms[22m[39m
verify	Run npm test	2026-10-09T03:42:18.1484205Z  [32m✓[39m tests/timelineLayout.test.ts [2m([22m[2m5 tests[22m[2m)[22m[33m 2340[2mms[22m[39m
verify	Run npm test	2026-10-09T03:42:18.1490164Z    [32m✓[39m timeline lanes preserve references and all overlapping events [2m(5)[22m
verify	Run npm test	2026-10-09T03:42:18.1492062Z      [33m[2m✓[22m[39m represents every resolved ID in the large seeded fixture and every ID is reachable in virtual windows[33m 2014[2mms[22m[39m
verify	Run npm test	2026-10-09T03:42:18.2525520Z  [32m✓[39m src/storage/recordParts.test.ts [2m([22m[2m5 tests[22m[2m)[22m[33m 1976[2mms[22m[39m
verify	Run npm test	2026-10-09T03:42:18.2527939Z    [33m[2m✓[22m[39m refuses missing, altered, wrong-scope and repeated parts, cyclic graphs, sparse arrays and cancelled work[33m 1913[2mms[22m[39m
verify	Run npm test	2026-10-09T03:42:18.4096080Z  [32m✓[39m src/domain/authorAlternativeIntegrity.test.ts [2m([22m[2m3 tests[22m[2m)[22m[32m 49[2mms[22m[39m
verify	Run npm test	2026-10-09T03:42:18.5985545Z  [32m✓[39m src/domain/catalogEdits.test.ts [2m([22m[2m4 tests[22m[2m)[22m[32m 19[2mms[22m[39m
verify	Run npm test	2026-10-09T03:42:18.7104893Z  [32m✓[39m tests/conditionEditing.test.ts [2m([22m[2m6 tests[22m[2m)[22m[32m 112[2mms[22m[39m
verify	Run npm test	2026-10-09T03:42:18.9797067Z  [32m✓[39m src/storage/recordDictionary.test.ts [2m([22m[2m4 tests[22m[2m)[22m[32m 25[2mms[22m[39m
verify	Run npm test	2026-10-09T03:42:19.5375057Z  [32m✓[39m src/ui/SnapshotAnchorPreview.test.ts [2m([22m[2m2 tests[22m[2m)[22m[32m 64[2mms[22m[39m
verify	Run npm test	2026-10-09T03:42:19.7750298Z  [32m✓[39m tests/reader-fallback.test.ts [2m([22m[2m5 tests[22m[2m)[22m[32m 27[2mms[22m[39m
verify	Run npm test	2026-10-09T03:42:19.9908762Z  [32m✓[39m src/domain/referenceChoices.test.ts [2m([22m[2m3 tests[22m[2m)[22m[32m 18[2mms[22m[39m
verify	Run npm test	2026-10-09T03:42:20.0780387Z  [32m✓[39m src/domain/catalogPerformance.test.ts [2m([22m[2m4 tests[22m[2m)[22m[33m 1266[2mms[22m[39m
verify	Run npm test	2026-10-09T03:42:20.0782668Z    [32m✓[39m catalog batch evaluation cost and dependencies [2m(4)[22m
verify	Run npm test	2026-10-09T03:42:20.0784936Z      [33m[2m✓[22m[39m reads Standard records at most twice for production, foreshadow, participant and compound queries[33m 735[2mms[22m[39m
verify	Run npm test	2026-10-09T03:42:20.0787042Z      [33m[2m✓[22m[39m uses the same linear batch path for a saved dynamic collection[33m 525[2mms[22m[39m
verify	Run npm test	2026-10-09T03:42:20.5720397Z  [32m✓[39m src/storage/rb05StateDurability.test.ts [2m([22m[2m1 test[22m[2m)[22m[32m 232[2mms[22m[39m
verify	Run npm test	2026-10-09T03:42:20.6623599Z  [32m✓[39m src/ui/WritingWorkspace.test.ts [2m([22m[2m3 tests[22m[2m)[22m[32m 55[2mms[22m[39m
verify	Run npm test	2026-10-09T03:42:20.7674856Z  [32m✓[39m tests/editorNavigation.test.ts [2m([22m[2m5 tests[22m[2m)[22m[32m 17[2mms[22m[39m
verify	Run npm test	2026-10-09T03:42:21.1908791Z  [32m✓[39m src/ui/Fields.test.ts [2m([22m[2m3 tests[22m[2m)[22m[32m 64[2mms[22m[39m
verify	Run npm test	2026-10-09T03:42:21.4245035Z  [32m✓[39m tests/production.test.ts [2m([22m[2m3 tests[22m[2m)[22m[32m 26[2mms[22m[39m
verify	Run npm test	2026-10-09T03:42:21.6475179Z  [32m✓[39m src/domain/notes.test.ts [2m([22m[2m5 tests[22m[2m)[22m[32m 21[2mms[22m[39m
verify	Run npm test	2026-10-09T03:42:22.0922684Z  [32m✓[39m src/ui/AuthorAlternativeDraft.test.ts [2m([22m[2m2 tests[22m[2m)[22m[32m 8[2mms[22m[39m
verify	Run npm test	2026-10-09T03:42:22.4147394Z  [32m✓[39m tests/rb05-reuse-nested.test.ts [2m([22m[2m1 test[22m[2m)[22m[32m 84[2mms[22m[39m
verify	Run npm test	2026-10-09T03:42:22.7454669Z  [32m✓[39m tests/readingExportOrder.test.ts [2m([22m[2m1 test[22m[2m)[22m[32m 58[2mms[22m[39m
verify	Run npm test	2026-10-09T03:42:22.9998809Z  [32m✓[39m tests/rb05-reuse-hierarchy.test.ts [2m([22m[2m1 test[22m[2m)[22m[32m 51[2mms[22m[39m
verify	Run npm test	2026-10-09T03:42:23.2645644Z  [32m✓[39m tests/stateMeaning.test.ts [2m([22m[2m1 test[22m[2m)[22m[32m 26[2mms[22m[39m
verify	Run npm test	2026-10-09T03:42:23.4784707Z  [32m✓[39m src/ui/structuredNumberDrafts.test.ts [2m([22m[2m3 tests[22m[2m)[22m[32m 8[2mms[22m[39m
verify	Run npm test	2026-10-09T03:42:23.8059452Z  [32m✓[39m src/ui/TextAnnotations.test.ts [2m([22m[2m1 test[22m[2m)[22m[32m 33[2mms[22m[39m
verify	Run npm test	2026-10-09T03:42:23.9964948Z  [32m✓[39m src/ui/draftState.test.ts [2m([22m[2m2 tests[22m[2m)[22m[32m 12[2mms[22m[39m
verify	Run npm test	2026-10-09T03:42:24.1313570Z  [32m✓[39m tests/editorState.test.ts [2m([22m[2m2 tests[22m[2m)[22m[32m 6[2mms[22m[39m
verify	Run npm test	2026-10-09T03:42:24.3418340Z  [32m✓[39m src/domain/catalogPositions.test.ts [2m([22m[2m3 tests[22m[2m)[22m[32m 14[2mms[22m[39m
verify	Run npm test	2026-10-09T03:42:24.5513865Z  [32m✓[39m src/ui/linkCandidatePreferences.test.ts [2m([22m[2m2 tests[22m[2m)[22m[32m 7[2mms[22m[39m
verify	Run npm test	2026-10-09T03:42:24.8161869Z  [32m✓[39m tests/maintenance.test.ts [2m([22m[2m1 test[22m[2m)[22m[32m 26[2mms[22m[39m
verify	Run npm test	2026-10-09T03:42:24.9926235Z  [32m✓[39m src/storage/jsonValidation.test.ts [2m([22m[2m2 tests[22m[2m)[22m[32m 8[2mms[22m[39m
verify	Run npm test	2026-10-09T03:42:25.2223076Z  [32m✓[39m src/domain/worldSources.test.ts [2m([22m[2m2 tests[22m[2m)[22m[32m 11[2mms[22m[39m
verify	Run npm test	2026-10-09T03:42:25.4588321Z  [32m✓[39m tests/attachments.test.ts [2m([22m[2m3 tests[22m[2m)[22m[32m 15[2mms[22m[39m
verify	Run npm test	2026-10-09T03:42:25.6365783Z  [32m✓[39m tests/diagnostics.test.ts [2m([22m[2m1 test[22m[2m)[22m[32m 7[2mms[22m[39m
verify	Run npm test	2026-10-09T03:42:27.1898015Z  [32m✓[39m tests/timeResolver.test.ts [2m([22m[2m5 tests[22m[2m)[22m[33m 12266[2mms[22m[39m
verify	Run npm test	2026-10-09T03:42:27.1899221Z    [32m✓[39m canonical iterative time resolution [2m(5)[22m
verify	Run npm test	2026-10-09T03:42:27.1900363Z      [33m[2m✓[22m[39m validates, saves, reloads and restores a real 5,001-event relative chain[33m 12258[2mms[22m[39m
verify	Run npm test	2026-10-09T03:44:48.7825035Z  [32m✓[39m tests/performanceFixture.test.ts [2m([22m[2m2 tests[22m[2m)[22m[33m 147895[2mms[22m[39m
verify	Run npm test	2026-10-09T03:44:48.7851500Z    [32m✓[39m performance dataset provenance [2m(2)[22m
verify	Run npm test	2026-10-09T03:44:48.7854373Z      [33m[2m✓[22m[39m produces a deterministic, populated standard fixture with explicit unmeasured asset bytes[33m 506[2mms[22m[39m
verify	Run npm test	2026-10-09T03:44:48.7856855Z      [33m[2m✓[22m[39m includes actual bounded Large materials and restores every byte from a complete file[33m 147386[2mms[22m[39m
verify	Run npm test	2026-10-09T03:44:48.7886849Z 
verify	Run npm test	2026-10-09T03:44:48.7894237Z [2m Test Files [22m [1m[32m80 passed[39m[22m[90m (80)[39m
verify	Run npm test	2026-10-09T03:44:48.7904158Z [2m      Tests [22m [1m[32m758 passed[39m[22m[90m (758)[39m
verify	Run npm test	2026-10-09T03:44:48.7904997Z [2m   Start at [22m 03:41:56
verify	Run npm test	2026-10-09T03:44:48.7905861Z [2m   Duration [22m 172.22s[2m (tests 93%, import 5%, transform 2%)[22m
verify	Run npm test	2026-10-09T03:44:48.7923413Z 
verify	Run npm run build	﻿2026-10-09T03:44:48.9282316Z ##[group]Run npm run build
verify	Run npm run build	2026-10-09T03:44:48.9282634Z [36;1mnpm run build[0m
verify	Run npm run build	2026-10-09T03:44:48.9346257Z shell: /usr/bin/bash -e {0}
verify	Run npm run build	2026-10-09T03:44:48.9346531Z env:
verify	Run npm run build	2026-10-09T03:44:48.9346908Z   CHROMIUM_PATH: /home/runner/.cache/ms-playwright/chromium-1243/chrome-linux64/chrome
verify	Run npm run build	2026-10-09T03:44:48.9347369Z ##[endgroup]
verify	Run npm run build	2026-10-09T03:44:49.0362907Z 
verify	Run npm run build	2026-10-09T03:44:49.0363699Z > shinariokanri@0.1.0 prebuild
verify	Run npm run build	2026-10-09T03:44:49.0364268Z > node scripts/build/portable-runtime.mjs
verify	Run npm run build	2026-10-09T03:44:49.0364550Z 
verify	Run npm run build	2026-10-09T03:44:49.1634557Z Production portable runtime generated: 144514 characters
verify	Run npm run build	2026-10-09T03:44:49.2150444Z 
verify	Run npm run build	2026-10-09T03:44:49.2151059Z > shinariokanri@0.1.0 build
verify	Run npm run build	2026-10-09T03:44:49.2151855Z > tsc -b && vite build && node scripts/build/service-worker.mjs
verify	Run npm run build	2026-10-09T03:44:49.2152305Z 
verify	Run npm run build	2026-10-09T03:44:52.1854563Z [36mvite v8.3.2 [32mbuilding client environment for production...[36m[39m
verify	Run npm run build	2026-10-09T03:44:52.1951774Z transforming...
verify	Run npm run build	2026-10-09T03:44:52.5734004Z ✓ 186 modules transformed.
verify	Run npm run build	2026-10-09T03:44:52.6518175Z rendering chunks...
verify	Run npm run build	2026-10-09T03:44:52.8772950Z computing gzip size...
verify	Run npm run build	2026-10-09T03:44:52.9030433Z dist/index.html                                    0.65 kB │ gzip:   0.44 kB
verify	Run npm run build	2026-10-09T03:44:52.9031566Z dist/assets/recordParts.worker-T_qEKL4N.js         8.33 kB
verify	Run npm run build	2026-10-09T03:44:52.9032373Z dist/assets/readValidation.worker-ml078vLf.js    283.35 kB
verify	Run npm run build	2026-10-09T03:44:52.9033442Z dist/assets/archiveExport.worker-BGcKFGSj.js     318.30 kB
verify	Run npm run build	2026-10-09T03:44:52.9034077Z dist/assets/archive.worker-Db8yCkQz.js           322.55 kB
verify	Run npm run build	2026-10-09T03:44:52.9034886Z dist/assets/index-sh31W3vc.css                    76.06 kB │ gzip:  15.11 kB
verify	Run npm run build	2026-10-09T03:44:52.9035779Z dist/assets/presentation-p0FcZTIj.js             213.26 kB │ gzip:  66.30 kB
verify	Run npm run build	2026-10-09T03:44:52.9036687Z dist/assets/index-Cb7-lW14.js                  1,819.82 kB │ gzip: 536.55 kB
verify	Run npm run build	2026-10-09T03:44:52.9037291Z 
verify	Run npm run build	2026-10-09T03:44:52.9039810Z [33m[33m[INEFFECTIVE_DYNAMIC_IMPORT] [0msrc/sync/publicShare.ts is dynamically imported by src/storage/store.ts but also statically imported by src/ui/SharedPortal.tsx, dynamic import will not move module into another chunk.
verify	Run npm run build	2026-10-09T03:44:52.9041582Z [39m
verify	Run npm run build	2026-10-09T03:44:52.9042168Z [33m[plugin builtin:vite-reporter] 
verify	Run npm run build	2026-10-09T03:44:52.9043149Z (!) Some chunks are larger than 500 kB after minification. Consider:
verify	Run npm run build	2026-10-09T03:44:52.9044029Z - Using dynamic import() to code-split the application
verify	Run npm run build	2026-10-09T03:44:52.9044851Z - Use build.rolldownOptions.output.codeSplitting to improve chunking: https://rolldown.rs/reference/OutputOptions.codeSplitting
verify	Run npm run build	2026-10-09T03:44:52.9045761Z - Adjust chunk size limit for this warning via build.chunkSizeWarningLimit.[39m
verify	Run npm run build	2026-10-09T03:44:52.9048771Z [33m[33m[INEFFECTIVE_DYNAMIC_IMPORT] [0msrc/domain/runtime.ts is dynamically imported by src/domain/projectRecordValidation.ts but also statically imported by src/domain/gameProtocol.ts, src/domain/runtimeVerified.ts, src/domain/traceReconfirmation.ts, src/ui/Reader.tsx, dynamic import will not move module into another chunk.
verify	Run npm run build	2026-10-09T03:44:52.9050165Z [39m
verify	Run npm run build	2026-10-09T03:44:52.9052045Z [33m[33m[INEFFECTIVE_DYNAMIC_IMPORT] [0msrc/domain/runtimeVerified.ts is dynamically imported by src/domain/checkpoints.ts but also statically imported by src/domain/gameProtocol.ts, src/domain/productionPlanning.ts, src/domain/traceReconfirmation.ts, src/ui/ProductionReviewPanel.tsx, src/ui/Reader.tsx, dynamic import will not move module into another chunk.
verify	Run npm run build	2026-10-09T03:44:52.9055356Z [39m
verify	Run npm run build	2026-10-09T03:44:52.9057395Z [33m[33m[INEFFECTIVE_DYNAMIC_IMPORT] [0msrc/domain/gameProtocol.ts is dynamically imported by src/domain/projectRecordValidation.ts but also statically imported by src/domain/gameHandoff.ts, dynamic import will not move module into another chunk.
verify	Run npm run build	2026-10-09T03:44:52.9058825Z [39m
verify	Run npm run build	2026-10-09T03:44:52.9059170Z [32m✓ built in 718ms[39m
verify	Run npm run build	2026-10-09T03:44:52.9966357Z Offline shell generated: a392915f62f65f075039, /shinariokanri/
verify	Run BROWSER_ENGINES=all npm run test:e2e	﻿2026-10-09T03:44:53.0123274Z ##[group]Run BROWSER_ENGINES=all npm run test:e2e
verify	Run BROWSER_ENGINES=all npm run test:e2e	2026-10-09T03:44:53.0124006Z [36;1mBROWSER_ENGINES=all npm run test:e2e[0m
verify	Run BROWSER_ENGINES=all npm run test:e2e	2026-10-09T03:44:53.0209399Z shell: /usr/bin/bash -e {0}
verify	Run BROWSER_ENGINES=all npm run test:e2e	2026-10-09T03:44:53.0209674Z env:
verify	Run BROWSER_ENGINES=all npm run test:e2e	2026-10-09T03:44:53.0210051Z   CHROMIUM_PATH: /home/runner/.cache/ms-playwright/chromium-1243/chrome-linux64/chrome
verify	Run BROWSER_ENGINES=all npm run test:e2e	2026-10-09T03:44:53.0210496Z ##[endgroup]
verify	Run BROWSER_ENGINES=all npm run test:e2e	2026-10-09T03:44:53.1246796Z 
verify	Run BROWSER_ENGINES=all npm run test:e2e	2026-10-09T03:44:53.1247243Z > shinariokanri@0.1.0 test:e2e
verify	Run BROWSER_ENGINES=all npm run test:e2e	2026-10-09T03:44:53.1247800Z > playwright test
verify	Run BROWSER_ENGINES=all npm run test:e2e	2026-10-09T03:44:53.1247989Z 
verify	Run BROWSER_ENGINES=all npm run test:e2e	2026-10-09T03:44:56.3753369Z 
verify	Run BROWSER_ENGINES=all npm run test:e2e	2026-10-09T03:44:56.3754070Z Running 255 tests using 1 worker
verify	Run BROWSER_ENGINES=all npm run test:e2e	2026-10-09T03:44:56.3754560Z 
verify	Run BROWSER_ENGINES=all npm run test:e2e	2026-10-09T03:45:00.1246811Z   ✓    1 [chromium] › tests/e2e/catalog-notes.spec.ts:24:1 › 保存した複合一覧の再適用、一括変更、索引分類を通常フォームで行う (3.1s)
verify	Run BROWSER_ENGINES=all npm run test:e2e	2026-10-09T03:45:02.4805460Z   ✓    2 [chromium] › tests/e2e/catalog-notes.spec.ts:48:1 › 狭い画面で文章メモを場面へ変換し元メモと履歴を保持する (2.3s)
verify	Run BROWSER_ENGINES=all npm run test:e2e	2026-10-09T03:45:04.4679231Z   ✓    3 [chromium] › tests/e2e/catalog-notes.spec.ts:64:1 › 短い文章メモの未保存入力を詳細パネルの閉じ直し後も保持する (2.0s)
verify	Run BROWSER_ENGINES=all npm run test:e2e	2026-10-09T03:45:07.6111378Z   ✓    4 [chromium] › tests/e2e/catalog-notes.spec.ts:75:1 › 録音許可の拒否を説明し、文章と画像メモを保存ファイルまで保持する (3.1s)
verify	Run BROWSER_ENGINES=all npm run test:e2e	2026-10-09T03:45:10.4882244Z   ✓    5 [chromium] › tests/e2e/catalog-notes.spec.ts:104:1 › 日本語索引の表記候補を連続入力して保存・再表示しても文字と焦点を保つ (2.8s)
verify	Run BROWSER_ENGINES=all npm run test:e2e	2026-10-09T03:45:12.6907656Z   ✓    6 [chromium] › tests/e2e/editor-navigation.spec.ts:37:1 › B10/F27 本文リンクから戻り、逆参照でも同じ段落の絵文字後の語句を正確に開く (2.2s)
verify	Run BROWSER_ENGINES=all npm run test:e2e	2026-10-09T03:45:14.3590351Z   ✓    7 [chromium] › tests/e2e/editor-navigation.spec.ts:63:1 › B01 参照元と固定版の影響を示して参照中のアーカイブを止め、未参照の保持指定も個別に確認する (1.7s)
verify	Run BROWSER_ENGINES=all npm run test:e2e	2026-10-09T03:45:17.3285414Z   ✓    8 [chromium] › tests/e2e/editor-regressions.spec.ts:45:1 › RG-R01 本文の注記と提示位置が絵文字を含む前方挿入に追従し、再読込後も人物を開ける (2.9s)
verify	Run BROWSER_ENGINES=all npm run test:e2e	2026-10-09T03:45:20.3945399Z   ✓    9 [chromium] › tests/e2e/editor-regressions.spec.ts:67:61 › RG-R05 booleanの複数値をフォームで追加し、演算切替を取り消して保存・再読込・試読する (3.1s)
verify	Run BROWSER_ENGINES=all npm run test:e2e	2026-10-09T03:45:24.2362224Z   ✓   10 [chromium] › tests/e2e/editor-regressions.spec.ts:67:61 › RG-R05 integerの複数値をフォームで追加し、演算切替を取り消して保存・再読込・試読する (3.8s)
verify	Run BROWSER_ENGINES=all npm run test:e2e	2026-10-09T03:45:28.0999030Z   ✓   11 [chromium] › tests/e2e/editor-regressions.spec.ts:67:61 › RG-R05 enumの複数値をフォームで追加し、演算切替を取り消して保存・再読込・試読する (3.9s)
verify	Run BROWSER_ENGINES=all npm run test:e2e	2026-10-09T03:45:31.7451913Z   ✓   12 [chromium] › tests/e2e/editor.spec.ts:21:1 › 人物の日本語入力を保存し再読み込みして完全保存・別端末領域へ復元できる (3.6s)
verify	Run BROWSER_ENGINES=all npm run test:e2e	2026-10-09T03:45:32.7361654Z   ✓   13 [chromium] › tests/e2e/editor.spec.ts:57:3 › 幅320pxで作品作成と資料の操作が画面内に収まる (977ms)
verify	Run BROWSER_ENGINES=all npm run test:e2e	2026-10-09T03:45:33.7406700Z   ✓   14 [chromium] › tests/e2e/editor.spec.ts:57:3 › 幅390pxで作品作成と資料の操作が画面内に収まる (989ms)
verify	Run BROWSER_ENGINES=all npm run test:e2e	2026-10-09T03:45:34.8014819Z   ✓   15 [chromium] › tests/e2e/editor.spec.ts:57:3 › 幅768pxで作品作成と資料の操作が画面内に収まる (1.0s)
verify	Run BROWSER_ENGINES=all npm run test:e2e	2026-10-09T03:45:35.8720504Z   ✓   16 [chromium] › tests/e2e/editor.spec.ts:57:3 › 幅1024pxで作品作成と資料の操作が画面内に収まる (1.1s)
verify	Run BROWSER_ENGINES=all npm run test:e2e	2026-10-09T03:45:36.8487105Z   ✓   17 [chromium] › tests/e2e/editor.spec.ts:57:3 › 幅1440pxで作品作成と資料の操作が画面内に収まる (962ms)
verify	Run BROWSER_ENGINES=all npm run test:e2e	2026-10-09T03:45:38.1173945Z   ✓   18 [chromium] › tests/e2e/editor.spec.ts:67:1 › 初期画面の自動アクセシビリティ検査 (1.2s)
verify	Run BROWSER_ENGINES=all npm run test:e2e	2026-10-09T03:45:39.6705828Z   ✓   19 [chromium] › tests/e2e/editor.spec.ts:74:1 › 配信サーバー停止後にキャッシュ取得済みの作品を再開する (1.5s)
verify	Run BROWSER_ENGINES=all npm run test:e2e	2026-10-09T03:45:41.0742092Z   ✓   20 [chromium] › tests/e2e/editor.spec.ts:121:1 › サンプルの条件付き選択肢と巻き戻しを操作できる (1.4s)
verify	Run BROWSER_ENGINES=all npm run test:e2e	2026-10-09T03:45:43.1983801Z   ✓   21 [chromium] › tests/e2e/editor.spec.ts:143:1 › 不正JSONの未保存入力を画面移動後も保持する (2.1s)
verify	Run BROWSER_ENGINES=all npm run test:e2e	2026-10-09T03:45:45.4964689Z   ✓   22 [chromium] › tests/e2e/editor.spec.ts:162:1 › 保存に失敗した名前を二回の画面移動後も未保存として保持する (2.3s)
verify	Run BROWSER_ENGINES=all npm run test:e2e	2026-10-09T03:45:47.7311701Z   ✓   23 [chromium] › tests/e2e/project-drafts.spec.ts:18:1 › 同じ情報IDを持つ別作品でも未保存の雛形入力を作品ごとに保持する (2.2s)
verify	Run BROWSER_ENGINES=all npm run test:e2e	2026-10-09T03:45:49.9629576Z   ✓   24 [chromium] › tests/e2e/rb05-reconfirmation.spec.ts:19:1 › 別版の途中開始を差分確認・原子保存・再読込し、移行した状態から試読する (2.2s)
verify	Run BROWSER_ENGINES=all npm run test:e2e	2026-10-09T03:45:52.1964861Z   ✓   25 [chromium] › tests/e2e/rb05-reconfirmation.spec.ts:26:1 › 改訂稿の経路を再実行・別証跡保存・再読込し、旧金額3と新金額7をそれぞれ再生する (2.2s)
verify	Run BROWSER_ENGINES=all npm run test:e2e	2026-10-09T03:45:54.1516807Z   ✓   26 [chromium] › tests/e2e/rb05-reconfirmation.spec.ts:33:1 › 保存失敗で移行差分を保持し、再試行後にだけ保存完了を表示する (1.9s)
verify	Run BROWSER_ENGINES=all npm run test:e2e	2026-10-09T03:45:55.9074921Z   ✓   27 [chromium] › tests/e2e/rb05-reconfirmation.spec.ts:41:1 › 移行差分確認後に入口を切り替えると保存を止め、固定した入口を表示する (1.7s)
verify	Run BROWSER_ENGINES=all npm run test:e2e	2026-10-09T03:45:59.7680682Z   ✓   28 [chromium] › tests/e2e/rb05-reconfirmation.spec.ts:51:1 › 個別章開始を明示移行し、通常画面で再確認・原子保存・再読込・完全保存する (3.8s)
verify	Run BROWSER_ENGINES=all npm run test:e2e	2026-10-09T03:46:02.2569140Z   ✓   29 [chromium] › tests/e2e/rb05-reconfirmation.spec.ts:63:1 › 章の移行で提示時点と選択範囲を画面移動・再起動後も保持し、変更時は再確認する (2.5s)
verify	Run BROWSER_ENGINES=all npm run test:e2e	2026-10-09T03:46:04.8421648Z   ✓   30 [chromium] › tests/e2e/rb05-reuse.spec.ts:11:1 › 固定callの内部graphから通常ボタンで呼出元へ戻り、経路を保存・cold再生する (2.6s)
verify	Run BROWSER_ENGINES=all npm run test:e2e	2026-10-09T03:46:07.4075013Z   ✓   31 [chromium] › tests/e2e/rb05-reuse.spec.ts:20:35 › 子出口の経路保存待ちを画面移動から保持し、最新propsの確認後に復帰する (2.5s)
verify	Run BROWSER_ENGINES=all npm run test:e2e	2026-10-09T03:46:10.1268389Z   ✓   32 [chromium] › tests/e2e/rb05-reuse.spec.ts:20:35 › 子出口の経路保存待ちを画面移動から保持し、失敗後の同じ経路を再試行する (2.7s)
verify	Run BROWSER_ENGINES=all npm run test:e2e	2026-10-09T03:46:12.1525292Z   ✓   33 [chromium] › tests/e2e/rb05-reuse.spec.ts:28:1 › 経路再生待ちの再入へ保存版を反映し、次回の明示版選択を別画面往復から保持する (2.0s)
verify	Run BROWSER_ENGINES=all npm run test:e2e	2026-10-09T03:46:17.5535750Z   ✓   34 [chromium] › tests/e2e/rb05-reuse.spec.ts:35:1 › RB05 共通元を固定参照・独立複製・部分上書きで原子保存し、共通元改稿後の本文と再読込を確認する (5.4s)
verify	Run BROWSER_ENGINES=all npm run test:e2e	2026-10-09T03:46:19.4294571Z   ✓   35 [chromium] › tests/e2e/rb05-reuse.spec.ts:55:1 › 多重固定参照を完全保存から再読込し、旧本文の固定リンクと元のUnicode位置へ戻る (1.9s)
verify	Run BROWSER_ENGINES=all npm run test:e2e	2026-10-09T03:46:22.3595593Z   ✓   36 [chromium] › tests/e2e/rb05-structure-reading.spec.ts:11:1 › RB05 途中開始の状態値を通常フォームで編集し、画面移動・再読込・試読・巻戻へ接続する (2.9s)
verify	Run BROWSER_ENGINES=all npm run test:e2e	2026-10-09T03:46:25.0528382Z   ✓   37 [chromium] › tests/e2e/rb05-structure-reading.spec.ts:31:1 › RB05 反応系列の下書きを移動から再開し、作成・保存・再読込・初回／再訪を通常試読する (2.7s)
verify	Run BROWSER_ENGINES=all npm run test:e2e	2026-10-09T03:46:27.7380633Z   ✓   38 [chromium] › tests/e2e/rb05-structure-reading.spec.ts:48:1 › RB05 折りたたんだ章の未完成出口を掘り下げ、通常接続編集と再読込で集計へ反映する (2.7s)
verify	Run BROWSER_ENGINES=all npm run test:e2e	2026-10-09T03:46:31.6979678Z   ✓   39 [chromium] › tests/e2e/rb06-recovery.spec.ts:11:1 › 50件より古い版を通常検索し、単体復元と作品全体復元を区別して保存失敗・再入・cold再生する (3.9s)
verify	Run BROWSER_ENGINES=all npm run test:e2e	2026-10-09T03:46:34.5766708Z   ✓   40 [chromium] › tests/e2e/rb06-recovery.spec.ts:19:1 › 別作品の全ID対応を画面移動・cold再起動から再開し、失敗後に原子統合して元履歴・段落を完全保存する (2.9s)
verify	Run BROWSER_ENGINES=all npm run test:e2e	2026-10-09T03:46:36.3165745Z   ✓   41 [chromium] › tests/e2e/rb06-recovery.spec.ts:27:1 › 復元保存待ちの後に選んだ資料と作品を保持し、新規復元だけを一覧へ追加する (1.7s)
verify	Run BROWSER_ENGINES=all npm run test:e2e	2026-10-09T03:46:38.2174847Z   ✓   42 [chromium] › tests/e2e/rb06-recovery.spec.ts:35:1 › native保存ack待ちに届いた後続ファイルを保持し、先の新規復元が確認画面を開き直さない (1.9s)
verify	Run BROWSER_ENGINES=all npm run test:e2e	2026-10-09T03:46:41.3960678Z   ✓   43 [chromium] › tests/e2e/rb07-production.spec.ts:12:1 › 台詞分割の入力と差分を移動・失敗から再開し、旧新ID・翻訳確認待ちをcold保存と完全ファイルで確認する (3.2s)
verify	Run BROWSER_ENGINES=all npm run test:e2e	2026-10-09T03:46:43.5795361Z   ✓   44 [chromium] › tests/e2e/rb07-production.spec.ts:18:1 › 資料の取得日時と実動画bytesを通常保存し、再読込で安全な動画表示と不足状態を区別する (2.2s)
verify	Run BROWSER_ENGINES=all npm run test:e2e	2026-10-09T03:46:45.8894624Z   ✓   45 [chromium] › tests/e2e/rb07-production.spec.ts:22:1 › 現在原文を選び直した翻訳をhash承認し、期限外・没用語を除いたUnicode候補を指摘版ごと原子保存する (2.3s)
verify	Run BROWSER_ENGINES=all npm run test:e2e	2026-10-09T03:46:48.3374182Z   ✓   46 [chromium] › tests/e2e/rb08-handoff.spec.ts:24:1 › 制作見積の入力を移動とcold再開から保持し、quota拒否後の原子保存を完全ファイルへつなぐ (2.4s)
verify	Run BROWSER_ENGINES=all npm run test:e2e	2026-10-09T03:46:51.0622392Z   ✓   47 [chromium] › tests/e2e/rb08-handoff.spec.ts:26:1 › 旧媒体と元pinを保持し、未保存候補を再開して独立改訂・予定日・完全復元を確認する (2.7s)
verify	Run BROWSER_ENGINES=all npm run test:e2e	2026-10-09T03:46:54.4377283Z   ✓   48 [chromium] › tests/e2e/rb08-handoff.spec.ts:28:1 › 相談MDの出所と対象版をcold再開し、作者別案へ保存・選択採用して正本と採用記録を復元する (3.4s)
verify	Run BROWSER_ENGINES=all npm run test:e2e	2026-10-09T03:46:57.3864147Z   ✓   49 [chromium] › tests/e2e/rb08-handoff.spec.ts:30:1 › 通常出力を独立ゲームへ渡し、実勝利・経路・受領証跡を戻して原子保存・cold・完全復元する (2.9s)
verify	Run BROWSER_ENGINES=all npm run test:e2e	2026-10-09T03:47:03.2332650Z   ✓   50 [chromium] › tests/e2e/rb08-handoff.spec.ts:32:1 › 通常画面で旧版と現稿の公開範囲を作り、固定引用のUnicode位置を試遊ZIPから開いて戻り、承認をcold復元する (5.8s)
verify	Run BROWSER_ENGINES=all npm run test:e2e	2026-10-09T03:47:05.3275205Z   ✓   51 [chromium] › tests/e2e/rb08-handoff.spec.ts:38:1 › 通常画面で企画・プレイ行動・実装作業を照合し、容量失敗後に対象版付き確認を保存しcold完全復元する (2.1s)
verify	Run BROWSER_ENGINES=all npm run test:e2e	2026-10-09T03:47:07.6807458Z   ✓   52 [chromium] › tests/e2e/rb08-handoff.spec.ts:43:1 › 通常出力の試遊ZIPが同じ素材IDの旧動画decodeと新音声bytesを別々に検証して固定参照から戻る (2.3s)
verify	Run BROWSER_ENGINES=all npm run test:e2e	2026-10-09T03:47:08.7199329Z   ✓   53 [chromium] › tests/e2e/rb09-inputs.spec.ts:35:1 › active author screen keeps account controls reachable at PC and phone widths (1.0s)
verify	Run BROWSER_ENGINES=all npm run test:e2e	2026-10-09T03:47:10.6385116Z   ✓   54 [chromium] › tests/e2e/rb09-inputs.spec.ts:37:1 › input DB commit resumes all A despite a cache quota fault and cold reauthentication (1.9s)
verify	Run BROWSER_ENGINES=all npm run test:e2e	2026-10-09T03:47:12.0622488Z   ✓   55 [chromium] › tests/e2e/rb09-inputs.spec.ts:39:1 › input TX failure leaves tool and workspace B intact and preserves visible input for retry (1.4s)
verify	Run BROWSER_ENGINES=all npm run test:e2e	2026-10-09T03:47:15.0605613Z   ✓   56 [chromium] › tests/e2e/rb09-inputs.spec.ts:41:1 › delayed complete archive and base commit preserve a later shared-screen navigation (3.0s)
verify	Run BROWSER_ENGINES=all npm run test:e2e	2026-10-09T03:47:16.9340406Z   ✓   57 [chromium] › tests/e2e/rb09-sharing.spec.ts:12:1 › approved fixed reference retains Unicode position, source return, comment version and cold cache without persisting Auth (1.9s)
verify	Run BROWSER_ENGINES=all npm run test:e2e	2026-10-09T03:47:18.0308241Z   ✓   58 [chromium] › tests/e2e/rb09-sharing.spec.ts:14:1 › revocation refuses a new snapshot and clears the cached displayed edition (1.1s)
verify	Run BROWSER_ENGINES=all npm run test:e2e	2026-10-09T03:47:19.8430383Z   ✓   59 [chromium] › tests/e2e/rb09-sharing.spec.ts:16:1 › a requested fixed snapshot opens after a delayed metadata listing instead of being dropped by the initial busy lock (1.8s)
verify	Run BROWSER_ENGINES=all npm run test:e2e	2026-10-09T03:47:22.6222560Z   ✓   60 [chromium] › tests/e2e/rb10-completion.spec.ts:12:1 › paged chapter tail keeps original move indices, selection and cold return position through a complete save (2.7s)
verify	Run BROWSER_ENGINES=all npm run test:e2e	2026-10-09T03:47:24.6317792Z   ✓   61 [chromium] › tests/e2e/rb10-completion.spec.ts:18:1 › paged branch and production searches reach tail items without creating all DOM records (2.0s)
verify	Run BROWSER_ENGINES=all npm run test:e2e	2026-10-09T03:47:26.8037221Z   ✓   62 [chromium] › tests/e2e/rb10-completion.spec.ts:21:1 › an actual failed atomic save retains input and exports only optional diagnostic metadata (2.2s)
verify	Run BROWSER_ENGINES=all npm run test:e2e	2026-10-09T03:47:29.8245167Z   ✓   63 [chromium] › tests/e2e/rb10-completion.spec.ts:24:1 › cancelling an in-flight command keeps the draft, revision, history and outbox until explicit retry (3.0s)
verify	Run BROWSER_ENGINES=all npm run test:e2e	2026-10-09T03:47:30.8089868Z   ✓   64 [chromium] › tests/e2e/rb10-completion.spec.ts:32:1 › a handled authentication failure records only optional identifiers and never exports credentials or the remote message (972ms)
verify	Run BROWSER_ENGINES=all npm run test:e2e	2026-10-09T03:47:37.3759137Z   ✓   65 [chromium] › tests/e2e/rb10-completion.spec.ts:37:1 › AT-F29 normal author operation imports frozen shared quotation and task atomically, retains a failed preview, records both stages and reloads the old edition (6.5s)
verify	Run BROWSER_ENGINES=all npm run test:e2e	2026-10-09T03:47:38.6716645Z   ✓   66 [chromium] › tests/e2e/rb10-completion.spec.ts:51:1 › F29 public old-version deep link carries only public IDs and Unicode offsets without private identifiers (1.3s)
verify	Run BROWSER_ENGINES=all npm run test:e2e	2026-10-09T03:47:40.5821557Z   ✓   67 [chromium] › tests/e2e/rb10-completion.spec.ts:55:1 › F37 normal state editor shows enum meaning candidates while keeping an unknown initial value through a complete file and reload (1.9s)
verify	Run BROWSER_ENGINES=all npm run test:e2e	2026-10-09T03:47:49.5311212Z   ✓   68 [chromium] › tests/e2e/rb10-completion.spec.ts:59:1 › real native IndexedDB cancels a worker while a full import transaction contains parts, then explicitly retries and cold-loads every body (8.9s)
verify	Run BROWSER_ENGINES=all npm run test:e2e	2026-10-09T03:47:53.1426181Z   ✓   69 [chromium] › tests/e2e/rb10-graph.spec.ts:10:1 › graph movement keeps connected lines, device layout and live semantic edits consistent through cold reload (3.6s)
verify	Run BROWSER_ENGINES=all npm run test:e2e	2026-10-09T03:47:57.5322605Z   ✓   70 [chromium] › tests/e2e/reader-fallback.spec.ts:15:1 › 幅390pxの手動試読で候補がない場合の代替進行を確認・巻戻・記録再生できる (4.4s)
verify	Run BROWSER_ENGINES=all npm run test:e2e	2026-10-09T03:47:59.6785796Z   ✓   71 [chromium] › tests/e2e/review-runtime.spec.ts:21:1 › RV08 作品設定の未保存入力と不正暦入力を画面移動から再開し、設定を原子保存・再読込する (2.1s)
verify	Run BROWSER_ENGINES=all npm run test:e2e	2026-10-09T03:48:01.6838186Z   ✓   72 [chromium] › tests/e2e/review-runtime.spec.ts:39:1 › RV05/RV06 旧版の入口と固定リンクを通常画面で開き、経路保存・再読込・再実行する (2.0s)
verify	Run BROWSER_ENGINES=all npm run test:e2e	2026-10-09T03:48:04.2358766Z   ✓   73 [chromium] › tests/e2e/review-runtime.spec.ts:61:1 › RB05 相互排他を金額・物品と原子拒否し、二入口の台詞・経路を再読込して合流比較する (2.5s)
verify	Run BROWSER_ENGINES=all npm run test:e2e	2026-10-09T03:48:10.4960600Z   ✓   74 [chromium] › tests/e2e/structured-forms.spec.ts:38:1 › 別名の不正な子項目を削除・種類切替・任意項目解除で修正すると保存でき、切替取消は入力を保つ (6.2s)
verify	Run BROWSER_ENGINES=all npm run test:e2e	2026-10-09T03:48:15.0640267Z   ✓   75 [chromium] › tests/e2e/structured-forms.spec.ts:75:1 › 未完成の数値を未保存入力として再表示し、非表示でも保存を止め、修正と配列削除後の値を再読込する (4.6s)
verify	Run BROWSER_ENGINES=all npm run test:e2e	2026-10-09T03:48:19.2438908Z   ✓   76 [chromium] › tests/e2e/structured-forms.spec.ts:107:1 › 状態値の記録キーは状態変数から選択でき、不正な数値を含む記録項目を削除して保存する (4.2s)
verify	Run BROWSER_ENGINES=all npm run test:e2e	2026-10-09T03:48:22.7270739Z   ✓   77 [chromium] › tests/e2e/structured-forms.spec.ts:137:1 › 公開用の辞書の先頭キーをキーボードで変更しても位置・フォーカス・値を保ち、一時重複は復元後に修正できる (3.5s)
verify	Run BROWSER_ENGINES=all npm run test:e2e	2026-10-09T03:48:26.8506699Z   ✓   78 [chromium] › tests/e2e/structured-forms.spec.ts:174:1 › 固定版の人物と段落が現在版からなくても、別名と試読状態の通常フォームから無関係な変更を保存する (4.1s)
verify	Run BROWSER_ENGINES=all npm run test:e2e	2026-10-09T03:48:37.9176922Z   ✓   79 [chromium] › tests/e2e/templates.spec.ts:25:1 › AT-F02/F56 雛形の通常フォームを差分確認して適用し、非表示・型変更の取消・明示置換を再読込まで保持する (11.0s)
verify	Run BROWSER_ENGINES=all npm run test:e2e	2026-10-09T03:48:40.2449907Z   ✓   80 [chromium] › tests/e2e/templates.spec.ts:133:1 › 雛形の保存キーが一時的に重複しても各項目の初期値を保ち、再表示・改名・差分適用後も両方の値を保持する (2.3s)
verify	Run BROWSER_ENGINES=all npm run test:e2e	2026-10-09T03:48:43.3475394Z   ✓   81 [chromium] › tests/e2e/world-workspace.spec.ts:17:1 › 世界版の選択・借用参照・固定表示を通常画面で保存し、完全保存にも同じ版を保持する (3.1s)
verify	Run BROWSER_ENGINES=all npm run test:e2e	2026-10-09T03:48:47.4125569Z   ✓   82 [chromium] › tests/e2e/writing-workspace.spec.ts:32:1 › 作者別案の未保存入力を画面移動から保持し、版保存・再読込・完全保存へ接続する (4.0s)
verify	Run BROWSER_ENGINES=all npm run test:e2e	2026-10-09T03:48:49.2675555Z   ✓   83 [chromium] › tests/e2e/writing-workspace.spec.ts:95:1 › 章試読は固定版の本文を提示して開始状態と経路を通常保存する (1.8s)
verify	Run BROWSER_ENGINES=all npm run test:e2e	2026-10-09T03:48:51.9718980Z   ✓   84 [chromium] › tests/e2e/writing-workspace.spec.ts:117:1 › 参照値を変えた別案の採用を通常保存し、確認依頼と採用記録を再読込・完全保存する (2.7s)
verify	Run BROWSER_ENGINES=all npm run test:e2e	2026-10-09T03:48:53.9660320Z   ✓   85 [chromium] › tests/e2e/writing-workspace.spec.ts:149:1 › 章と場面の順序・所属・筋の変更を通常保存して再読込する (2.0s)
verify	Run BROWSER_ENGINES=all npm run test:e2e	2026-10-09T03:48:59.6335434Z   ✓   86 [firefox] › tests/e2e/catalog-notes.spec.ts:24:1 › 保存した複合一覧の再適用、一括変更、索引分類を通常フォームで行う (4.4s)
verify	Run BROWSER_ENGINES=all npm run test:e2e	2026-10-09T03:49:02.3983645Z   ✓   87 [firefox] › tests/e2e/catalog-notes.spec.ts:48:1 › 狭い画面で文章メモを場面へ変換し元メモと履歴を保持する (2.8s)
verify	Run BROWSER_ENGINES=all npm run test:e2e	2026-10-09T03:49:04.5650353Z   ✓   88 [firefox] › tests/e2e/catalog-notes.spec.ts:64:1 › 短い文章メモの未保存入力を詳細パネルの閉じ直し後も保持する (2.1s)
verify	Run BROWSER_ENGINES=all npm run test:e2e	2026-10-09T03:49:08.0584064Z   ✓   89 [firefox] › tests/e2e/catalog-notes.spec.ts:75:1 › 録音許可の拒否を説明し、文章と画像メモを保存ファイルまで保持する (3.5s)
verify	Run BROWSER_ENGINES=all npm run test:e2e	2026-10-09T03:49:11.3016065Z   ✓   90 [firefox] › tests/e2e/catalog-notes.spec.ts:104:1 › 日本語索引の表記候補を連続入力して保存・再表示しても文字と焦点を保つ (3.2s)
verify	Run BROWSER_ENGINES=all npm run test:e2e	2026-10-09T03:49:13.9744108Z   ✓   91 [firefox] › tests/e2e/editor-navigation.spec.ts:37:1 › B10/F27 本文リンクから戻り、逆参照でも同じ段落の絵文字後の語句を正確に開く (2.7s)
verify	Run BROWSER_ENGINES=all npm run test:e2e	2026-10-09T03:49:15.9431689Z   ✓   92 [firefox] › tests/e2e/editor-navigation.spec.ts:63:1 › B01 参照元と固定版の影響を示して参照中のアーカイブを止め、未参照の保持指定も個別に確認する (2.0s)
verify	Run BROWSER_ENGINES=all npm run test:e2e	2026-10-09T03:49:19.3738148Z   ✓   93 [firefox] › tests/e2e/editor-regressions.spec.ts:45:1 › RG-R01 本文の注記と提示位置が絵文字を含む前方挿入に追従し、再読込後も人物を開ける (3.4s)
verify	Run BROWSER_ENGINES=all npm run test:e2e	2026-10-09T03:49:22.9450077Z   ✓   94 [firefox] › tests/e2e/editor-regressions.spec.ts:67:61 › RG-R05 booleanの複数値をフォームで追加し、演算切替を取り消して保存・再読込・試読する (3.6s)
verify	Run BROWSER_ENGINES=all npm run test:e2e	2026-10-09T03:49:27.5566152Z   ✓   95 [firefox] › tests/e2e/editor-regressions.spec.ts:67:61 › RG-R05 integerの複数値をフォームで追加し、演算切替を取り消して保存・再読込・試読する (4.6s)
verify	Run BROWSER_ENGINES=all npm run test:e2e	2026-10-09T03:49:32.0363492Z   ✓   96 [firefox] › tests/e2e/editor-regressions.spec.ts:67:61 › RG-R05 enumの複数値をフォームで追加し、演算切替を取り消して保存・再読込・試読する (4.5s)
verify	Run BROWSER_ENGINES=all npm run test:e2e	2026-10-09T03:49:35.9423495Z   ✓   97 [firefox] › tests/e2e/editor.spec.ts:21:1 › 人物の日本語入力を保存し再読み込みして完全保存・別端末領域へ復元できる (3.8s)
verify	Run BROWSER_ENGINES=all npm run test:e2e	2026-10-09T03:49:37.0543750Z   ✓   98 [firefox] › tests/e2e/editor.spec.ts:57:3 › 幅320pxで作品作成と資料の操作が画面内に収まる (1.1s)
verify	Run BROWSER_ENGINES=all npm run test:e2e	2026-10-09T03:49:38.1313592Z   ✓   99 [firefox] › tests/e2e/editor.spec.ts:57:3 › 幅390pxで作品作成と資料の操作が画面内に収まる (1.1s)
verify	Run BROWSER_ENGINES=all npm run test:e2e	2026-10-09T03:49:39.3088859Z   ✓  100 [firefox] › tests/e2e/editor.spec.ts:57:3 › 幅768pxで作品作成と資料の操作が画面内に収まる (1.2s)
verify	Run BROWSER_ENGINES=all npm run test:e2e	2026-10-09T03:49:40.3983384Z   ✓  101 [firefox] › tests/e2e/editor.spec.ts:57:3 › 幅1024pxで作品作成と資料の操作が画面内に収まる (1.1s)
verify	Run BROWSER_ENGINES=all npm run test:e2e	2026-10-09T03:49:41.4133955Z   ✓  102 [firefox] › tests/e2e/editor.spec.ts:57:3 › 幅1440pxで作品作成と資料の操作が画面内に収まる (1.0s)
verify	Run BROWSER_ENGINES=all npm run test:e2e	2026-10-09T03:49:42.7156998Z   ✓  103 [firefox] › tests/e2e/editor.spec.ts:67:1 › 初期画面の自動アクセシビリティ検査 (1.3s)
verify	Run BROWSER_ENGINES=all npm run test:e2e	2026-10-09T03:49:45.4665735Z   ✓  104 [firefox] › tests/e2e/editor.spec.ts:74:1 › 配信サーバー停止後にキャッシュ取得済みの作品を再開する (2.7s)
verify	Run BROWSER_ENGINES=all npm run test:e2e	2026-10-09T03:49:47.3817050Z   ✓  105 [firefox] › tests/e2e/editor.spec.ts:121:1 › サンプルの条件付き選択肢と巻き戻しを操作できる (1.9s)
verify	Run BROWSER_ENGINES=all npm run test:e2e	2026-10-09T03:49:49.7473867Z   ✓  106 [firefox] › tests/e2e/editor.spec.ts:143:1 › 不正JSONの未保存入力を画面移動後も保持する (2.4s)
verify	Run BROWSER_ENGINES=all npm run test:e2e	2026-10-09T03:49:52.3802692Z   ✓  107 [firefox] › tests/e2e/editor.spec.ts:162:1 › 保存に失敗した名前を二回の画面移動後も未保存として保持する (2.6s)
verify	Run BROWSER_ENGINES=all npm run test:e2e	2026-10-09T03:49:55.0868306Z   ✓  108 [firefox] › tests/e2e/project-drafts.spec.ts:18:1 › 同じ情報IDを持つ別作品でも未保存の雛形入力を作品ごとに保持する (2.7s)
verify	Run BROWSER_ENGINES=all npm run test:e2e	2026-10-09T03:49:58.0050189Z   ✓  109 [firefox] › tests/e2e/rb05-reconfirmation.spec.ts:19:1 › 別版の途中開始を差分確認・原子保存・再読込し、移行した状態から試読する (2.9s)
verify	Run BROWSER_ENGINES=all npm run test:e2e	2026-10-09T03:50:00.7212261Z   ✓  110 [firefox] › tests/e2e/rb05-reconfirmation.spec.ts:26:1 › 改訂稿の経路を再実行・別証跡保存・再読込し、旧金額3と新金額7をそれぞれ再生する (2.7s)
verify	Run BROWSER_ENGINES=all npm run test:e2e	2026-10-09T03:50:02.8501424Z   ✓  111 [firefox] › tests/e2e/rb05-reconfirmation.spec.ts:33:1 › 保存失敗で移行差分を保持し、再試行後にだけ保存完了を表示する (2.1s)
verify	Run BROWSER_ENGINES=all npm run test:e2e	2026-10-09T03:50:04.6685732Z   ✓  112 [firefox] › tests/e2e/rb05-reconfirmation.spec.ts:41:1 › 移行差分確認後に入口を切り替えると保存を止め、固定した入口を表示する (1.8s)
verify	Run BROWSER_ENGINES=all npm run test:e2e	2026-10-09T03:50:08.9285041Z   ✓  113 [firefox] › tests/e2e/rb05-reconfirmation.spec.ts:51:1 › 個別章開始を明示移行し、通常画面で再確認・原子保存・再読込・完全保存する (4.2s)
verify	Run BROWSER_ENGINES=all npm run test:e2e	2026-10-09T03:50:12.4373386Z   ✓  114 [firefox] › tests/e2e/rb05-reconfirmation.spec.ts:63:1 › 章の移行で提示時点と選択範囲を画面移動・再起動後も保持し、変更時は再確認する (3.5s)
verify	Run BROWSER_ENGINES=all npm run test:e2e	2026-10-09T03:50:15.5764427Z   ✓  115 [firefox] › tests/e2e/rb05-reuse.spec.ts:11:1 › 固定callの内部graphから通常ボタンで呼出元へ戻り、経路を保存・cold再生する (3.1s)
verify	Run BROWSER_ENGINES=all npm run test:e2e	2026-10-09T03:50:18.9230636Z   ✓  116 [firefox] › tests/e2e/rb05-reuse.spec.ts:20:35 › 子出口の経路保存待ちを画面移動から保持し、最新propsの確認後に復帰する (3.3s)
verify	Run BROWSER_ENGINES=all npm run test:e2e	2026-10-09T03:50:22.4952373Z   ✓  117 [firefox] › tests/e2e/rb05-reuse.spec.ts:20:35 › 子出口の経路保存待ちを画面移動から保持し、失敗後の同じ経路を再試行する (3.6s)
verify	Run BROWSER_ENGINES=all npm run test:e2e	2026-10-09T03:50:24.7745281Z   ✓  118 [firefox] › tests/e2e/rb05-reuse.spec.ts:28:1 › 経路再生待ちの再入へ保存版を反映し、次回の明示版選択を別画面往復から保持する (2.3s)
verify	Run BROWSER_ENGINES=all npm run test:e2e	2026-10-09T03:50:31.9177127Z   ✓  119 [firefox] › tests/e2e/rb05-reuse.spec.ts:35:1 › RB05 共通元を固定参照・独立複製・部分上書きで原子保存し、共通元改稿後の本文と再読込を確認する (7.1s)
verify	Run BROWSER_ENGINES=all npm run test:e2e	2026-10-09T03:50:34.0907271Z   ✓  120 [firefox] › tests/e2e/rb05-reuse.spec.ts:55:1 › 多重固定参照を完全保存から再読込し、旧本文の固定リンクと元のUnicode位置へ戻る (2.2s)
verify	Run BROWSER_ENGINES=all npm run test:e2e	2026-10-09T03:50:37.3798864Z   ✓  121 [firefox] › tests/e2e/rb05-structure-reading.spec.ts:11:1 › RB05 途中開始の状態値を通常フォームで編集し、画面移動・再読込・試読・巻戻へ接続する (3.3s)
verify	Run BROWSER_ENGINES=all npm run test:e2e	2026-10-09T03:50:40.6657603Z   ✓  122 [firefox] › tests/e2e/rb05-structure-reading.spec.ts:31:1 › RB05 反応系列の下書きを移動から再開し、作成・保存・再読込・初回／再訪を通常試読する (3.3s)
verify	Run BROWSER_ENGINES=all npm run test:e2e	2026-10-09T03:50:43.7182280Z   ✓  123 [firefox] › tests/e2e/rb05-structure-reading.spec.ts:48:1 › RB05 折りたたんだ章の未完成出口を掘り下げ、通常接続編集と再読込で集計へ反映する (3.0s)
verify	Run BROWSER_ENGINES=all npm run test:e2e	2026-10-09T03:50:49.7636813Z   ✓  124 [firefox] › tests/e2e/rb06-recovery.spec.ts:11:1 › 50件より古い版を通常検索し、単体復元と作品全体復元を区別して保存失敗・再入・cold再生する (6.0s)
verify	Run BROWSER_ENGINES=all npm run test:e2e	2026-10-09T03:50:53.3750044Z   ✓  125 [firefox] › tests/e2e/rb06-recovery.spec.ts:19:1 › 別作品の全ID対応を画面移動・cold再起動から再開し、失敗後に原子統合して元履歴・段落を完全保存する (3.6s)
verify	Run BROWSER_ENGINES=all npm run test:e2e	2026-10-09T03:50:55.3069645Z   ✓  126 [firefox] › tests/e2e/rb06-recovery.spec.ts:27:1 › 復元保存待ちの後に選んだ資料と作品を保持し、新規復元だけを一覧へ追加する (1.9s)
verify	Run BROWSER_ENGINES=all npm run test:e2e	2026-10-09T03:50:57.5394119Z   ✓  127 [firefox] › tests/e2e/rb06-recovery.spec.ts:35:1 › native保存ack待ちに届いた後続ファイルを保持し、先の新規復元が確認画面を開き直さない (2.2s)
verify	Run BROWSER_ENGINES=all npm run test:e2e	2026-10-09T03:51:01.7528195Z   ✓  128 [firefox] › tests/e2e/rb07-production.spec.ts:12:1 › 台詞分割の入力と差分を移動・失敗から再開し、旧新ID・翻訳確認待ちをcold保存と完全ファイルで確認する (4.2s)
verify	Run BROWSER_ENGINES=all npm run test:e2e	2026-10-09T03:51:04.3671717Z   ✓  129 [firefox] › tests/e2e/rb07-production.spec.ts:18:1 › 資料の取得日時と実動画bytesを通常保存し、再読込で安全な動画表示と不足状態を区別する (2.6s)
verify	Run BROWSER_ENGINES=all npm run test:e2e	2026-10-09T03:51:07.4027411Z   ✓  130 [firefox] › tests/e2e/rb07-production.spec.ts:22:1 › 現在原文を選び直した翻訳をhash承認し、期限外・没用語を除いたUnicode候補を指摘版ごと原子保存する (3.0s)
verify	Run BROWSER_ENGINES=all npm run test:e2e	2026-10-09T03:51:10.5198879Z   ✓  131 [firefox] › tests/e2e/rb08-handoff.spec.ts:24:1 › 制作見積の入力を移動とcold再開から保持し、quota拒否後の原子保存を完全ファイルへつなぐ (3.1s)
verify	Run BROWSER_ENGINES=all npm run test:e2e	2026-10-09T03:51:13.9710052Z   ✓  132 [firefox] › tests/e2e/rb08-handoff.spec.ts:26:1 › 旧媒体と元pinを保持し、未保存候補を再開して独立改訂・予定日・完全復元を確認する (3.4s)
verify	Run BROWSER_ENGINES=all npm run test:e2e	2026-10-09T03:51:18.3327108Z   ✓  133 [firefox] › tests/e2e/rb08-handoff.spec.ts:28:1 › 相談MDの出所と対象版をcold再開し、作者別案へ保存・選択採用して正本と採用記録を復元する (4.3s)
verify	Run BROWSER_ENGINES=all npm run test:e2e	2026-10-09T03:51:22.9345233Z   ✓  134 [firefox] › tests/e2e/rb08-handoff.spec.ts:30:1 › 通常出力を独立ゲームへ渡し、実勝利・経路・受領証跡を戻して原子保存・cold・完全復元する (4.6s)
verify	Run BROWSER_ENGINES=all npm run test:e2e	2026-10-09T03:51:30.1017825Z   ✓  135 [firefox] › tests/e2e/rb08-handoff.spec.ts:32:1 › 通常画面で旧版と現稿の公開範囲を作り、固定引用のUnicode位置を試遊ZIPから開いて戻り、承認をcold復元する (7.2s)
verify	Run BROWSER_ENGINES=all npm run test:e2e	2026-10-09T03:51:32.4957485Z   ✓  136 [firefox] › tests/e2e/rb08-handoff.spec.ts:38:1 › 通常画面で企画・プレイ行動・実装作業を照合し、容量失敗後に対象版付き確認を保存しcold完全復元する (2.4s)
verify	Run BROWSER_ENGINES=all npm run test:e2e	2026-10-09T03:51:35.5438458Z   ✓  137 [firefox] › tests/e2e/rb08-handoff.spec.ts:43:1 › 通常出力の試遊ZIPが同じ素材IDの旧動画decodeと新音声bytesを別々に検証して固定参照から戻る (3.0s)
verify	Run BROWSER_ENGINES=all npm run test:e2e	2026-10-09T03:51:36.6972146Z   ✓  138 [firefox] › tests/e2e/rb09-inputs.spec.ts:35:1 › active author screen keeps account controls reachable at PC and phone widths (1.1s)
verify	Run BROWSER_ENGINES=all npm run test:e2e	2026-10-09T03:51:39.0905395Z   ✓  139 [firefox] › tests/e2e/rb09-inputs.spec.ts:37:1 › input DB commit resumes all A despite a cache quota fault and cold reauthentication (2.4s)
verify	Run BROWSER_ENGINES=all npm run test:e2e	2026-10-09T03:51:40.7202710Z   ✓  140 [firefox] › tests/e2e/rb09-inputs.spec.ts:39:1 › input TX failure leaves tool and workspace B intact and preserves visible input for retry (1.6s)
verify	Run BROWSER_ENGINES=all npm run test:e2e	2026-10-09T03:51:43.8675863Z   ✓  141 [firefox] › tests/e2e/rb09-inputs.spec.ts:41:1 › delayed complete archive and base commit preserve a later shared-screen navigation (3.1s)
verify	Run BROWSER_ENGINES=all npm run test:e2e	2026-10-09T03:51:45.9866995Z   ✓  142 [firefox] › tests/e2e/rb09-sharing.spec.ts:12:1 › approved fixed reference retains Unicode position, source return, comment version and cold cache without persisting Auth (2.1s)
verify	Run BROWSER_ENGINES=all npm run test:e2e	2026-10-09T03:51:47.2785612Z   ✓  143 [firefox] › tests/e2e/rb09-sharing.spec.ts:14:1 › revocation refuses a new snapshot and clears the cached displayed edition (1.3s)
verify	Run BROWSER_ENGINES=all npm run test:e2e	2026-10-09T03:51:50.1769454Z   ✓  144 [firefox] › tests/e2e/rb09-sharing.spec.ts:16:1 › a requested fixed snapshot opens after a delayed metadata listing instead of being dropped by the initial busy lock (2.9s)
verify	Run BROWSER_ENGINES=all npm run test:e2e	2026-10-09T03:51:53.5015666Z   ✓  145 [firefox] › tests/e2e/rb10-completion.spec.ts:12:1 › paged chapter tail keeps original move indices, selection and cold return position through a complete save (3.3s)
verify	Run BROWSER_ENGINES=all npm run test:e2e	2026-10-09T03:51:55.9804268Z   ✓  146 [firefox] › tests/e2e/rb10-completion.spec.ts:18:1 › paged branch and production searches reach tail items without creating all DOM records (2.5s)
verify	Run BROWSER_ENGINES=all npm run test:e2e	2026-10-09T03:51:58.4630323Z   ✓  147 [firefox] › tests/e2e/rb10-completion.spec.ts:21:1 › an actual failed atomic save retains input and exports only optional diagnostic metadata (2.5s)
verify	Run BROWSER_ENGINES=all npm run test:e2e	2026-10-09T03:52:01.7803670Z   ✓  148 [firefox] › tests/e2e/rb10-completion.spec.ts:24:1 › cancelling an in-flight command keeps the draft, revision, history and outbox until explicit retry (3.3s)
verify	Run BROWSER_ENGINES=all npm run test:e2e	2026-10-09T03:52:02.8031634Z   ✓  149 [firefox] › tests/e2e/rb10-completion.spec.ts:32:1 › a handled authentication failure records only optional identifiers and never exports credentials or the remote message (1.0s)
verify	Run BROWSER_ENGINES=all npm run test:e2e	2026-10-09T03:52:10.7944199Z   ✓  150 [firefox] › tests/e2e/rb10-completion.spec.ts:37:1 › AT-F29 normal author operation imports frozen shared quotation and task atomically, retains a failed preview, records both stages and reloads the old edition (8.0s)
verify	Run BROWSER_ENGINES=all npm run test:e2e	2026-10-09T03:52:12.1945787Z   ✓  151 [firefox] › tests/e2e/rb10-completion.spec.ts:51:1 › F29 public old-version deep link carries only public IDs and Unicode offsets without private identifiers (1.4s)
verify	Run BROWSER_ENGINES=all npm run test:e2e	2026-10-09T03:52:14.3373740Z   ✓  152 [firefox] › tests/e2e/rb10-completion.spec.ts:55:1 › F37 normal state editor shows enum meaning candidates while keeping an unknown initial value through a complete file and reload (2.1s)
verify	Run BROWSER_ENGINES=all npm run test:e2e	2026-10-09T03:52:22.5537684Z   ✓  153 [firefox] › tests/e2e/rb10-completion.spec.ts:59:1 › real native IndexedDB cancels a worker while a full import transaction contains parts, then explicitly retries and cold-loads every body (8.2s)
verify	Run BROWSER_ENGINES=all npm run test:e2e	2026-10-09T03:52:27.7869442Z   ✓  154 [firefox] › tests/e2e/rb10-graph.spec.ts:10:1 › graph movement keeps connected lines, device layout and live semantic edits consistent through cold reload (5.2s)
verify	Run BROWSER_ENGINES=all npm run test:e2e	2026-10-09T03:52:33.0144281Z   ✓  155 [firefox] › tests/e2e/reader-fallback.spec.ts:15:1 › 幅390pxの手動試読で候補がない場合の代替進行を確認・巻戻・記録再生できる (5.2s)
verify	Run BROWSER_ENGINES=all npm run test:e2e	2026-10-09T03:52:35.6832626Z   ✓  156 [firefox] › tests/e2e/review-runtime.spec.ts:21:1 › RV08 作品設定の未保存入力と不正暦入力を画面移動から再開し、設定を原子保存・再読込する (2.7s)
verify	Run BROWSER_ENGINES=all npm run test:e2e	2026-10-09T03:52:38.1811144Z   ✓  157 [firefox] › tests/e2e/review-runtime.spec.ts:39:1 › RV05/RV06 旧版の入口と固定リンクを通常画面で開き、経路保存・再読込・再実行する (2.5s)
verify	Run BROWSER_ENGINES=all npm run test:e2e	2026-10-09T03:52:41.4747546Z   ✓  158 [firefox] › tests/e2e/review-runtime.spec.ts:61:1 › RB05 相互排他を金額・物品と原子拒否し、二入口の台詞・経路を再読込して合流比較する (3.3s)
verify	Run BROWSER_ENGINES=all npm run test:e2e	2026-10-09T03:52:48.3615580Z   ✓  159 [firefox] › tests/e2e/structured-forms.spec.ts:38:1 › 別名の不正な子項目を削除・種類切替・任意項目解除で修正すると保存でき、切替取消は入力を保つ (6.9s)
verify	Run BROWSER_ENGINES=all npm run test:e2e	2026-10-09T03:52:53.3974401Z   ✓  160 [firefox] › tests/e2e/structured-forms.spec.ts:75:1 › 未完成の数値を未保存入力として再表示し、非表示でも保存を止め、修正と配列削除後の値を再読込する (5.0s)
verify	Run BROWSER_ENGINES=all npm run test:e2e	2026-10-09T03:52:58.0684643Z   ✓  161 [firefox] › tests/e2e/structured-forms.spec.ts:107:1 › 状態値の記録キーは状態変数から選択でき、不正な数値を含む記録項目を削除して保存する (4.7s)
verify	Run BROWSER_ENGINES=all npm run test:e2e	2026-10-09T03:53:02.0694361Z   ✓  162 [firefox] › tests/e2e/structured-forms.spec.ts:137:1 › 公開用の辞書の先頭キーをキーボードで変更しても位置・フォーカス・値を保ち、一時重複は復元後に修正できる (4.0s)
verify	Run BROWSER_ENGINES=all npm run test:e2e	2026-10-09T03:53:06.5311085Z   ✓  163 [firefox] › tests/e2e/structured-forms.spec.ts:174:1 › 固定版の人物と段落が現在版からなくても、別名と試読状態の通常フォームから無関係な変更を保存する (4.4s)
verify	Run BROWSER_ENGINES=all npm run test:e2e	2026-10-09T03:53:20.3136865Z   ✓  164 [firefox] › tests/e2e/templates.spec.ts:25:1 › AT-F02/F56 雛形の通常フォームを差分確認して適用し、非表示・型変更の取消・明示置換を再読込まで保持する (13.8s)
verify	Run BROWSER_ENGINES=all npm run test:e2e	2026-10-09T03:53:23.1043605Z   ✓  165 [firefox] › tests/e2e/templates.spec.ts:133:1 › 雛形の保存キーが一時的に重複しても各項目の初期値を保ち、再表示・改名・差分適用後も両方の値を保持する (2.8s)
verify	Run BROWSER_ENGINES=all npm run test:e2e	2026-10-09T03:53:26.9999559Z   ✓  166 [firefox] › tests/e2e/world-workspace.spec.ts:17:1 › 世界版の選択・借用参照・固定表示を通常画面で保存し、完全保存にも同じ版を保持する (3.9s)
verify	Run BROWSER_ENGINES=all npm run test:e2e	2026-10-09T03:53:32.2888948Z   ✓  167 [firefox] › tests/e2e/writing-workspace.spec.ts:32:1 › 作者別案の未保存入力を画面移動から保持し、版保存・再読込・完全保存へ接続する (5.3s)
verify	Run BROWSER_ENGINES=all npm run test:e2e	2026-10-09T03:53:34.6219711Z   ✓  168 [firefox] › tests/e2e/writing-workspace.spec.ts:95:1 › 章試読は固定版の本文を提示して開始状態と経路を通常保存する (2.3s)
verify	Run BROWSER_ENGINES=all npm run test:e2e	2026-10-09T03:53:37.9728118Z   ✓  169 [firefox] › tests/e2e/writing-workspace.spec.ts:117:1 › 参照値を変えた別案の採用を通常保存し、確認依頼と採用記録を再読込・完全保存する (3.3s)
verify	Run BROWSER_ENGINES=all npm run test:e2e	2026-10-09T03:53:40.3350684Z   ✓  170 [firefox] › tests/e2e/writing-workspace.spec.ts:149:1 › 章と場面の順序・所属・筋の変更を通常保存して再読込する (2.4s)
verify	Run BROWSER_ENGINES=all npm run test:e2e	2026-10-09T03:53:53.6902460Z   ✓  171 [webkit] › tests/e2e/catalog-notes.spec.ts:24:1 › 保存した複合一覧の再適用、一括変更、索引分類を通常フォームで行う (11.6s)
verify	Run BROWSER_ENGINES=all npm run test:e2e	2026-10-09T03:53:58.0549776Z   ✓  172 [webkit] › tests/e2e/catalog-notes.spec.ts:48:1 › 狭い画面で文章メモを場面へ変換し元メモと履歴を保持する (4.4s)
verify	Run BROWSER_ENGINES=all npm run test:e2e	2026-10-09T03:54:02.2993446Z   ✓  173 [webkit] › tests/e2e/catalog-notes.spec.ts:64:1 › 短い文章メモの未保存入力を詳細パネルの閉じ直し後も保持する (4.2s)
verify	Run BROWSER_ENGINES=all npm run test:e2e	2026-10-09T03:54:07.1403399Z   ✓  174 [webkit] › tests/e2e/catalog-notes.spec.ts:75:1 › 録音許可の拒否を説明し、文章と画像メモを保存ファイルまで保持する (4.8s)
verify	Run BROWSER_ENGINES=all npm run test:e2e	2026-10-09T03:54:12.6029896Z   ✓  175 [webkit] › tests/e2e/catalog-notes.spec.ts:104:1 › 日本語索引の表記候補を連続入力して保存・再表示しても文字と焦点を保つ (5.4s)
verify	Run BROWSER_ENGINES=all npm run test:e2e	2026-10-09T03:54:18.4316070Z   ✓  176 [webkit] › tests/e2e/editor-navigation.spec.ts:37:1 › B10/F27 本文リンクから戻り、逆参照でも同じ段落の絵文字後の語句を正確に開く (5.8s)
verify	Run BROWSER_ENGINES=all npm run test:e2e	2026-10-09T03:54:23.7333723Z   ✓  177 [webkit] › tests/e2e/editor-navigation.spec.ts:63:1 › B01 参照元と固定版の影響を示して参照中のアーカイブを止め、未参照の保持指定も個別に確認する (5.3s)
verify	Run BROWSER_ENGINES=all npm run test:e2e	2026-10-09T03:54:29.3096694Z   ✓  178 [webkit] › tests/e2e/editor-regressions.spec.ts:45:1 › RG-R01 本文の注記と提示位置が絵文字を含む前方挿入に追従し、再読込後も人物を開ける (5.5s)
verify	Run BROWSER_ENGINES=all npm run test:e2e	2026-10-09T03:54:33.7085294Z   ✓  179 [webkit] › tests/e2e/editor-regressions.spec.ts:67:61 › RG-R05 booleanの複数値をフォームで追加し、演算切替を取り消して保存・再読込・試読する (4.4s)
verify	Run BROWSER_ENGINES=all npm run test:e2e	2026-10-09T03:54:38.9993447Z   ✓  180 [webkit] › tests/e2e/editor-regressions.spec.ts:67:61 › RG-R05 integerの複数値をフォームで追加し、演算切替を取り消して保存・再読込・試読する (5.3s)
verify	Run BROWSER_ENGINES=all npm run test:e2e	2026-10-09T03:54:44.2272678Z   ✓  181 [webkit] › tests/e2e/editor-regressions.spec.ts:67:61 › RG-R05 enumの複数値をフォームで追加し、演算切替を取り消して保存・再読込・試読する (5.2s)
verify	Run BROWSER_ENGINES=all npm run test:e2e	2026-10-09T03:54:51.0595415Z   ✓  182 [webkit] › tests/e2e/editor.spec.ts:21:1 › 人物の日本語入力を保存し再読み込みして完全保存・別端末領域へ復元できる (6.8s)
verify	Run BROWSER_ENGINES=all npm run test:e2e	2026-10-09T03:54:52.7695237Z   ✓  183 [webkit] › tests/e2e/editor.spec.ts:57:3 › 幅320pxで作品作成と資料の操作が画面内に収まる (1.7s)
verify	Run BROWSER_ENGINES=all npm run test:e2e	2026-10-09T03:54:54.1789478Z   ✓  184 [webkit] › tests/e2e/editor.spec.ts:57:3 › 幅390pxで作品作成と資料の操作が画面内に収まる (1.4s)
verify	Run BROWSER_ENGINES=all npm run test:e2e	2026-10-09T03:54:55.7798508Z   ✓  185 [webkit] › tests/e2e/editor.spec.ts:57:3 › 幅768pxで作品作成と資料の操作が画面内に収まる (1.6s)
verify	Run BROWSER_ENGINES=all npm run test:e2e	2026-10-09T03:54:57.5392041Z   ✓  186 [webkit] › tests/e2e/editor.spec.ts:57:3 › 幅1024pxで作品作成と資料の操作が画面内に収まる (1.7s)
verify	Run BROWSER_ENGINES=all npm run test:e2e	2026-10-09T03:54:59.2626581Z   ✓  187 [webkit] › tests/e2e/editor.spec.ts:57:3 › 幅1440pxで作品作成と資料の操作が画面内に収まる (1.7s)
verify	Run BROWSER_ENGINES=all npm run test:e2e	2026-10-09T03:55:00.6937440Z   ✓  188 [webkit] › tests/e2e/editor.spec.ts:67:1 › 初期画面の自動アクセシビリティ検査 (1.4s)
verify	Run BROWSER_ENGINES=all npm run test:e2e	2026-10-09T03:55:02.7709610Z   ✓  189 [webkit] › tests/e2e/editor.spec.ts:74:1 › 配信サーバー停止後にキャッシュ取得済みの作品を再開する (2.1s)
verify	Run BROWSER_ENGINES=all npm run test:e2e	2026-10-09T03:55:05.6444951Z   ✓  190 [webkit] › tests/e2e/editor.spec.ts:121:1 › サンプルの条件付き選択肢と巻き戻しを操作できる (2.9s)
verify	Run BROWSER_ENGINES=all npm run test:e2e	2026-10-09T03:55:09.3521847Z   ✓  191 [webkit] › tests/e2e/editor.spec.ts:143:1 › 不正JSONの未保存入力を画面移動後も保持する (3.7s)
verify	Run BROWSER_ENGINES=all npm run test:e2e	2026-10-09T03:55:13.2005038Z   ✓  192 [webkit] › tests/e2e/editor.spec.ts:162:1 › 保存に失敗した名前を二回の画面移動後も未保存として保持する (3.8s)
verify	Run BROWSER_ENGINES=all npm run test:e2e	2026-10-09T03:55:19.5805629Z   ✓  193 [webkit] › tests/e2e/project-drafts.spec.ts:18:1 › 同じ情報IDを持つ別作品でも未保存の雛形入力を作品ごとに保持する (6.4s)
verify	Run BROWSER_ENGINES=all npm run test:e2e	2026-10-09T03:55:24.3169181Z   ✓  194 [webkit] › tests/e2e/rb05-reconfirmation.spec.ts:19:1 › 別版の途中開始を差分確認・原子保存・再読込し、移行した状態から試読する (4.7s)
verify	Run BROWSER_ENGINES=all npm run test:e2e	2026-10-09T03:55:28.6835297Z   ✓  195 [webkit] › tests/e2e/rb05-reconfirmation.spec.ts:26:1 › 改訂稿の経路を再実行・別証跡保存・再読込し、旧金額3と新金額7をそれぞれ再生する (4.4s)
verify	Run BROWSER_ENGINES=all npm run test:e2e	2026-10-09T03:55:32.6655702Z   ✓  196 [webkit] › tests/e2e/rb05-reconfirmation.spec.ts:33:1 › 保存失敗で移行差分を保持し、再試行後にだけ保存完了を表示する (4.0s)
verify	Run BROWSER_ENGINES=all npm run test:e2e	2026-10-09T03:55:36.1341866Z   ✓  197 [webkit] › tests/e2e/rb05-reconfirmation.spec.ts:41:1 › 移行差分確認後に入口を切り替えると保存を止め、固定した入口を表示する (3.5s)
verify	Run BROWSER_ENGINES=all npm run test:e2e	2026-10-09T03:55:42.4280775Z   ✓  198 [webkit] › tests/e2e/rb05-reconfirmation.spec.ts:51:1 › 個別章開始を明示移行し、通常画面で再確認・原子保存・再読込・完全保存する (6.3s)
verify	Run BROWSER_ENGINES=all npm run test:e2e	2026-10-09T03:55:46.9402007Z   ✓  199 [webkit] › tests/e2e/rb05-reconfirmation.spec.ts:63:1 › 章の移行で提示時点と選択範囲を画面移動・再起動後も保持し、変更時は再確認する (4.5s)
verify	Run BROWSER_ENGINES=all npm run test:e2e	2026-10-09T03:55:52.0195324Z   ✓  200 [webkit] › tests/e2e/rb05-reuse.spec.ts:11:1 › 固定callの内部graphから通常ボタンで呼出元へ戻り、経路を保存・cold再生する (5.1s)
verify	Run BROWSER_ENGINES=all npm run test:e2e	2026-10-09T03:55:57.1124713Z   ✓  201 [webkit] › tests/e2e/rb05-reuse.spec.ts:20:35 › 子出口の経路保存待ちを画面移動から保持し、最新propsの確認後に復帰する (5.1s)
verify	Run BROWSER_ENGINES=all npm run test:e2e	2026-10-09T03:56:02.6575792Z   ✓  202 [webkit] › tests/e2e/rb05-reuse.spec.ts:20:35 › 子出口の経路保存待ちを画面移動から保持し、失敗後の同じ経路を再試行する (5.5s)
verify	Run BROWSER_ENGINES=all npm run test:e2e	2026-10-09T03:56:07.6403976Z   ✓  203 [webkit] › tests/e2e/rb05-reuse.spec.ts:28:1 › 経路再生待ちの再入へ保存版を反映し、次回の明示版選択を別画面往復から保持する (5.0s)
verify	Run BROWSER_ENGINES=all npm run test:e2e	2026-10-09T03:56:18.5968623Z   ✓  204 [webkit] › tests/e2e/rb05-reuse.spec.ts:35:1 › RB05 共通元を固定参照・独立複製・部分上書きで原子保存し、共通元改稿後の本文と再読込を確認する (10.9s)
verify	Run BROWSER_ENGINES=all npm run test:e2e	2026-10-09T03:56:23.5125093Z   ✓  205 [webkit] › tests/e2e/rb05-reuse.spec.ts:55:1 › 多重固定参照を完全保存から再読込し、旧本文の固定リンクと元のUnicode位置へ戻る (4.9s)
verify	Run BROWSER_ENGINES=all npm run test:e2e	2026-10-09T03:56:28.8325749Z   ✓  206 [webkit] › tests/e2e/rb05-structure-reading.spec.ts:11:1 › RB05 途中開始の状態値を通常フォームで編集し、画面移動・再読込・試読・巻戻へ接続する (5.3s)
verify	Run BROWSER_ENGINES=all npm run test:e2e	2026-10-09T03:56:34.3840980Z   ✓  207 [webkit] › tests/e2e/rb05-structure-reading.spec.ts:31:1 › RB05 反応系列の下書きを移動から再開し、作成・保存・再読込・初回／再訪を通常試読する (5.5s)
verify	Run BROWSER_ENGINES=all npm run test:e2e	2026-10-09T03:56:39.1114084Z   ✓  208 [webkit] › tests/e2e/rb05-structure-reading.spec.ts:48:1 › RB05 折りたたんだ章の未完成出口を掘り下げ、通常接続編集と再読込で集計へ反映する (4.7s)
verify	Run BROWSER_ENGINES=all npm run test:e2e	2026-10-09T03:56:46.6235029Z   ✓  209 [webkit] › tests/e2e/rb06-recovery.spec.ts:11:1 › 50件より古い版を通常検索し、単体復元と作品全体復元を区別して保存失敗・再入・cold再生する (7.5s)
verify	Run BROWSER_ENGINES=all npm run test:e2e	2026-10-09T03:56:52.4122426Z   ✓  210 [webkit] › tests/e2e/rb06-recovery.spec.ts:19:1 › 別作品の全ID対応を画面移動・cold再起動から再開し、失敗後に原子統合して元履歴・段落を完全保存する (5.8s)
verify	Run BROWSER_ENGINES=all npm run test:e2e	2026-10-09T03:56:56.0354265Z   ✓  211 [webkit] › tests/e2e/rb06-recovery.spec.ts:27:1 › 復元保存待ちの後に選んだ資料と作品を保持し、新規復元だけを一覧へ追加する (3.6s)
verify	Run BROWSER_ENGINES=all npm run test:e2e	2026-10-09T03:56:59.9818735Z   ✓  212 [webkit] › tests/e2e/rb06-recovery.spec.ts:35:1 › native保存ack待ちに届いた後続ファイルを保持し、先の新規復元が確認画面を開き直さない (3.9s)
verify	Run BROWSER_ENGINES=all npm run test:e2e	2026-10-09T03:57:06.4930176Z   ✓  213 [webkit] › tests/e2e/rb07-production.spec.ts:12:1 › 台詞分割の入力と差分を移動・失敗から再開し、旧新ID・翻訳確認待ちをcold保存と完全ファイルで確認する (6.5s)
verify	Run BROWSER_ENGINES=all npm run test:e2e	2026-10-09T03:57:11.4505085Z   ✓  214 [webkit] › tests/e2e/rb07-production.spec.ts:18:1 › 資料の取得日時と実動画bytesを通常保存し、再読込で安全な動画表示と不足状態を区別する (4.9s)
verify	Run BROWSER_ENGINES=all npm run test:e2e	2026-10-09T03:57:16.6108651Z   ✓  215 [webkit] › tests/e2e/rb07-production.spec.ts:22:1 › 現在原文を選び直した翻訳をhash承認し、期限外・没用語を除いたUnicode候補を指摘版ごと原子保存する (5.2s)
verify	Run BROWSER_ENGINES=all npm run test:e2e	2026-10-09T03:57:21.6435385Z   ✓  216 [webkit] › tests/e2e/rb08-handoff.spec.ts:24:1 › 制作見積の入力を移動とcold再開から保持し、quota拒否後の原子保存を完全ファイルへつなぐ (5.0s)
verify	Run BROWSER_ENGINES=all npm run test:e2e	2026-10-09T03:57:27.4039307Z   ✓  217 [webkit] › tests/e2e/rb08-handoff.spec.ts:26:1 › 旧媒体と元pinを保持し、未保存候補を再開して独立改訂・予定日・完全復元を確認する (5.8s)
verify	Run BROWSER_ENGINES=all npm run test:e2e	2026-10-09T03:57:34.0407590Z   ✓  218 [webkit] › tests/e2e/rb08-handoff.spec.ts:28:1 › 相談MDの出所と対象版をcold再開し、作者別案へ保存・選択採用して正本と採用記録を復元する (6.6s)
verify	Run BROWSER_ENGINES=all npm run test:e2e	2026-10-09T03:57:40.4348919Z   ✓  219 [webkit] › tests/e2e/rb08-handoff.spec.ts:30:1 › 通常出力を独立ゲームへ渡し、実勝利・経路・受領証跡を戻して原子保存・cold・完全復元する (6.4s)
verify	Run BROWSER_ENGINES=all npm run test:e2e	2026-10-09T03:57:51.2684265Z   ✓  220 [webkit] › tests/e2e/rb08-handoff.spec.ts:32:1 › 通常画面で旧版と現稿の公開範囲を作り、固定引用のUnicode位置を試遊ZIPから開いて戻り、承認をcold復元する (10.8s)
verify	Run BROWSER_ENGINES=all npm run test:e2e	2026-10-09T03:57:55.5397471Z   ✓  221 [webkit] › tests/e2e/rb08-handoff.spec.ts:38:1 › 通常画面で企画・プレイ行動・実装作業を照合し、容量失敗後に対象版付き確認を保存しcold完全復元する (4.3s)
verify	Run BROWSER_ENGINES=all npm run test:e2e	2026-10-09T03:58:00.2315053Z   ✓  222 [webkit] › tests/e2e/rb08-handoff.spec.ts:43:1 › 通常出力の試遊ZIPが同じ素材IDの旧動画decodeと新音声bytesを別々に検証して固定参照から戻る (4.7s)
verify	Run BROWSER_ENGINES=all npm run test:e2e	2026-10-09T03:58:01.9717724Z   ✓  223 [webkit] › tests/e2e/rb09-inputs.spec.ts:35:1 › active author screen keeps account controls reachable at PC and phone widths (1.7s)
verify	Run BROWSER_ENGINES=all npm run test:e2e	2026-10-09T03:58:04.9181610Z   ✓  224 [webkit] › tests/e2e/rb09-inputs.spec.ts:37:1 › input DB commit resumes all A despite a cache quota fault and cold reauthentication (2.9s)
verify	Run BROWSER_ENGINES=all npm run test:e2e	2026-10-09T03:58:07.0553821Z   ✓  225 [webkit] › tests/e2e/rb09-inputs.spec.ts:39:1 › input TX failure leaves tool and workspace B intact and preserves visible input for retry (2.1s)
verify	Run BROWSER_ENGINES=all npm run test:e2e	2026-10-09T03:58:10.6020408Z   ✓  226 [webkit] › tests/e2e/rb09-inputs.spec.ts:41:1 › delayed complete archive and base commit preserve a later shared-screen navigation (3.5s)
verify	Run BROWSER_ENGINES=all npm run test:e2e	2026-10-09T03:58:13.3202126Z   ✓  227 [webkit] › tests/e2e/rb09-sharing.spec.ts:12:1 › approved fixed reference retains Unicode position, source return, comment version and cold cache without persisting Auth (2.7s)
verify	Run BROWSER_ENGINES=all npm run test:e2e	2026-10-09T03:58:15.0659424Z   ✓  228 [webkit] › tests/e2e/rb09-sharing.spec.ts:14:1 › revocation refuses a new snapshot and clears the cached displayed edition (1.7s)
verify	Run BROWSER_ENGINES=all npm run test:e2e	2026-10-09T03:58:17.3338836Z   ✓  229 [webkit] › tests/e2e/rb09-sharing.spec.ts:16:1 › a requested fixed snapshot opens after a delayed metadata listing instead of being dropped by the initial busy lock (2.2s)
verify	Run BROWSER_ENGINES=all npm run test:e2e	2026-10-09T03:58:22.5450486Z   ✓  230 [webkit] › tests/e2e/rb10-completion.spec.ts:12:1 › paged chapter tail keeps original move indices, selection and cold return position through a complete save (5.2s)
verify	Run BROWSER_ENGINES=all npm run test:e2e	2026-10-09T03:58:26.7286148Z   ✓  231 [webkit] › tests/e2e/rb10-completion.spec.ts:18:1 › paged branch and production searches reach tail items without creating all DOM records (4.2s)
verify	Run BROWSER_ENGINES=all npm run test:e2e	2026-10-09T03:58:30.8930414Z   ✓  232 [webkit] › tests/e2e/rb10-completion.spec.ts:21:1 › an actual failed atomic save retains input and exports only optional diagnostic metadata (4.2s)
verify	Run BROWSER_ENGINES=all npm run test:e2e	2026-10-09T03:58:35.9559285Z   ✓  233 [webkit] › tests/e2e/rb10-completion.spec.ts:24:1 › cancelling an in-flight command keeps the draft, revision, history and outbox until explicit retry (5.1s)
verify	Run BROWSER_ENGINES=all npm run test:e2e	2026-10-09T03:58:37.3733852Z   ✓  234 [webkit] › tests/e2e/rb10-completion.spec.ts:32:1 › a handled authentication failure records only optional identifiers and never exports credentials or the remote message (1.4s)
verify	Run BROWSER_ENGINES=all npm run test:e2e	2026-10-09T03:58:49.2697289Z   ✓  235 [webkit] › tests/e2e/rb10-completion.spec.ts:37:1 › AT-F29 normal author operation imports frozen shared quotation and task atomically, retains a failed preview, records both stages and reloads the old edition (11.9s)
verify	Run BROWSER_ENGINES=all npm run test:e2e	2026-10-09T03:58:52.6475456Z   ✓  236 [webkit] › tests/e2e/rb10-completion.spec.ts:51:1 › F29 public old-version deep link carries only public IDs and Unicode offsets without private identifiers (3.4s)
verify	Run BROWSER_ENGINES=all npm run test:e2e	2026-10-09T03:58:56.7207294Z   ✓  237 [webkit] › tests/e2e/rb10-completion.spec.ts:55:1 › F37 normal state editor shows enum meaning candidates while keeping an unknown initial value through a complete file and reload (4.1s)
verify	Run BROWSER_ENGINES=all npm run test:e2e	2026-10-09T03:59:09.0085453Z   ✓  238 [webkit] › tests/e2e/rb10-completion.spec.ts:59:1 › real native IndexedDB cancels a worker while a full import transaction contains parts, then explicitly retries and cold-loads every body (12.2s)
verify	Run BROWSER_ENGINES=all npm run test:e2e	2026-10-09T03:59:17.8173693Z   ✓  239 [webkit] › tests/e2e/rb10-graph.spec.ts:10:1 › graph movement keeps connected lines, device layout and live semantic edits consistent through cold reload (8.8s)
verify	Run BROWSER_ENGINES=all npm run test:e2e	2026-10-09T03:59:23.5847215Z   ✓  240 [webkit] › tests/e2e/reader-fallback.spec.ts:15:1 › 幅390pxの手動試読で候補がない場合の代替進行を確認・巻戻・記録再生できる (5.8s)
verify	Run BROWSER_ENGINES=all npm run test:e2e	2026-10-09T03:59:28.3450103Z   ✓  241 [webkit] › tests/e2e/review-runtime.spec.ts:21:1 › RV08 作品設定の未保存入力と不正暦入力を画面移動から再開し、設定を原子保存・再読込する (4.7s)
verify	Run BROWSER_ENGINES=all npm run test:e2e	2026-10-09T03:59:33.3684221Z   ✓  242 [webkit] › tests/e2e/review-runtime.spec.ts:39:1 › RV05/RV06 旧版の入口と固定リンクを通常画面で開き、経路保存・再読込・再実行する (5.0s)
verify	Run BROWSER_ENGINES=all npm run test:e2e	2026-10-09T03:59:38.8607167Z   ✓  243 [webkit] › tests/e2e/review-runtime.spec.ts:61:1 › RB05 相互排他を金額・物品と原子拒否し、二入口の台詞・経路を再読込して合流比較する (5.5s)
verify	Run BROWSER_ENGINES=all npm run test:e2e	2026-10-09T03:59:48.3129673Z   ✓  244 [webkit] › tests/e2e/structured-forms.spec.ts:38:1 › 別名の不正な子項目を削除・種類切替・任意項目解除で修正すると保存でき、切替取消は入力を保つ (9.4s)
verify	Run BROWSER_ENGINES=all npm run test:e2e	2026-10-09T03:59:56.0598798Z   ✓  245 [webkit] › tests/e2e/structured-forms.spec.ts:75:1 › 未完成の数値を未保存入力として再表示し、非表示でも保存を止め、修正と配列削除後の値を再読込する (7.7s)
verify	Run BROWSER_ENGINES=all npm run test:e2e	2026-10-09T04:00:02.9018237Z   ✓  246 [webkit] › tests/e2e/structured-forms.spec.ts:107:1 › 状態値の記録キーは状態変数から選択でき、不正な数値を含む記録項目を削除して保存する (6.8s)
verify	Run BROWSER_ENGINES=all npm run test:e2e	2026-10-09T04:00:08.8274969Z   ✓  247 [webkit] › tests/e2e/structured-forms.spec.ts:137:1 › 公開用の辞書の先頭キーをキーボードで変更しても位置・フォーカス・値を保ち、一時重複は復元後に修正できる (5.9s)
verify	Run BROWSER_ENGINES=all npm run test:e2e	2026-10-09T04:00:15.4295431Z   ✓  248 [webkit] › tests/e2e/structured-forms.spec.ts:174:1 › 固定版の人物と段落が現在版からなくても、別名と試読状態の通常フォームから無関係な変更を保存する (6.6s)
verify	Run BROWSER_ENGINES=all npm run test:e2e	2026-10-09T04:00:30.3555711Z   ✓  249 [webkit] › tests/e2e/templates.spec.ts:25:1 › AT-F02/F56 雛形の通常フォームを差分確認して適用し、非表示・型変更の取消・明示置換を再読込まで保持する (14.9s)
verify	Run BROWSER_ENGINES=all npm run test:e2e	2026-10-09T04:00:36.0719509Z   ✓  250 [webkit] › tests/e2e/templates.spec.ts:133:1 › 雛形の保存キーが一時的に重複しても各項目の初期値を保ち、再表示・改名・差分適用後も両方の値を保持する (5.7s)
verify	Run BROWSER_ENGINES=all npm run test:e2e	2026-10-09T04:00:45.7234693Z   ✓  251 [webkit] › tests/e2e/world-workspace.spec.ts:17:1 › 世界版の選択・借用参照・固定表示を通常画面で保存し、完全保存にも同じ版を保持する (9.6s)
verify	Run BROWSER_ENGINES=all npm run test:e2e	2026-10-09T04:00:54.8686404Z   ✓  252 [webkit] › tests/e2e/writing-workspace.spec.ts:32:1 › 作者別案の未保存入力を画面移動から保持し、版保存・再読込・完全保存へ接続する (9.1s)
verify	Run BROWSER_ENGINES=all npm run test:e2e	2026-10-09T04:00:58.8605118Z   ✓  253 [webkit] › tests/e2e/writing-workspace.spec.ts:95:1 › 章試読は固定版の本文を提示して開始状態と経路を通常保存する (4.0s)
verify	Run BROWSER_ENGINES=all npm run test:e2e	2026-10-09T04:01:03.9951811Z   ✓  254 [webkit] › tests/e2e/writing-workspace.spec.ts:117:1 › 参照値を変えた別案の採用を通常保存し、確認依頼と採用記録を再読込・完全保存する (5.1s)
verify	Run BROWSER_ENGINES=all npm run test:e2e	2026-10-09T04:01:08.0481652Z   ✓  255 [webkit] › tests/e2e/writing-workspace.spec.ts:149:1 › 章と場面の順序・所属・筋の変更を通常保存して再読込する (4.0s)
verify	Run BROWSER_ENGINES=all npm run test:e2e	2026-10-09T04:01:08.3237526Z 
verify	Run BROWSER_ENGINES=all npm run test:e2e	2026-10-09T04:01:08.3245169Z   255 passed (16.2m)
verify	Run RB03_ENGINES=chromium,firefox,webkit node tests/browser/run-rb03-components.mjs	﻿2026-10-09T04:01:08.8793482Z ##[group]Run RB03_ENGINES=chromium,firefox,webkit node tests/browser/run-rb03-components.mjs
verify	Run RB03_ENGINES=chromium,firefox,webkit node tests/browser/run-rb03-components.mjs	2026-10-09T04:01:08.8794215Z [36;1mRB03_ENGINES=chromium,firefox,webkit node tests/browser/run-rb03-components.mjs[0m
verify	Run RB03_ENGINES=chromium,firefox,webkit node tests/browser/run-rb03-components.mjs	2026-10-09T04:01:08.8856919Z shell: /usr/bin/bash -e {0}
verify	Run RB03_ENGINES=chromium,firefox,webkit node tests/browser/run-rb03-components.mjs	2026-10-09T04:01:08.8857198Z env:
verify	Run RB03_ENGINES=chromium,firefox,webkit node tests/browser/run-rb03-components.mjs	2026-10-09T04:01:08.8857568Z   CHROMIUM_PATH: /home/runner/.cache/ms-playwright/chromium-1243/chrome-linux64/chrome
verify	Run RB03_ENGINES=chromium,firefox,webkit node tests/browser/run-rb03-components.mjs	2026-10-09T04:01:08.8858000Z ##[endgroup]
verify	Run RB03_ENGINES=chromium,firefox,webkit node tests/browser/run-rb03-components.mjs	2026-10-09T04:01:17.8047733Z RB03 chromium: 5 component regression groups passed.
verify	Run RB03_ENGINES=chromium,firefox,webkit node tests/browser/run-rb03-components.mjs	2026-10-09T04:01:21.3042705Z RB03 chromium timeline smoke passed
verify	Run RB03_ENGINES=chromium,firefox,webkit node tests/browser/run-rb03-components.mjs	2026-10-09T04:01:25.4747299Z RB03 chromium world smoke passed
verify	Run RB03_ENGINES=chromium,firefox,webkit node tests/browser/run-rb03-components.mjs	2026-10-09T04:01:34.5080668Z RB03 firefox: 5 component regression groups passed.
verify	Run RB03_ENGINES=chromium,firefox,webkit node tests/browser/run-rb03-components.mjs	2026-10-09T04:01:40.2800517Z RB03 firefox timeline smoke passed
verify	Run RB03_ENGINES=chromium,firefox,webkit node tests/browser/run-rb03-components.mjs	2026-10-09T04:01:46.7185624Z RB03 firefox world smoke passed
verify	Run RB03_ENGINES=chromium,firefox,webkit node tests/browser/run-rb03-components.mjs	2026-10-09T04:01:55.8183118Z RB03 webkit: 5 component regression groups passed.
verify	Run RB03_ENGINES=chromium,firefox,webkit node tests/browser/run-rb03-components.mjs	2026-10-09T04:02:00.2909008Z RB03 webkit timeline smoke passed
verify	Run RB03_ENGINES=chromium,firefox,webkit node tests/browser/run-rb03-components.mjs	2026-10-09T04:02:05.1368627Z RB03 webkit world smoke passed
verify	Run for engine in chromium firefox webkit; do	﻿2026-10-09T04:02:05.2560743Z ##[group]Run for engine in chromium firefox webkit; do
verify	Run for engine in chromium firefox webkit; do	2026-10-09T04:02:05.2561194Z [36;1mfor engine in chromium firefox webkit; do[0m
verify	Run for engine in chromium firefox webkit; do	2026-10-09T04:02:05.2561761Z [36;1m  RB04_ENGINE="$engine" RB04_OUTPUT_DIR=test-results/rb04 node tests/browser/rb04-author-regressions.mjs[0m
verify	Run for engine in chromium firefox webkit; do	2026-10-09T04:02:05.2562291Z [36;1mdone[0m
verify	Run for engine in chromium firefox webkit; do	2026-10-09T04:02:05.2624697Z shell: /usr/bin/bash -e {0}
verify	Run for engine in chromium firefox webkit; do	2026-10-09T04:02:05.2624958Z env:
verify	Run for engine in chromium firefox webkit; do	2026-10-09T04:02:05.2625330Z   CHROMIUM_PATH: /home/runner/.cache/ms-playwright/chromium-1243/chrome-linux64/chrome
verify	Run for engine in chromium firefox webkit; do	2026-10-09T04:02:05.2625791Z ##[endgroup]
verify	Run for engine in chromium firefox webkit; do	2026-10-09T04:02:12.6115985Z {"engine":"chromium","checksPassed":12,"output":"/home/runner/work/shinariokanri/shinariokanri/test-results/rb04/rb04-author-regressions-chromium-yEq3x8"}
verify	Run for engine in chromium firefox webkit; do	2026-10-09T04:02:21.5420688Z {"engine":"firefox","checksPassed":12,"output":"/home/runner/work/shinariokanri/shinariokanri/test-results/rb04/rb04-author-regressions-firefox-sYrPCi"}
verify	Run for engine in chromium firefox webkit; do	2026-10-09T04:02:28.7529085Z {"engine":"webkit","checksPassed":12,"output":"/home/runner/work/shinariokanri/shinariokanri/test-results/rb04/rb04-author-regressions-webkit-98Y2lG"}
verify	Run npx playwright test -c tests/rb04/playwright.config.ts --project=chromium --output=test-results/rb04-writing-chromium	﻿2026-10-09T04:02:28.8021969Z ##[group]Run npx playwright test -c tests/rb04/playwright.config.ts --project=chromium --output=test-results/rb04-writing-chromium
verify	Run npx playwright test -c tests/rb04/playwright.config.ts --project=chromium --output=test-results/rb04-writing-chromium	2026-10-09T04:02:28.8023302Z [36;1mnpx playwright test -c tests/rb04/playwright.config.ts --project=chromium --output=test-results/rb04-writing-chromium[0m
verify	Run npx playwright test -c tests/rb04/playwright.config.ts --project=chromium --output=test-results/rb04-writing-chromium	2026-10-09T04:02:28.8085381Z shell: /usr/bin/bash -e {0}
verify	Run npx playwright test -c tests/rb04/playwright.config.ts --project=chromium --output=test-results/rb04-writing-chromium	2026-10-09T04:02:28.8085640Z env:
verify	Run npx playwright test -c tests/rb04/playwright.config.ts --project=chromium --output=test-results/rb04-writing-chromium	2026-10-09T04:02:28.8086020Z   CHROMIUM_PATH: /home/runner/.cache/ms-playwright/chromium-1243/chrome-linux64/chrome
verify	Run npx playwright test -c tests/rb04/playwright.config.ts --project=chromium --output=test-results/rb04-writing-chromium	2026-10-09T04:02:28.8086472Z ##[endgroup]
verify	Run npx playwright test -c tests/rb04/playwright.config.ts --project=chromium --output=test-results/rb04-writing-chromium	2026-10-09T04:02:30.2361218Z 
verify	Run npx playwright test -c tests/rb04/playwright.config.ts --project=chromium --output=test-results/rb04-writing-chromium	2026-10-09T04:02:30.2362374Z Running 4 tests using 1 worker
verify	Run npx playwright test -c tests/rb04/playwright.config.ts --project=chromium --output=test-results/rb04-writing-chromium	2026-10-09T04:02:30.2363389Z 
verify	Run npx playwright test -c tests/rb04/playwright.config.ts --project=chromium --output=test-results/rb04-writing-chromium	2026-10-09T04:02:33.2449100Z   ✓  1 [chromium] › tests/rb04/workspace.spec.ts:38:1 › 章・筋・人物の見せ方が共有scene IDを保ち、回想順を世界時点と分離する (2.1s)
verify	Run npx playwright test -c tests/rb04/playwright.config.ts --project=chromium --output=test-results/rb04-writing-chromium	2026-10-09T04:02:35.0749719Z   ✓  2 [chromium] › tests/rb04/workspace.spec.ts:83:1 › 通読は章を絞り、選んだ経路を編集して再訪し実際の提示だけ記録する (1.8s)
verify	Run npx playwright test -c tests/rb04/playwright.config.ts --project=chromium --output=test-results/rb04-writing-chromium	2026-10-09T04:02:37.8258761Z   ✓  3 [chromium] › tests/rb04/workspace.spec.ts:141:1 › 別案の作成・編集・版戻し・採用・取消は正本と公開snapshotを分けて保つ (2.7s)
verify	Run npx playwright test -c tests/rb04/playwright.config.ts --project=chromium --output=test-results/rb04-writing-chromium	2026-10-09T04:02:39.7616844Z   ✓  4 [chromium] › tests/rb04/workspace.spec.ts:197:1 › 構成プレビューは取消では本文順を変えず、適用後の別案版だけに順序を保存する (1.9s)
verify	Run npx playwright test -c tests/rb04/playwright.config.ts --project=chromium --output=test-results/rb04-writing-chromium	2026-10-09T04:02:39.8913368Z 
verify	Run npx playwright test -c tests/rb04/playwright.config.ts --project=chromium --output=test-results/rb04-writing-chromium	2026-10-09T04:02:39.8918071Z   4 passed (10.3s)
verify	Run npx playwright test -c tests/rb04/playwright.config.ts --project=webkit --output=test-results/rb04-writing-webkit	﻿2026-10-09T04:02:39.9238415Z ##[group]Run npx playwright test -c tests/rb04/playwright.config.ts --project=webkit --output=test-results/rb04-writing-webkit
verify	Run npx playwright test -c tests/rb04/playwright.config.ts --project=webkit --output=test-results/rb04-writing-webkit	2026-10-09T04:02:39.9240085Z [36;1mnpx playwright test -c tests/rb04/playwright.config.ts --project=webkit --output=test-results/rb04-writing-webkit[0m
verify	Run npx playwright test -c tests/rb04/playwright.config.ts --project=webkit --output=test-results/rb04-writing-webkit	2026-10-09T04:02:39.9308469Z shell: /usr/bin/bash -e {0}
verify	Run npx playwright test -c tests/rb04/playwright.config.ts --project=webkit --output=test-results/rb04-writing-webkit	2026-10-09T04:02:39.9308731Z env:
verify	Run npx playwright test -c tests/rb04/playwright.config.ts --project=webkit --output=test-results/rb04-writing-webkit	2026-10-09T04:02:39.9309099Z   CHROMIUM_PATH: /home/runner/.cache/ms-playwright/chromium-1243/chrome-linux64/chrome
verify	Run npx playwright test -c tests/rb04/playwright.config.ts --project=webkit --output=test-results/rb04-writing-webkit	2026-10-09T04:02:39.9309530Z ##[endgroup]
verify	Run npx playwright test -c tests/rb04/playwright.config.ts --project=webkit --output=test-results/rb04-writing-webkit	2026-10-09T04:02:41.1847814Z 
verify	Run npx playwright test -c tests/rb04/playwright.config.ts --project=webkit --output=test-results/rb04-writing-webkit	2026-10-09T04:02:41.1848874Z Running 4 tests using 1 worker
verify	Run npx playwright test -c tests/rb04/playwright.config.ts --project=webkit --output=test-results/rb04-writing-webkit	2026-10-09T04:02:41.1849841Z 
verify	Run npx playwright test -c tests/rb04/playwright.config.ts --project=webkit --output=test-results/rb04-writing-webkit	2026-10-09T04:02:44.0441797Z   ✓  1 [webkit] › tests/rb04/workspace.spec.ts:38:1 › 章・筋・人物の見せ方が共有scene IDを保ち、回想順を世界時点と分離する (2.2s)
verify	Run npx playwright test -c tests/rb04/playwright.config.ts --project=webkit --output=test-results/rb04-writing-webkit	2026-10-09T04:02:46.2315821Z   ✓  2 [webkit] › tests/rb04/workspace.spec.ts:83:1 › 通読は章を絞り、選んだ経路を編集して再訪し実際の提示だけ記録する (2.2s)
verify	Run npx playwright test -c tests/rb04/playwright.config.ts --project=webkit --output=test-results/rb04-writing-webkit	2026-10-09T04:02:49.3678924Z   ✓  3 [webkit] › tests/rb04/workspace.spec.ts:141:1 › 別案の作成・編集・版戻し・採用・取消は正本と公開snapshotを分けて保つ (3.1s)
verify	Run npx playwright test -c tests/rb04/playwright.config.ts --project=webkit --output=test-results/rb04-writing-webkit	2026-10-09T04:02:51.5280789Z   ✓  4 [webkit] › tests/rb04/workspace.spec.ts:197:1 › 構成プレビューは取消では本文順を変えず、適用後の別案版だけに順序を保存する (2.1s)
verify	Run npx playwright test -c tests/rb04/playwright.config.ts --project=webkit --output=test-results/rb04-writing-webkit	2026-10-09T04:02:51.6379697Z 
verify	Run npx playwright test -c tests/rb04/playwright.config.ts --project=webkit --output=test-results/rb04-writing-webkit	2026-10-09T04:02:51.6384953Z   4 passed (11.0s)
verify	Run actions/upload-artifact@v4	﻿2026-10-09T04:02:51.6695376Z ##[group]Run actions/upload-artifact@v4
verify	Run actions/upload-artifact@v4	2026-10-09T04:02:51.6695706Z with:
verify	Run actions/upload-artifact@v4	2026-10-09T04:02:51.6695908Z   name: browser-evidence
verify	Run actions/upload-artifact@v4	2026-10-09T04:02:51.6696171Z   path: playwright-report/
verify	Run actions/upload-artifact@v4	test-results/
verify	Run actions/upload-artifact@v4	
verify	Run actions/upload-artifact@v4	2026-10-09T04:02:51.6696468Z   if-no-files-found: warn
verify	Run actions/upload-artifact@v4	2026-10-09T04:02:51.6696709Z   compression-level: 6
verify	Run actions/upload-artifact@v4	2026-10-09T04:02:51.6696924Z   overwrite: false
verify	Run actions/upload-artifact@v4	2026-10-09T04:02:51.6697140Z   include-hidden-files: false
verify	Run actions/upload-artifact@v4	2026-10-09T04:02:51.6697371Z env:
verify	Run actions/upload-artifact@v4	2026-10-09T04:02:51.6697715Z   CHROMIUM_PATH: /home/runner/.cache/ms-playwright/chromium-1243/chrome-linux64/chrome
verify	Run actions/upload-artifact@v4	2026-10-09T04:02:51.6698147Z ##[endgroup]
verify	Run actions/upload-artifact@v4	2026-10-09T04:02:51.8330503Z (node:22760) [DEP0040] DeprecationWarning: The `punycode` module is deprecated. Please use a userland alternative instead.
verify	Run actions/upload-artifact@v4	2026-10-09T04:02:51.8331950Z (Use `node --trace-deprecation ...` to show where the warning was created)
verify	Run actions/upload-artifact@v4	2026-10-09T04:02:51.8495255Z Multiple search paths detected. Calculating the least common ancestor of all paths
verify	Run actions/upload-artifact@v4	2026-10-09T04:02:51.8498212Z The least common ancestor is /home/runner/work/shinariokanri/shinariokanri. This will be the root directory of the artifact
verify	Run actions/upload-artifact@v4	2026-10-09T04:02:51.8499573Z With the provided path, there will be 43 files uploaded
verify	Run actions/upload-artifact@v4	2026-10-09T04:02:51.8503159Z Artifact name is valid!
verify	Run actions/upload-artifact@v4	2026-10-09T04:02:51.8504259Z Root directory input is valid!
verify	Run actions/upload-artifact@v4	2026-10-09T04:02:52.0521797Z Beginning upload of artifact content to blob storage
verify	Run actions/upload-artifact@v4	2026-10-09T04:02:52.2558547Z (node:22760) [DEP0169] DeprecationWarning: `url.parse()` behavior is not standardized and prone to errors that have security implications. Use the WHATWG URL API instead. CVEs are not issued for `url.parse()` vulnerabilities.
verify	Run actions/upload-artifact@v4	2026-10-09T04:02:52.4185384Z Uploaded bytes 3846508
verify	Run actions/upload-artifact@v4	2026-10-09T04:02:52.4368442Z Finished uploading artifact content to blob storage!
verify	Run actions/upload-artifact@v4	2026-10-09T04:02:52.4370203Z SHA256 digest of uploaded artifact zip is 5f7867ec32fc571147180df08a3d130b65fce55f95a38e4a1d5a096e95332e47
verify	Run actions/upload-artifact@v4	2026-10-09T04:02:52.4371409Z Finalizing artifact upload
verify	Run actions/upload-artifact@v4	2026-10-09T04:02:52.6462518Z Artifact browser-evidence.zip successfully finalized. Artifact ID 11594877420
verify	Run actions/upload-artifact@v4	2026-10-09T04:02:52.6464248Z Artifact browser-evidence has been successfully uploaded! Final size is 3846508 bytes. Artifact ID is 11594877420
verify	Run actions/upload-artifact@v4	2026-10-09T04:02:52.6470772Z Artifact download URL: https://github.com/chameleonjp-lab/shinariokanri/actions/runs/37880375499/artifacts/11594877420
verify	Post Run actions/setup-node@v4	﻿2026-10-09T04:02:52.6651727Z Post job cleanup.
verify	Post Run actions/setup-node@v4	2026-10-09T04:02:52.7858340Z (node:22772) [DEP0040] DeprecationWarning: The `punycode` module is deprecated. Please use a userland alternative instead.
verify	Post Run actions/setup-node@v4	2026-10-09T04:02:52.7859911Z (Use `node --trace-deprecation ...` to show where the warning was created)
verify	Post Run actions/setup-node@v4	2026-10-09T04:02:52.7862683Z Cache hit occurred on the primary key node-cache-Linux-x64-npm-6d82bbc41af669d666d011c5fca070c497082ca77603293ec8c70d28ba98cc31, not saving cache.
verify	Post Run actions/checkout@v4	﻿2026-10-09T04:02:52.8010773Z Post job cleanup.
verify	Post Run actions/checkout@v4	2026-10-09T04:02:52.8866198Z [command]/usr/bin/git version
verify	Post Run actions/checkout@v4	2026-10-09T04:02:52.8911771Z git version 2.55.0
verify	Post Run actions/checkout@v4	2026-10-09T04:02:52.8954300Z Temporarily overriding HOME='/home/runner/work/_temp/d76fba5c-b47e-43eb-bfc9-145ef4846050' before making global git config changes
verify	Post Run actions/checkout@v4	2026-10-09T04:02:52.8956184Z Adding repository directory to the temporary git global config as a safe directory
verify	Post Run actions/checkout@v4	2026-10-09T04:02:52.8957797Z [command]/usr/bin/git config --global --add safe.directory /home/runner/work/shinariokanri/shinariokanri
verify	Post Run actions/checkout@v4	2026-10-09T04:02:52.8996427Z [command]/usr/bin/git config --local --name-only --get-regexp core\.sshCommand
verify	Post Run actions/checkout@v4	2026-10-09T04:02:52.9031931Z [command]/usr/bin/git submodule foreach --recursive sh -c "git config --local --name-only --get-regexp 'core\.sshCommand' && git config --local --unset-all 'core.sshCommand' || :"
verify	Post Run actions/checkout@v4	2026-10-09T04:02:52.9300178Z [command]/usr/bin/git config --local --name-only --get-regexp http\.https\:\/\/github\.com\/\.extraheader
verify	Post Run actions/checkout@v4	2026-10-09T04:02:52.9326270Z http.https://github.com/.extraheader
verify	Post Run actions/checkout@v4	2026-10-09T04:02:52.9338784Z [command]/usr/bin/git config --local --unset-all http.https://github.com/.extraheader
verify	Post Run actions/checkout@v4	2026-10-09T04:02:52.9378715Z [command]/usr/bin/git submodule foreach --recursive sh -c "git config --local --name-only --get-regexp 'http\.https\:\/\/github\.com\/\.extraheader' && git config --local --unset-all 'http.https://github.com/.extraheader' || :"
verify	Post Run actions/checkout@v4	2026-10-09T04:02:52.9662444Z [command]/usr/bin/git config --local --name-only --get-regexp ^includeIf\.gitdir:
verify	Post Run actions/checkout@v4	2026-10-09T04:02:52.9704640Z [command]/usr/bin/git submodule foreach --recursive git config --local --show-origin --name-only --get-regexp remote.origin.url
verify	Complete job	﻿2026-10-09T04:02:53.0127960Z Cleaning up orphan processes
verify	Complete job	2026-10-09T04:02:53.0607292Z ##[warning]Node.js 20 is deprecated. The following actions target Node.js 20 but are being forced to run on Node.js 24: actions/checkout@v4, actions/setup-node@v4, actions/upload-artifact@v4. For more information see: https://github.blog/changelog/2025-09-19-deprecation-of-node-20-on-github-actions-runners/
