verify	Set up job	﻿2026-10-09T06:23:29.4529864Z Current runner version: '2.337.0'
verify	Set up job	2026-10-09T06:23:29.4557375Z ##[group]Runner Image Provisioner
verify	Set up job	2026-10-09T06:23:29.4558272Z Hosted Compute Agent
verify	Set up job	2026-10-09T06:23:29.4558925Z Version: 20261002.596
verify	Set up job	2026-10-09T06:23:29.4559586Z Commit: c3d12f3313a95f25162a1503be624f3b0617f8c0
verify	Set up job	2026-10-09T06:23:29.4560347Z Build Date: 2026-10-02T22:28:27Z
verify	Set up job	2026-10-09T06:23:29.4561094Z Worker ID: {9313cd6b-968a-4452-8452-0061f4b6e8cd}
verify	Set up job	2026-10-09T06:23:29.4561803Z Region: eastus
verify	Set up job	2026-10-09T06:23:29.4562419Z Cloud: Azure
verify	Set up job	2026-10-09T06:23:29.4562965Z ##[endgroup]
verify	Set up job	2026-10-09T06:23:29.4564680Z ##[group]Operating System
verify	Set up job	2026-10-09T06:23:29.4565458Z Ubuntu
verify	Set up job	2026-10-09T06:23:29.4565993Z 24.04.5
verify	Set up job	2026-10-09T06:23:29.4566502Z LTS
verify	Set up job	2026-10-09T06:23:29.4567128Z ##[endgroup]
verify	Set up job	2026-10-09T06:23:29.4567729Z ##[group]Runner Image
verify	Set up job	2026-10-09T06:23:29.4568370Z Image: ubuntu-24.04
verify	Set up job	2026-10-09T06:23:29.4568953Z Version: 20261004.327.1
verify	Set up job	2026-10-09T06:23:29.4570123Z Included Software: https://github.com/actions/runner-images/blob/ubuntu24/20261004.327/images/ubuntu/Ubuntu2404-Readme.md
verify	Set up job	2026-10-09T06:23:29.4571886Z Image Release: https://github.com/actions/runner-images/releases/tag/ubuntu24%2F20261004.327
verify	Set up job	2026-10-09T06:23:29.4572913Z ##[endgroup]
verify	Set up job	2026-10-09T06:23:29.4574545Z ##[group]GITHUB_TOKEN Permissions
verify	Set up job	2026-10-09T06:23:29.4576564Z Contents: read
verify	Set up job	2026-10-09T06:23:29.4577271Z Metadata: read
verify	Set up job	2026-10-09T06:23:29.4577930Z ##[endgroup]
verify	Set up job	2026-10-09T06:23:29.4580075Z Secret source: Actions
verify	Set up job	2026-10-09T06:23:29.4581121Z Cache mode: write
verify	Set up job	2026-10-09T06:23:29.4581853Z Prepare workflow directory
verify	Set up job	2026-10-09T06:23:29.4910906Z Prepare all required actions
verify	Set up job	2026-10-09T06:23:29.4958855Z Getting action download info
verify	Set up job	2026-10-09T06:23:29.7133775Z Download action repository 'actions/checkout@v4' (SHA:11d5960a326750d5838078e36cf38b85af677262)
verify	Set up job	2026-10-09T06:23:29.8077731Z Download action repository 'actions/setup-node@v4' (SHA:49933ea5288caeca8642d1e84afbd3f7d6820020)
verify	Set up job	2026-10-09T06:23:29.8955048Z Download action repository 'actions/upload-artifact@v4' (SHA:ea165f8d65b6e75b540449e92b4886f43607fa02)
verify	Set up job	2026-10-09T06:23:30.1086954Z Complete job name: verify
verify	Run actions/checkout@v4	﻿2026-10-09T06:23:30.1914586Z ##[group]Run actions/checkout@v4
verify	Run actions/checkout@v4	2026-10-09T06:23:30.1915911Z with:
verify	Run actions/checkout@v4	2026-10-09T06:23:30.1916449Z   repository: chameleonjp-lab/shinariokanri
verify	Run actions/checkout@v4	2026-10-09T06:23:30.1920433Z   token: ***
verify	Run actions/checkout@v4	2026-10-09T06:23:30.1920877Z   ssh-strict: true
verify	Run actions/checkout@v4	2026-10-09T06:23:30.1921316Z   ssh-user: git
verify	Run actions/checkout@v4	2026-10-09T06:23:30.1921757Z   persist-credentials: true
verify	Run actions/checkout@v4	2026-10-09T06:23:30.1922238Z   clean: true
verify	Run actions/checkout@v4	2026-10-09T06:23:30.1922677Z   sparse-checkout-cone-mode: true
verify	Run actions/checkout@v4	2026-10-09T06:23:30.1923188Z   fetch-depth: 1
verify	Run actions/checkout@v4	2026-10-09T06:23:30.1923832Z   fetch-tags: false
verify	Run actions/checkout@v4	2026-10-09T06:23:30.1924366Z   show-progress: true
verify	Run actions/checkout@v4	2026-10-09T06:23:30.1925109Z   lfs: false
verify	Run actions/checkout@v4	2026-10-09T06:23:30.1925780Z   submodules: false
verify	Run actions/checkout@v4	2026-10-09T06:23:30.1926228Z   set-safe-directory: true
verify	Run actions/checkout@v4	2026-10-09T06:23:30.1926725Z   allow-unsafe-pr-checkout: false
verify	Run actions/checkout@v4	2026-10-09T06:23:30.1927670Z ##[endgroup]
verify	Run actions/checkout@v4	2026-10-09T06:23:30.3003126Z Syncing repository: chameleonjp-lab/shinariokanri
verify	Run actions/checkout@v4	2026-10-09T06:23:30.3006627Z ##[group]Getting Git version info
verify	Run actions/checkout@v4	2026-10-09T06:23:30.3008048Z Working directory is '/home/runner/work/shinariokanri/shinariokanri'
verify	Run actions/checkout@v4	2026-10-09T06:23:30.3009304Z [command]/usr/bin/git version
verify	Run actions/checkout@v4	2026-10-09T06:23:30.3116603Z git version 2.55.0
verify	Run actions/checkout@v4	2026-10-09T06:23:30.3141836Z ##[endgroup]
verify	Run actions/checkout@v4	2026-10-09T06:23:30.3158715Z Temporarily overriding HOME='/home/runner/work/_temp/f97cb73f-0e36-4aec-9b71-ebf199f94ff7' before making global git config changes
verify	Run actions/checkout@v4	2026-10-09T06:23:30.3161626Z Adding repository directory to the temporary git global config as a safe directory
verify	Run actions/checkout@v4	2026-10-09T06:23:30.3165813Z [command]/usr/bin/git config --global --add safe.directory /home/runner/work/shinariokanri/shinariokanri
verify	Run actions/checkout@v4	2026-10-09T06:23:30.3234877Z Deleting the contents of '/home/runner/work/shinariokanri/shinariokanri'
verify	Run actions/checkout@v4	2026-10-09T06:23:30.3237015Z ##[group]Initializing the repository
verify	Run actions/checkout@v4	2026-10-09T06:23:30.3238671Z [command]/usr/bin/git init /home/runner/work/shinariokanri/shinariokanri
verify	Run actions/checkout@v4	2026-10-09T06:23:30.3363411Z hint: Using 'master' as the name for the initial branch. This default branch name
verify	Run actions/checkout@v4	2026-10-09T06:23:30.3365431Z hint: will change to "main" in Git 3.0. To configure the initial branch name
verify	Run actions/checkout@v4	2026-10-09T06:23:30.3366458Z hint: to use in all of your new repositories, which will suppress this warning,
verify	Run actions/checkout@v4	2026-10-09T06:23:30.3367793Z hint: call:
verify	Run actions/checkout@v4	2026-10-09T06:23:30.3368608Z hint:
verify	Run actions/checkout@v4	2026-10-09T06:23:30.3369561Z hint: 	git config --global init.defaultBranch <name>
verify	Run actions/checkout@v4	2026-10-09T06:23:30.3370718Z hint:
verify	Run actions/checkout@v4	2026-10-09T06:23:30.3371897Z hint: Names commonly chosen instead of 'master' are 'main', 'trunk' and
verify	Run actions/checkout@v4	2026-10-09T06:23:30.3373881Z hint: 'development'. The just-created branch can be renamed via this command:
verify	Run actions/checkout@v4	2026-10-09T06:23:30.3375280Z hint:
verify	Run actions/checkout@v4	2026-10-09T06:23:30.3376057Z hint: 	git branch -m <name>
verify	Run actions/checkout@v4	2026-10-09T06:23:30.3376880Z hint:
verify	Run actions/checkout@v4	2026-10-09T06:23:30.3377961Z hint: Disable this message with "git config set advice.defaultBranchName false"
verify	Run actions/checkout@v4	2026-10-09T06:23:30.3379869Z Initialized empty Git repository in /home/runner/work/shinariokanri/shinariokanri/.git/
verify	Run actions/checkout@v4	2026-10-09T06:23:30.3383725Z [command]/usr/bin/git remote add origin https://github.com/chameleonjp-lab/shinariokanri
verify	Run actions/checkout@v4	2026-10-09T06:23:30.3488797Z ##[endgroup]
verify	Run actions/checkout@v4	2026-10-09T06:23:30.3490159Z ##[group]Disabling automatic garbage collection
verify	Run actions/checkout@v4	2026-10-09T06:23:30.3492469Z [command]/usr/bin/git config --local gc.auto 0
verify	Run actions/checkout@v4	2026-10-09T06:23:30.3529647Z ##[endgroup]
verify	Run actions/checkout@v4	2026-10-09T06:23:30.3530938Z ##[group]Setting up auth
verify	Run actions/checkout@v4	2026-10-09T06:23:30.3537837Z [command]/usr/bin/git config --local --name-only --get-regexp core\.sshCommand
verify	Run actions/checkout@v4	2026-10-09T06:23:30.3578312Z [command]/usr/bin/git submodule foreach --recursive sh -c "git config --local --name-only --get-regexp 'core\.sshCommand' && git config --local --unset-all 'core.sshCommand' || :"
verify	Run actions/checkout@v4	2026-10-09T06:23:30.3996160Z [command]/usr/bin/git config --local --name-only --get-regexp http\.https\:\/\/github\.com\/\.extraheader
verify	Run actions/checkout@v4	2026-10-09T06:23:30.4033028Z [command]/usr/bin/git submodule foreach --recursive sh -c "git config --local --name-only --get-regexp 'http\.https\:\/\/github\.com\/\.extraheader' && git config --local --unset-all 'http.https://github.com/.extraheader' || :"
verify	Run actions/checkout@v4	2026-10-09T06:23:30.4273078Z [command]/usr/bin/git config --local --name-only --get-regexp ^includeIf\.gitdir:
verify	Run actions/checkout@v4	2026-10-09T06:23:30.4312688Z [command]/usr/bin/git submodule foreach --recursive git config --local --show-origin --name-only --get-regexp remote.origin.url
verify	Run actions/checkout@v4	2026-10-09T06:23:30.4570054Z [command]/usr/bin/git config --local http.https://github.com/.extraheader AUTHORIZATION: basic ***
verify	Run actions/checkout@v4	2026-10-09T06:23:30.4619318Z ##[endgroup]
verify	Run actions/checkout@v4	2026-10-09T06:23:30.4620153Z ##[group]Fetching the repository
verify	Run actions/checkout@v4	2026-10-09T06:23:30.4636064Z [command]/usr/bin/git -c protocol.version=2 fetch --no-tags --prune --no-recurse-submodules --depth=1 origin +ad793afff041dc52ba5f2d0dfd5e2593b13437d9:refs/remotes/pull/20/merge
verify	Run actions/checkout@v4	2026-10-09T06:23:32.3826367Z From https://github.com/chameleonjp-lab/shinariokanri
verify	Run actions/checkout@v4	2026-10-09T06:23:32.3828672Z  * [new ref]         ad793afff041dc52ba5f2d0dfd5e2593b13437d9 -> pull/20/merge
verify	Run actions/checkout@v4	2026-10-09T06:23:32.3832562Z ##[endgroup]
verify	Run actions/checkout@v4	2026-10-09T06:23:32.3834703Z ##[group]Determining the checkout info
verify	Run actions/checkout@v4	2026-10-09T06:23:32.3836692Z ##[endgroup]
verify	Run actions/checkout@v4	2026-10-09T06:23:32.3842484Z [command]/usr/bin/git sparse-checkout disable
verify	Run actions/checkout@v4	2026-10-09T06:23:32.3898512Z [command]/usr/bin/git config --local --unset-all extensions.worktreeConfig
verify	Run actions/checkout@v4	2026-10-09T06:23:32.3932896Z ##[group]Checking out the ref
verify	Run actions/checkout@v4	2026-10-09T06:23:32.3936472Z [command]/usr/bin/git checkout --progress --force refs/remotes/pull/20/merge
verify	Run actions/checkout@v4	2026-10-09T06:23:33.4100486Z Updating files:  90% (8373/9273)
verify	Run actions/checkout@v4	2026-10-09T06:23:33.4155780Z Updating files:  91% (8439/9273)
verify	Run actions/checkout@v4	2026-10-09T06:23:33.4201758Z Updating files:  92% (8532/9273)
verify	Run actions/checkout@v4	2026-10-09T06:23:33.4251337Z Updating files:  93% (8624/9273)
verify	Run actions/checkout@v4	2026-10-09T06:23:33.4304040Z Updating files:  94% (8717/9273)
verify	Run actions/checkout@v4	2026-10-09T06:23:33.4372418Z Updating files:  95% (8810/9273)
verify	Run actions/checkout@v4	2026-10-09T06:23:33.4464457Z Updating files:  96% (8903/9273)
verify	Run actions/checkout@v4	2026-10-09T06:23:33.4533268Z Updating files:  97% (8995/9273)
verify	Run actions/checkout@v4	2026-10-09T06:23:33.4604875Z Updating files:  98% (9088/9273)
verify	Run actions/checkout@v4	2026-10-09T06:23:33.4667589Z Updating files:  99% (9181/9273)
verify	Run actions/checkout@v4	2026-10-09T06:23:33.4669196Z Updating files: 100% (9273/9273)
verify	Run actions/checkout@v4	2026-10-09T06:23:33.4670344Z Updating files: 100% (9273/9273), done.
verify	Run actions/checkout@v4	2026-10-09T06:23:33.4772153Z Note: switching to 'refs/remotes/pull/20/merge'.
verify	Run actions/checkout@v4	2026-10-09T06:23:33.4773003Z 
verify	Run actions/checkout@v4	2026-10-09T06:23:33.4774085Z You are in 'detached HEAD' state. You can look around, make experimental
verify	Run actions/checkout@v4	2026-10-09T06:23:33.4775938Z changes and commit them, and you can discard any commits you make in this
verify	Run actions/checkout@v4	2026-10-09T06:23:33.4777614Z state without impacting any branches by switching back to a branch.
verify	Run actions/checkout@v4	2026-10-09T06:23:33.4778624Z 
verify	Run actions/checkout@v4	2026-10-09T06:23:33.4779312Z If you want to create a new branch to retain commits you create, you may
verify	Run actions/checkout@v4	2026-10-09T06:23:33.4780983Z do so (now or later) by using -c with the switch command. Example:
verify	Run actions/checkout@v4	2026-10-09T06:23:33.4781973Z 
verify	Run actions/checkout@v4	2026-10-09T06:23:33.4782398Z   git switch -c <new-branch-name>
verify	Run actions/checkout@v4	2026-10-09T06:23:33.4783030Z 
verify	Run actions/checkout@v4	2026-10-09T06:23:33.4783414Z Or undo this operation with:
verify	Run actions/checkout@v4	2026-10-09T06:23:33.4784270Z 
verify	Run actions/checkout@v4	2026-10-09T06:23:33.4784622Z   git switch -
verify	Run actions/checkout@v4	2026-10-09T06:23:33.4785196Z 
verify	Run actions/checkout@v4	2026-10-09T06:23:33.4786111Z Turn off this advice by setting config variable advice.detachedHead to false
verify	Run actions/checkout@v4	2026-10-09T06:23:33.4787332Z 
verify	Run actions/checkout@v4	2026-10-09T06:23:33.4788723Z HEAD is now at ad793af Merge eab9812adfb7eb7e19d7d7c2add2e371ab51b6cb into ff69ac1304554b4ccd5705e6e23ab280abbfcf63
verify	Run actions/checkout@v4	2026-10-09T06:23:33.4867039Z ##[endgroup]
verify	Run actions/checkout@v4	2026-10-09T06:23:33.4915996Z [command]/usr/bin/git log -1 --format=%H
verify	Run actions/checkout@v4	2026-10-09T06:23:33.4945513Z ad793afff041dc52ba5f2d0dfd5e2593b13437d9
verify	Run actions/setup-node@v4	﻿2026-10-09T06:23:33.5354762Z ##[group]Run actions/setup-node@v4
verify	Run actions/setup-node@v4	2026-10-09T06:23:33.5356061Z with:
verify	Run actions/setup-node@v4	2026-10-09T06:23:33.5356929Z   node-version: 24
verify	Run actions/setup-node@v4	2026-10-09T06:23:33.5357866Z   cache: npm
verify	Run actions/setup-node@v4	2026-10-09T06:23:33.5358768Z   always-auth: false
verify	Run actions/setup-node@v4	2026-10-09T06:23:33.5359750Z   check-latest: false
verify	Run actions/setup-node@v4	2026-10-09T06:23:33.5370467Z   token: ***
verify	Run actions/setup-node@v4	2026-10-09T06:23:33.5371385Z ##[endgroup]
verify	Run actions/setup-node@v4	2026-10-09T06:23:33.6885727Z Found in cache @ /opt/hostedtoolcache/node/24.21.0/x64
verify	Run actions/setup-node@v4	2026-10-09T06:23:33.6891326Z (node:2372) [DEP0040] DeprecationWarning: The `punycode` module is deprecated. Please use a userland alternative instead.
verify	Run actions/setup-node@v4	2026-10-09T06:23:33.6896452Z (Use `node --trace-deprecation ...` to show where the warning was created)
verify	Run actions/setup-node@v4	2026-10-09T06:23:33.6900541Z ##[group]Environment details
verify	Run actions/setup-node@v4	2026-10-09T06:23:34.1169265Z node: v24.21.0
verify	Run actions/setup-node@v4	2026-10-09T06:23:34.1170563Z npm: 11.19.0
verify	Run actions/setup-node@v4	2026-10-09T06:23:34.1171272Z yarn: 1.22.22
verify	Run actions/setup-node@v4	2026-10-09T06:23:34.1172482Z ##[endgroup]
verify	Run actions/setup-node@v4	2026-10-09T06:23:34.1190042Z [command]/opt/hostedtoolcache/node/24.21.0/x64/bin/npm config get cache
verify	Run actions/setup-node@v4	2026-10-09T06:23:34.2354792Z /home/runner/.npm
verify	Run actions/setup-node@v4	2026-10-09T06:23:34.3238255Z Cache hit for: node-cache-Linux-x64-npm-6d82bbc41af669d666d011c5fca070c497082ca77603293ec8c70d28ba98cc31
verify	Run actions/setup-node@v4	2026-10-09T06:23:34.3397457Z (node:2372) [DEP0169] DeprecationWarning: `url.parse()` behavior is not standardized and prone to errors that have security implications. Use the WHATWG URL API instead. CVEs are not issued for `url.parse()` vulnerabilities.
verify	Run actions/setup-node@v4	2026-10-09T06:23:34.6912726Z Received 44135652 of 44135652 (100.0%), 137.6 MBs/sec
verify	Run actions/setup-node@v4	2026-10-09T06:23:34.6914093Z Cache Size: ~42 MB (44135652 B)
verify	Run actions/setup-node@v4	2026-10-09T06:23:34.6941410Z [command]/usr/bin/tar -xf /home/runner/work/_temp/a5bcd683-070d-4449-84bc-f2224720d29e/cache.tzst -P -C /home/runner/work/shinariokanri/shinariokanri --use-compress-program unzstd
verify	Run actions/setup-node@v4	2026-10-09T06:23:34.7640369Z Cache restored successfully
verify	Run actions/setup-node@v4	2026-10-09T06:23:34.7664022Z Cache restored from key: node-cache-Linux-x64-npm-6d82bbc41af669d666d011c5fca070c497082ca77603293ec8c70d28ba98cc31
verify	Run npm ci	﻿2026-10-09T06:23:34.7845322Z ##[group]Run npm ci
verify	Run npm ci	2026-10-09T06:23:34.7845706Z [36;1mnpm ci[0m
verify	Run npm ci	2026-10-09T06:23:34.8148851Z shell: /usr/bin/bash -e {0}
verify	Run npm ci	2026-10-09T06:23:34.8149212Z ##[endgroup]
verify	Run npm ci	2026-10-09T06:23:36.7443186Z 
verify	Run npm ci	2026-10-09T06:23:36.7449726Z added 61 packages, and audited 62 packages in 2s
verify	Run npm ci	2026-10-09T06:23:36.7450075Z 
verify	Run npm ci	2026-10-09T06:23:36.7450303Z 15 packages are looking for funding
verify	Run npm ci	2026-10-09T06:23:36.7450644Z   run `npm fund` for details
verify	Run npm ci	2026-10-09T06:23:36.7457501Z 
verify	Run npm ci	2026-10-09T06:23:36.7457773Z found 0 vulnerabilities
verify	Run python3 scripts/check_docs.py	﻿2026-10-09T06:23:36.7983307Z ##[group]Run python3 scripts/check_docs.py
verify	Run python3 scripts/check_docs.py	2026-10-09T06:23:36.7986607Z [36;1mpython3 scripts/check_docs.py[0m
verify	Run python3 scripts/check_docs.py	2026-10-09T06:23:36.8052560Z shell: /usr/bin/bash -e {0}
verify	Run python3 scripts/check_docs.py	2026-10-09T06:23:36.8052863Z ##[endgroup]
verify	Run python3 scripts/check_docs.py	2026-10-09T06:23:37.0264373Z DOCUMENT VALIDATION PASSED: 104 requirements, 60 proposals, 24 work packages, 116 planned cases, 48 original + 10 technical sources.
verify	Run python3 scripts/check_docs.py	2026-10-09T06:23:37.0267754Z Checked: IDs, scope, sources, two-way traceability, acyclic dependencies, document/registry consistency, file hashes, fixture structure, local links.
verify	Run python3 scripts/check_docs.py	2026-10-09T06:23:37.0270610Z This document checker does not run application, schema, archive, security, performance or real-device acceptance tests. See docs/implementation/PROGRESS.md for separate implementation evidence.
verify	Run python3 scripts/check_completion_plan.py	﻿2026-10-09T06:23:37.0370440Z ##[group]Run python3 scripts/check_completion_plan.py
verify	Run python3 scripts/check_completion_plan.py	2026-10-09T06:23:37.0370903Z [36;1mpython3 scripts/check_completion_plan.py[0m
verify	Run python3 scripts/check_completion_plan.py	2026-10-09T06:23:37.0434130Z shell: /usr/bin/bash -e {0}
verify	Run python3 scripts/check_completion_plan.py	2026-10-09T06:23:37.0434414Z ##[endgroup]
verify	Run python3 scripts/check_completion_plan.py	2026-10-09T06:23:37.1032203Z COMPLETION PLAN PASSED: 104 tasks / 24 packages / 116 cases / 6 regression groups / 10 batches; original contracts retained.
verify	Run python3 -m unittest discover -s scripts -p 'test_check_*.py' -v	﻿2026-10-09T06:23:37.1118372Z ##[group]Run python3 -m unittest discover -s scripts -p 'test_check_*.py' -v
verify	Run python3 -m unittest discover -s scripts -p 'test_check_*.py' -v	2026-10-09T06:23:37.1118970Z [36;1mpython3 -m unittest discover -s scripts -p 'test_check_*.py' -v[0m
verify	Run python3 -m unittest discover -s scripts -p 'test_check_*.py' -v	2026-10-09T06:23:37.1182044Z shell: /usr/bin/bash -e {0}
verify	Run python3 -m unittest discover -s scripts -p 'test_check_*.py' -v	2026-10-09T06:23:37.1182324Z ##[endgroup]
verify	Run python3 -m unittest discover -s scripts -p 'test_check_*.py' -v	2026-10-09T06:23:37.9853343Z test_broken_example_route_fails (test_check_docs.DocumentCheckerTests.test_broken_example_route_fails) ... ok
verify	Run python3 -m unittest discover -s scripts -p 'test_check_*.py' -v	2026-10-09T06:23:38.7442489Z test_broken_link_fails (test_check_docs.DocumentCheckerTests.test_broken_link_fails) ... ok
verify	Run python3 -m unittest discover -s scripts -p 'test_check_*.py' -v	2026-10-09T06:23:39.5013465Z test_changed_pdf_fails (test_check_docs.DocumentCheckerTests.test_changed_pdf_fails) ... ok
verify	Run python3 -m unittest discover -s scripts -p 'test_check_*.py' -v	2026-10-09T06:23:40.2591591Z test_claimed_app_pass_fails (test_check_docs.DocumentCheckerTests.test_claimed_app_pass_fails) ... ok
verify	Run python3 -m unittest discover -s scripts -p 'test_check_*.py' -v	2026-10-09T06:23:41.0307317Z test_dependency_cycle_fails (test_check_docs.DocumentCheckerTests.test_dependency_cycle_fails) ... ok
verify	Run python3 -m unittest discover -s scripts -p 'test_check_*.py' -v	2026-10-09T06:23:41.7841230Z test_document_registry_drift_fails (test_check_docs.DocumentCheckerTests.test_document_registry_drift_fails) ... ok
verify	Run python3 -m unittest discover -s scripts -p 'test_check_*.py' -v	2026-10-09T06:23:42.5420306Z test_duplicate_id_fails (test_check_docs.DocumentCheckerTests.test_duplicate_id_fails) ... ok
verify	Run python3 -m unittest discover -s scripts -p 'test_check_*.py' -v	2026-10-09T06:23:43.3004917Z test_generated_dependency_documents_are_not_repository_sources (test_check_docs.DocumentCheckerTests.test_generated_dependency_documents_are_not_repository_sources) ... ok
verify	Run python3 -m unittest discover -s scripts -p 'test_check_*.py' -v	2026-10-09T06:23:44.0583265Z test_intact_documents_pass (test_check_docs.DocumentCheckerTests.test_intact_documents_pass) ... ok
verify	Run python3 -m unittest discover -s scripts -p 'test_check_*.py' -v	2026-10-09T06:23:44.8032323Z test_missing_acceptance_fails (test_check_docs.DocumentCheckerTests.test_missing_acceptance_fails) ... ok
verify	Run python3 -m unittest discover -s scripts -p 'test_check_*.py' -v	2026-10-09T06:23:45.5705309Z test_omitted_proposal_fails (test_check_docs.DocumentCheckerTests.test_omitted_proposal_fails) ... ok
verify	Run python3 -m unittest discover -s scripts -p 'test_check_*.py' -v	2026-10-09T06:23:45.5716440Z test_automated_browser_cannot_replace_live_rls_or_real_device_gate (test_check_release.ReleaseGateTests.test_automated_browser_cannot_replace_live_rls_or_real_device_gate) ... ok
verify	Run python3 -m unittest discover -s scripts -p 'test_check_*.py' -v	2026-10-09T06:23:45.5729190Z test_different_commit_and_not_run_case_block (test_check_release.ReleaseGateTests.test_different_commit_and_not_run_case_block) ... ok
verify	Run python3 -m unittest discover -s scripts -p 'test_check_*.py' -v	2026-10-09T06:23:45.5743780Z test_matching_complete_record_passes (test_check_release.ReleaseGateTests.test_matching_complete_record_passes) ... ok
verify	Run python3 -m unittest discover -s scripts -p 'test_check_*.py' -v	2026-10-09T06:23:45.5758240Z test_missing_evidence_blocks (test_check_release.ReleaseGateTests.test_missing_evidence_blocks) ... ok
verify	Run python3 -m unittest discover -s scripts -p 'test_check_*.py' -v	2026-10-09T06:23:45.5759056Z 
verify	Run python3 -m unittest discover -s scripts -p 'test_check_*.py' -v	2026-10-09T06:23:45.5764633Z ----------------------------------------------------------------------
verify	Run python3 -m unittest discover -s scripts -p 'test_check_*.py' -v	2026-10-09T06:23:45.5765310Z Ran 15 tests in 8.358s
verify	Run python3 -m unittest discover -s scripts -p 'test_check_*.py' -v	2026-10-09T06:23:45.5765567Z 
verify	Run python3 -m unittest discover -s scripts -p 'test_check_*.py' -v	2026-10-09T06:23:45.5765730Z OK
verify	Run npx playwright install --with-deps chromium firefox webkit	﻿2026-10-09T06:23:45.5957651Z ##[group]Run npx playwright install --with-deps chromium firefox webkit
verify	Run npx playwright install --with-deps chromium firefox webkit	2026-10-09T06:23:45.5958389Z [36;1mnpx playwright install --with-deps chromium firefox webkit[0m
verify	Run npx playwright install --with-deps chromium firefox webkit	2026-10-09T06:23:45.6021031Z shell: /usr/bin/bash -e {0}
verify	Run npx playwright install --with-deps chromium firefox webkit	2026-10-09T06:23:45.6021312Z ##[endgroup]
verify	Run npx playwright install --with-deps chromium firefox webkit	2026-10-09T06:23:46.3786703Z Installing dependencies...
verify	Run npx playwright install --with-deps chromium firefox webkit	2026-10-09T06:23:46.3871838Z Switching to root user to install dependencies...
verify	Run npx playwright install --with-deps chromium firefox webkit	2026-10-09T06:23:46.4798800Z Get:1 file:/etc/apt/apt-mirrors.txt Mirrorlist [144 B]
verify	Run npx playwright install --with-deps chromium firefox webkit	2026-10-09T06:23:46.5105733Z Get:6 https://packages.microsoft.com/ubuntu/24.04/prod noble InRelease [3600 B]
verify	Run npx playwright install --with-deps chromium firefox webkit	2026-10-09T06:23:46.5873904Z Hit:2 http://azure.archive.ubuntu.com/ubuntu noble InRelease
verify	Run npx playwright install --with-deps chromium firefox webkit	2026-10-09T06:23:46.5881759Z Get:3 http://azure.archive.ubuntu.com/ubuntu noble-updates InRelease [126 kB]
verify	Run npx playwright install --with-deps chromium firefox webkit	2026-10-09T06:23:46.5910063Z Get:4 http://azure.archive.ubuntu.com/ubuntu noble-backports InRelease [126 kB]
verify	Run npx playwright install --with-deps chromium firefox webkit	2026-10-09T06:23:46.5926519Z Get:5 http://azure.archive.ubuntu.com/ubuntu noble-security InRelease [126 kB]
verify	Run npx playwright install --with-deps chromium firefox webkit	2026-10-09T06:23:46.6025356Z Get:7 https://packages.microsoft.com/ubuntu/24.04/prod noble/main arm64 Packages [475 kB]
verify	Run npx playwright install --with-deps chromium firefox webkit	2026-10-09T06:23:46.6226940Z Get:8 https://packages.microsoft.com/ubuntu/24.04/prod noble/main armhf Packages [12.3 kB]
verify	Run npx playwright install --with-deps chromium firefox webkit	2026-10-09T06:23:46.6305640Z Get:9 https://packages.microsoft.com/ubuntu/24.04/prod noble/main all Packages [640 B]
verify	Run npx playwright install --with-deps chromium firefox webkit	2026-10-09T06:23:46.6364988Z Get:10 https://packages.microsoft.com/ubuntu/24.04/prod noble/main amd64 Packages [531 kB]
verify	Run npx playwright install --with-deps chromium firefox webkit	2026-10-09T06:23:46.7157286Z Get:11 http://azure.archive.ubuntu.com/ubuntu noble-updates/main amd64 Packages [1375 kB]
verify	Run npx playwright install --with-deps chromium firefox webkit	2026-10-09T06:23:46.7235443Z Get:12 http://azure.archive.ubuntu.com/ubuntu noble-updates/main Translation-en [306 kB]
verify	Run npx playwright install --with-deps chromium firefox webkit	2026-10-09T06:23:46.7264929Z Get:13 http://azure.archive.ubuntu.com/ubuntu noble-updates/universe amd64 Packages [1702 kB]
verify	Run npx playwright install --with-deps chromium firefox webkit	2026-10-09T06:23:46.7355037Z Get:14 http://azure.archive.ubuntu.com/ubuntu noble-updates/universe Translation-en [342 kB]
verify	Run npx playwright install --with-deps chromium firefox webkit	2026-10-09T06:23:46.7387948Z Get:15 http://azure.archive.ubuntu.com/ubuntu noble-updates/restricted amd64 Packages [1761 kB]
verify	Run npx playwright install --with-deps chromium firefox webkit	2026-10-09T06:23:46.7486486Z Get:16 http://azure.archive.ubuntu.com/ubuntu noble-updates/restricted Translation-en [401 kB]
verify	Run npx playwright install --with-deps chromium firefox webkit	2026-10-09T06:23:46.7525105Z Get:17 http://azure.archive.ubuntu.com/ubuntu noble-updates/multiverse amd64 Packages [55.0 kB]
verify	Run npx playwright install --with-deps chromium firefox webkit	2026-10-09T06:23:46.7530098Z Get:18 http://azure.archive.ubuntu.com/ubuntu noble-updates/multiverse Translation-en [14.3 kB]
verify	Run npx playwright install --with-deps chromium firefox webkit	2026-10-09T06:23:46.8265762Z Get:19 http://azure.archive.ubuntu.com/ubuntu noble-security/main amd64 Packages [1118 kB]
verify	Run npx playwright install --with-deps chromium firefox webkit	2026-10-09T06:23:46.8325451Z Get:20 http://azure.archive.ubuntu.com/ubuntu noble-security/main Translation-en [228 kB]
verify	Run npx playwright install --with-deps chromium firefox webkit	2026-10-09T06:23:46.8751302Z Get:21 http://azure.archive.ubuntu.com/ubuntu noble-security/universe amd64 Packages [1220 kB]
verify	Run npx playwright install --with-deps chromium firefox webkit	2026-10-09T06:23:46.8811650Z Get:22 http://azure.archive.ubuntu.com/ubuntu noble-security/universe Translation-en [245 kB]
verify	Run npx playwright install --with-deps chromium firefox webkit	2026-10-09T06:23:46.8827496Z Get:23 http://azure.archive.ubuntu.com/ubuntu noble-security/restricted amd64 Packages [1667 kB]
verify	Run npx playwright install --with-deps chromium firefox webkit	2026-10-09T06:23:46.8924220Z Get:24 http://azure.archive.ubuntu.com/ubuntu noble-security/restricted Translation-en [383 kB]
verify	Run npx playwright install --with-deps chromium firefox webkit	2026-10-09T06:23:46.8928369Z Get:25 http://azure.archive.ubuntu.com/ubuntu noble-security/multiverse amd64 Packages [49.8 kB]
verify	Run npx playwright install --with-deps chromium firefox webkit	2026-10-09T06:23:46.8939304Z Get:26 http://azure.archive.ubuntu.com/ubuntu noble-security/multiverse Translation-en [12.4 kB]
verify	Run npx playwright install --with-deps chromium firefox webkit	2026-10-09T06:23:49.7566296Z Fetched 12.3 MB in 1s (9640 kB/s)
verify	Run npx playwright install --with-deps chromium firefox webkit	2026-10-09T06:23:50.6079136Z Reading package lists...
verify	Run npx playwright install --with-deps chromium firefox webkit	2026-10-09T06:23:50.6321114Z Reading package lists...
verify	Run npx playwright install --with-deps chromium firefox webkit	2026-10-09T06:23:50.8328599Z Building dependency tree...
verify	Run npx playwright install --with-deps chromium firefox webkit	2026-10-09T06:23:50.8336302Z Reading state information...
verify	Run npx playwright install --with-deps chromium firefox webkit	2026-10-09T06:23:50.8496819Z libasound2t64 is already the newest version (1.2.11-1ubuntu0.3).
verify	Run npx playwright install --with-deps chromium firefox webkit	2026-10-09T06:23:50.8497645Z libasound2t64 set to manually installed.
verify	Run npx playwright install --with-deps chromium firefox webkit	2026-10-09T06:23:50.8498422Z libatk-bridge2.0-0t64 is already the newest version (2.52.0-1build1).
verify	Run npx playwright install --with-deps chromium firefox webkit	2026-10-09T06:23:50.8499219Z libatk-bridge2.0-0t64 set to manually installed.
verify	Run npx playwright install --with-deps chromium firefox webkit	2026-10-09T06:23:50.8500959Z libatk1.0-0t64 is already the newest version (2.52.0-1build1).
verify	Run npx playwright install --with-deps chromium firefox webkit	2026-10-09T06:23:50.8501887Z libatk1.0-0t64 set to manually installed.
verify	Run npx playwright install --with-deps chromium firefox webkit	2026-10-09T06:23:50.8502620Z libatspi2.0-0t64 is already the newest version (2.52.0-1build1).
verify	Run npx playwright install --with-deps chromium firefox webkit	2026-10-09T06:23:50.8503336Z libatspi2.0-0t64 set to manually installed.
verify	Run npx playwright install --with-deps chromium firefox webkit	2026-10-09T06:23:50.8504334Z libcairo2 is already the newest version (1.18.0-3build1).
verify	Run npx playwright install --with-deps chromium firefox webkit	2026-10-09T06:23:50.8504986Z libcairo2 set to manually installed.
verify	Run npx playwright install --with-deps chromium firefox webkit	2026-10-09T06:23:50.8505676Z libcups2t64 is already the newest version (2.4.7-1.2ubuntu7.14).
verify	Run npx playwright install --with-deps chromium firefox webkit	2026-10-09T06:23:50.8506342Z libcups2t64 set to manually installed.
verify	Run npx playwright install --with-deps chromium firefox webkit	2026-10-09T06:23:50.8507035Z libdbus-1-3 is already the newest version (1.14.10-4ubuntu4.1).
verify	Run npx playwright install --with-deps chromium firefox webkit	2026-10-09T06:23:50.8507687Z libdbus-1-3 set to manually installed.
verify	Run npx playwright install --with-deps chromium firefox webkit	2026-10-09T06:23:50.8508392Z libdrm2 is already the newest version (2.4.125-1ubuntu0.1~24.04.2).
verify	Run npx playwright install --with-deps chromium firefox webkit	2026-10-09T06:23:50.8509062Z libdrm2 set to manually installed.
verify	Run npx playwright install --with-deps chromium firefox webkit	2026-10-09T06:23:50.8509747Z libgbm1 is already the newest version (25.2.8-0ubuntu0.24.04.4).
verify	Run npx playwright install --with-deps chromium firefox webkit	2026-10-09T06:23:50.8510433Z libgbm1 set to manually installed.
verify	Run npx playwright install --with-deps chromium firefox webkit	2026-10-09T06:23:50.8511149Z libglib2.0-0t64 is already the newest version (2.80.0-6ubuntu3.9).
verify	Run npx playwright install --with-deps chromium firefox webkit	2026-10-09T06:23:50.8511889Z libglib2.0-0t64 set to manually installed.
verify	Run npx playwright install --with-deps chromium firefox webkit	2026-10-09T06:23:50.8512629Z libnspr4 is already the newest version (2:4.35-1.1build1).
verify	Run npx playwright install --with-deps chromium firefox webkit	2026-10-09T06:23:50.8513314Z libnspr4 set to manually installed.
verify	Run npx playwright install --with-deps chromium firefox webkit	2026-10-09T06:23:50.8514212Z libnss3 is already the newest version (2:3.98-1ubuntu0.2).
verify	Run npx playwright install --with-deps chromium firefox webkit	2026-10-09T06:23:50.8514875Z libnss3 set to manually installed.
verify	Run npx playwright install --with-deps chromium firefox webkit	2026-10-09T06:23:50.8515611Z libpango-1.0-0 is already the newest version (1.52.1+ds-1build1).
verify	Run npx playwright install --with-deps chromium firefox webkit	2026-10-09T06:23:50.8516352Z libpango-1.0-0 set to manually installed.
verify	Run npx playwright install --with-deps chromium firefox webkit	2026-10-09T06:23:50.8517058Z libx11-6 is already the newest version (2:1.8.7-1build1).
verify	Run npx playwright install --with-deps chromium firefox webkit	2026-10-09T06:23:50.8517716Z libx11-6 set to manually installed.
verify	Run npx playwright install --with-deps chromium firefox webkit	2026-10-09T06:23:50.8518368Z libxcb1 is already the newest version (1.15-1ubuntu2).
verify	Run npx playwright install --with-deps chromium firefox webkit	2026-10-09T06:23:50.8519036Z libxcb1 set to manually installed.
verify	Run npx playwright install --with-deps chromium firefox webkit	2026-10-09T06:23:50.8519771Z libxcomposite1 is already the newest version (1:0.4.5-1build3).
verify	Run npx playwright install --with-deps chromium firefox webkit	2026-10-09T06:23:50.8520527Z libxcomposite1 set to manually installed.
verify	Run npx playwright install --with-deps chromium firefox webkit	2026-10-09T06:23:50.8521267Z libxdamage1 is already the newest version (1:1.1.6-1build1).
verify	Run npx playwright install --with-deps chromium firefox webkit	2026-10-09T06:23:50.8522030Z libxdamage1 set to manually installed.
verify	Run npx playwright install --with-deps chromium firefox webkit	2026-10-09T06:23:50.8522725Z libxext6 is already the newest version (2:1.3.4-1build2).
verify	Run npx playwright install --with-deps chromium firefox webkit	2026-10-09T06:23:50.8523389Z libxext6 set to manually installed.
verify	Run npx playwright install --with-deps chromium firefox webkit	2026-10-09T06:23:50.8524307Z libxfixes3 is already the newest version (1:6.0.0-2build1).
verify	Run npx playwright install --with-deps chromium firefox webkit	2026-10-09T06:23:50.8524992Z libxfixes3 set to manually installed.
verify	Run npx playwright install --with-deps chromium firefox webkit	2026-10-09T06:23:50.8525726Z libxkbcommon0 is already the newest version (1.6.0-1build1).
verify	Run npx playwright install --with-deps chromium firefox webkit	2026-10-09T06:23:50.8526435Z libxkbcommon0 set to manually installed.
verify	Run npx playwright install --with-deps chromium firefox webkit	2026-10-09T06:23:50.8527162Z libxrandr2 is already the newest version (2:1.5.2-2build1).
verify	Run npx playwright install --with-deps chromium firefox webkit	2026-10-09T06:23:50.8527867Z libxrandr2 set to manually installed.
verify	Run npx playwright install --with-deps chromium firefox webkit	2026-10-09T06:23:50.8528557Z xvfb is already the newest version (2:21.1.12-1ubuntu1.8).
verify	Run npx playwright install --with-deps chromium firefox webkit	2026-10-09T06:23:50.8529525Z fonts-noto-color-emoji is already the newest version (2.047-0ubuntu0.24.04.1).
verify	Run npx playwright install --with-deps chromium firefox webkit	2026-10-09T06:23:50.8530556Z libfontconfig1 is already the newest version (2.15.0-1.1ubuntu2).
verify	Run npx playwright install --with-deps chromium firefox webkit	2026-10-09T06:23:50.8531307Z libfontconfig1 set to manually installed.
verify	Run npx playwright install --with-deps chromium firefox webkit	2026-10-09T06:23:50.8532053Z fonts-liberation is already the newest version (1:2.1.5-3).
verify	Run npx playwright install --with-deps chromium firefox webkit	2026-10-09T06:23:50.8532791Z fonts-liberation set to manually installed.
verify	Run npx playwright install --with-deps chromium firefox webkit	2026-10-09T06:23:50.8533766Z libcairo-gobject2 is already the newest version (1.18.0-3build1).
verify	Run npx playwright install --with-deps chromium firefox webkit	2026-10-09T06:23:50.8534540Z libcairo-gobject2 set to manually installed.
verify	Run npx playwright install --with-deps chromium firefox webkit	2026-10-09T06:23:50.8535416Z libgdk-pixbuf-2.0-0 is already the newest version (2.42.10+dfsg-3ubuntu3.3).
verify	Run npx playwright install --with-deps chromium firefox webkit	2026-10-09T06:23:50.8536278Z libgdk-pixbuf-2.0-0 set to manually installed.
verify	Run npx playwright install --with-deps chromium firefox webkit	2026-10-09T06:23:50.8537081Z libgtk-3-0t64 is already the newest version (3.24.41-4ubuntu1.3).
verify	Run npx playwright install --with-deps chromium firefox webkit	2026-10-09T06:23:50.8537814Z libgtk-3-0t64 set to manually installed.
verify	Run npx playwright install --with-deps chromium firefox webkit	2026-10-09T06:23:50.8538630Z libpangocairo-1.0-0 is already the newest version (1.52.1+ds-1build1).
verify	Run npx playwright install --with-deps chromium firefox webkit	2026-10-09T06:23:50.8539674Z libpangocairo-1.0-0 set to manually installed.
verify	Run npx playwright install --with-deps chromium firefox webkit	2026-10-09T06:23:50.8540609Z libx11-xcb1 is already the newest version (2:1.8.7-1build1).
verify	Run npx playwright install --with-deps chromium firefox webkit	2026-10-09T06:23:50.8541316Z libx11-xcb1 set to manually installed.
verify	Run npx playwright install --with-deps chromium firefox webkit	2026-10-09T06:23:50.8542023Z libxcb-shm0 is already the newest version (1.15-1ubuntu2).
verify	Run npx playwright install --with-deps chromium firefox webkit	2026-10-09T06:23:50.8542716Z libxcb-shm0 set to manually installed.
verify	Run npx playwright install --with-deps chromium firefox webkit	2026-10-09T06:23:50.8543640Z libxcursor1 is already the newest version (1:1.2.1-1build1).
verify	Run npx playwright install --with-deps chromium firefox webkit	2026-10-09T06:23:50.8544365Z libxcursor1 set to manually installed.
verify	Run npx playwright install --with-deps chromium firefox webkit	2026-10-09T06:23:50.8545054Z libxi6 is already the newest version (2:1.8.1-1build1).
verify	Run npx playwright install --with-deps chromium firefox webkit	2026-10-09T06:23:50.8545732Z libxi6 set to manually installed.
verify	Run npx playwright install --with-deps chromium firefox webkit	2026-10-09T06:23:50.8546531Z libxrender1 is already the newest version (1:0.9.10-1.1build1).
verify	Run npx playwright install --with-deps chromium firefox webkit	2026-10-09T06:23:50.8547267Z libxrender1 set to manually installed.
verify	Run npx playwright install --with-deps chromium firefox webkit	2026-10-09T06:23:50.8547988Z libicu74 is already the newest version (74.2-1ubuntu3.1).
verify	Run npx playwright install --with-deps chromium firefox webkit	2026-10-09T06:23:50.8548863Z libatomic1 is already the newest version (14.2.0-4ubuntu2~24.04.1).
verify	Run npx playwright install --with-deps chromium firefox webkit	2026-10-09T06:23:50.8549529Z libatomic1 set to manually installed.
verify	Run npx playwright install --with-deps chromium firefox webkit	2026-10-09T06:23:50.8550165Z libenchant-2-2 is already the newest version (2.3.3-2build2).
verify	Run npx playwright install --with-deps chromium firefox webkit	2026-10-09T06:23:50.8550790Z libenchant-2-2 set to manually installed.
verify	Run npx playwright install --with-deps chromium firefox webkit	2026-10-09T06:23:50.8551428Z libepoxy0 is already the newest version (1.5.10-1build1).
verify	Run npx playwright install --with-deps chromium firefox webkit	2026-10-09T06:23:50.8552064Z libepoxy0 set to manually installed.
verify	Run npx playwright install --with-deps chromium firefox webkit	2026-10-09T06:23:50.8552804Z libgstreamer1.0-0 is already the newest version (1.24.2-1ubuntu0.1).
verify	Run npx playwright install --with-deps chromium firefox webkit	2026-10-09T06:23:50.8553674Z libgstreamer1.0-0 set to manually installed.
verify	Run npx playwright install --with-deps chromium firefox webkit	2026-10-09T06:23:50.8554374Z libharfbuzz0b is already the newest version (8.3.0-2build2).
verify	Run npx playwright install --with-deps chromium firefox webkit	2026-10-09T06:23:50.8555004Z libharfbuzz0b set to manually installed.
verify	Run npx playwright install --with-deps chromium firefox webkit	2026-10-09T06:23:50.8555640Z libjpeg-turbo8 is already the newest version (2.1.5-2ubuntu2).
verify	Run npx playwright install --with-deps chromium firefox webkit	2026-10-09T06:23:50.9989732Z libjpeg-turbo8 set to manually installed.
verify	Run npx playwright install --with-deps chromium firefox webkit	2026-10-09T06:23:50.9990766Z liblcms2-2 is already the newest version (2.14-2ubuntu0.1).
verify	Run npx playwright install --with-deps chromium firefox webkit	2026-10-09T06:23:50.9991499Z liblcms2-2 set to manually installed.
verify	Run npx playwright install --with-deps chromium firefox webkit	2026-10-09T06:23:50.9992090Z libwayland-client0 is already the newest version (1.22.0-2.1build1).
verify	Run npx playwright install --with-deps chromium firefox webkit	2026-10-09T06:23:50.9992806Z libwayland-client0 set to manually installed.
verify	Run npx playwright install --with-deps chromium firefox webkit	2026-10-09T06:23:50.9993368Z libwayland-egl1 is already the newest version (1.22.0-2.1build1).
verify	Run npx playwright install --with-deps chromium firefox webkit	2026-10-09T06:23:50.9995005Z libwayland-egl1 set to manually installed.
verify	Run npx playwright install --with-deps chromium firefox webkit	2026-10-09T06:23:50.9995682Z libwebp7 is already the newest version (1.3.2-0.4build3).
verify	Run npx playwright install --with-deps chromium firefox webkit	2026-10-09T06:23:50.9996155Z libwebp7 set to manually installed.
verify	Run npx playwright install --with-deps chromium firefox webkit	2026-10-09T06:23:50.9996655Z libwebpdemux2 is already the newest version (1.3.2-0.4build3).
verify	Run npx playwright install --with-deps chromium firefox webkit	2026-10-09T06:23:50.9997156Z libwebpdemux2 set to manually installed.
verify	Run npx playwright install --with-deps chromium firefox webkit	2026-10-09T06:23:50.9997712Z libxslt1.1 is already the newest version (1.1.39-0exp1ubuntu0.24.04.3).
verify	Run npx playwright install --with-deps chromium firefox webkit	2026-10-09T06:23:50.9998242Z libxslt1.1 set to manually installed.
verify	Run npx playwright install --with-deps chromium firefox webkit	2026-10-09T06:23:50.9998724Z The following additional packages will be installed:
verify	Run npx playwright install --with-deps chromium firefox webkit	2026-10-09T06:23:50.9999296Z   glib-networking glib-networking-common glib-networking-services
verify	Run npx playwright install --with-deps chromium firefox webkit	2026-10-09T06:23:50.9999981Z   gsettings-desktop-schemas libaa1 libabsl20220623t64 libass9 libasyncns0
verify	Run npx playwright install --with-deps chromium firefox webkit	2026-10-09T06:23:51.0000669Z   libavc1394-0 libavfilter9 libavformat60 libavtp0 libavutil58 libblas3
verify	Run npx playwright install --with-deps chromium firefox webkit	2026-10-09T06:23:51.0001433Z   libbluray2 libbs2b0 libcaca0 libcairo-script-interpreter2 libcdparanoia0
verify	Run npx playwright install --with-deps chromium firefox webkit	2026-10-09T06:23:51.0002177Z   libchromaprint1 libcjson1 libcodec2-1.2 libdav1d7 libdc1394-25 libdca0
verify	Run npx playwright install --with-deps chromium firefox webkit	2026-10-09T06:23:51.0002690Z   libde265-0 libdecor-0-0 libdirectfb-1.7-7t64 libdv4t64 libdvdnav4
verify	Run npx playwright install --with-deps chromium firefox webkit	2026-10-09T06:23:51.0003216Z   libdvdread8t64 libegl-mesa0 libegl1 libfaad2 libflac12t64 libfluidsynth3
verify	Run npx playwright install --with-deps chromium firefox webkit	2026-10-09T06:23:51.0003941Z   libfreeaptx0 libgav1-1 libgme0 libgraphene-1.0-0 libgsm1 libgssdp-1.6-0
verify	Run npx playwright install --with-deps chromium firefox webkit	2026-10-09T06:23:51.0004464Z   libgstreamer-plugins-good1.0-0 libgtk-4-common libgupnp-1.6-0
verify	Run npx playwright install --with-deps chromium firefox webkit	2026-10-09T06:23:51.0004957Z   libgupnp-igd-1.6-0 libhwy1t64 libiec61883-0 libimath-3-1-29t64
verify	Run npx playwright install --with-deps chromium firefox webkit	2026-10-09T06:23:51.0005459Z   libinstpatch-1.0-2 libjack-jackd2-0 libjxl0.7 liblapack3 liblc3-1
verify	Run npx playwright install --with-deps chromium firefox webkit	2026-10-09T06:23:51.0006352Z   libldacbt-enc2 liblilv-0-0 liblrdf0 libltc11 libmbedcrypto7t64 libmfx1
verify	Run npx playwright install --with-deps chromium firefox webkit	2026-10-09T06:23:51.0006985Z   libmjpegutils-2.1-0t64 libmodplug1 libmp3lame0 libmpcdec6
verify	Run npx playwright install --with-deps chromium firefox webkit	2026-10-09T06:23:51.0007475Z   libmpeg2encpp-2.1-0t64 libmpg123-0t64 libmplex2-2.1-0t64 libmysofa1
verify	Run npx playwright install --with-deps chromium firefox webkit	2026-10-09T06:23:51.0007979Z   libneon27t64 libnice10 libopenal-data libopenal1 libopenexr-3-1-30
verify	Run npx playwright install --with-deps chromium firefox webkit	2026-10-09T06:23:51.0008450Z   libopenh264-7 libopenmpt0t64 libopenni2-0 liborc-0.4-0t64
verify	Run npx playwright install --with-deps chromium firefox webkit	2026-10-09T06:23:51.0008924Z   libpipewire-0.3-0t64 libplacebo338 libpocketsphinx3 libpostproc57
verify	Run npx playwright install --with-deps chromium firefox webkit	2026-10-09T06:23:51.0009441Z   libproxy1v5 libpulse0 libqrencode4 libraptor2-0 librav1e0 libraw1394-11
verify	Run npx playwright install --with-deps chromium firefox webkit	2026-10-09T06:23:51.0009998Z   librist4 librsvg2-2 librubberband2 libsamplerate0 libsbc1 libsdl2-2.0-0
verify	Run npx playwright install --with-deps chromium firefox webkit	2026-10-09T06:23:51.0010544Z   libsecret-common libserd-0-0 libshine3 libshout3 libsndfile1 libsndio7.0
verify	Run npx playwright install --with-deps chromium firefox webkit	2026-10-09T06:23:51.0011081Z   libsord-0-0 libsoundtouch1 libsoup-3.0-0 libsoup-3.0-common libsoxr0
verify	Run npx playwright install --with-deps chromium firefox webkit	2026-10-09T06:23:51.0011635Z   libspa-0.2-modules libspandsp2t64 libspeex1 libsphinxbase3t64 libsratom-0-0
verify	Run npx playwright install --with-deps chromium firefox webkit	2026-10-09T06:23:51.0012223Z   libsrt1.5-gnutls libsrtp2-1 libssh-gcrypt-4 libsvtav1enc1d1 libswresample4
verify	Run npx playwright install --with-deps chromium firefox webkit	2026-10-09T06:23:51.0012779Z   libswscale7 libtag1v5 libtag1v5-vanilla libtheora0 libtwolame0 libudfread0
verify	Run npx playwright install --with-deps chromium firefox webkit	2026-10-09T06:23:51.0013318Z   libunibreak5 libv4l-0t64 libv4lconvert0t64 libva-drm2 libva-x11-2 libva2
verify	Run npx playwright install --with-deps chromium firefox webkit	2026-10-09T06:23:51.0014714Z   libvdpau1 libvidstab1.1 libvisual-0.4-0 libvo-aacenc0 libvo-amrwbenc0
verify	Run npx playwright install --with-deps chromium firefox webkit	2026-10-09T06:23:51.0015382Z   libvorbisenc2 libvpl2 libwavpack1 libwebrtc-audio-processing1 libwildmidi2
verify	Run npx playwright install --with-deps chromium firefox webkit	2026-10-09T06:23:51.0015963Z   libx265-199 libxcb-xkb1 libxkbcommon-x11-0 libxml2-dev libxvidcore4 libyuv0
verify	Run npx playwright install --with-deps chromium firefox webkit	2026-10-09T06:23:51.0016508Z   libzbar0t64 libzimg2 libzix-0-0 libzvbi-common libzvbi0t64 libzxing3
verify	Run npx playwright install --with-deps chromium firefox webkit	2026-10-09T06:23:51.0017055Z   ocl-icd-libopencl1 session-migration timgm6mb-soundfont xfonts-encodings
verify	Run npx playwright install --with-deps chromium firefox webkit	2026-10-09T06:23:51.0017452Z   xfonts-utils
verify	Run npx playwright install --with-deps chromium firefox webkit	2026-10-09T06:23:51.0017684Z Suggested packages:
verify	Run npx playwright install --with-deps chromium firefox webkit	2026-10-09T06:23:51.0018124Z   frei0r-plugins gvfs libcuda1 libnvcuvid1 libnvidia-encode1 libbluray-bdj
verify	Run npx playwright install --with-deps chromium firefox webkit	2026-10-09T06:23:51.0018681Z   libdirectfb-extra libdv-bin oss-compat libdvdcss2 libvisual-0.4-plugins
verify	Run npx playwright install --with-deps chromium firefox webkit	2026-10-09T06:23:51.0019213Z   jackd2 liblrdf0-dev libportaudio2 opus-tools pipewire pulseaudio
verify	Run npx playwright install --with-deps chromium firefox webkit	2026-10-09T06:23:51.0019707Z   raptor2-utils libraw1394-doc librsvg2-bin serdi sndiod sordi speex
verify	Run npx playwright install --with-deps chromium firefox webkit	2026-10-09T06:23:51.0020150Z   libwildmidi-config opencl-icd fluid-soundfont-gm
verify	Run npx playwright install --with-deps chromium firefox webkit	2026-10-09T06:23:51.0020496Z Recommended packages:
verify	Run npx playwright install --with-deps chromium firefox webkit	2026-10-09T06:23:51.0020842Z   fonts-ipafont-mincho fonts-tlwg-loma gstreamer1.0-x libaacs0
verify	Run npx playwright install --with-deps chromium firefox webkit	2026-10-09T06:23:51.0021342Z   default-libdecor-0-plugin-1 | libdecor-0-plugin-1 gstreamer1.0-gl
verify	Run npx playwright install --with-deps chromium firefox webkit	2026-10-09T06:23:51.0021900Z   libgtk-4-bin librsvg2-common libgtk-4-media-gstreamer libpipewire-0.3-common
verify	Run npx playwright install --with-deps chromium firefox webkit	2026-10-09T06:23:51.0022488Z   pocketsphinx-en-us va-driver-all | va-driver vdpau-driver-all | vdpau-driver
verify	Run npx playwright install --with-deps chromium firefox webkit	2026-10-09T06:23:51.0022910Z   libmagickcore-6.q16-7-extra
verify	Run npx playwright install --with-deps chromium firefox webkit	2026-10-09T06:23:51.0678848Z The following NEW packages will be installed:
verify	Run npx playwright install --with-deps chromium firefox webkit	2026-10-09T06:23:51.0679971Z   fonts-freefont-ttf fonts-ipafont-gothic fonts-tlwg-loma-otf fonts-unifont
verify	Run npx playwright install --with-deps chromium firefox webkit	2026-10-09T06:23:51.0681001Z   fonts-wqy-zenhei glib-networking glib-networking-common
verify	Run npx playwright install --with-deps chromium firefox webkit	2026-10-09T06:23:51.0681978Z   glib-networking-services gsettings-desktop-schemas gstreamer1.0-libav
verify	Run npx playwright install --with-deps chromium firefox webkit	2026-10-09T06:23:51.0683186Z   gstreamer1.0-plugins-bad gstreamer1.0-plugins-base gstreamer1.0-plugins-good
verify	Run npx playwright install --with-deps chromium firefox webkit	2026-10-09T06:23:51.0684584Z   libaa1 libabsl20220623t64 libass9 libasyncns0 libavc1394-0 libavcodec60
verify	Run npx playwright install --with-deps chromium firefox webkit	2026-10-09T06:23:51.0685598Z   libavfilter9 libavformat60 libavif16 libavtp0 libavutil58 libblas3
verify	Run npx playwright install --with-deps chromium firefox webkit	2026-10-09T06:23:51.0686733Z   libbluray2 libbs2b0 libcaca0 libcairo-script-interpreter2 libcdparanoia0
verify	Run npx playwright install --with-deps chromium firefox webkit	2026-10-09T06:23:51.0687868Z   libchromaprint1 libcjson1 libcodec2-1.2 libdav1d7 libdc1394-25 libdca0
verify	Run npx playwright install --with-deps chromium firefox webkit	2026-10-09T06:23:51.0688856Z   libde265-0 libdecor-0-0 libdirectfb-1.7-7t64 libdv4t64 libdvdnav4
verify	Run npx playwright install --with-deps chromium firefox webkit	2026-10-09T06:23:51.0689892Z   libdvdread8t64 libegl-mesa0 libegl1 libevent-2.1-7t64 libfaad2 libflac12t64
verify	Run npx playwright install --with-deps chromium firefox webkit	2026-10-09T06:23:51.0691413Z   libflite1 libfluidsynth3 libfreeaptx0 libgav1-1 libgles2 libgme0
verify	Run npx playwright install --with-deps chromium firefox webkit	2026-10-09T06:23:51.0692592Z   libgraphene-1.0-0 libgsm1 libgssdp-1.6-0 libgstreamer-gl1.0-0
verify	Run npx playwright install --with-deps chromium firefox webkit	2026-10-09T06:23:51.0693721Z   libgstreamer-plugins-bad1.0-0 libgstreamer-plugins-base1.0-0
verify	Run npx playwright install --with-deps chromium firefox webkit	2026-10-09T06:23:51.0694716Z   libgstreamer-plugins-good1.0-0 libgtk-4-1 libgtk-4-common libgupnp-1.6-0
verify	Run npx playwright install --with-deps chromium firefox webkit	2026-10-09T06:23:51.0695815Z   libgupnp-igd-1.6-0 libharfbuzz-icu0 libhwy1t64 libhyphen0 libiec61883-0
verify	Run npx playwright install --with-deps chromium firefox webkit	2026-10-09T06:23:51.0696928Z   libimath-3-1-29t64 libinstpatch-1.0-2 libjack-jackd2-0 libjxl0.7 liblapack3
verify	Run npx playwright install --with-deps chromium firefox webkit	2026-10-09T06:23:51.0697967Z   liblc3-1 libldacbt-enc2 liblilv-0-0 liblrdf0 libltc11 libmanette-0.2-0
verify	Run npx playwright install --with-deps chromium firefox webkit	2026-10-09T06:23:51.0699076Z   libmbedcrypto7t64 libmfx1 libmjpegutils-2.1-0t64 libmodplug1 libmp3lame0
verify	Run npx playwright install --with-deps chromium firefox webkit	2026-10-09T06:23:51.0700135Z   libmpcdec6 libmpeg2encpp-2.1-0t64 libmpg123-0t64 libmplex2-2.1-0t64
verify	Run npx playwright install --with-deps chromium firefox webkit	2026-10-09T06:23:51.0701108Z   libmysofa1 libneon27t64 libnice10 libopenal-data libopenal1
verify	Run npx playwright install --with-deps chromium firefox webkit	2026-10-09T06:23:51.0702055Z   libopenexr-3-1-30 libopenh264-7 libopenmpt0t64 libopenni2-0 libopus0
verify	Run npx playwright install --with-deps chromium firefox webkit	2026-10-09T06:23:51.0703020Z   liborc-0.4-0t64 libpipewire-0.3-0t64 libplacebo338 libpocketsphinx3
verify	Run npx playwright install --with-deps chromium firefox webkit	2026-10-09T06:23:51.0704215Z   libpostproc57 libproxy1v5 libpulse0 libqrencode4 libraptor2-0 librav1e0
verify	Run npx playwright install --with-deps chromium firefox webkit	2026-10-09T06:23:51.0705233Z   libraw1394-11 librist4 librsvg2-2 librubberband2 libsamplerate0 libsbc1
verify	Run npx playwright install --with-deps chromium firefox webkit	2026-10-09T06:23:51.0706424Z   libsdl2-2.0-0 libsecret-1-0 libsecret-common libserd-0-0 libshine3 libshout3
verify	Run npx playwright install --with-deps chromium firefox webkit	2026-10-09T06:23:51.0707460Z   libsndfile1 libsndio7.0 libsord-0-0 libsoundtouch1 libsoup-3.0-0
verify	Run npx playwright install --with-deps chromium firefox webkit	2026-10-09T06:23:51.0708554Z   libsoup-3.0-common libsoxr0 libspa-0.2-modules libspandsp2t64 libspeex1
verify	Run npx playwright install --with-deps chromium firefox webkit	2026-10-09T06:23:51.0709575Z   libsphinxbase3t64 libsratom-0-0 libsrt1.5-gnutls libsrtp2-1 libssh-gcrypt-4
verify	Run npx playwright install --with-deps chromium firefox webkit	2026-10-09T06:23:51.0710670Z   libsvtav1enc1d1 libswresample4 libswscale7 libtag1v5 libtag1v5-vanilla
verify	Run npx playwright install --with-deps chromium firefox webkit	2026-10-09T06:23:51.0711699Z   libtheora0 libtwolame0 libudfread0 libunibreak5 libv4l-0t64
verify	Run npx playwright install --with-deps chromium firefox webkit	2026-10-09T06:23:51.0712717Z   libv4lconvert0t64 libva-drm2 libva-x11-2 libva2 libvdpau1 libvidstab1.1
verify	Run npx playwright install --with-deps chromium firefox webkit	2026-10-09T06:23:51.0713946Z   libvisual-0.4-0 libvo-aacenc0 libvo-amrwbenc0 libvorbisenc2 libvpl2 libvpx9
verify	Run npx playwright install --with-deps chromium firefox webkit	2026-10-09T06:23:51.0714974Z   libwavpack1 libwayland-server0 libwebrtc-audio-processing1 libwildmidi2
verify	Run npx playwright install --with-deps chromium firefox webkit	2026-10-09T06:23:51.0716006Z   libwoff1 libx264-164 libx265-199 libxcb-xkb1 libxkbcommon-x11-0 libxvidcore4
verify	Run npx playwright install --with-deps chromium firefox webkit	2026-10-09T06:23:51.0717057Z   libyuv0 libzbar0t64 libzimg2 libzix-0-0 libzvbi-common libzvbi0t64 libzxing3
verify	Run npx playwright install --with-deps chromium firefox webkit	2026-10-09T06:23:51.0718097Z   ocl-icd-libopencl1 session-migration timgm6mb-soundfont xfonts-cyrillic
verify	Run npx playwright install --with-deps chromium firefox webkit	2026-10-09T06:23:51.0718935Z   xfonts-encodings xfonts-scalable xfonts-utils
verify	Run npx playwright install --with-deps chromium firefox webkit	2026-10-09T06:23:51.0719614Z The following packages will be upgraded:
verify	Run npx playwright install --with-deps chromium firefox webkit	2026-10-09T06:23:51.0720251Z   libfreetype6 libpng16-16t64 libxml2 libxml2-dev
verify	Run npx playwright install --with-deps chromium firefox webkit	2026-10-09T06:23:51.0931268Z 4 upgraded, 181 newly installed, 0 to remove and 19 not upgraded.
verify	Run npx playwright install --with-deps chromium firefox webkit	2026-10-09T06:23:51.0932112Z Need to get 116 MB of archives.
verify	Run npx playwright install --with-deps chromium firefox webkit	2026-10-09T06:23:51.0932906Z After this operation, 364 MB of additional disk space will be used.
verify	Run npx playwright install --with-deps chromium firefox webkit	2026-10-09T06:23:51.0934067Z Get:1 file:/etc/apt/apt-mirrors.txt Mirrorlist [144 B]
verify	Run npx playwright install --with-deps chromium firefox webkit	2026-10-09T06:23:51.1999635Z Get:2 http://azure.archive.ubuntu.com/ubuntu noble/universe amd64 fonts-ipafont-gothic all 00303-21ubuntu1 [3513 kB]
verify	Run npx playwright install --with-deps chromium firefox webkit	2026-10-09T06:23:51.3728320Z Get:3 http://azure.archive.ubuntu.com/ubuntu noble-updates/main amd64 libxml2-dev amd64 2.9.14+dfsg-1.3ubuntu3.10 [781 kB]
verify	Run npx playwright install --with-deps chromium firefox webkit	2026-10-09T06:23:51.4738228Z Get:4 http://azure.archive.ubuntu.com/ubuntu noble-updates/main amd64 libxml2 amd64 2.9.14+dfsg-1.3ubuntu3.10 [764 kB]
verify	Run npx playwright install --with-deps chromium firefox webkit	2026-10-09T06:23:51.5754153Z Get:5 http://azure.archive.ubuntu.com/ubuntu noble-updates/main amd64 libpng16-16t64 amd64 1.6.43-5ubuntu0.7 [189 kB]
verify	Run npx playwright install --with-deps chromium firefox webkit	2026-10-09T06:23:51.6612657Z Get:6 http://azure.archive.ubuntu.com/ubuntu noble/main amd64 fonts-freefont-ttf all 20211204+svn4273-2 [5641 kB]
verify	Run npx playwright install --with-deps chromium firefox webkit	2026-10-09T06:23:51.9036538Z Get:7 http://azure.archive.ubuntu.com/ubuntu noble/universe amd64 fonts-tlwg-loma-otf all 1:0.7.3-1 [107 kB]
verify	Run npx playwright install --with-deps chromium firefox webkit	2026-10-09T06:23:51.9859473Z Get:8 http://azure.archive.ubuntu.com/ubuntu noble/universe amd64 fonts-unifont all 1:15.1.01-1build1 [2993 kB]
verify	Run npx playwright install --with-deps chromium firefox webkit	2026-10-09T06:23:52.1451298Z Get:9 http://azure.archive.ubuntu.com/ubuntu noble/universe amd64 fonts-wqy-zenhei all 0.9.45-8 [7472 kB]
verify	Run npx playwright install --with-deps chromium firefox webkit	2026-10-09T06:23:52.4193723Z Get:10 http://azure.archive.ubuntu.com/ubuntu noble/main amd64 libproxy1v5 amd64 0.5.4-4build1 [26.5 kB]
verify	Run npx playwright install --with-deps chromium firefox webkit	2026-10-09T06:23:52.5009474Z Get:11 http://azure.archive.ubuntu.com/ubuntu noble/main amd64 glib-networking-common all 2.80.0-1build1 [6702 B]
verify	Run npx playwright install --with-deps chromium firefox webkit	2026-10-09T06:23:52.5838314Z Get:12 http://azure.archive.ubuntu.com/ubuntu noble/main amd64 glib-networking-services amd64 2.80.0-1build1 [12.8 kB]
verify	Run npx playwright install --with-deps chromium firefox webkit	2026-10-09T06:23:52.6655129Z Get:13 http://azure.archive.ubuntu.com/ubuntu noble/main amd64 session-migration amd64 0.3.9build1 [9034 B]
verify	Run npx playwright install --with-deps chromium firefox webkit	2026-10-09T06:23:52.7470610Z Get:14 http://azure.archive.ubuntu.com/ubuntu noble-updates/main amd64 gsettings-desktop-schemas all 46.1-0ubuntu1 [35.6 kB]
verify	Run npx playwright install --with-deps chromium firefox webkit	2026-10-09T06:23:52.8289792Z Get:15 http://azure.archive.ubuntu.com/ubuntu noble/main amd64 glib-networking amd64 2.80.0-1build1 [64.1 kB]
verify	Run npx playwright install --with-deps chromium firefox webkit	2026-10-09T06:23:52.9112742Z Get:16 http://azure.archive.ubuntu.com/ubuntu noble-updates/universe amd64 libva2 amd64 2.20.0-2ubuntu0.2 [66.4 kB]
verify	Run npx playwright install --with-deps chromium firefox webkit	2026-10-09T06:23:52.9939190Z Get:17 http://azure.archive.ubuntu.com/ubuntu noble-updates/universe amd64 libva-drm2 amd64 2.20.0-2ubuntu0.2 [7124 B]
verify	Run npx playwright install --with-deps chromium firefox webkit	2026-10-09T06:23:53.0757958Z Get:18 http://azure.archive.ubuntu.com/ubuntu noble-updates/universe amd64 libva-x11-2 amd64 2.20.0-2ubuntu0.2 [12.0 kB]
verify	Run npx playwright install --with-deps chromium firefox webkit	2026-10-09T06:23:53.1664857Z Get:19 http://azure.archive.ubuntu.com/ubuntu noble/main amd64 libvdpau1 amd64 1.5-2build1 [27.8 kB]
verify	Run npx playwright install --with-deps chromium firefox webkit	2026-10-09T06:23:53.2490150Z Get:20 http://azure.archive.ubuntu.com/ubuntu noble/universe amd64 libvpl2 amd64 2023.3.0-1build1 [99.8 kB]
verify	Run npx playwright install --with-deps chromium firefox webkit	2026-10-09T06:23:53.3319675Z Get:21 http://azure.archive.ubuntu.com/ubuntu noble/universe amd64 ocl-icd-libopencl1 amd64 2.3.2-1build1 [38.5 kB]
verify	Run npx playwright install --with-deps chromium firefox webkit	2026-10-09T06:23:53.4143845Z Get:22 http://azure.archive.ubuntu.com/ubuntu noble/universe amd64 libavutil58 amd64 7:6.1.1-3ubuntu5 [401 kB]
verify	Run npx playwright install --with-deps chromium firefox webkit	2026-10-09T06:23:53.5052814Z Get:23 http://azure.archive.ubuntu.com/ubuntu noble/universe amd64 libcodec2-1.2 amd64 1.2.0-2build1 [8998 kB]
verify	Run npx playwright install --with-deps chromium firefox webkit	2026-10-09T06:23:53.8194058Z Get:24 http://azure.archive.ubuntu.com/ubuntu noble/universe amd64 libdav1d7 amd64 1.4.1-1build1 [604 kB]
verify	Run npx playwright install --with-deps chromium firefox webkit	2026-10-09T06:23:53.9159698Z Get:25 http://azure.archive.ubuntu.com/ubuntu noble/universe amd64 libgsm1 amd64 1.0.22-1build1 [27.8 kB]
verify	Run npx playwright install --with-deps chromium firefox webkit	2026-10-09T06:23:53.9977715Z Get:26 http://azure.archive.ubuntu.com/ubuntu noble/universe amd64 libhwy1t64 amd64 1.0.7-8.1build1 [584 kB]
verify	Run npx playwright install --with-deps chromium firefox webkit	2026-10-09T06:23:54.0939732Z Get:27 http://azure.archive.ubuntu.com/ubuntu noble-updates/universe amd64 libjxl0.7 amd64 0.7.0-10.2ubuntu6.1 [1001 kB]
verify	Run npx playwright install --with-deps chromium firefox webkit	2026-10-09T06:23:54.2008205Z Get:28 http://azure.archive.ubuntu.com/ubuntu noble/main amd64 libmp3lame0 amd64 3.100-6build1 [142 kB]
verify	Run npx playwright install --with-deps chromium firefox webkit	2026-10-09T06:23:54.2860670Z Get:29 http://azure.archive.ubuntu.com/ubuntu noble/main amd64 libopus0 amd64 1.4-1build1 [208 kB]
verify	Run npx playwright install --with-deps chromium firefox webkit	2026-10-09T06:23:54.3730912Z Get:30 http://azure.archive.ubuntu.com/ubuntu noble/universe amd64 librav1e0 amd64 0.7.1-2 [1022 kB]
verify	Run npx playwright install --with-deps chromium firefox webkit	2026-10-09T06:23:54.4802438Z Get:31 http://azure.archive.ubuntu.com/ubuntu noble-updates/main amd64 librsvg2-2 amd64 2.58.0+dfsg-1ubuntu0.1 [2141 kB]
verify	Run npx playwright install --with-deps chromium firefox webkit	2026-10-09T06:23:54.6166389Z Get:32 http://azure.archive.ubuntu.com/ubuntu noble/universe amd64 libshine3 amd64 3.1.1-2build1 [23.2 kB]
verify	Run npx playwright install --with-deps chromium firefox webkit	2026-10-09T06:23:54.6982169Z Get:33 http://azure.archive.ubuntu.com/ubuntu noble-updates/main amd64 libspeex1 amd64 1.2.1-2ubuntu2.24.04.1 [59.6 kB]
verify	Run npx playwright install --with-deps chromium firefox webkit	2026-10-09T06:23:54.7807662Z Get:34 http://azure.archive.ubuntu.com/ubuntu noble/universe amd64 libsvtav1enc1d1 amd64 1.7.0+dfsg-2build1 [2425 kB]
verify	Run npx playwright install --with-deps chromium firefox webkit	2026-10-09T06:23:54.9245620Z Get:35 http://azure.archive.ubuntu.com/ubuntu noble/universe amd64 libsoxr0 amd64 0.1.3-4build3 [80.0 kB]
verify	Run npx playwright install --with-deps chromium firefox webkit	2026-10-09T06:23:55.0071310Z Get:36 http://azure.archive.ubuntu.com/ubuntu noble/universe amd64 libswresample4 amd64 7:6.1.1-3ubuntu5 [63.8 kB]
verify	Run npx playwright install --with-deps chromium firefox webkit	2026-10-09T06:23:55.0894074Z Get:37 http://azure.archive.ubuntu.com/ubuntu noble/main amd64 libtheora0 amd64 1.1.1+dfsg.1-16.1build3 [211 kB]
verify	Run npx playwright install --with-deps chromium firefox webkit	2026-10-09T06:23:55.1758900Z Get:38 http://azure.archive.ubuntu.com/ubuntu noble/main amd64 libtwolame0 amd64 0.4.0-2build3 [52.3 kB]
verify	Run npx playwright install --with-deps chromium firefox webkit	2026-10-09T06:23:55.2722693Z Get:39 http://azure.archive.ubuntu.com/ubuntu noble/main amd64 libvorbisenc2 amd64 1.3.7-1build3 [80.8 kB]
verify	Run npx playwright install --with-deps chromium firefox webkit	2026-10-09T06:23:55.3550670Z Get:40 http://azure.archive.ubuntu.com/ubuntu noble-updates/main amd64 libvpx9 amd64 1.14.0-1ubuntu2.3 [1143 kB]
verify	Run npx playwright install --with-deps chromium firefox webkit	2026-10-09T06:23:55.4652313Z Get:41 http://azure.archive.ubuntu.com/ubuntu noble/universe amd64 libx264-164 amd64 2:0.164.3108+git31e19f9-1 [604 kB]
verify	Run npx playwright install --with-deps chromium firefox webkit	2026-10-09T06:23:55.6427496Z Get:42 http://azure.archive.ubuntu.com/ubuntu noble/universe amd64 libx265-199 amd64 3.5-2build1 [1226 kB]
verify	Run npx playwright install --with-deps chromium firefox webkit	2026-10-09T06:23:56.2840270Z Get:43 http://azure.archive.ubuntu.com/ubuntu noble/universe amd64 libxvidcore4 amd64 2:1.3.7-1build1 [219 kB]
verify	Run npx playwright install --with-deps chromium firefox webkit	2026-10-09T06:23:56.3747762Z Get:44 http://azure.archive.ubuntu.com/ubuntu noble/universe amd64 libzvbi-common all 0.2.42-2 [42.4 kB]
verify	Run npx playwright install --with-deps chromium firefox webkit	2026-10-09T06:23:56.4572404Z Get:45 http://azure.archive.ubuntu.com/ubuntu noble/universe amd64 libzvbi0t64 amd64 0.2.42-2 [261 kB]
verify	Run npx playwright install --with-deps chromium firefox webkit	2026-10-09T06:23:56.8551429Z Get:46 http://azure.archive.ubuntu.com/ubuntu noble/universe amd64 libavcodec60 amd64 7:6.1.1-3ubuntu5 [5851 kB]
verify	Run npx playwright install --with-deps chromium firefox webkit	2026-10-09T06:23:57.1434348Z Get:47 http://azure.archive.ubuntu.com/ubuntu noble-updates/main amd64 libfreetype6 amd64 2.13.2+dfsg-1ubuntu0.2 [403 kB]
verify	Run npx playwright install --with-deps chromium firefox webkit	2026-10-09T06:23:57.2275172Z Get:48 http://azure.archive.ubuntu.com/ubuntu noble/universe amd64 libunibreak5 amd64 5.1-2build1 [25.0 kB]
verify	Run npx playwright install --with-deps chromium firefox webkit	2026-10-09T06:23:57.3090329Z Get:49 http://azure.archive.ubuntu.com/ubuntu noble/universe amd64 libass9 amd64 1:0.17.1-2build1 [104 kB]
verify	Run npx playwright install --with-deps chromium firefox webkit	2026-10-09T06:23:57.4021351Z Get:50 http://azure.archive.ubuntu.com/ubuntu noble/universe amd64 libudfread0 amd64 1.1.2-1build1 [19.0 kB]
verify	Run npx playwright install --with-deps chromium firefox webkit	2026-10-09T06:23:57.4834192Z Get:51 http://azure.archive.ubuntu.com/ubuntu noble/universe amd64 libbluray2 amd64 1:1.3.4-1build1 [159 kB]
verify	Run npx playwright install --with-deps chromium firefox webkit	2026-10-09T06:23:57.5689591Z Get:52 http://azure.archive.ubuntu.com/ubuntu noble/universe amd64 libchromaprint1 amd64 1.5.1-5 [30.5 kB]
verify	Run npx playwright install --with-deps chromium firefox webkit	2026-10-09T06:23:57.6505030Z Get:53 http://azure.archive.ubuntu.com/ubuntu noble/universe amd64 libgme0 amd64 0.6.3-7build1 [134 kB]
verify	Run npx playwright install --with-deps chromium firefox webkit	2026-10-09T06:23:57.7324810Z Get:54 http://azure.archive.ubuntu.com/ubuntu noble-updates/main amd64 libmpg123-0t64 amd64 1.32.5-1ubuntu1.1 [169 kB]
verify	Run npx playwright install --with-deps chromium firefox webkit	2026-10-09T06:23:57.8215357Z Get:55 http://azure.archive.ubuntu.com/ubuntu noble/universe amd64 libopenmpt0t64 amd64 0.7.3-1.1build3 [647 kB]
verify	Run npx playwright install --with-deps chromium firefox webkit	2026-10-09T06:23:57.9071098Z Get:56 http://azure.archive.ubuntu.com/ubuntu noble/universe amd64 libcjson1 amd64 1.7.17-1 [24.8 kB]
verify	Run npx playwright install --with-deps chromium firefox webkit	2026-10-09T06:23:57.9886028Z Get:57 http://azure.archive.ubuntu.com/ubuntu noble/universe amd64 libmbedcrypto7t64 amd64 2.28.8-1 [209 kB]
verify	Run npx playwright install --with-deps chromium firefox webkit	2026-10-09T06:23:58.0712359Z Get:58 http://azure.archive.ubuntu.com/ubuntu noble/universe amd64 librist4 amd64 0.2.10+dfsg-2 [74.9 kB]
verify	Run npx playwright install --with-deps chromium firefox webkit	2026-10-09T06:23:58.1535798Z Get:59 http://azure.archive.ubuntu.com/ubuntu noble/universe amd64 libsrt1.5-gnutls amd64 1.5.3-1build2 [316 kB]
verify	Run npx playwright install --with-deps chromium firefox webkit	2026-10-09T06:23:58.2372551Z Get:60 http://azure.archive.ubuntu.com/ubuntu noble-updates/main amd64 libssh-gcrypt-4 amd64 0.10.6-2ubuntu0.5 [226 kB]
verify	Run npx playwright install --with-deps chromium firefox webkit	2026-10-09T06:23:58.3200035Z Get:61 http://azure.archive.ubuntu.com/ubuntu noble/universe amd64 libavformat60 amd64 7:6.1.1-3ubuntu5 [1153 kB]
verify	Run npx playwright install --with-deps chromium firefox webkit	2026-10-09T06:23:58.4110970Z Get:62 http://azure.archive.ubuntu.com/ubuntu noble/universe amd64 libbs2b0 amd64 3.1.0+dfsg-7build1 [10.6 kB]
verify	Run npx playwright install --with-deps chromium firefox webkit	2026-10-09T06:23:58.4923792Z Get:63 http://azure.archive.ubuntu.com/ubuntu noble/universe amd64 libflite1 amd64 2.2-6build3 [13.6 MB]
verify	Run npx playwright install --with-deps chromium firefox webkit	2026-10-09T06:23:58.9078589Z Get:64 http://azure.archive.ubuntu.com/ubuntu noble/universe amd64 libserd-0-0 amd64 0.32.2-1 [43.6 kB]
verify	Run npx playwright install --with-deps chromium firefox webkit	2026-10-09T06:23:58.9897258Z Get:65 http://azure.archive.ubuntu.com/ubuntu noble/universe amd64 libzix-0-0 amd64 0.4.2-2build1 [23.6 kB]
verify	Run npx playwright install --with-deps chromium firefox webkit	2026-10-09T06:23:59.0711021Z Get:66 http://azure.archive.ubuntu.com/ubuntu noble/universe amd64 libsord-0-0 amd64 0.16.16-2build1 [15.8 kB]
verify	Run npx playwright install --with-deps chromium firefox webkit	2026-10-09T06:23:59.1524196Z Get:67 http://azure.archive.ubuntu.com/ubuntu noble/universe amd64 libsratom-0-0 amd64 0.6.16-1build1 [17.3 kB]
verify	Run npx playwright install --with-deps chromium firefox webkit	2026-10-09T06:23:59.2352604Z Get:68 http://azure.archive.ubuntu.com/ubuntu noble/universe amd64 liblilv-0-0 amd64 0.24.22-1build1 [41.0 kB]
verify	Run npx playwright install --with-deps chromium firefox webkit	2026-10-09T06:23:59.3232402Z Get:69 http://azure.archive.ubuntu.com/ubuntu noble/universe amd64 libmysofa1 amd64 1.3.2+dfsg-2ubuntu2 [1158 kB]
verify	Run npx playwright install --with-deps chromium firefox webkit	2026-10-09T06:23:59.4507409Z Get:70 http://azure.archive.ubuntu.com/ubuntu noble/universe amd64 libplacebo338 amd64 6.338.2-2build1 [2654 kB]
verify	Run npx playwright install --with-deps chromium firefox webkit	2026-10-09T06:23:59.6011367Z Get:71 http://azure.archive.ubuntu.com/ubuntu noble-updates/main amd64 libblas3 amd64 3.12.0-3build1.1 [238 kB]
verify	Run npx playwright install --with-deps chromium firefox webkit	2026-10-09T06:23:59.6872909Z Get:72 http://azure.archive.ubuntu.com/ubuntu noble-updates/main amd64 liblapack3 amd64 3.12.0-3build1.1 [2646 kB]
verify	Run npx playwright install --with-deps chromium firefox webkit	2026-10-09T06:23:59.8385892Z Get:73 http://azure.archive.ubuntu.com/ubuntu noble/main amd64 libasyncns0 amd64 0.8-6build4 [11.3 kB]
verify	Run npx playwright install --with-deps chromium firefox webkit	2026-10-09T06:23:59.9199181Z Get:74 http://azure.archive.ubuntu.com/ubuntu noble/main amd64 libflac12t64 amd64 1.4.3+ds-2.1ubuntu2 [197 kB]
verify	Run npx playwright install --with-deps chromium firefox webkit	2026-10-09T06:24:00.0058359Z Get:75 http://azure.archive.ubuntu.com/ubuntu noble-updates/main amd64 libsndfile1 amd64 1.2.2-1ubuntu5.24.04.1 [209 kB]
verify	Run npx playwright install --with-deps chromium firefox webkit	2026-10-09T06:24:00.0913728Z Get:76 http://azure.archive.ubuntu.com/ubuntu noble-updates/main amd64 libpulse0 amd64 1:16.1+dfsg1-2ubuntu10.1 [292 kB]
verify	Run npx playwright install --with-deps chromium firefox webkit	2026-10-09T06:24:00.1793173Z Get:77 http://azure.archive.ubuntu.com/ubuntu noble/universe amd64 libsphinxbase3t64 amd64 0.8+5prealpha+1-17build2 [126 kB]
verify	Run npx playwright install --with-deps chromium firefox webkit	2026-10-09T06:24:00.2630601Z Get:78 http://azure.archive.ubuntu.com/ubuntu noble/universe amd64 libpocketsphinx3 amd64 0.8.0+real5prealpha+1-15ubuntu5 [133 kB]
verify	Run npx playwright install --with-deps chromium firefox webkit	2026-10-09T06:24:00.3541003Z Get:79 http://azure.archive.ubuntu.com/ubuntu noble/universe amd64 libpostproc57 amd64 7:6.1.1-3ubuntu5 [49.9 kB]
verify	Run npx playwright install --with-deps chromium firefox webkit	2026-10-09T06:24:00.4364264Z Get:80 http://azure.archive.ubuntu.com/ubuntu noble/main amd64 libsamplerate0 amd64 0.2.2-4build1 [1344 kB]
verify	Run npx playwright install --with-deps chromium firefox webkit	2026-10-09T06:24:00.5516097Z Get:81 http://azure.archive.ubuntu.com/ubuntu noble/universe amd64 librubberband2 amd64 3.3.0+dfsg-2build1 [130 kB]
verify	Run npx playwright install --with-deps chromium firefox webkit	2026-10-09T06:24:00.6353089Z Get:82 http://azure.archive.ubuntu.com/ubuntu noble/universe amd64 libswscale7 amd64 7:6.1.1-3ubuntu5 [193 kB]
verify	Run npx playwright install --with-deps chromium firefox webkit	2026-10-09T06:24:00.7210221Z Get:83 http://azure.archive.ubuntu.com/ubuntu noble/universe amd64 libvidstab1.1 amd64 1.1.0-2build1 [38.5 kB]
verify	Run npx playwright install --with-deps chromium firefox webkit	2026-10-09T06:24:00.8027643Z Get:84 http://azure.archive.ubuntu.com/ubuntu noble/universe amd64 libzimg2 amd64 3.0.5+ds1-1build1 [254 kB]
verify	Run npx playwright install --with-deps chromium firefox webkit	2026-10-09T06:24:00.8907036Z Get:85 http://azure.archive.ubuntu.com/ubuntu noble/universe amd64 libavfilter9 amd64 7:6.1.1-3ubuntu5 [4235 kB]
verify	Run npx playwright install --with-deps chromium firefox webkit	2026-10-09T06:24:01.0821687Z Get:86 http://azure.archive.ubuntu.com/ubuntu noble-updates/main amd64 liborc-0.4-0t64 amd64 1:0.4.38-1ubuntu0.1 [207 kB]
verify	Run npx playwright install --with-deps chromium firefox webkit	2026-10-09T06:24:01.1679343Z Get:87 http://azure.archive.ubuntu.com/ubuntu noble-updates/main amd64 libgstreamer-plugins-base1.0-0 amd64 1.24.2-1ubuntu0.5 [862 kB]
verify	Run npx playwright install --with-deps chromium firefox webkit	2026-10-09T06:24:01.2707885Z Get:88 http://azure.archive.ubuntu.com/ubuntu noble/universe amd64 gstreamer1.0-libav amd64 1.24.1-1build1 [103 kB]
verify	Run npx playwright install --with-deps chromium firefox webkit	2026-10-09T06:24:01.3536544Z Get:89 http://azure.archive.ubuntu.com/ubuntu noble/main amd64 libcdparanoia0 amd64 3.10.2+debian-14build3 [48.5 kB]
verify	Run npx playwright install --with-deps chromium firefox webkit	2026-10-09T06:24:01.4354658Z Get:90 http://azure.archive.ubuntu.com/ubuntu noble/main amd64 libvisual-0.4-0 amd64 0.4.2-2build1 [115 kB]
verify	Run npx playwright install --with-deps chromium firefox webkit	2026-10-09T06:24:01.5192809Z Get:91 http://azure.archive.ubuntu.com/ubuntu noble-updates/main amd64 gstreamer1.0-plugins-base amd64 1.24.2-1ubuntu0.5 [721 kB]
verify	Run npx playwright install --with-deps chromium firefox webkit	2026-10-09T06:24:01.6182690Z Get:92 http://azure.archive.ubuntu.com/ubuntu noble/main amd64 libaa1 amd64 1.4p5-51.1 [49.9 kB]
verify	Run npx playwright install --with-deps chromium firefox webkit	2026-10-09T06:24:01.7000783Z Get:93 http://azure.archive.ubuntu.com/ubuntu noble/main amd64 libraw1394-11 amd64 2.1.2-2build3 [26.2 kB]
verify	Run npx playwright install --with-deps chromium firefox webkit	2026-10-09T06:24:01.7817558Z Get:94 http://azure.archive.ubuntu.com/ubuntu noble/main amd64 libavc1394-0 amd64 0.5.4-5build3 [15.4 kB]
verify	Run npx playwright install --with-deps chromium firefox webkit	2026-10-09T06:24:01.8635742Z Get:95 http://azure.archive.ubuntu.com/ubuntu noble-updates/main amd64 libcaca0 amd64 0.99.beta20-4ubuntu0.2 [209 kB]
verify	Run npx playwright install --with-deps chromium firefox webkit	2026-10-09T06:24:01.9497330Z Get:96 http://azure.archive.ubuntu.com/ubuntu noble/main amd64 libdv4t64 amd64 1.0.0-17.1build1 [63.2 kB]
verify	Run npx playwright install --with-deps chromium firefox webkit	2026-10-09T06:24:02.0329136Z Get:97 http://azure.archive.ubuntu.com/ubuntu noble-updates/main amd64 libgstreamer-plugins-good1.0-0 amd64 1.24.2-1ubuntu1.8 [34.3 kB]
verify	Run npx playwright install --with-deps chromium firefox webkit	2026-10-09T06:24:02.1145605Z Get:98 http://azure.archive.ubuntu.com/ubuntu noble/main amd64 libiec61883-0 amd64 1.2.0-6build1 [24.5 kB]
verify	Run npx playwright install --with-deps chromium firefox webkit	2026-10-09T06:24:02.1958161Z Get:99 http://azure.archive.ubuntu.com/ubuntu noble/main amd64 libshout3 amd64 2.4.6-1build2 [50.3 kB]
verify	Run npx playwright install --with-deps chromium firefox webkit	2026-10-09T06:24:02.2784093Z Get:100 http://azure.archive.ubuntu.com/ubuntu noble/main amd64 libtag1v5-vanilla amd64 1.13.1-1build1 [326 kB]
verify	Run npx playwright install --with-deps chromium firefox webkit	2026-10-09T06:24:02.3680568Z Get:101 http://azure.archive.ubuntu.com/ubuntu noble/main amd64 libtag1v5 amd64 1.13.1-1build1 [11.7 kB]
verify	Run npx playwright install --with-deps chromium firefox webkit	2026-10-09T06:24:02.4494118Z Get:102 http://azure.archive.ubuntu.com/ubuntu noble/main amd64 libv4lconvert0t64 amd64 1.26.1-4build3 [87.6 kB]
verify	Run npx playwright install --with-deps chromium firefox webkit	2026-10-09T06:24:02.5350042Z Get:103 http://azure.archive.ubuntu.com/ubuntu noble/main amd64 libv4l-0t64 amd64 1.26.1-4build3 [46.9 kB]
verify	Run npx playwright install --with-deps chromium firefox webkit	2026-10-09T06:24:02.6183725Z Get:104 http://azure.archive.ubuntu.com/ubuntu noble/main amd64 libwavpack1 amd64 5.6.0-1build1 [84.6 kB]
verify	Run npx playwright install --with-deps chromium firefox webkit	2026-10-09T06:24:02.7010005Z Get:105 http://azure.archive.ubuntu.com/ubuntu noble-updates/main amd64 libsoup-3.0-common all 3.4.4-5ubuntu0.9 [12.3 kB]
verify	Run npx playwright install --with-deps chromium firefox webkit	2026-10-09T06:24:02.7836128Z Get:106 http://azure.archive.ubuntu.com/ubuntu noble-updates/main amd64 libsoup-3.0-0 amd64 3.4.4-5ubuntu0.9 [291 kB]
verify	Run npx playwright install --with-deps chromium firefox webkit	2026-10-09T06:24:02.8686478Z Get:107 http://azure.archive.ubuntu.com/ubuntu noble-updates/main amd64 gstreamer1.0-plugins-good amd64 1.24.2-1ubuntu1.8 [2236 kB]
verify	Run npx playwright install --with-deps chromium firefox webkit	2026-10-09T06:24:02.9711695Z Get:108 http://azure.archive.ubuntu.com/ubuntu noble-updates/main amd64 libabsl20220623t64 amd64 20220623.1-3.1ubuntu3.2 [423 kB]
verify	Run npx playwright install --with-deps chromium firefox webkit	2026-10-09T06:24:03.0565069Z Get:109 http://azure.archive.ubuntu.com/ubuntu noble/universe amd64 libgav1-1 amd64 0.18.0-1build3 [357 kB]
verify	Run npx playwright install --with-deps chromium firefox webkit	2026-10-09T06:24:03.1424139Z Get:110 http://azure.archive.ubuntu.com/ubuntu noble/universe amd64 libyuv0 amd64 0.0~git202401110.af6ac82-1 [178 kB]
verify	Run npx playwright install --with-deps chromium firefox webkit	2026-10-09T06:24:03.2259790Z Get:111 http://azure.archive.ubuntu.com/ubuntu noble/universe amd64 libavif16 amd64 1.0.4-1ubuntu3 [91.2 kB]
verify	Run npx playwright install --with-deps chromium firefox webkit	2026-10-09T06:24:03.3089354Z Get:112 http://azure.archive.ubuntu.com/ubuntu noble/universe amd64 libavtp0 amd64 0.2.0-1build1 [6414 B]
verify	Run npx playwright install --with-deps chromium firefox webkit	2026-10-09T06:24:03.3915148Z Get:113 http://azure.archive.ubuntu.com/ubuntu noble/main amd64 libcairo-script-interpreter2 amd64 1.18.0-3build1 [60.3 kB]
verify	Run npx playwright install --with-deps chromium firefox webkit	2026-10-09T06:24:03.4743769Z Get:114 http://azure.archive.ubuntu.com/ubuntu noble/universe amd64 libdc1394-25 amd64 2.2.6-4build1 [90.1 kB]
verify	Run npx playwright install --with-deps chromium firefox webkit	2026-10-09T06:24:03.5577103Z Get:115 http://azure.archive.ubuntu.com/ubuntu noble-updates/main amd64 libde265-0 amd64 1.0.15-1ubuntu0.2 [167 kB]
verify	Run npx playwright install --with-deps chromium firefox webkit	2026-10-09T06:24:03.6439272Z Get:116 http://azure.archive.ubuntu.com/ubuntu noble/main amd64 libdecor-0-0 amd64 0.2.2-1build2 [16.5 kB]
verify	Run npx playwright install --with-deps chromium firefox webkit	2026-10-09T06:24:03.7262292Z Get:117 http://azure.archive.ubuntu.com/ubuntu noble/main amd64 libgles2 amd64 1.7.0-1build1 [17.1 kB]
verify	Run npx playwright install --with-deps chromium firefox webkit	2026-10-09T06:24:03.8367641Z Get:118 http://azure.archive.ubuntu.com/ubuntu noble/universe amd64 libdirectfb-1.7-7t64 amd64 1.7.7-11.1ubuntu2 [1035 kB]
verify	Run npx playwright install --with-deps chromium firefox webkit	2026-10-09T06:24:03.9318775Z Get:119 http://azure.archive.ubuntu.com/ubuntu noble/universe amd64 libdvdread8t64 amd64 6.1.3-1.1build1 [54.7 kB]
verify	Run npx playwright install --with-deps chromium firefox webkit	2026-10-09T06:24:04.0886866Z Get:120 http://azure.archive.ubuntu.com/ubuntu noble/universe amd64 libdvdnav4 amd64 6.1.1-3build1 [39.5 kB]
verify	Run npx playwright install --with-deps chromium firefox webkit	2026-10-09T06:24:04.1827785Z Get:121 http://azure.archive.ubuntu.com/ubuntu noble-updates/main amd64 libegl-mesa0 amd64 25.2.8-0ubuntu0.24.04.4 [117 kB]
verify	Run npx playwright install --with-deps chromium firefox webkit	2026-10-09T06:24:04.2788402Z Get:122 http://azure.archive.ubuntu.com/ubuntu noble-updates/main amd64 libevent-2.1-7t64 amd64 2.1.12-stable-9ubuntu2.2 [146 kB]
verify	Run npx playwright install --with-deps chromium firefox webkit	2026-10-09T06:24:04.3878760Z Get:123 http://azure.archive.ubuntu.com/ubuntu noble/universe amd64 libfaad2 amd64 2.11.1-1build1 [207 kB]
verify	Run npx playwright install --with-deps chromium firefox webkit	2026-10-09T06:24:04.4829144Z Get:124 http://azure.archive.ubuntu.com/ubuntu noble/universe amd64 libinstpatch-1.0-2 amd64 1.1.6-1build2 [251 kB]
verify	Run npx playwright install --with-deps chromium firefox webkit	2026-10-09T06:24:04.5690240Z Get:125 http://azure.archive.ubuntu.com/ubuntu noble/main amd64 libjack-jackd2-0 amd64 1.9.21~dfsg-3ubuntu3 [289 kB]
verify	Run npx playwright install --with-deps chromium firefox webkit	2026-10-09T06:24:04.6535016Z Get:126 http://azure.archive.ubuntu.com/ubuntu noble/main amd64 libwebrtc-audio-processing1 amd64 0.3.1-0ubuntu6 [290 kB]
verify	Run npx playwright install --with-deps chromium firefox webkit	2026-10-09T06:24:04.7380245Z Get:127 http://azure.archive.ubuntu.com/ubuntu noble-updates/main amd64 libspa-0.2-modules amd64 1.0.5-1ubuntu3.3 [628 kB]
verify	Run npx playwright install --with-deps chromium firefox webkit	2026-10-09T06:24:04.8257575Z Get:128 http://azure.archive.ubuntu.com/ubuntu noble-updates/main amd64 libpipewire-0.3-0t64 amd64 1.0.5-1ubuntu3.3 [252 kB]
verify	Run npx playwright install --with-deps chromium firefox webkit	2026-10-09T06:24:04.9097717Z Get:129 http://azure.archive.ubuntu.com/ubuntu noble-updates/main amd64 libsdl2-2.0-0 amd64 2.30.0+dfsg-1ubuntu3.1 [686 kB]
verify	Run npx playwright install --with-deps chromium firefox webkit	2026-10-09T06:24:04.9978286Z Get:130 http://azure.archive.ubuntu.com/ubuntu noble/universe amd64 timgm6mb-soundfont all 1.3-5 [5427 kB]
verify	Run npx playwright install --with-deps chromium firefox webkit	2026-10-09T06:24:05.1856729Z Get:131 http://azure.archive.ubuntu.com/ubuntu noble/universe amd64 libfluidsynth3 amd64 2.3.4-1build3 [249 kB]
verify	Run npx playwright install --with-deps chromium firefox webkit	2026-10-09T06:24:05.2694765Z Get:132 http://azure.archive.ubuntu.com/ubuntu noble/main amd64 libfreeaptx0 amd64 0.1.1-2build1 [13.5 kB]
verify	Run npx playwright install --with-deps chromium firefox webkit	2026-10-09T06:24:05.3529538Z Get:133 http://azure.archive.ubuntu.com/ubuntu noble/main amd64 libgraphene-1.0-0 amd64 1.10.8-3build2 [46.2 kB]
verify	Run npx playwright install --with-deps chromium firefox webkit	2026-10-09T06:24:05.4365116Z Get:134 http://azure.archive.ubuntu.com/ubuntu noble/main amd64 libgssdp-1.6-0 amd64 1.6.3-1build3 [40.4 kB]
verify	Run npx playwright install --with-deps chromium firefox webkit	2026-10-09T06:24:05.5189156Z Get:135 http://azure.archive.ubuntu.com/ubuntu noble/main amd64 libegl1 amd64 1.7.0-1build1 [28.7 kB]
verify	Run npx playwright install --with-deps chromium firefox webkit	2026-10-09T06:24:05.6016377Z Get:136 http://azure.archive.ubuntu.com/ubuntu noble-updates/main amd64 libgstreamer-gl1.0-0 amd64 1.24.2-1ubuntu0.5 [214 kB]
verify	Run npx playwright install --with-deps chromium firefox webkit	2026-10-09T06:24:05.6854111Z Get:137 http://azure.archive.ubuntu.com/ubuntu noble-updates/main amd64 libgtk-4-common all 4.14.5+ds-0ubuntu0.10 [1497 kB]
verify	Run npx playwright install --with-deps chromium firefox webkit	2026-10-09T06:24:05.8618318Z Get:138 http://azure.archive.ubuntu.com/ubuntu noble-updates/main amd64 libgtk-4-1 amd64 4.14.5+ds-0ubuntu0.10 [3295 kB]
verify	Run npx playwright install --with-deps chromium firefox webkit	2026-10-09T06:24:06.6141056Z Get:139 http://azure.archive.ubuntu.com/ubuntu noble/main amd64 libgupnp-1.6-0 amd64 1.6.6-1build3 [92.7 kB]
verify	Run npx playwright install --with-deps chromium firefox webkit	2026-10-09T06:24:06.6968535Z Get:140 http://azure.archive.ubuntu.com/ubuntu noble/universe amd64 libgupnp-igd-1.6-0 amd64 1.6.0-3build3 [16.5 kB]
verify	Run npx playwright install --with-deps chromium firefox webkit	2026-10-09T06:24:06.7785378Z Get:141 http://azure.archive.ubuntu.com/ubuntu noble/main amd64 libharfbuzz-icu0 amd64 8.3.0-2build2 [13.3 kB]
verify	Run npx playwright install --with-deps chromium firefox webkit	2026-10-09T06:24:06.8605941Z Get:142 http://azure.archive.ubuntu.com/ubuntu noble/main amd64 libhyphen0 amd64 2.8.8-7build3 [26.5 kB]
verify	Run npx playwright install --with-deps chromium firefox webkit	2026-10-09T06:24:06.9424528Z Get:143 http://azure.archive.ubuntu.com/ubuntu noble/universe amd64 libimath-3-1-29t64 amd64 3.1.9-3.1ubuntu2 [72.2 kB]
verify	Run npx playwright install --with-deps chromium firefox webkit	2026-10-09T06:24:07.0249386Z Get:144 http://azure.archive.ubuntu.com/ubuntu noble/main amd64 liblc3-1 amd64 1.0.4-3build1 [69.7 kB]
verify	Run npx playwright install --with-deps chromium firefox webkit	2026-10-09T06:24:07.1071716Z Get:145 http://azure.archive.ubuntu.com/ubuntu noble/main amd64 libldacbt-enc2 amd64 2.0.2.3+git20200429+ed310a0-4ubuntu2 [27.1 kB]
verify	Run npx playwright install --with-deps chromium firefox webkit	2026-10-09T06:24:07.1891984Z Get:146 http://azure.archive.ubuntu.com/ubuntu noble-updates/main amd64 libraptor2-0 amd64 2.0.16-3ubuntu0.1 [165 kB]
verify	Run npx playwright install --with-deps chromium firefox webkit	2026-10-09T06:24:07.2720047Z Get:147 http://azure.archive.ubuntu.com/ubuntu noble/universe amd64 liblrdf0 amd64 0.6.1-4build1 [18.5 kB]
verify	Run npx playwright install --with-deps chromium firefox webkit	2026-10-09T06:24:07.3537802Z Get:148 http://azure.archive.ubuntu.com/ubuntu noble/universe amd64 libltc11 amd64 1.3.2-1build1 [13.0 kB]
verify	Run npx playwright install --with-deps chromium firefox webkit	2026-10-09T06:24:07.4389368Z Get:149 http://azure.archive.ubuntu.com/ubuntu noble/main amd64 libmanette-0.2-0 amd64 0.2.7-1build2 [30.6 kB]
verify	Run npx playwright install --with-deps chromium firefox webkit	2026-10-09T06:24:07.5208854Z Get:150 http://azure.archive.ubuntu.com/ubuntu noble/universe amd64 libmfx1 amd64 22.5.4-1 [3124 kB]
verify	Run npx playwright install --with-deps chromium firefox webkit	2026-10-09T06:24:07.6564071Z Get:151 http://azure.archive.ubuntu.com/ubuntu noble/universe amd64 libmjpegutils-2.1-0t64 amd64 1:2.1.0+debian-8.1build1 [25.5 kB]
verify	Run npx playwright install --with-deps chromium firefox webkit	2026-10-09T06:24:07.7396510Z Get:152 http://azure.archive.ubuntu.com/ubuntu noble/universe amd64 libmodplug1 amd64 1:0.8.9.0-3build1 [166 kB]
verify	Run npx playwright install --with-deps chromium firefox webkit	2026-10-09T06:24:07.8230017Z Get:153 http://azure.archive.ubuntu.com/ubuntu noble/universe amd64 libmpcdec6 amd64 2:0.1~r495-2build1 [32.7 kB]
verify	Run npx playwright install --with-deps chromium firefox webkit	2026-10-09T06:24:07.9047114Z Get:154 http://azure.archive.ubuntu.com/ubuntu noble/universe amd64 libmpeg2encpp-2.1-0t64 amd64 1:2.1.0+debian-8.1build1 [75.6 kB]
verify	Run npx playwright install --with-deps chromium firefox webkit	2026-10-09T06:24:07.9868807Z Get:155 http://azure.archive.ubuntu.com/ubuntu noble/universe amd64 libmplex2-2.1-0t64 amd64 1:2.1.0+debian-8.1build1 [46.1 kB]
verify	Run npx playwright install --with-deps chromium firefox webkit	2026-10-09T06:24:08.0704776Z Get:156 http://azure.archive.ubuntu.com/ubuntu noble/universe amd64 libneon27t64 amd64 0.33.0-1.1build3 [102 kB]
verify	Run npx playwright install --with-deps chromium firefox webkit	2026-10-09T06:24:08.1527006Z Get:157 http://azure.archive.ubuntu.com/ubuntu noble/universe amd64 libnice10 amd64 0.1.21-2build3 [157 kB]
verify	Run npx playwright install --with-deps chromium firefox webkit	2026-10-09T06:24:08.2359284Z Get:158 http://azure.archive.ubuntu.com/ubuntu noble/universe amd64 libopenal-data all 1:1.23.1-4build1 [161 kB]
verify	Run npx playwright install --with-deps chromium firefox webkit	2026-10-09T06:24:08.3188450Z Get:159 http://azure.archive.ubuntu.com/ubuntu noble/universe amd64 libopenexr-3-1-30 amd64 3.1.5-5.1build3 [1004 kB]
verify	Run npx playwright install --with-deps chromium firefox webkit	2026-10-09T06:24:08.4146678Z Get:160 http://azure.archive.ubuntu.com/ubuntu noble/universe amd64 libopenh264-7 amd64 2.4.1+dfsg-1 [409 kB]
verify	Run npx playwright install --with-deps chromium firefox webkit	2026-10-09T06:24:08.5015559Z Get:161 http://azure.archive.ubuntu.com/ubuntu noble/universe amd64 libopenni2-0 amd64 2.2.0.33+dfsg-18 [370 kB]
verify	Run npx playwright install --with-deps chromium firefox webkit	2026-10-09T06:24:08.5875299Z Get:162 http://azure.archive.ubuntu.com/ubuntu noble/universe amd64 libqrencode4 amd64 4.1.1-1build2 [25.0 kB]
verify	Run npx playwright install --with-deps chromium firefox webkit	2026-10-09T06:24:08.6693786Z Get:163 http://azure.archive.ubuntu.com/ubuntu noble/main amd64 libsecret-common all 0.21.4-1build3 [4962 B]
verify	Run npx playwright install --with-deps chromium firefox webkit	2026-10-09T06:24:08.7510009Z Get:164 http://azure.archive.ubuntu.com/ubuntu noble/main amd64 libsecret-1-0 amd64 0.21.4-1build3 [116 kB]
verify	Run npx playwright install --with-deps chromium firefox webkit	2026-10-09T06:24:08.8333156Z Get:165 http://azure.archive.ubuntu.com/ubuntu noble/universe amd64 libsndio7.0 amd64 1.9.0-0.3build3 [29.6 kB]
verify	Run npx playwright install --with-deps chromium firefox webkit	2026-10-09T06:24:08.9168356Z Get:166 http://azure.archive.ubuntu.com/ubuntu noble/universe amd64 libsoundtouch1 amd64 2.3.2+ds1-1build1 [60.5 kB]
verify	Run npx playwright install --with-deps chromium firefox webkit	2026-10-09T06:24:08.9988955Z Get:167 http://azure.archive.ubuntu.com/ubuntu noble/universe amd64 libspandsp2t64 amd64 0.0.6+dfsg-2.1build1 [311 kB]
verify	Run npx playwright install --with-deps chromium firefox webkit	2026-10-09T06:24:09.0838144Z Get:168 http://azure.archive.ubuntu.com/ubuntu noble/universe amd64 libsrtp2-1 amd64 2.5.0-3build1 [41.9 kB]
verify	Run npx playwright install --with-deps chromium firefox webkit	2026-10-09T06:24:09.1658631Z Get:169 http://azure.archive.ubuntu.com/ubuntu noble/main amd64 libwayland-server0 amd64 1.22.0-2.1build1 [33.9 kB]
verify	Run npx playwright install --with-deps chromium firefox webkit	2026-10-09T06:24:09.2477881Z Get:170 http://azure.archive.ubuntu.com/ubuntu noble/universe amd64 libwildmidi2 amd64 0.4.3-1build3 [68.5 kB]
verify	Run npx playwright install --with-deps chromium firefox webkit	2026-10-09T06:24:09.3296681Z Get:171 http://azure.archive.ubuntu.com/ubuntu noble/main amd64 libwoff1 amd64 1.0.2-2build1 [45.3 kB]
verify	Run npx playwright install --with-deps chromium firefox webkit	2026-10-09T06:24:09.4117570Z Get:172 http://azure.archive.ubuntu.com/ubuntu noble/main amd64 libxcb-xkb1 amd64 1.15-1ubuntu2 [32.3 kB]
verify	Run npx playwright install --with-deps chromium firefox webkit	2026-10-09T06:24:09.4932780Z Get:173 http://azure.archive.ubuntu.com/ubuntu noble/main amd64 libxkbcommon-x11-0 amd64 1.6.0-1build1 [14.5 kB]
verify	Run npx playwright install --with-deps chromium firefox webkit	2026-10-09T06:24:09.5751540Z Get:174 http://azure.archive.ubuntu.com/ubuntu noble/universe amd64 libzbar0t64 amd64 0.23.93-4build3 [123 kB]
verify	Run npx playwright install --with-deps chromium firefox webkit	2026-10-09T06:24:09.6581302Z Get:175 http://azure.archive.ubuntu.com/ubuntu noble/universe amd64 libzxing3 amd64 2.2.1-3 [583 kB]
verify	Run npx playwright install --with-deps chromium firefox webkit	2026-10-09T06:24:09.7474092Z Get:176 http://azure.archive.ubuntu.com/ubuntu noble/main amd64 xfonts-encodings all 1:1.0.5-0ubuntu2 [578 kB]
verify	Run npx playwright install --with-deps chromium firefox webkit	2026-10-09T06:24:09.8390589Z Get:177 http://azure.archive.ubuntu.com/ubuntu noble/main amd64 xfonts-utils amd64 1:7.7+6build3 [94.4 kB]
verify	Run npx playwright install --with-deps chromium firefox webkit	2026-10-09T06:24:09.9272494Z Get:178 http://azure.archive.ubuntu.com/ubuntu noble/universe amd64 xfonts-cyrillic all 1:1.0.5+nmu1 [384 kB]
verify	Run npx playwright install --with-deps chromium firefox webkit	2026-10-09T06:24:10.0134201Z Get:179 http://azure.archive.ubuntu.com/ubuntu noble/main amd64 xfonts-scalable all 1:1.0.3-1.3 [304 kB]
verify	Run npx playwright install --with-deps chromium firefox webkit	2026-10-09T06:24:10.0986420Z Get:180 http://azure.archive.ubuntu.com/ubuntu noble/universe amd64 libgstreamer-plugins-bad1.0-0 amd64 1.24.2-1ubuntu4 [797 kB]
verify	Run npx playwright install --with-deps chromium firefox webkit	2026-10-09T06:24:10.1914856Z Get:181 http://azure.archive.ubuntu.com/ubuntu noble/universe amd64 libdca0 amd64 0.0.7-2build1 [93.8 kB]
verify	Run npx playwright install --with-deps chromium firefox webkit	2026-10-09T06:24:10.2738351Z Get:182 http://azure.archive.ubuntu.com/ubuntu noble/universe amd64 libopenal1 amd64 1:1.23.1-4build1 [540 kB]
verify	Run npx playwright install --with-deps chromium firefox webkit	2026-10-09T06:24:10.3625259Z Get:183 http://azure.archive.ubuntu.com/ubuntu noble/main amd64 libsbc1 amd64 2.0-1build1 [33.9 kB]
verify	Run npx playwright install --with-deps chromium firefox webkit	2026-10-09T06:24:10.4445030Z Get:184 http://azure.archive.ubuntu.com/ubuntu noble/universe amd64 libvo-aacenc0 amd64 0.1.3-2build1 [67.8 kB]
verify	Run npx playwright install --with-deps chromium firefox webkit	2026-10-09T06:24:10.5264023Z Get:185 http://azure.archive.ubuntu.com/ubuntu noble/universe amd64 libvo-amrwbenc0 amd64 0.1.3-2build1 [76.7 kB]
verify	Run npx playwright install --with-deps chromium firefox webkit	2026-10-09T06:24:10.6087831Z Get:186 http://azure.archive.ubuntu.com/ubuntu noble/universe amd64 gstreamer1.0-plugins-bad amd64 1.24.2-1ubuntu4 [3081 kB]
verify	Run npx playwright install --with-deps chromium firefox webkit	2026-10-09T06:24:11.0596135Z Fetched 116 MB in 20s (5942 kB/s)
verify	Run npx playwright install --with-deps chromium firefox webkit	2026-10-09T06:24:11.0880033Z Selecting previously unselected package fonts-ipafont-gothic.
verify	Run npx playwright install --with-deps chromium firefox webkit	2026-10-09T06:24:11.1204503Z (Reading database ... 
verify	Run npx playwright install --with-deps chromium firefox webkit	2026-10-09T06:24:11.1205514Z (Reading database ... 5%
verify	Run npx playwright install --with-deps chromium firefox webkit	2026-10-09T06:24:11.1206211Z (Reading database ... 10%
verify	Run npx playwright install --with-deps chromium firefox webkit	2026-10-09T06:24:11.1206713Z (Reading database ... 15%
verify	Run npx playwright install --with-deps chromium firefox webkit	2026-10-09T06:24:11.1207148Z (Reading database ... 20%
verify	Run npx playwright install --with-deps chromium firefox webkit	2026-10-09T06:24:11.1207642Z (Reading database ... 25%
verify	Run npx playwright install --with-deps chromium firefox webkit	2026-10-09T06:24:11.1208226Z (Reading database ... 30%
verify	Run npx playwright install --with-deps chromium firefox webkit	2026-10-09T06:24:11.1208720Z (Reading database ... 35%
verify	Run npx playwright install --with-deps chromium firefox webkit	2026-10-09T06:24:11.1209146Z (Reading database ... 40%
verify	Run npx playwright install --with-deps chromium firefox webkit	2026-10-09T06:24:11.1209587Z (Reading database ... 45%
verify	Run npx playwright install --with-deps chromium firefox webkit	2026-10-09T06:24:11.1210010Z (Reading database ... 50%
verify	Run npx playwright install --with-deps chromium firefox webkit	2026-10-09T06:24:11.1286634Z (Reading database ... 55%
verify	Run npx playwright install --with-deps chromium firefox webkit	2026-10-09T06:24:11.2512847Z (Reading database ... 60%
verify	Run npx playwright install --with-deps chromium firefox webkit	2026-10-09T06:24:11.4552888Z (Reading database ... 65%
verify	Run npx playwright install --with-deps chromium firefox webkit	2026-10-09T06:24:11.6497758Z (Reading database ... 70%
verify	Run npx playwright install --with-deps chromium firefox webkit	2026-10-09T06:24:11.8054596Z (Reading database ... 75%
verify	Run npx playwright install --with-deps chromium firefox webkit	2026-10-09T06:24:11.9655409Z (Reading database ... 80%
verify	Run npx playwright install --with-deps chromium firefox webkit	2026-10-09T06:24:12.1480447Z (Reading database ... 85%
verify	Run npx playwright install --with-deps chromium firefox webkit	2026-10-09T06:24:12.3145666Z (Reading database ... 90%
verify	Run npx playwright install --with-deps chromium firefox webkit	2026-10-09T06:24:12.4775578Z (Reading database ... 95%
verify	Run npx playwright install --with-deps chromium firefox webkit	2026-10-09T06:24:12.4776344Z (Reading database ... 100%
verify	Run npx playwright install --with-deps chromium firefox webkit	2026-10-09T06:24:12.4777060Z (Reading database ... 203191 files and directories currently installed.)
verify	Run npx playwright install --with-deps chromium firefox webkit	2026-10-09T06:24:12.4821425Z Preparing to unpack .../000-fonts-ipafont-gothic_00303-21ubuntu1_all.deb ...
verify	Run npx playwright install --with-deps chromium firefox webkit	2026-10-09T06:24:12.4913975Z Unpacking fonts-ipafont-gothic (00303-21ubuntu1) ...
verify	Run npx playwright install --with-deps chromium firefox webkit	2026-10-09T06:24:12.7329215Z Preparing to unpack .../001-libxml2-dev_2.9.14+dfsg-1.3ubuntu3.10_amd64.deb ...
verify	Run npx playwright install --with-deps chromium firefox webkit	2026-10-09T06:24:12.7352295Z Unpacking libxml2-dev:amd64 (2.9.14+dfsg-1.3ubuntu3.10) over (2.9.14+dfsg-1.3ubuntu3.9) ...
verify	Run npx playwright install --with-deps chromium firefox webkit	2026-10-09T06:24:12.8037624Z Preparing to unpack .../002-libxml2_2.9.14+dfsg-1.3ubuntu3.10_amd64.deb ...
verify	Run npx playwright install --with-deps chromium firefox webkit	2026-10-09T06:24:12.8137845Z Unpacking libxml2:amd64 (2.9.14+dfsg-1.3ubuntu3.10) over (2.9.14+dfsg-1.3ubuntu3.9) ...
verify	Run npx playwright install --with-deps chromium firefox webkit	2026-10-09T06:24:12.8572168Z Preparing to unpack .../003-libpng16-16t64_1.6.43-5ubuntu0.7_amd64.deb ...
verify	Run npx playwright install --with-deps chromium firefox webkit	2026-10-09T06:24:12.8595853Z Unpacking libpng16-16t64:amd64 (1.6.43-5ubuntu0.7) over (1.6.43-5ubuntu0.6) ...
verify	Run npx playwright install --with-deps chromium firefox webkit	2026-10-09T06:24:12.8874167Z Selecting previously unselected package fonts-freefont-ttf.
verify	Run npx playwright install --with-deps chromium firefox webkit	2026-10-09T06:24:12.9002211Z Preparing to unpack .../004-fonts-freefont-ttf_20211204+svn4273-2_all.deb ...
verify	Run npx playwright install --with-deps chromium firefox webkit	2026-10-09T06:24:12.9008921Z Unpacking fonts-freefont-ttf (20211204+svn4273-2) ...
verify	Run npx playwright install --with-deps chromium firefox webkit	2026-10-09T06:24:12.9790044Z Selecting previously unselected package fonts-tlwg-loma-otf.
verify	Run npx playwright install --with-deps chromium firefox webkit	2026-10-09T06:24:12.9915796Z Preparing to unpack .../005-fonts-tlwg-loma-otf_1%3a0.7.3-1_all.deb ...
verify	Run npx playwright install --with-deps chromium firefox webkit	2026-10-09T06:24:12.9925193Z Unpacking fonts-tlwg-loma-otf (1:0.7.3-1) ...
verify	Run npx playwright install --with-deps chromium firefox webkit	2026-10-09T06:24:13.0161871Z Selecting previously unselected package fonts-unifont.
verify	Run npx playwright install --with-deps chromium firefox webkit	2026-10-09T06:24:13.0288034Z Preparing to unpack .../006-fonts-unifont_1%3a15.1.01-1build1_all.deb ...
verify	Run npx playwright install --with-deps chromium firefox webkit	2026-10-09T06:24:13.0295345Z Unpacking fonts-unifont (1:15.1.01-1build1) ...
verify	Run npx playwright install --with-deps chromium firefox webkit	2026-10-09T06:24:13.1355696Z Selecting previously unselected package fonts-wqy-zenhei.
verify	Run npx playwright install --with-deps chromium firefox webkit	2026-10-09T06:24:13.1481515Z Preparing to unpack .../007-fonts-wqy-zenhei_0.9.45-8_all.deb ...
verify	Run npx playwright install --with-deps chromium firefox webkit	2026-10-09T06:24:13.1590269Z Unpacking fonts-wqy-zenhei (0.9.45-8) ...
verify	Run npx playwright install --with-deps chromium firefox webkit	2026-10-09T06:24:13.6257924Z Selecting previously unselected package libproxy1v5:amd64.
verify	Run npx playwright install --with-deps chromium firefox webkit	2026-10-09T06:24:13.6383049Z Preparing to unpack .../008-libproxy1v5_0.5.4-4build1_amd64.deb ...
verify	Run npx playwright install --with-deps chromium firefox webkit	2026-10-09T06:24:13.6391633Z Unpacking libproxy1v5:amd64 (0.5.4-4build1) ...
verify	Run npx playwright install --with-deps chromium firefox webkit	2026-10-09T06:24:13.6596872Z Selecting previously unselected package glib-networking-common.
verify	Run npx playwright install --with-deps chromium firefox webkit	2026-10-09T06:24:13.6723107Z Preparing to unpack .../009-glib-networking-common_2.80.0-1build1_all.deb ...
verify	Run npx playwright install --with-deps chromium firefox webkit	2026-10-09T06:24:13.6730803Z Unpacking glib-networking-common (2.80.0-1build1) ...
verify	Run npx playwright install --with-deps chromium firefox webkit	2026-10-09T06:24:13.6912492Z Selecting previously unselected package glib-networking-services.
verify	Run npx playwright install --with-deps chromium firefox webkit	2026-10-09T06:24:13.7037817Z Preparing to unpack .../010-glib-networking-services_2.80.0-1build1_amd64.deb ...
verify	Run npx playwright install --with-deps chromium firefox webkit	2026-10-09T06:24:13.7045610Z Unpacking glib-networking-services (2.80.0-1build1) ...
verify	Run npx playwright install --with-deps chromium firefox webkit	2026-10-09T06:24:13.7238457Z Selecting previously unselected package session-migration.
verify	Run npx playwright install --with-deps chromium firefox webkit	2026-10-09T06:24:13.7361868Z Preparing to unpack .../011-session-migration_0.3.9build1_amd64.deb ...
verify	Run npx playwright install --with-deps chromium firefox webkit	2026-10-09T06:24:13.7368648Z Unpacking session-migration (0.3.9build1) ...
verify	Run npx playwright install --with-deps chromium firefox webkit	2026-10-09T06:24:13.7591534Z Selecting previously unselected package gsettings-desktop-schemas.
verify	Run npx playwright install --with-deps chromium firefox webkit	2026-10-09T06:24:13.7714969Z Preparing to unpack .../012-gsettings-desktop-schemas_46.1-0ubuntu1_all.deb ...
verify	Run npx playwright install --with-deps chromium firefox webkit	2026-10-09T06:24:13.7722846Z Unpacking gsettings-desktop-schemas (46.1-0ubuntu1) ...
verify	Run npx playwright install --with-deps chromium firefox webkit	2026-10-09T06:24:13.8055958Z Selecting previously unselected package glib-networking:amd64.
verify	Run npx playwright install --with-deps chromium firefox webkit	2026-10-09T06:24:13.8179565Z Preparing to unpack .../013-glib-networking_2.80.0-1build1_amd64.deb ...
verify	Run npx playwright install --with-deps chromium firefox webkit	2026-10-09T06:24:13.8186144Z Unpacking glib-networking:amd64 (2.80.0-1build1) ...
verify	Run npx playwright install --with-deps chromium firefox webkit	2026-10-09T06:24:13.8396429Z Selecting previously unselected package libva2:amd64.
verify	Run npx playwright install --with-deps chromium firefox webkit	2026-10-09T06:24:13.8521253Z Preparing to unpack .../014-libva2_2.20.0-2ubuntu0.2_amd64.deb ...
verify	Run npx playwright install --with-deps chromium firefox webkit	2026-10-09T06:24:13.8529533Z Unpacking libva2:amd64 (2.20.0-2ubuntu0.2) ...
verify	Run npx playwright install --with-deps chromium firefox webkit	2026-10-09T06:24:13.8731944Z Selecting previously unselected package libva-drm2:amd64.
verify	Run npx playwright install --with-deps chromium firefox webkit	2026-10-09T06:24:13.8859356Z Preparing to unpack .../015-libva-drm2_2.20.0-2ubuntu0.2_amd64.deb ...
verify	Run npx playwright install --with-deps chromium firefox webkit	2026-10-09T06:24:13.8863884Z Unpacking libva-drm2:amd64 (2.20.0-2ubuntu0.2) ...
verify	Run npx playwright install --with-deps chromium firefox webkit	2026-10-09T06:24:13.9069338Z Selecting previously unselected package libva-x11-2:amd64.
verify	Run npx playwright install --with-deps chromium firefox webkit	2026-10-09T06:24:13.9194367Z Preparing to unpack .../016-libva-x11-2_2.20.0-2ubuntu0.2_amd64.deb ...
verify	Run npx playwright install --with-deps chromium firefox webkit	2026-10-09T06:24:13.9200917Z Unpacking libva-x11-2:amd64 (2.20.0-2ubuntu0.2) ...
verify	Run npx playwright install --with-deps chromium firefox webkit	2026-10-09T06:24:13.9394823Z Selecting previously unselected package libvdpau1:amd64.
verify	Run npx playwright install --with-deps chromium firefox webkit	2026-10-09T06:24:13.9519610Z Preparing to unpack .../017-libvdpau1_1.5-2build1_amd64.deb ...
verify	Run npx playwright install --with-deps chromium firefox webkit	2026-10-09T06:24:13.9535200Z Unpacking libvdpau1:amd64 (1.5-2build1) ...
verify	Run npx playwright install --with-deps chromium firefox webkit	2026-10-09T06:24:13.9734851Z Selecting previously unselected package libvpl2.
verify	Run npx playwright install --with-deps chromium firefox webkit	2026-10-09T06:24:13.9859953Z Preparing to unpack .../018-libvpl2_2023.3.0-1build1_amd64.deb ...
verify	Run npx playwright install --with-deps chromium firefox webkit	2026-10-09T06:24:13.9867764Z Unpacking libvpl2 (2023.3.0-1build1) ...
verify	Run npx playwright install --with-deps chromium firefox webkit	2026-10-09T06:24:14.0109136Z Selecting previously unselected package ocl-icd-libopencl1:amd64.
verify	Run npx playwright install --with-deps chromium firefox webkit	2026-10-09T06:24:14.0234487Z Preparing to unpack .../019-ocl-icd-libopencl1_2.3.2-1build1_amd64.deb ...
verify	Run npx playwright install --with-deps chromium firefox webkit	2026-10-09T06:24:14.0243054Z Unpacking ocl-icd-libopencl1:amd64 (2.3.2-1build1) ...
verify	Run npx playwright install --with-deps chromium firefox webkit	2026-10-09T06:24:14.0464068Z Selecting previously unselected package libavutil58:amd64.
verify	Run npx playwright install --with-deps chromium firefox webkit	2026-10-09T06:24:14.0592857Z Preparing to unpack .../020-libavutil58_7%3a6.1.1-3ubuntu5_amd64.deb ...
verify	Run npx playwright install --with-deps chromium firefox webkit	2026-10-09T06:24:14.0602394Z Unpacking libavutil58:amd64 (7:6.1.1-3ubuntu5) ...
verify	Run npx playwright install --with-deps chromium firefox webkit	2026-10-09T06:24:14.0846435Z Selecting previously unselected package libcodec2-1.2:amd64.
verify	Run npx playwright install --with-deps chromium firefox webkit	2026-10-09T06:24:14.0971947Z Preparing to unpack .../021-libcodec2-1.2_1.2.0-2build1_amd64.deb ...
verify	Run npx playwright install --with-deps chromium firefox webkit	2026-10-09T06:24:14.0978933Z Unpacking libcodec2-1.2:amd64 (1.2.0-2build1) ...
verify	Run npx playwright install --with-deps chromium firefox webkit	2026-10-09T06:24:14.1701583Z Selecting previously unselected package libdav1d7:amd64.
verify	Run npx playwright install --with-deps chromium firefox webkit	2026-10-09T06:24:14.1829182Z Preparing to unpack .../022-libdav1d7_1.4.1-1build1_amd64.deb ...
verify	Run npx playwright install --with-deps chromium firefox webkit	2026-10-09T06:24:14.1836187Z Unpacking libdav1d7:amd64 (1.4.1-1build1) ...
verify	Run npx playwright install --with-deps chromium firefox webkit	2026-10-09T06:24:14.2095565Z Selecting previously unselected package libgsm1:amd64.
verify	Run npx playwright install --with-deps chromium firefox webkit	2026-10-09T06:24:14.2220934Z Preparing to unpack .../023-libgsm1_1.0.22-1build1_amd64.deb ...
verify	Run npx playwright install --with-deps chromium firefox webkit	2026-10-09T06:24:14.2228066Z Unpacking libgsm1:amd64 (1.0.22-1build1) ...
verify	Run npx playwright install --with-deps chromium firefox webkit	2026-10-09T06:24:14.2450704Z Selecting previously unselected package libhwy1t64:amd64.
verify	Run npx playwright install --with-deps chromium firefox webkit	2026-10-09T06:24:14.2578811Z Preparing to unpack .../024-libhwy1t64_1.0.7-8.1build1_amd64.deb ...
verify	Run npx playwright install --with-deps chromium firefox webkit	2026-10-09T06:24:14.2585940Z Unpacking libhwy1t64:amd64 (1.0.7-8.1build1) ...
verify	Run npx playwright install --with-deps chromium firefox webkit	2026-10-09T06:24:14.2894802Z Selecting previously unselected package libjxl0.7:amd64.
verify	Run npx playwright install --with-deps chromium firefox webkit	2026-10-09T06:24:14.3021253Z Preparing to unpack .../025-libjxl0.7_0.7.0-10.2ubuntu6.1_amd64.deb ...
verify	Run npx playwright install --with-deps chromium firefox webkit	2026-10-09T06:24:14.3033241Z Unpacking libjxl0.7:amd64 (0.7.0-10.2ubuntu6.1) ...
verify	Run npx playwright install --with-deps chromium firefox webkit	2026-10-09T06:24:14.3353331Z Selecting previously unselected package libmp3lame0:amd64.
verify	Run npx playwright install --with-deps chromium firefox webkit	2026-10-09T06:24:14.3479527Z Preparing to unpack .../026-libmp3lame0_3.100-6build1_amd64.deb ...
verify	Run npx playwright install --with-deps chromium firefox webkit	2026-10-09T06:24:14.3487284Z Unpacking libmp3lame0:amd64 (3.100-6build1) ...
verify	Run npx playwright install --with-deps chromium firefox webkit	2026-10-09T06:24:14.3702839Z Selecting previously unselected package libopus0:amd64.
verify	Run npx playwright install --with-deps chromium firefox webkit	2026-10-09T06:24:14.3826812Z Preparing to unpack .../027-libopus0_1.4-1build1_amd64.deb ...
verify	Run npx playwright install --with-deps chromium firefox webkit	2026-10-09T06:24:14.3833757Z Unpacking libopus0:amd64 (1.4-1build1) ...
verify	Run npx playwright install --with-deps chromium firefox webkit	2026-10-09T06:24:14.4042406Z Selecting previously unselected package librav1e0:amd64.
verify	Run npx playwright install --with-deps chromium firefox webkit	2026-10-09T06:24:14.4166496Z Preparing to unpack .../028-librav1e0_0.7.1-2_amd64.deb ...
verify	Run npx playwright install --with-deps chromium firefox webkit	2026-10-09T06:24:14.4173637Z Unpacking librav1e0:amd64 (0.7.1-2) ...
verify	Run npx playwright install --with-deps chromium firefox webkit	2026-10-09T06:24:14.4488126Z Selecting previously unselected package librsvg2-2:amd64.
verify	Run npx playwright install --with-deps chromium firefox webkit	2026-10-09T06:24:14.4612891Z Preparing to unpack .../029-librsvg2-2_2.58.0+dfsg-1ubuntu0.1_amd64.deb ...
verify	Run npx playwright install --with-deps chromium firefox webkit	2026-10-09T06:24:14.4621372Z Unpacking librsvg2-2:amd64 (2.58.0+dfsg-1ubuntu0.1) ...
verify	Run npx playwright install --with-deps chromium firefox webkit	2026-10-09T06:24:14.5201203Z Selecting previously unselected package libshine3:amd64.
verify	Run npx playwright install --with-deps chromium firefox webkit	2026-10-09T06:24:14.5327381Z Preparing to unpack .../030-libshine3_3.1.1-2build1_amd64.deb ...
verify	Run npx playwright install --with-deps chromium firefox webkit	2026-10-09T06:24:14.5335350Z Unpacking libshine3:amd64 (3.1.1-2build1) ...
verify	Run npx playwright install --with-deps chromium firefox webkit	2026-10-09T06:24:14.5564761Z Selecting previously unselected package libspeex1:amd64.
verify	Run npx playwright install --with-deps chromium firefox webkit	2026-10-09T06:24:14.5689431Z Preparing to unpack .../031-libspeex1_1.2.1-2ubuntu2.24.04.1_amd64.deb ...
verify	Run npx playwright install --with-deps chromium firefox webkit	2026-10-09T06:24:14.5697370Z Unpacking libspeex1:amd64 (1.2.1-2ubuntu2.24.04.1) ...
verify	Run npx playwright install --with-deps chromium firefox webkit	2026-10-09T06:24:14.5889563Z Selecting previously unselected package libsvtav1enc1d1:amd64.
verify	Run npx playwright install --with-deps chromium firefox webkit	2026-10-09T06:24:14.6014986Z Preparing to unpack .../032-libsvtav1enc1d1_1.7.0+dfsg-2build1_amd64.deb ...
verify	Run npx playwright install --with-deps chromium firefox webkit	2026-10-09T06:24:14.6024083Z Unpacking libsvtav1enc1d1:amd64 (1.7.0+dfsg-2build1) ...
verify	Run npx playwright install --with-deps chromium firefox webkit	2026-10-09T06:24:14.6491854Z Selecting previously unselected package libsoxr0:amd64.
verify	Run npx playwright install --with-deps chromium firefox webkit	2026-10-09T06:24:14.6618149Z Preparing to unpack .../033-libsoxr0_0.1.3-4build3_amd64.deb ...
verify	Run npx playwright install --with-deps chromium firefox webkit	2026-10-09T06:24:14.6625256Z Unpacking libsoxr0:amd64 (0.1.3-4build3) ...
verify	Run npx playwright install --with-deps chromium firefox webkit	2026-10-09T06:24:14.6825118Z Selecting previously unselected package libswresample4:amd64.
verify	Run npx playwright install --with-deps chromium firefox webkit	2026-10-09T06:24:14.6949794Z Preparing to unpack .../034-libswresample4_7%3a6.1.1-3ubuntu5_amd64.deb ...
verify	Run npx playwright install --with-deps chromium firefox webkit	2026-10-09T06:24:14.6955929Z Unpacking libswresample4:amd64 (7:6.1.1-3ubuntu5) ...
verify	Run npx playwright install --with-deps chromium firefox webkit	2026-10-09T06:24:14.7160053Z Selecting previously unselected package libtheora0:amd64.
verify	Run npx playwright install --with-deps chromium firefox webkit	2026-10-09T06:24:14.7283841Z Preparing to unpack .../035-libtheora0_1.1.1+dfsg.1-16.1build3_amd64.deb ...
verify	Run npx playwright install --with-deps chromium firefox webkit	2026-10-09T06:24:14.7291079Z Unpacking libtheora0:amd64 (1.1.1+dfsg.1-16.1build3) ...
verify	Run npx playwright install --with-deps chromium firefox webkit	2026-10-09T06:24:14.7544249Z Selecting previously unselected package libtwolame0:amd64.
verify	Run npx playwright install --with-deps chromium firefox webkit	2026-10-09T06:24:14.7667478Z Preparing to unpack .../036-libtwolame0_0.4.0-2build3_amd64.deb ...
verify	Run npx playwright install --with-deps chromium firefox webkit	2026-10-09T06:24:14.7676102Z Unpacking libtwolame0:amd64 (0.4.0-2build3) ...
verify	Run npx playwright install --with-deps chromium firefox webkit	2026-10-09T06:24:14.7878683Z Selecting previously unselected package libvorbisenc2:amd64.
verify	Run npx playwright install --with-deps chromium firefox webkit	2026-10-09T06:24:14.8000980Z Preparing to unpack .../037-libvorbisenc2_1.3.7-1build3_amd64.deb ...
verify	Run npx playwright install --with-deps chromium firefox webkit	2026-10-09T06:24:14.8007908Z Unpacking libvorbisenc2:amd64 (1.3.7-1build3) ...
verify	Run npx playwright install --with-deps chromium firefox webkit	2026-10-09T06:24:14.8222000Z Selecting previously unselected package libvpx9:amd64.
verify	Run npx playwright install --with-deps chromium firefox webkit	2026-10-09T06:24:14.8345268Z Preparing to unpack .../038-libvpx9_1.14.0-1ubuntu2.3_amd64.deb ...
verify	Run npx playwright install --with-deps chromium firefox webkit	2026-10-09T06:24:14.8354195Z Unpacking libvpx9:amd64 (1.14.0-1ubuntu2.3) ...
verify	Run npx playwright install --with-deps chromium firefox webkit	2026-10-09T06:24:14.8703168Z Selecting previously unselected package libx264-164:amd64.
verify	Run npx playwright install --with-deps chromium firefox webkit	2026-10-09T06:24:14.8829378Z Preparing to unpack .../039-libx264-164_2%3a0.164.3108+git31e19f9-1_amd64.deb ...
verify	Run npx playwright install --with-deps chromium firefox webkit	2026-10-09T06:24:14.8837008Z Unpacking libx264-164:amd64 (2:0.164.3108+git31e19f9-1) ...
verify	Run npx playwright install --with-deps chromium firefox webkit	2026-10-09T06:24:14.9100752Z Selecting previously unselected package libx265-199:amd64.
verify	Run npx playwright install --with-deps chromium firefox webkit	2026-10-09T06:24:14.9225438Z Preparing to unpack .../040-libx265-199_3.5-2build1_amd64.deb ...
verify	Run npx playwright install --with-deps chromium firefox webkit	2026-10-09T06:24:14.9232975Z Unpacking libx265-199:amd64 (3.5-2build1) ...
verify	Run npx playwright install --with-deps chromium firefox webkit	2026-10-09T06:24:14.9866044Z Selecting previously unselected package libxvidcore4:amd64.
verify	Run npx playwright install --with-deps chromium firefox webkit	2026-10-09T06:24:14.9993862Z Preparing to unpack .../041-libxvidcore4_2%3a1.3.7-1build1_amd64.deb ...
verify	Run npx playwright install --with-deps chromium firefox webkit	2026-10-09T06:24:15.0001074Z Unpacking libxvidcore4:amd64 (2:1.3.7-1build1) ...
verify	Run npx playwright install --with-deps chromium firefox webkit	2026-10-09T06:24:15.0211466Z Selecting previously unselected package libzvbi-common.
verify	Run npx playwright install --with-deps chromium firefox webkit	2026-10-09T06:24:15.0336463Z Preparing to unpack .../042-libzvbi-common_0.2.42-2_all.deb ...
verify	Run npx playwright install --with-deps chromium firefox webkit	2026-10-09T06:24:15.0343098Z Unpacking libzvbi-common (0.2.42-2) ...
verify	Run npx playwright install --with-deps chromium firefox webkit	2026-10-09T06:24:15.0934540Z Selecting previously unselected package libzvbi0t64:amd64.
verify	Run npx playwright install --with-deps chromium firefox webkit	2026-10-09T06:24:15.1061448Z Preparing to unpack .../043-libzvbi0t64_0.2.42-2_amd64.deb ...
verify	Run npx playwright install --with-deps chromium firefox webkit	2026-10-09T06:24:15.1071972Z Unpacking libzvbi0t64:amd64 (0.2.42-2) ...
verify	Run npx playwright install --with-deps chromium firefox webkit	2026-10-09T06:24:15.1329757Z Selecting previously unselected package libavcodec60:amd64.
verify	Run npx playwright install --with-deps chromium firefox webkit	2026-10-09T06:24:15.1454210Z Preparing to unpack .../044-libavcodec60_7%3a6.1.1-3ubuntu5_amd64.deb ...
verify	Run npx playwright install --with-deps chromium firefox webkit	2026-10-09T06:24:15.1461110Z Unpacking libavcodec60:amd64 (7:6.1.1-3ubuntu5) ...
verify	Run npx playwright install --with-deps chromium firefox webkit	2026-10-09T06:24:15.2379249Z Preparing to unpack .../045-libfreetype6_2.13.2+dfsg-1ubuntu0.2_amd64.deb ...
verify	Run npx playwright install --with-deps chromium firefox webkit	2026-10-09T06:24:15.2402034Z Unpacking libfreetype6:amd64 (2.13.2+dfsg-1ubuntu0.2) over (2.13.2+dfsg-1ubuntu0.1) ...
verify	Run npx playwright install --with-deps chromium firefox webkit	2026-10-09T06:24:15.2660136Z Selecting previously unselected package libunibreak5:amd64.
verify	Run npx playwright install --with-deps chromium firefox webkit	2026-10-09T06:24:15.2789672Z Preparing to unpack .../046-libunibreak5_5.1-2build1_amd64.deb ...
verify	Run npx playwright install --with-deps chromium firefox webkit	2026-10-09T06:24:15.2797848Z Unpacking libunibreak5:amd64 (5.1-2build1) ...
verify	Run npx playwright install --with-deps chromium firefox webkit	2026-10-09T06:24:15.2999392Z Selecting previously unselected package libass9:amd64.
verify	Run npx playwright install --with-deps chromium firefox webkit	2026-10-09T06:24:15.3123851Z Preparing to unpack .../047-libass9_1%3a0.17.1-2build1_amd64.deb ...
verify	Run npx playwright install --with-deps chromium firefox webkit	2026-10-09T06:24:15.3130694Z Unpacking libass9:amd64 (1:0.17.1-2build1) ...
verify	Run npx playwright install --with-deps chromium firefox webkit	2026-10-09T06:24:15.3333303Z Selecting previously unselected package libudfread0:amd64.
verify	Run npx playwright install --with-deps chromium firefox webkit	2026-10-09T06:24:15.3465542Z Preparing to unpack .../048-libudfread0_1.1.2-1build1_amd64.deb ...
verify	Run npx playwright install --with-deps chromium firefox webkit	2026-10-09T06:24:15.3476444Z Unpacking libudfread0:amd64 (1.1.2-1build1) ...
verify	Run npx playwright install --with-deps chromium firefox webkit	2026-10-09T06:24:15.3678047Z Selecting previously unselected package libbluray2:amd64.
verify	Run npx playwright install --with-deps chromium firefox webkit	2026-10-09T06:24:15.3802137Z Preparing to unpack .../049-libbluray2_1%3a1.3.4-1build1_amd64.deb ...
verify	Run npx playwright install --with-deps chromium firefox webkit	2026-10-09T06:24:15.3809215Z Unpacking libbluray2:amd64 (1:1.3.4-1build1) ...
verify	Run npx playwright install --with-deps chromium firefox webkit	2026-10-09T06:24:15.4016279Z Selecting previously unselected package libchromaprint1:amd64.
verify	Run npx playwright install --with-deps chromium firefox webkit	2026-10-09T06:24:15.4138647Z Preparing to unpack .../050-libchromaprint1_1.5.1-5_amd64.deb ...
verify	Run npx playwright install --with-deps chromium firefox webkit	2026-10-09T06:24:15.4145887Z Unpacking libchromaprint1:amd64 (1.5.1-5) ...
verify	Run npx playwright install --with-deps chromium firefox webkit	2026-10-09T06:24:15.4344686Z Selecting previously unselected package libgme0:amd64.
verify	Run npx playwright install --with-deps chromium firefox webkit	2026-10-09T06:24:15.4465870Z Preparing to unpack .../051-libgme0_0.6.3-7build1_amd64.deb ...
verify	Run npx playwright install --with-deps chromium firefox webkit	2026-10-09T06:24:15.4472944Z Unpacking libgme0:amd64 (0.6.3-7build1) ...
verify	Run npx playwright install --with-deps chromium firefox webkit	2026-10-09T06:24:15.4698816Z Selecting previously unselected package libmpg123-0t64:amd64.
verify	Run npx playwright install --with-deps chromium firefox webkit	2026-10-09T06:24:15.4819898Z Preparing to unpack .../052-libmpg123-0t64_1.32.5-1ubuntu1.1_amd64.deb ...
verify	Run npx playwright install --with-deps chromium firefox webkit	2026-10-09T06:24:15.4827771Z Unpacking libmpg123-0t64:amd64 (1.32.5-1ubuntu1.1) ...
verify	Run npx playwright install --with-deps chromium firefox webkit	2026-10-09T06:24:15.5039058Z Selecting previously unselected package libopenmpt0t64:amd64.
verify	Run npx playwright install --with-deps chromium firefox webkit	2026-10-09T06:24:15.5161154Z Preparing to unpack .../053-libopenmpt0t64_0.7.3-1.1build3_amd64.deb ...
verify	Run npx playwright install --with-deps chromium firefox webkit	2026-10-09T06:24:15.5169497Z Unpacking libopenmpt0t64:amd64 (0.7.3-1.1build3) ...
verify	Run npx playwright install --with-deps chromium firefox webkit	2026-10-09T06:24:15.5438699Z Selecting previously unselected package libcjson1:amd64.
verify	Run npx playwright install --with-deps chromium firefox webkit	2026-10-09T06:24:15.5561813Z Preparing to unpack .../054-libcjson1_1.7.17-1_amd64.deb ...
verify	Run npx playwright install --with-deps chromium firefox webkit	2026-10-09T06:24:15.5569536Z Unpacking libcjson1:amd64 (1.7.17-1) ...
verify	Run npx playwright install --with-deps chromium firefox webkit	2026-10-09T06:24:15.5770923Z Selecting previously unselected package libmbedcrypto7t64:amd64.
verify	Run npx playwright install --with-deps chromium firefox webkit	2026-10-09T06:24:15.5895581Z Preparing to unpack .../055-libmbedcrypto7t64_2.28.8-1_amd64.deb ...
verify	Run npx playwright install --with-deps chromium firefox webkit	2026-10-09T06:24:15.5902420Z Unpacking libmbedcrypto7t64:amd64 (2.28.8-1) ...
verify	Run npx playwright install --with-deps chromium firefox webkit	2026-10-09T06:24:15.6117839Z Selecting previously unselected package librist4:amd64.
verify	Run npx playwright install --with-deps chromium firefox webkit	2026-10-09T06:24:15.6240901Z Preparing to unpack .../056-librist4_0.2.10+dfsg-2_amd64.deb ...
verify	Run npx playwright install --with-deps chromium firefox webkit	2026-10-09T06:24:15.6248019Z Unpacking librist4:amd64 (0.2.10+dfsg-2) ...
verify	Run npx playwright install --with-deps chromium firefox webkit	2026-10-09T06:24:15.6442486Z Selecting previously unselected package libsrt1.5-gnutls:amd64.
verify	Run npx playwright install --with-deps chromium firefox webkit	2026-10-09T06:24:15.6565886Z Preparing to unpack .../057-libsrt1.5-gnutls_1.5.3-1build2_amd64.deb ...
verify	Run npx playwright install --with-deps chromium firefox webkit	2026-10-09T06:24:15.6573146Z Unpacking libsrt1.5-gnutls:amd64 (1.5.3-1build2) ...
verify	Run npx playwright install --with-deps chromium firefox webkit	2026-10-09T06:24:15.6806451Z Selecting previously unselected package libssh-gcrypt-4:amd64.
verify	Run npx playwright install --with-deps chromium firefox webkit	2026-10-09T06:24:15.6929854Z Preparing to unpack .../058-libssh-gcrypt-4_0.10.6-2ubuntu0.5_amd64.deb ...
verify	Run npx playwright install --with-deps chromium firefox webkit	2026-10-09T06:24:15.6936785Z Unpacking libssh-gcrypt-4:amd64 (0.10.6-2ubuntu0.5) ...
verify	Run npx playwright install --with-deps chromium firefox webkit	2026-10-09T06:24:15.7153700Z Selecting previously unselected package libavformat60:amd64.
verify	Run npx playwright install --with-deps chromium firefox webkit	2026-10-09T06:24:15.7276560Z Preparing to unpack .../059-libavformat60_7%3a6.1.1-3ubuntu5_amd64.deb ...
verify	Run npx playwright install --with-deps chromium firefox webkit	2026-10-09T06:24:15.7283903Z Unpacking libavformat60:amd64 (7:6.1.1-3ubuntu5) ...
verify	Run npx playwright install --with-deps chromium firefox webkit	2026-10-09T06:24:15.7586003Z Selecting previously unselected package libbs2b0:amd64.
verify	Run npx playwright install --with-deps chromium firefox webkit	2026-10-09T06:24:15.7710173Z Preparing to unpack .../060-libbs2b0_3.1.0+dfsg-7build1_amd64.deb ...
verify	Run npx playwright install --with-deps chromium firefox webkit	2026-10-09T06:24:15.7717335Z Unpacking libbs2b0:amd64 (3.1.0+dfsg-7build1) ...
verify	Run npx playwright install --with-deps chromium firefox webkit	2026-10-09T06:24:15.7928108Z Selecting previously unselected package libflite1:amd64.
verify	Run npx playwright install --with-deps chromium firefox webkit	2026-10-09T06:24:15.8050775Z Preparing to unpack .../061-libflite1_2.2-6build3_amd64.deb ...
verify	Run npx playwright install --with-deps chromium firefox webkit	2026-10-09T06:24:15.8058187Z Unpacking libflite1:amd64 (2.2-6build3) ...
verify	Run npx playwright install --with-deps chromium firefox webkit	2026-10-09T06:24:15.9114422Z Selecting previously unselected package libserd-0-0:amd64.
verify	Run npx playwright install --with-deps chromium firefox webkit	2026-10-09T06:24:15.9240455Z Preparing to unpack .../062-libserd-0-0_0.32.2-1_amd64.deb ...
verify	Run npx playwright install --with-deps chromium firefox webkit	2026-10-09T06:24:15.9248763Z Unpacking libserd-0-0:amd64 (0.32.2-1) ...
verify	Run npx playwright install --with-deps chromium firefox webkit	2026-10-09T06:24:15.9443049Z Selecting previously unselected package libzix-0-0:amd64.
verify	Run npx playwright install --with-deps chromium firefox webkit	2026-10-09T06:24:15.9568371Z Preparing to unpack .../063-libzix-0-0_0.4.2-2build1_amd64.deb ...
verify	Run npx playwright install --with-deps chromium firefox webkit	2026-10-09T06:24:15.9575796Z Unpacking libzix-0-0:amd64 (0.4.2-2build1) ...
verify	Run npx playwright install --with-deps chromium firefox webkit	2026-10-09T06:24:15.9788815Z Selecting previously unselected package libsord-0-0:amd64.
verify	Run npx playwright install --with-deps chromium firefox webkit	2026-10-09T06:24:15.9913092Z Preparing to unpack .../064-libsord-0-0_0.16.16-2build1_amd64.deb ...
verify	Run npx playwright install --with-deps chromium firefox webkit	2026-10-09T06:24:15.9920386Z Unpacking libsord-0-0:amd64 (0.16.16-2build1) ...
verify	Run npx playwright install --with-deps chromium firefox webkit	2026-10-09T06:24:16.0118246Z Selecting previously unselected package libsratom-0-0:amd64.
verify	Run npx playwright install --with-deps chromium firefox webkit	2026-10-09T06:24:16.0241671Z Preparing to unpack .../065-libsratom-0-0_0.6.16-1build1_amd64.deb ...
verify	Run npx playwright install --with-deps chromium firefox webkit	2026-10-09T06:24:16.0248959Z Unpacking libsratom-0-0:amd64 (0.6.16-1build1) ...
verify	Run npx playwright install --with-deps chromium firefox webkit	2026-10-09T06:24:16.0451222Z Selecting previously unselected package liblilv-0-0:amd64.
verify	Run npx playwright install --with-deps chromium firefox webkit	2026-10-09T06:24:16.0576782Z Preparing to unpack .../066-liblilv-0-0_0.24.22-1build1_amd64.deb ...
verify	Run npx playwright install --with-deps chromium firefox webkit	2026-10-09T06:24:16.0584972Z Unpacking liblilv-0-0:amd64 (0.24.22-1build1) ...
verify	Run npx playwright install --with-deps chromium firefox webkit	2026-10-09T06:24:16.0799528Z Selecting previously unselected package libmysofa1:amd64.
verify	Run npx playwright install --with-deps chromium firefox webkit	2026-10-09T06:24:16.0926467Z Preparing to unpack .../067-libmysofa1_1.3.2+dfsg-2ubuntu2_amd64.deb ...
verify	Run npx playwright install --with-deps chromium firefox webkit	2026-10-09T06:24:16.0933759Z Unpacking libmysofa1:amd64 (1.3.2+dfsg-2ubuntu2) ...
verify	Run npx playwright install --with-deps chromium firefox webkit	2026-10-09T06:24:16.1242475Z Selecting previously unselected package libplacebo338:amd64.
verify	Run npx playwright install --with-deps chromium firefox webkit	2026-10-09T06:24:16.1410282Z Preparing to unpack .../068-libplacebo338_6.338.2-2build1_amd64.deb ...
verify	Run npx playwright install --with-deps chromium firefox webkit	2026-10-09T06:24:16.1416791Z Unpacking libplacebo338:amd64 (6.338.2-2build1) ...
verify	Run npx playwright install --with-deps chromium firefox webkit	2026-10-09T06:24:16.1951877Z Selecting previously unselected package libblas3:amd64.
verify	Run npx playwright install --with-deps chromium firefox webkit	2026-10-09T06:24:16.2079140Z Preparing to unpack .../069-libblas3_3.12.0-3build1.1_amd64.deb ...
verify	Run npx playwright install --with-deps chromium firefox webkit	2026-10-09T06:24:16.2109233Z Unpacking libblas3:amd64 (3.12.0-3build1.1) ...
verify	Run npx playwright install --with-deps chromium firefox webkit	2026-10-09T06:24:16.2362819Z Selecting previously unselected package liblapack3:amd64.
verify	Run npx playwright install --with-deps chromium firefox webkit	2026-10-09T06:24:16.2490407Z Preparing to unpack .../070-liblapack3_3.12.0-3build1.1_amd64.deb ...
verify	Run npx playwright install --with-deps chromium firefox webkit	2026-10-09T06:24:16.2520641Z Unpacking liblapack3:amd64 (3.12.0-3build1.1) ...
verify	Run npx playwright install --with-deps chromium firefox webkit	2026-10-09T06:24:16.2998800Z Selecting previously unselected package libasyncns0:amd64.
verify	Run npx playwright install --with-deps chromium firefox webkit	2026-10-09T06:24:16.3125732Z Preparing to unpack .../071-libasyncns0_0.8-6build4_amd64.deb ...
verify	Run npx playwright install --with-deps chromium firefox webkit	2026-10-09T06:24:16.3133230Z Unpacking libasyncns0:amd64 (0.8-6build4) ...
verify	Run npx playwright install --with-deps chromium firefox webkit	2026-10-09T06:24:16.3369481Z Selecting previously unselected package libflac12t64:amd64.
verify	Run npx playwright install --with-deps chromium firefox webkit	2026-10-09T06:24:16.3496709Z Preparing to unpack .../072-libflac12t64_1.4.3+ds-2.1ubuntu2_amd64.deb ...
verify	Run npx playwright install --with-deps chromium firefox webkit	2026-10-09T06:24:16.3514045Z Unpacking libflac12t64:amd64 (1.4.3+ds-2.1ubuntu2) ...
verify	Run npx playwright install --with-deps chromium firefox webkit	2026-10-09T06:24:16.3737073Z Selecting previously unselected package libsndfile1:amd64.
verify	Run npx playwright install --with-deps chromium firefox webkit	2026-10-09T06:24:16.3862134Z Preparing to unpack .../073-libsndfile1_1.2.2-1ubuntu5.24.04.1_amd64.deb ...
verify	Run npx playwright install --with-deps chromium firefox webkit	2026-10-09T06:24:16.3870225Z Unpacking libsndfile1:amd64 (1.2.2-1ubuntu5.24.04.1) ...
verify	Run npx playwright install --with-deps chromium firefox webkit	2026-10-09T06:24:16.4114114Z Selecting previously unselected package libpulse0:amd64.
verify	Run npx playwright install --with-deps chromium firefox webkit	2026-10-09T06:24:16.4241170Z Preparing to unpack .../074-libpulse0_1%3a16.1+dfsg1-2ubuntu10.1_amd64.deb ...
verify	Run npx playwright install --with-deps chromium firefox webkit	2026-10-09T06:24:16.4303339Z Unpacking libpulse0:amd64 (1:16.1+dfsg1-2ubuntu10.1) ...
verify	Run npx playwright install --with-deps chromium firefox webkit	2026-10-09T06:24:16.4549746Z Selecting previously unselected package libsphinxbase3t64:amd64.
verify	Run npx playwright install --with-deps chromium firefox webkit	2026-10-09T06:24:16.4676061Z Preparing to unpack .../075-libsphinxbase3t64_0.8+5prealpha+1-17build2_amd64.deb ...
verify	Run npx playwright install --with-deps chromium firefox webkit	2026-10-09T06:24:16.4683681Z Unpacking libsphinxbase3t64:amd64 (0.8+5prealpha+1-17build2) ...
verify	Run npx playwright install --with-deps chromium firefox webkit	2026-10-09T06:24:16.4894187Z Selecting previously unselected package libpocketsphinx3:amd64.
verify	Run npx playwright install --with-deps chromium firefox webkit	2026-10-09T06:24:16.5021859Z Preparing to unpack .../076-libpocketsphinx3_0.8.0+real5prealpha+1-15ubuntu5_amd64.deb ...
verify	Run npx playwright install --with-deps chromium firefox webkit	2026-10-09T06:24:16.5029379Z Unpacking libpocketsphinx3:amd64 (0.8.0+real5prealpha+1-15ubuntu5) ...
verify	Run npx playwright install --with-deps chromium firefox webkit	2026-10-09T06:24:16.5234110Z Selecting previously unselected package libpostproc57:amd64.
verify	Run npx playwright install --with-deps chromium firefox webkit	2026-10-09T06:24:16.5360044Z Preparing to unpack .../077-libpostproc57_7%3a6.1.1-3ubuntu5_amd64.deb ...
verify	Run npx playwright install --with-deps chromium firefox webkit	2026-10-09T06:24:16.5367928Z Unpacking libpostproc57:amd64 (7:6.1.1-3ubuntu5) ...
verify	Run npx playwright install --with-deps chromium firefox webkit	2026-10-09T06:24:16.5796506Z Selecting previously unselected package libsamplerate0:amd64.
verify	Run npx playwright install --with-deps chromium firefox webkit	2026-10-09T06:24:16.5921576Z Preparing to unpack .../078-libsamplerate0_0.2.2-4build1_amd64.deb ...
verify	Run npx playwright install --with-deps chromium firefox webkit	2026-10-09T06:24:16.5929841Z Unpacking libsamplerate0:amd64 (0.2.2-4build1) ...
verify	Run npx playwright install --with-deps chromium firefox webkit	2026-10-09T06:24:16.6179129Z Selecting previously unselected package librubberband2:amd64.
verify	Run npx playwright install --with-deps chromium firefox webkit	2026-10-09T06:24:16.6303412Z Preparing to unpack .../079-librubberband2_3.3.0+dfsg-2build1_amd64.deb ...
verify	Run npx playwright install --with-deps chromium firefox webkit	2026-10-09T06:24:16.6309909Z Unpacking librubberband2:amd64 (3.3.0+dfsg-2build1) ...
verify	Run npx playwright install --with-deps chromium firefox webkit	2026-10-09T06:24:16.6517030Z Selecting previously unselected package libswscale7:amd64.
verify	Run npx playwright install --with-deps chromium firefox webkit	2026-10-09T06:24:16.6643282Z Preparing to unpack .../080-libswscale7_7%3a6.1.1-3ubuntu5_amd64.deb ...
verify	Run npx playwright install --with-deps chromium firefox webkit	2026-10-09T06:24:16.6681915Z Unpacking libswscale7:amd64 (7:6.1.1-3ubuntu5) ...
verify	Run npx playwright install --with-deps chromium firefox webkit	2026-10-09T06:24:16.6896296Z Selecting previously unselected package libvidstab1.1:amd64.
verify	Run npx playwright install --with-deps chromium firefox webkit	2026-10-09T06:24:16.7020151Z Preparing to unpack .../081-libvidstab1.1_1.1.0-2build1_amd64.deb ...
verify	Run npx playwright install --with-deps chromium firefox webkit	2026-10-09T06:24:16.7027490Z Unpacking libvidstab1.1:amd64 (1.1.0-2build1) ...
verify	Run npx playwright install --with-deps chromium firefox webkit	2026-10-09T06:24:16.7226811Z Selecting previously unselected package libzimg2:amd64.
verify	Run npx playwright install --with-deps chromium firefox webkit	2026-10-09T06:24:16.7352679Z Preparing to unpack .../082-libzimg2_3.0.5+ds1-1build1_amd64.deb ...
verify	Run npx playwright install --with-deps chromium firefox webkit	2026-10-09T06:24:16.7359823Z Unpacking libzimg2:amd64 (3.0.5+ds1-1build1) ...
verify	Run npx playwright install --with-deps chromium firefox webkit	2026-10-09T06:24:16.7588533Z Selecting previously unselected package libavfilter9:amd64.
verify	Run npx playwright install --with-deps chromium firefox webkit	2026-10-09T06:24:16.7715718Z Preparing to unpack .../083-libavfilter9_7%3a6.1.1-3ubuntu5_amd64.deb ...
verify	Run npx playwright install --with-deps chromium firefox webkit	2026-10-09T06:24:16.7723544Z Unpacking libavfilter9:amd64 (7:6.1.1-3ubuntu5) ...
verify	Run npx playwright install --with-deps chromium firefox webkit	2026-10-09T06:24:16.8379975Z Selecting previously unselected package liborc-0.4-0t64:amd64.
verify	Run npx playwright install --with-deps chromium firefox webkit	2026-10-09T06:24:16.8509393Z Preparing to unpack .../084-liborc-0.4-0t64_1%3a0.4.38-1ubuntu0.1_amd64.deb ...
verify	Run npx playwright install --with-deps chromium firefox webkit	2026-10-09T06:24:16.8617181Z Unpacking liborc-0.4-0t64:amd64 (1:0.4.38-1ubuntu0.1) ...
verify	Run npx playwright install --with-deps chromium firefox webkit	2026-10-09T06:24:16.8848757Z Selecting previously unselected package libgstreamer-plugins-base1.0-0:amd64.
verify	Run npx playwright install --with-deps chromium firefox webkit	2026-10-09T06:24:16.8976589Z Preparing to unpack .../085-libgstreamer-plugins-base1.0-0_1.24.2-1ubuntu0.5_amd64.deb ...
verify	Run npx playwright install --with-deps chromium firefox webkit	2026-10-09T06:24:16.8983908Z Unpacking libgstreamer-plugins-base1.0-0:amd64 (1.24.2-1ubuntu0.5) ...
verify	Run npx playwright install --with-deps chromium firefox webkit	2026-10-09T06:24:16.9294818Z Selecting previously unselected package gstreamer1.0-libav:amd64.
verify	Run npx playwright install --with-deps chromium firefox webkit	2026-10-09T06:24:16.9418981Z Preparing to unpack .../086-gstreamer1.0-libav_1.24.1-1build1_amd64.deb ...
verify	Run npx playwright install --with-deps chromium firefox webkit	2026-10-09T06:24:16.9430565Z Unpacking gstreamer1.0-libav:amd64 (1.24.1-1build1) ...
verify	Run npx playwright install --with-deps chromium firefox webkit	2026-10-09T06:24:16.9643289Z Selecting previously unselected package libcdparanoia0:amd64.
verify	Run npx playwright install --with-deps chromium firefox webkit	2026-10-09T06:24:16.9771163Z Preparing to unpack .../087-libcdparanoia0_3.10.2+debian-14build3_amd64.deb ...
verify	Run npx playwright install --with-deps chromium firefox webkit	2026-10-09T06:24:16.9778847Z Unpacking libcdparanoia0:amd64 (3.10.2+debian-14build3) ...
verify	Run npx playwright install --with-deps chromium firefox webkit	2026-10-09T06:24:16.9982270Z Selecting previously unselected package libvisual-0.4-0:amd64.
verify	Run npx playwright install --with-deps chromium firefox webkit	2026-10-09T06:24:17.0108465Z Preparing to unpack .../088-libvisual-0.4-0_0.4.2-2build1_amd64.deb ...
verify	Run npx playwright install --with-deps chromium firefox webkit	2026-10-09T06:24:17.0116429Z Unpacking libvisual-0.4-0:amd64 (0.4.2-2build1) ...
verify	Run npx playwright install --with-deps chromium firefox webkit	2026-10-09T06:24:17.0336606Z Selecting previously unselected package gstreamer1.0-plugins-base:amd64.
verify	Run npx playwright install --with-deps chromium firefox webkit	2026-10-09T06:24:17.0461829Z Preparing to unpack .../089-gstreamer1.0-plugins-base_1.24.2-1ubuntu0.5_amd64.deb ...
verify	Run npx playwright install --with-deps chromium firefox webkit	2026-10-09T06:24:17.0469173Z Unpacking gstreamer1.0-plugins-base:amd64 (1.24.2-1ubuntu0.5) ...
verify	Run npx playwright install --with-deps chromium firefox webkit	2026-10-09T06:24:17.0792430Z Selecting previously unselected package libaa1:amd64.
verify	Run npx playwright install --with-deps chromium firefox webkit	2026-10-09T06:24:17.0920251Z Preparing to unpack .../090-libaa1_1.4p5-51.1_amd64.deb ...
verify	Run npx playwright install --with-deps chromium firefox webkit	2026-10-09T06:24:17.0927808Z Unpacking libaa1:amd64 (1.4p5-51.1) ...
verify	Run npx playwright install --with-deps chromium firefox webkit	2026-10-09T06:24:17.1147232Z Selecting previously unselected package libraw1394-11:amd64.
verify	Run npx playwright install --with-deps chromium firefox webkit	2026-10-09T06:24:17.1274467Z Preparing to unpack .../091-libraw1394-11_2.1.2-2build3_amd64.deb ...
verify	Run npx playwright install --with-deps chromium firefox webkit	2026-10-09T06:24:17.1283723Z Unpacking libraw1394-11:amd64 (2.1.2-2build3) ...
verify	Run npx playwright install --with-deps chromium firefox webkit	2026-10-09T06:24:17.1492040Z Selecting previously unselected package libavc1394-0:amd64.
verify	Run npx playwright install --with-deps chromium firefox webkit	2026-10-09T06:24:17.1620386Z Preparing to unpack .../092-libavc1394-0_0.5.4-5build3_amd64.deb ...
verify	Run npx playwright install --with-deps chromium firefox webkit	2026-10-09T06:24:17.1628098Z Unpacking libavc1394-0:amd64 (0.5.4-5build3) ...
verify	Run npx playwright install --with-deps chromium firefox webkit	2026-10-09T06:24:17.1827517Z Selecting previously unselected package libcaca0:amd64.
verify	Run npx playwright install --with-deps chromium firefox webkit	2026-10-09T06:24:17.1954376Z Preparing to unpack .../093-libcaca0_0.99.beta20-4ubuntu0.2_amd64.deb ...
verify	Run npx playwright install --with-deps chromium firefox webkit	2026-10-09T06:24:17.1965541Z Unpacking libcaca0:amd64 (0.99.beta20-4ubuntu0.2) ...
verify	Run npx playwright install --with-deps chromium firefox webkit	2026-10-09T06:24:17.2204884Z Selecting previously unselected package libdv4t64:amd64.
verify	Run npx playwright install --with-deps chromium firefox webkit	2026-10-09T06:24:17.2331879Z Preparing to unpack .../094-libdv4t64_1.0.0-17.1build1_amd64.deb ...
verify	Run npx playwright install --with-deps chromium firefox webkit	2026-10-09T06:24:17.2339842Z Unpacking libdv4t64:amd64 (1.0.0-17.1build1) ...
verify	Run npx playwright install --with-deps chromium firefox webkit	2026-10-09T06:24:17.2547218Z Selecting previously unselected package libgstreamer-plugins-good1.0-0:amd64.
verify	Run npx playwright install --with-deps chromium firefox webkit	2026-10-09T06:24:17.2671326Z Preparing to unpack .../095-libgstreamer-plugins-good1.0-0_1.24.2-1ubuntu1.8_amd64.deb ...
verify	Run npx playwright install --with-deps chromium firefox webkit	2026-10-09T06:24:17.2678898Z Unpacking libgstreamer-plugins-good1.0-0:amd64 (1.24.2-1ubuntu1.8) ...
verify	Run npx playwright install --with-deps chromium firefox webkit	2026-10-09T06:24:17.2884621Z Selecting previously unselected package libiec61883-0:amd64.
verify	Run npx playwright install --with-deps chromium firefox webkit	2026-10-09T06:24:17.3012261Z Preparing to unpack .../096-libiec61883-0_1.2.0-6build1_amd64.deb ...
verify	Run npx playwright install --with-deps chromium firefox webkit	2026-10-09T06:24:17.3022041Z Unpacking libiec61883-0:amd64 (1.2.0-6build1) ...
verify	Run npx playwright install --with-deps chromium firefox webkit	2026-10-09T06:24:17.3223293Z Selecting previously unselected package libshout3:amd64.
verify	Run npx playwright install --with-deps chromium firefox webkit	2026-10-09T06:24:17.3348132Z Preparing to unpack .../097-libshout3_2.4.6-1build2_amd64.deb ...
verify	Run npx playwright install --with-deps chromium firefox webkit	2026-10-09T06:24:17.3358761Z Unpacking libshout3:amd64 (2.4.6-1build2) ...
verify	Run npx playwright install --with-deps chromium firefox webkit	2026-10-09T06:24:17.3575153Z Selecting previously unselected package libtag1v5-vanilla:amd64.
verify	Run npx playwright install --with-deps chromium firefox webkit	2026-10-09T06:24:17.3700654Z Preparing to unpack .../098-libtag1v5-vanilla_1.13.1-1build1_amd64.deb ...
verify	Run npx playwright install --with-deps chromium firefox webkit	2026-10-09T06:24:17.3708125Z Unpacking libtag1v5-vanilla:amd64 (1.13.1-1build1) ...
verify	Run npx playwright install --with-deps chromium firefox webkit	2026-10-09T06:24:17.3931021Z Selecting previously unselected package libtag1v5:amd64.
verify	Run npx playwright install --with-deps chromium firefox webkit	2026-10-09T06:24:17.4056286Z Preparing to unpack .../099-libtag1v5_1.13.1-1build1_amd64.deb ...
verify	Run npx playwright install --with-deps chromium firefox webkit	2026-10-09T06:24:17.4070120Z Unpacking libtag1v5:amd64 (1.13.1-1build1) ...
verify	Run npx playwright install --with-deps chromium firefox webkit	2026-10-09T06:24:17.4258023Z Selecting previously unselected package libv4lconvert0t64:amd64.
verify	Run npx playwright install --with-deps chromium firefox webkit	2026-10-09T06:24:17.4381708Z Preparing to unpack .../100-libv4lconvert0t64_1.26.1-4build3_amd64.deb ...
verify	Run npx playwright install --with-deps chromium firefox webkit	2026-10-09T06:24:17.4392867Z Unpacking libv4lconvert0t64:amd64 (1.26.1-4build3) ...
verify	Run npx playwright install --with-deps chromium firefox webkit	2026-10-09T06:24:17.4616976Z Selecting previously unselected package libv4l-0t64:amd64.
verify	Run npx playwright install --with-deps chromium firefox webkit	2026-10-09T06:24:17.4739328Z Preparing to unpack .../101-libv4l-0t64_1.26.1-4build3_amd64.deb ...
verify	Run npx playwright install --with-deps chromium firefox webkit	2026-10-09T06:24:17.4747125Z Unpacking libv4l-0t64:amd64 (1.26.1-4build3) ...
verify	Run npx playwright install --with-deps chromium firefox webkit	2026-10-09T06:24:17.4959046Z Selecting previously unselected package libwavpack1:amd64.
verify	Run npx playwright install --with-deps chromium firefox webkit	2026-10-09T06:24:17.5081822Z Preparing to unpack .../102-libwavpack1_5.6.0-1build1_amd64.deb ...
verify	Run npx playwright install --with-deps chromium firefox webkit	2026-10-09T06:24:17.5094939Z Unpacking libwavpack1:amd64 (5.6.0-1build1) ...
verify	Run npx playwright install --with-deps chromium firefox webkit	2026-10-09T06:24:17.5287473Z Selecting previously unselected package libsoup-3.0-common.
verify	Run npx playwright install --with-deps chromium firefox webkit	2026-10-09T06:24:17.5410286Z Preparing to unpack .../103-libsoup-3.0-common_3.4.4-5ubuntu0.9_all.deb ...
verify	Run npx playwright install --with-deps chromium firefox webkit	2026-10-09T06:24:17.5417251Z Unpacking libsoup-3.0-common (3.4.4-5ubuntu0.9) ...
verify	Run npx playwright install --with-deps chromium firefox webkit	2026-10-09T06:24:17.5602405Z Selecting previously unselected package libsoup-3.0-0:amd64.
verify	Run npx playwright install --with-deps chromium firefox webkit	2026-10-09T06:24:17.5724463Z Preparing to unpack .../104-libsoup-3.0-0_3.4.4-5ubuntu0.9_amd64.deb ...
verify	Run npx playwright install --with-deps chromium firefox webkit	2026-10-09T06:24:17.5736304Z Unpacking libsoup-3.0-0:amd64 (3.4.4-5ubuntu0.9) ...
verify	Run npx playwright install --with-deps chromium firefox webkit	2026-10-09T06:24:17.5954952Z Selecting previously unselected package gstreamer1.0-plugins-good:amd64.
verify	Run npx playwright install --with-deps chromium firefox webkit	2026-10-09T06:24:17.6080617Z Preparing to unpack .../105-gstreamer1.0-plugins-good_1.24.2-1ubuntu1.8_amd64.deb ...
verify	Run npx playwright install --with-deps chromium firefox webkit	2026-10-09T06:24:17.6088062Z Unpacking gstreamer1.0-plugins-good:amd64 (1.24.2-1ubuntu1.8) ...
verify	Run npx playwright install --with-deps chromium firefox webkit	2026-10-09T06:24:17.6622446Z Selecting previously unselected package libabsl20220623t64:amd64.
verify	Run npx playwright install --with-deps chromium firefox webkit	2026-10-09T06:24:17.6751268Z Preparing to unpack .../106-libabsl20220623t64_20220623.1-3.1ubuntu3.2_amd64.deb ...
verify	Run npx playwright install --with-deps chromium firefox webkit	2026-10-09T06:24:17.6758193Z Unpacking libabsl20220623t64:amd64 (20220623.1-3.1ubuntu3.2) ...
verify	Run npx playwright install --with-deps chromium firefox webkit	2026-10-09T06:24:17.7178044Z Selecting previously unselected package libgav1-1:amd64.
verify	Run npx playwright install --with-deps chromium firefox webkit	2026-10-09T06:24:17.7308196Z Preparing to unpack .../107-libgav1-1_0.18.0-1build3_amd64.deb ...
verify	Run npx playwright install --with-deps chromium firefox webkit	2026-10-09T06:24:17.7319827Z Unpacking libgav1-1:amd64 (0.18.0-1build3) ...
verify	Run npx playwright install --with-deps chromium firefox webkit	2026-10-09T06:24:17.7552050Z Selecting previously unselected package libyuv0:amd64.
verify	Run npx playwright install --with-deps chromium firefox webkit	2026-10-09T06:24:17.7677865Z Preparing to unpack .../108-libyuv0_0.0~git202401110.af6ac82-1_amd64.deb ...
verify	Run npx playwright install --with-deps chromium firefox webkit	2026-10-09T06:24:17.7687342Z Unpacking libyuv0:amd64 (0.0~git202401110.af6ac82-1) ...
verify	Run npx playwright install --with-deps chromium firefox webkit	2026-10-09T06:24:17.7913112Z Selecting previously unselected package libavif16:amd64.
verify	Run npx playwright install --with-deps chromium firefox webkit	2026-10-09T06:24:17.8037025Z Preparing to unpack .../109-libavif16_1.0.4-1ubuntu3_amd64.deb ...
verify	Run npx playwright install --with-deps chromium firefox webkit	2026-10-09T06:24:17.8046793Z Unpacking libavif16:amd64 (1.0.4-1ubuntu3) ...
verify	Run npx playwright install --with-deps chromium firefox webkit	2026-10-09T06:24:17.8245733Z Selecting previously unselected package libavtp0:amd64.
verify	Run npx playwright install --with-deps chromium firefox webkit	2026-10-09T06:24:17.8368655Z Preparing to unpack .../110-libavtp0_0.2.0-1build1_amd64.deb ...
verify	Run npx playwright install --with-deps chromium firefox webkit	2026-10-09T06:24:17.8381833Z Unpacking libavtp0:amd64 (0.2.0-1build1) ...
verify	Run npx playwright install --with-deps chromium firefox webkit	2026-10-09T06:24:17.8585044Z Selecting previously unselected package libcairo-script-interpreter2:amd64.
verify	Run npx playwright install --with-deps chromium firefox webkit	2026-10-09T06:24:17.8708739Z Preparing to unpack .../111-libcairo-script-interpreter2_1.18.0-3build1_amd64.deb ...
verify	Run npx playwright install --with-deps chromium firefox webkit	2026-10-09T06:24:17.8717646Z Unpacking libcairo-script-interpreter2:amd64 (1.18.0-3build1) ...
verify	Run npx playwright install --with-deps chromium firefox webkit	2026-10-09T06:24:17.8918515Z Selecting previously unselected package libdc1394-25:amd64.
verify	Run npx playwright install --with-deps chromium firefox webkit	2026-10-09T06:24:17.9042011Z Preparing to unpack .../112-libdc1394-25_2.2.6-4build1_amd64.deb ...
verify	Run npx playwright install --with-deps chromium firefox webkit	2026-10-09T06:24:17.9048940Z Unpacking libdc1394-25:amd64 (2.2.6-4build1) ...
verify	Run npx playwright install --with-deps chromium firefox webkit	2026-10-09T06:24:17.9251898Z Selecting previously unselected package libde265-0:amd64.
verify	Run npx playwright install --with-deps chromium firefox webkit	2026-10-09T06:24:17.9375890Z Preparing to unpack .../113-libde265-0_1.0.15-1ubuntu0.2_amd64.deb ...
verify	Run npx playwright install --with-deps chromium firefox webkit	2026-10-09T06:24:17.9383344Z Unpacking libde265-0:amd64 (1.0.15-1ubuntu0.2) ...
verify	Run npx playwright install --with-deps chromium firefox webkit	2026-10-09T06:24:17.9599753Z Selecting previously unselected package libdecor-0-0:amd64.
verify	Run npx playwright install --with-deps chromium firefox webkit	2026-10-09T06:24:17.9729168Z Preparing to unpack .../114-libdecor-0-0_0.2.2-1build2_amd64.deb ...
verify	Run npx playwright install --with-deps chromium firefox webkit	2026-10-09T06:24:17.9736504Z Unpacking libdecor-0-0:amd64 (0.2.2-1build2) ...
verify	Run npx playwright install --with-deps chromium firefox webkit	2026-10-09T06:24:17.9941120Z Selecting previously unselected package libgles2:amd64.
verify	Run npx playwright install --with-deps chromium firefox webkit	2026-10-09T06:24:18.0069758Z Preparing to unpack .../115-libgles2_1.7.0-1build1_amd64.deb ...
verify	Run npx playwright install --with-deps chromium firefox webkit	2026-10-09T06:24:18.0077595Z Unpacking libgles2:amd64 (1.7.0-1build1) ...
verify	Run npx playwright install --with-deps chromium firefox webkit	2026-10-09T06:24:18.0285827Z Selecting previously unselected package libdirectfb-1.7-7t64:amd64.
verify	Run npx playwright install --with-deps chromium firefox webkit	2026-10-09T06:24:18.0413409Z Preparing to unpack .../116-libdirectfb-1.7-7t64_1.7.7-11.1ubuntu2_amd64.deb ...
verify	Run npx playwright install --with-deps chromium firefox webkit	2026-10-09T06:24:18.0422166Z Unpacking libdirectfb-1.7-7t64:amd64 (1.7.7-11.1ubuntu2) ...
verify	Run npx playwright install --with-deps chromium firefox webkit	2026-10-09T06:24:18.0859830Z Selecting previously unselected package libdvdread8t64:amd64.
verify	Run npx playwright install --with-deps chromium firefox webkit	2026-10-09T06:24:18.0993319Z Preparing to unpack .../117-libdvdread8t64_6.1.3-1.1build1_amd64.deb ...
verify	Run npx playwright install --with-deps chromium firefox webkit	2026-10-09T06:24:18.1002137Z Unpacking libdvdread8t64:amd64 (6.1.3-1.1build1) ...
verify	Run npx playwright install --with-deps chromium firefox webkit	2026-10-09T06:24:18.1220411Z Selecting previously unselected package libdvdnav4:amd64.
verify	Run npx playwright install --with-deps chromium firefox webkit	2026-10-09T06:24:18.1350083Z Preparing to unpack .../118-libdvdnav4_6.1.1-3build1_amd64.deb ...
verify	Run npx playwright install --with-deps chromium firefox webkit	2026-10-09T06:24:18.1357534Z Unpacking libdvdnav4:amd64 (6.1.1-3build1) ...
verify	Run npx playwright install --with-deps chromium firefox webkit	2026-10-09T06:24:18.1577529Z Selecting previously unselected package libegl-mesa0:amd64.
verify	Run npx playwright install --with-deps chromium firefox webkit	2026-10-09T06:24:18.1707898Z Preparing to unpack .../119-libegl-mesa0_25.2.8-0ubuntu0.24.04.4_amd64.deb ...
verify	Run npx playwright install --with-deps chromium firefox webkit	2026-10-09T06:24:18.1714835Z Unpacking libegl-mesa0:amd64 (25.2.8-0ubuntu0.24.04.4) ...
verify	Run npx playwright install --with-deps chromium firefox webkit	2026-10-09T06:24:18.1940330Z Selecting previously unselected package libevent-2.1-7t64:amd64.
verify	Run npx playwright install --with-deps chromium firefox webkit	2026-10-09T06:24:18.2068578Z Preparing to unpack .../120-libevent-2.1-7t64_2.1.12-stable-9ubuntu2.2_amd64.deb ...
verify	Run npx playwright install --with-deps chromium firefox webkit	2026-10-09T06:24:18.2077399Z Unpacking libevent-2.1-7t64:amd64 (2.1.12-stable-9ubuntu2.2) ...
verify	Run npx playwright install --with-deps chromium firefox webkit	2026-10-09T06:24:18.2332745Z Selecting previously unselected package libfaad2:amd64.
verify	Run npx playwright install --with-deps chromium firefox webkit	2026-10-09T06:24:18.2460628Z Preparing to unpack .../121-libfaad2_2.11.1-1build1_amd64.deb ...
verify	Run npx playwright install --with-deps chromium firefox webkit	2026-10-09T06:24:18.2467838Z Unpacking libfaad2:amd64 (2.11.1-1build1) ...
verify	Run npx playwright install --with-deps chromium firefox webkit	2026-10-09T06:24:18.2698137Z Selecting previously unselected package libinstpatch-1.0-2:amd64.
verify	Run npx playwright install --with-deps chromium firefox webkit	2026-10-09T06:24:18.2825986Z Preparing to unpack .../122-libinstpatch-1.0-2_1.1.6-1build2_amd64.deb ...
verify	Run npx playwright install --with-deps chromium firefox webkit	2026-10-09T06:24:18.2833908Z Unpacking libinstpatch-1.0-2:amd64 (1.1.6-1build2) ...
verify	Run npx playwright install --with-deps chromium firefox webkit	2026-10-09T06:24:18.3073739Z Selecting previously unselected package libjack-jackd2-0:amd64.
verify	Run npx playwright install --with-deps chromium firefox webkit	2026-10-09T06:24:18.3202910Z Preparing to unpack .../123-libjack-jackd2-0_1.9.21~dfsg-3ubuntu3_amd64.deb ...
verify	Run npx playwright install --with-deps chromium firefox webkit	2026-10-09T06:24:18.3211005Z Unpacking libjack-jackd2-0:amd64 (1.9.21~dfsg-3ubuntu3) ...
verify	Run npx playwright install --with-deps chromium firefox webkit	2026-10-09T06:24:18.3495213Z Selecting previously unselected package libwebrtc-audio-processing1:amd64.
verify	Run npx playwright install --with-deps chromium firefox webkit	2026-10-09T06:24:18.3623923Z Preparing to unpack .../124-libwebrtc-audio-processing1_0.3.1-0ubuntu6_amd64.deb ...
verify	Run npx playwright install --with-deps chromium firefox webkit	2026-10-09T06:24:18.3631300Z Unpacking libwebrtc-audio-processing1:amd64 (0.3.1-0ubuntu6) ...
verify	Run npx playwright install --with-deps chromium firefox webkit	2026-10-09T06:24:18.3850729Z Selecting previously unselected package libspa-0.2-modules:amd64.
verify	Run npx playwright install --with-deps chromium firefox webkit	2026-10-09T06:24:18.3976945Z Preparing to unpack .../125-libspa-0.2-modules_1.0.5-1ubuntu3.3_amd64.deb ...
verify	Run npx playwright install --with-deps chromium firefox webkit	2026-10-09T06:24:18.3983167Z Unpacking libspa-0.2-modules:amd64 (1.0.5-1ubuntu3.3) ...
verify	Run npx playwright install --with-deps chromium firefox webkit	2026-10-09T06:24:18.4285779Z Selecting previously unselected package libpipewire-0.3-0t64:amd64.
verify	Run npx playwright install --with-deps chromium firefox webkit	2026-10-09T06:24:18.4410156Z Preparing to unpack .../126-libpipewire-0.3-0t64_1.0.5-1ubuntu3.3_amd64.deb ...
verify	Run npx playwright install --with-deps chromium firefox webkit	2026-10-09T06:24:18.4417426Z Unpacking libpipewire-0.3-0t64:amd64 (1.0.5-1ubuntu3.3) ...
verify	Run npx playwright install --with-deps chromium firefox webkit	2026-10-09T06:24:18.4651827Z Selecting previously unselected package libsdl2-2.0-0:amd64.
verify	Run npx playwright install --with-deps chromium firefox webkit	2026-10-09T06:24:18.4777824Z Preparing to unpack .../127-libsdl2-2.0-0_2.30.0+dfsg-1ubuntu3.1_amd64.deb ...
verify	Run npx playwright install --with-deps chromium firefox webkit	2026-10-09T06:24:18.4785949Z Unpacking libsdl2-2.0-0:amd64 (2.30.0+dfsg-1ubuntu3.1) ...
verify	Run npx playwright install --with-deps chromium firefox webkit	2026-10-09T06:24:18.5064389Z Selecting previously unselected package timgm6mb-soundfont.
verify	Run npx playwright install --with-deps chromium firefox webkit	2026-10-09T06:24:18.5190664Z Preparing to unpack .../128-timgm6mb-soundfont_1.3-5_all.deb ...
verify	Run npx playwright install --with-deps chromium firefox webkit	2026-10-09T06:24:18.5197577Z Unpacking timgm6mb-soundfont (1.3-5) ...
verify	Run npx playwright install --with-deps chromium firefox webkit	2026-10-09T06:24:18.8580942Z Selecting previously unselected package libfluidsynth3:amd64.
verify	Run npx playwright install --with-deps chromium firefox webkit	2026-10-09T06:24:18.8712018Z Preparing to unpack .../129-libfluidsynth3_2.3.4-1build3_amd64.deb ...
verify	Run npx playwright install --with-deps chromium firefox webkit	2026-10-09T06:24:18.8719586Z Unpacking libfluidsynth3:amd64 (2.3.4-1build3) ...
verify	Run npx playwright install --with-deps chromium firefox webkit	2026-10-09T06:24:18.8959397Z Selecting previously unselected package libfreeaptx0:amd64.
verify	Run npx playwright install --with-deps chromium firefox webkit	2026-10-09T06:24:18.9088594Z Preparing to unpack .../130-libfreeaptx0_0.1.1-2build1_amd64.deb ...
verify	Run npx playwright install --with-deps chromium firefox webkit	2026-10-09T06:24:18.9102989Z Unpacking libfreeaptx0:amd64 (0.1.1-2build1) ...
verify	Run npx playwright install --with-deps chromium firefox webkit	2026-10-09T06:24:18.9311176Z Selecting previously unselected package libgraphene-1.0-0:amd64.
verify	Run npx playwright install --with-deps chromium firefox webkit	2026-10-09T06:24:18.9440335Z Preparing to unpack .../131-libgraphene-1.0-0_1.10.8-3build2_amd64.deb ...
verify	Run npx playwright install --with-deps chromium firefox webkit	2026-10-09T06:24:18.9448139Z Unpacking libgraphene-1.0-0:amd64 (1.10.8-3build2) ...
verify	Run npx playwright install --with-deps chromium firefox webkit	2026-10-09T06:24:18.9663598Z Selecting previously unselected package libgssdp-1.6-0:amd64.
verify	Run npx playwright install --with-deps chromium firefox webkit	2026-10-09T06:24:18.9792168Z Preparing to unpack .../132-libgssdp-1.6-0_1.6.3-1build3_amd64.deb ...
verify	Run npx playwright install --with-deps chromium firefox webkit	2026-10-09T06:24:18.9799307Z Unpacking libgssdp-1.6-0:amd64 (1.6.3-1build3) ...
verify	Run npx playwright install --with-deps chromium firefox webkit	2026-10-09T06:24:19.0005329Z Selecting previously unselected package libegl1:amd64.
verify	Run npx playwright install --with-deps chromium firefox webkit	2026-10-09T06:24:19.0131527Z Preparing to unpack .../133-libegl1_1.7.0-1build1_amd64.deb ...
verify	Run npx playwright install --with-deps chromium firefox webkit	2026-10-09T06:24:19.0138937Z Unpacking libegl1:amd64 (1.7.0-1build1) ...
verify	Run npx playwright install --with-deps chromium firefox webkit	2026-10-09T06:24:19.0347575Z Selecting previously unselected package libgstreamer-gl1.0-0:amd64.
verify	Run npx playwright install --with-deps chromium firefox webkit	2026-10-09T06:24:19.0474890Z Preparing to unpack .../134-libgstreamer-gl1.0-0_1.24.2-1ubuntu0.5_amd64.deb ...
verify	Run npx playwright install --with-deps chromium firefox webkit	2026-10-09T06:24:19.0482348Z Unpacking libgstreamer-gl1.0-0:amd64 (1.24.2-1ubuntu0.5) ...
verify	Run npx playwright install --with-deps chromium firefox webkit	2026-10-09T06:24:19.0706200Z Selecting previously unselected package libgtk-4-common.
verify	Run npx playwright install --with-deps chromium firefox webkit	2026-10-09T06:24:19.0834837Z Preparing to unpack .../135-libgtk-4-common_4.14.5+ds-0ubuntu0.10_all.deb ...
verify	Run npx playwright install --with-deps chromium firefox webkit	2026-10-09T06:24:19.0841326Z Unpacking libgtk-4-common (4.14.5+ds-0ubuntu0.10) ...
verify	Run npx playwright install --with-deps chromium firefox webkit	2026-10-09T06:24:19.1306179Z Selecting previously unselected package libgtk-4-1:amd64.
verify	Run npx playwright install --with-deps chromium firefox webkit	2026-10-09T06:24:19.1433695Z Preparing to unpack .../136-libgtk-4-1_4.14.5+ds-0ubuntu0.10_amd64.deb ...
verify	Run npx playwright install --with-deps chromium firefox webkit	2026-10-09T06:24:19.1450324Z Unpacking libgtk-4-1:amd64 (4.14.5+ds-0ubuntu0.10) ...
verify	Run npx playwright install --with-deps chromium firefox webkit	2026-10-09T06:24:19.2107370Z Selecting previously unselected package libgupnp-1.6-0:amd64.
verify	Run npx playwright install --with-deps chromium firefox webkit	2026-10-09T06:24:19.2234553Z Preparing to unpack .../137-libgupnp-1.6-0_1.6.6-1build3_amd64.deb ...
verify	Run npx playwright install --with-deps chromium firefox webkit	2026-10-09T06:24:19.2262400Z Unpacking libgupnp-1.6-0:amd64 (1.6.6-1build3) ...
verify	Run npx playwright install --with-deps chromium firefox webkit	2026-10-09T06:24:19.2483135Z Selecting previously unselected package libgupnp-igd-1.6-0:amd64.
verify	Run npx playwright install --with-deps chromium firefox webkit	2026-10-09T06:24:19.2609072Z Preparing to unpack .../138-libgupnp-igd-1.6-0_1.6.0-3build3_amd64.deb ...
verify	Run npx playwright install --with-deps chromium firefox webkit	2026-10-09T06:24:19.2616369Z Unpacking libgupnp-igd-1.6-0:amd64 (1.6.0-3build3) ...
verify	Run npx playwright install --with-deps chromium firefox webkit	2026-10-09T06:24:19.2817624Z Selecting previously unselected package libharfbuzz-icu0:amd64.
verify	Run npx playwright install --with-deps chromium firefox webkit	2026-10-09T06:24:19.2942343Z Preparing to unpack .../139-libharfbuzz-icu0_8.3.0-2build2_amd64.deb ...
verify	Run npx playwright install --with-deps chromium firefox webkit	2026-10-09T06:24:19.2951410Z Unpacking libharfbuzz-icu0:amd64 (8.3.0-2build2) ...
verify	Run npx playwright install --with-deps chromium firefox webkit	2026-10-09T06:24:19.3146407Z Selecting previously unselected package libhyphen0:amd64.
verify	Run npx playwright install --with-deps chromium firefox webkit	2026-10-09T06:24:19.3272118Z Preparing to unpack .../140-libhyphen0_2.8.8-7build3_amd64.deb ...
verify	Run npx playwright install --with-deps chromium firefox webkit	2026-10-09T06:24:19.3279854Z Unpacking libhyphen0:amd64 (2.8.8-7build3) ...
verify	Run npx playwright install --with-deps chromium firefox webkit	2026-10-09T06:24:19.3544514Z Selecting previously unselected package libimath-3-1-29t64:amd64.
verify	Run npx playwright install --with-deps chromium firefox webkit	2026-10-09T06:24:19.3670635Z Preparing to unpack .../141-libimath-3-1-29t64_3.1.9-3.1ubuntu2_amd64.deb ...
verify	Run npx playwright install --with-deps chromium firefox webkit	2026-10-09T06:24:19.3678576Z Unpacking libimath-3-1-29t64:amd64 (3.1.9-3.1ubuntu2) ...
verify	Run npx playwright install --with-deps chromium firefox webkit	2026-10-09T06:24:19.3897804Z Selecting previously unselected package liblc3-1:amd64.
verify	Run npx playwright install --with-deps chromium firefox webkit	2026-10-09T06:24:19.4021824Z Preparing to unpack .../142-liblc3-1_1.0.4-3build1_amd64.deb ...
verify	Run npx playwright install --with-deps chromium firefox webkit	2026-10-09T06:24:19.4029091Z Unpacking liblc3-1:amd64 (1.0.4-3build1) ...
verify	Run npx playwright install --with-deps chromium firefox webkit	2026-10-09T06:24:19.4237224Z Selecting previously unselected package libldacbt-enc2:amd64.
verify	Run npx playwright install --with-deps chromium firefox webkit	2026-10-09T06:24:19.4363146Z Preparing to unpack .../143-libldacbt-enc2_2.0.2.3+git20200429+ed310a0-4ubuntu2_amd64.deb ...
verify	Run npx playwright install --with-deps chromium firefox webkit	2026-10-09T06:24:19.4370351Z Unpacking libldacbt-enc2:amd64 (2.0.2.3+git20200429+ed310a0-4ubuntu2) ...
verify	Run npx playwright install --with-deps chromium firefox webkit	2026-10-09T06:24:19.4570670Z Selecting previously unselected package libraptor2-0:amd64.
verify	Run npx playwright install --with-deps chromium firefox webkit	2026-10-09T06:24:19.4695354Z Preparing to unpack .../144-libraptor2-0_2.0.16-3ubuntu0.1_amd64.deb ...
verify	Run npx playwright install --with-deps chromium firefox webkit	2026-10-09T06:24:19.4702552Z Unpacking libraptor2-0:amd64 (2.0.16-3ubuntu0.1) ...
verify	Run npx playwright install --with-deps chromium firefox webkit	2026-10-09T06:24:19.4948057Z Selecting previously unselected package liblrdf0:amd64.
verify	Run npx playwright install --with-deps chromium firefox webkit	2026-10-09T06:24:19.5073129Z Preparing to unpack .../145-liblrdf0_0.6.1-4build1_amd64.deb ...
verify	Run npx playwright install --with-deps chromium firefox webkit	2026-10-09T06:24:19.5081671Z Unpacking liblrdf0:amd64 (0.6.1-4build1) ...
verify	Run npx playwright install --with-deps chromium firefox webkit	2026-10-09T06:24:19.5283967Z Selecting previously unselected package libltc11:amd64.
verify	Run npx playwright install --with-deps chromium firefox webkit	2026-10-09T06:24:19.5405579Z Preparing to unpack .../146-libltc11_1.3.2-1build1_amd64.deb ...
verify	Run npx playwright install --with-deps chromium firefox webkit	2026-10-09T06:24:19.5412369Z Unpacking libltc11:amd64 (1.3.2-1build1) ...
verify	Run npx playwright install --with-deps chromium firefox webkit	2026-10-09T06:24:19.5605110Z Selecting previously unselected package libmanette-0.2-0:amd64.
verify	Run npx playwright install --with-deps chromium firefox webkit	2026-10-09T06:24:19.5727303Z Preparing to unpack .../147-libmanette-0.2-0_0.2.7-1build2_amd64.deb ...
verify	Run npx playwright install --with-deps chromium firefox webkit	2026-10-09T06:24:19.5734023Z Unpacking libmanette-0.2-0:amd64 (0.2.7-1build2) ...
verify	Run npx playwright install --with-deps chromium firefox webkit	2026-10-09T06:24:19.5942335Z Selecting previously unselected package libmfx1:amd64.
verify	Run npx playwright install --with-deps chromium firefox webkit	2026-10-09T06:24:19.6067556Z Preparing to unpack .../148-libmfx1_22.5.4-1_amd64.deb ...
verify	Run npx playwright install --with-deps chromium firefox webkit	2026-10-09T06:24:19.6074748Z Unpacking libmfx1:amd64 (22.5.4-1) ...
verify	Run npx playwright install --with-deps chromium firefox webkit	2026-10-09T06:24:19.6952791Z Selecting previously unselected package libmjpegutils-2.1-0t64:amd64.
verify	Run npx playwright install --with-deps chromium firefox webkit	2026-10-09T06:24:19.7080668Z Preparing to unpack .../149-libmjpegutils-2.1-0t64_1%3a2.1.0+debian-8.1build1_amd64.deb ...
verify	Run npx playwright install --with-deps chromium firefox webkit	2026-10-09T06:24:19.7086969Z Unpacking libmjpegutils-2.1-0t64:amd64 (1:2.1.0+debian-8.1build1) ...
verify	Run npx playwright install --with-deps chromium firefox webkit	2026-10-09T06:24:19.7290643Z Selecting previously unselected package libmodplug1:amd64.
verify	Run npx playwright install --with-deps chromium firefox webkit	2026-10-09T06:24:19.7417893Z Preparing to unpack .../150-libmodplug1_1%3a0.8.9.0-3build1_amd64.deb ...
verify	Run npx playwright install --with-deps chromium firefox webkit	2026-10-09T06:24:19.7424637Z Unpacking libmodplug1:amd64 (1:0.8.9.0-3build1) ...
verify	Run npx playwright install --with-deps chromium firefox webkit	2026-10-09T06:24:19.7638653Z Selecting previously unselected package libmpcdec6:amd64.
verify	Run npx playwright install --with-deps chromium firefox webkit	2026-10-09T06:24:19.7763311Z Preparing to unpack .../151-libmpcdec6_2%3a0.1~r495-2build1_amd64.deb ...
verify	Run npx playwright install --with-deps chromium firefox webkit	2026-10-09T06:24:19.7771918Z Unpacking libmpcdec6:amd64 (2:0.1~r495-2build1) ...
verify	Run npx playwright install --with-deps chromium firefox webkit	2026-10-09T06:24:19.7971067Z Selecting previously unselected package libmpeg2encpp-2.1-0t64:amd64.
verify	Run npx playwright install --with-deps chromium firefox webkit	2026-10-09T06:24:19.8095362Z Preparing to unpack .../152-libmpeg2encpp-2.1-0t64_1%3a2.1.0+debian-8.1build1_amd64.deb ...
verify	Run npx playwright install --with-deps chromium firefox webkit	2026-10-09T06:24:19.8104068Z Unpacking libmpeg2encpp-2.1-0t64:amd64 (1:2.1.0+debian-8.1build1) ...
verify	Run npx playwright install --with-deps chromium firefox webkit	2026-10-09T06:24:19.8306545Z Selecting previously unselected package libmplex2-2.1-0t64:amd64.
verify	Run npx playwright install --with-deps chromium firefox webkit	2026-10-09T06:24:19.8430853Z Preparing to unpack .../153-libmplex2-2.1-0t64_1%3a2.1.0+debian-8.1build1_amd64.deb ...
verify	Run npx playwright install --with-deps chromium firefox webkit	2026-10-09T06:24:19.8439569Z Unpacking libmplex2-2.1-0t64:amd64 (1:2.1.0+debian-8.1build1) ...
verify	Run npx playwright install --with-deps chromium firefox webkit	2026-10-09T06:24:19.8661047Z Selecting previously unselected package libneon27t64:amd64.
verify	Run npx playwright install --with-deps chromium firefox webkit	2026-10-09T06:24:19.8784467Z Preparing to unpack .../154-libneon27t64_0.33.0-1.1build3_amd64.deb ...
verify	Run npx playwright install --with-deps chromium firefox webkit	2026-10-09T06:24:19.8795782Z Unpacking libneon27t64:amd64 (0.33.0-1.1build3) ...
verify	Run npx playwright install --with-deps chromium firefox webkit	2026-10-09T06:24:19.9007906Z Selecting previously unselected package libnice10:amd64.
verify	Run npx playwright install --with-deps chromium firefox webkit	2026-10-09T06:24:19.9131476Z Preparing to unpack .../155-libnice10_0.1.21-2build3_amd64.deb ...
verify	Run npx playwright install --with-deps chromium firefox webkit	2026-10-09T06:24:19.9140946Z Unpacking libnice10:amd64 (0.1.21-2build3) ...
verify	Run npx playwright install --with-deps chromium firefox webkit	2026-10-09T06:24:19.9346225Z Selecting previously unselected package libopenal-data.
verify	Run npx playwright install --with-deps chromium firefox webkit	2026-10-09T06:24:19.9469500Z Preparing to unpack .../156-libopenal-data_1%3a1.23.1-4build1_all.deb ...
verify	Run npx playwright install --with-deps chromium firefox webkit	2026-10-09T06:24:19.9477101Z Unpacking libopenal-data (1:1.23.1-4build1) ...
verify	Run npx playwright install --with-deps chromium firefox webkit	2026-10-09T06:24:19.9694432Z Selecting previously unselected package libopenexr-3-1-30:amd64.
verify	Run npx playwright install --with-deps chromium firefox webkit	2026-10-09T06:24:19.9819648Z Preparing to unpack .../157-libopenexr-3-1-30_3.1.5-5.1build3_amd64.deb ...
verify	Run npx playwright install --with-deps chromium firefox webkit	2026-10-09T06:24:19.9827654Z Unpacking libopenexr-3-1-30:amd64 (3.1.5-5.1build3) ...
verify	Run npx playwright install --with-deps chromium firefox webkit	2026-10-09T06:24:20.0180384Z Selecting previously unselected package libopenh264-7:amd64.
verify	Run npx playwright install --with-deps chromium firefox webkit	2026-10-09T06:24:20.0306720Z Preparing to unpack .../158-libopenh264-7_2.4.1+dfsg-1_amd64.deb ...
verify	Run npx playwright install --with-deps chromium firefox webkit	2026-10-09T06:24:20.0313931Z Unpacking libopenh264-7:amd64 (2.4.1+dfsg-1) ...
verify	Run npx playwright install --with-deps chromium firefox webkit	2026-10-09T06:24:20.0566316Z Selecting previously unselected package libopenni2-0:amd64.
verify	Run npx playwright install --with-deps chromium firefox webkit	2026-10-09T06:24:20.0692486Z Preparing to unpack .../159-libopenni2-0_2.2.0.33+dfsg-18_amd64.deb ...
verify	Run npx playwright install --with-deps chromium firefox webkit	2026-10-09T06:24:20.0725090Z Unpacking libopenni2-0:amd64 (2.2.0.33+dfsg-18) ...
verify	Run npx playwright install --with-deps chromium firefox webkit	2026-10-09T06:24:20.1028005Z Selecting previously unselected package libqrencode4:amd64.
verify	Run npx playwright install --with-deps chromium firefox webkit	2026-10-09T06:24:20.1156850Z Preparing to unpack .../160-libqrencode4_4.1.1-1build2_amd64.deb ...
verify	Run npx playwright install --with-deps chromium firefox webkit	2026-10-09T06:24:20.1166302Z Unpacking libqrencode4:amd64 (4.1.1-1build2) ...
verify	Run npx playwright install --with-deps chromium firefox webkit	2026-10-09T06:24:20.1603811Z Selecting previously unselected package libsecret-common.
verify	Run npx playwright install --with-deps chromium firefox webkit	2026-10-09T06:24:20.1729255Z Preparing to unpack .../161-libsecret-common_0.21.4-1build3_all.deb ...
verify	Run npx playwright install --with-deps chromium firefox webkit	2026-10-09T06:24:20.1735767Z Unpacking libsecret-common (0.21.4-1build3) ...
verify	Run npx playwright install --with-deps chromium firefox webkit	2026-10-09T06:24:20.1933010Z Selecting previously unselected package libsecret-1-0:amd64.
verify	Run npx playwright install --with-deps chromium firefox webkit	2026-10-09T06:24:20.2059823Z Preparing to unpack .../162-libsecret-1-0_0.21.4-1build3_amd64.deb ...
verify	Run npx playwright install --with-deps chromium firefox webkit	2026-10-09T06:24:20.2067175Z Unpacking libsecret-1-0:amd64 (0.21.4-1build3) ...
verify	Run npx playwright install --with-deps chromium firefox webkit	2026-10-09T06:24:20.2307639Z Selecting previously unselected package libsndio7.0:amd64.
verify	Run npx playwright install --with-deps chromium firefox webkit	2026-10-09T06:24:20.2432882Z Preparing to unpack .../163-libsndio7.0_1.9.0-0.3build3_amd64.deb ...
verify	Run npx playwright install --with-deps chromium firefox webkit	2026-10-09T06:24:20.2440233Z Unpacking libsndio7.0:amd64 (1.9.0-0.3build3) ...
verify	Run npx playwright install --with-deps chromium firefox webkit	2026-10-09T06:24:20.2639966Z Selecting previously unselected package libsoundtouch1:amd64.
verify	Run npx playwright install --with-deps chromium firefox webkit	2026-10-09T06:24:20.2766998Z Preparing to unpack .../164-libsoundtouch1_2.3.2+ds1-1build1_amd64.deb ...
verify	Run npx playwright install --with-deps chromium firefox webkit	2026-10-09T06:24:20.2774723Z Unpacking libsoundtouch1:amd64 (2.3.2+ds1-1build1) ...
verify	Run npx playwright install --with-deps chromium firefox webkit	2026-10-09T06:24:20.2991097Z Selecting previously unselected package libspandsp2t64:amd64.
verify	Run npx playwright install --with-deps chromium firefox webkit	2026-10-09T06:24:20.3118059Z Preparing to unpack .../165-libspandsp2t64_0.0.6+dfsg-2.1build1_amd64.deb ...
verify	Run npx playwright install --with-deps chromium firefox webkit	2026-10-09T06:24:20.3125311Z Unpacking libspandsp2t64:amd64 (0.0.6+dfsg-2.1build1) ...
verify	Run npx playwright install --with-deps chromium firefox webkit	2026-10-09T06:24:20.3359395Z Selecting previously unselected package libsrtp2-1:amd64.
verify	Run npx playwright install --with-deps chromium firefox webkit	2026-10-09T06:24:20.3486141Z Preparing to unpack .../166-libsrtp2-1_2.5.0-3build1_amd64.deb ...
verify	Run npx playwright install --with-deps chromium firefox webkit	2026-10-09T06:24:20.3493158Z Unpacking libsrtp2-1:amd64 (2.5.0-3build1) ...
verify	Run npx playwright install --with-deps chromium firefox webkit	2026-10-09T06:24:20.3709650Z Selecting previously unselected package libwayland-server0:amd64.
verify	Run npx playwright install --with-deps chromium firefox webkit	2026-10-09T06:24:20.3836000Z Preparing to unpack .../167-libwayland-server0_1.22.0-2.1build1_amd64.deb ...
verify	Run npx playwright install --with-deps chromium firefox webkit	2026-10-09T06:24:20.3846438Z Unpacking libwayland-server0:amd64 (1.22.0-2.1build1) ...
verify	Run npx playwright install --with-deps chromium firefox webkit	2026-10-09T06:24:20.4043670Z Selecting previously unselected package libwildmidi2:amd64.
verify	Run npx playwright install --with-deps chromium firefox webkit	2026-10-09T06:24:20.4170901Z Preparing to unpack .../168-libwildmidi2_0.4.3-1build3_amd64.deb ...
verify	Run npx playwright install --with-deps chromium firefox webkit	2026-10-09T06:24:20.4180278Z Unpacking libwildmidi2:amd64 (0.4.3-1build3) ...
verify	Run npx playwright install --with-deps chromium firefox webkit	2026-10-09T06:24:20.4382827Z Selecting previously unselected package libwoff1:amd64.
verify	Run npx playwright install --with-deps chromium firefox webkit	2026-10-09T06:24:20.4509355Z Preparing to unpack .../169-libwoff1_1.0.2-2build1_amd64.deb ...
verify	Run npx playwright install --with-deps chromium firefox webkit	2026-10-09T06:24:20.4520197Z Unpacking libwoff1:amd64 (1.0.2-2build1) ...
verify	Run npx playwright install --with-deps chromium firefox webkit	2026-10-09T06:24:20.4735396Z Selecting previously unselected package libxcb-xkb1:amd64.
verify	Run npx playwright install --with-deps chromium firefox webkit	2026-10-09T06:24:20.4861355Z Preparing to unpack .../170-libxcb-xkb1_1.15-1ubuntu2_amd64.deb ...
verify	Run npx playwright install --with-deps chromium firefox webkit	2026-10-09T06:24:20.4871077Z Unpacking libxcb-xkb1:amd64 (1.15-1ubuntu2) ...
verify	Run npx playwright install --with-deps chromium firefox webkit	2026-10-09T06:24:20.5326627Z Selecting previously unselected package libxkbcommon-x11-0:amd64.
verify	Run npx playwright install --with-deps chromium firefox webkit	2026-10-09T06:24:20.5451377Z Preparing to unpack .../171-libxkbcommon-x11-0_1.6.0-1build1_amd64.deb ...
verify	Run npx playwright install --with-deps chromium firefox webkit	2026-10-09T06:24:20.5458325Z Unpacking libxkbcommon-x11-0:amd64 (1.6.0-1build1) ...
verify	Run npx playwright install --with-deps chromium firefox webkit	2026-10-09T06:24:20.5659138Z Selecting previously unselected package libzbar0t64:amd64.
verify	Run npx playwright install --with-deps chromium firefox webkit	2026-10-09T06:24:20.5785304Z Preparing to unpack .../172-libzbar0t64_0.23.93-4build3_amd64.deb ...
verify	Run npx playwright install --with-deps chromium firefox webkit	2026-10-09T06:24:20.5792369Z Unpacking libzbar0t64:amd64 (0.23.93-4build3) ...
verify	Run npx playwright install --with-deps chromium firefox webkit	2026-10-09T06:24:20.6004720Z Selecting previously unselected package libzxing3:amd64.
verify	Run npx playwright install --with-deps chromium firefox webkit	2026-10-09T06:24:20.6129562Z Preparing to unpack .../173-libzxing3_2.2.1-3_amd64.deb ...
verify	Run npx playwright install --with-deps chromium firefox webkit	2026-10-09T06:24:20.6138677Z Unpacking libzxing3:amd64 (2.2.1-3) ...
verify	Run npx playwright install --with-deps chromium firefox webkit	2026-10-09T06:24:20.6375321Z Selecting previously unselected package xfonts-encodings.
verify	Run npx playwright install --with-deps chromium firefox webkit	2026-10-09T06:24:20.6501028Z Preparing to unpack .../174-xfonts-encodings_1%3a1.0.5-0ubuntu2_all.deb ...
verify	Run npx playwright install --with-deps chromium firefox webkit	2026-10-09T06:24:20.6509721Z Unpacking xfonts-encodings (1:1.0.5-0ubuntu2) ...
verify	Run npx playwright install --with-deps chromium firefox webkit	2026-10-09T06:24:20.6782193Z Selecting previously unselected package xfonts-utils.
verify	Run npx playwright install --with-deps chromium firefox webkit	2026-10-09T06:24:20.6906551Z Preparing to unpack .../175-xfonts-utils_1%3a7.7+6build3_amd64.deb ...
verify	Run npx playwright install --with-deps chromium firefox webkit	2026-10-09T06:24:20.6916626Z Unpacking xfonts-utils (1:7.7+6build3) ...
verify	Run npx playwright install --with-deps chromium firefox webkit	2026-10-09T06:24:20.7342616Z Selecting previously unselected package xfonts-cyrillic.
verify	Run npx playwright install --with-deps chromium firefox webkit	2026-10-09T06:24:20.7468204Z Preparing to unpack .../176-xfonts-cyrillic_1%3a1.0.5+nmu1_all.deb ...
verify	Run npx playwright install --with-deps chromium firefox webkit	2026-10-09T06:24:20.7475275Z Unpacking xfonts-cyrillic (1:1.0.5+nmu1) ...
verify	Run npx playwright install --with-deps chromium firefox webkit	2026-10-09T06:24:20.7822744Z Selecting previously unselected package xfonts-scalable.
verify	Run npx playwright install --with-deps chromium firefox webkit	2026-10-09T06:24:20.7951194Z Preparing to unpack .../177-xfonts-scalable_1%3a1.0.3-1.3_all.deb ...
verify	Run npx playwright install --with-deps chromium firefox webkit	2026-10-09T06:24:20.7957923Z Unpacking xfonts-scalable (1:1.0.3-1.3) ...
verify	Run npx playwright install --with-deps chromium firefox webkit	2026-10-09T06:24:20.8197848Z Selecting previously unselected package libgstreamer-plugins-bad1.0-0:amd64.
verify	Run npx playwright install --with-deps chromium firefox webkit	2026-10-09T06:24:20.8324126Z Preparing to unpack .../178-libgstreamer-plugins-bad1.0-0_1.24.2-1ubuntu4_amd64.deb ...
verify	Run npx playwright install --with-deps chromium firefox webkit	2026-10-09T06:24:20.8331418Z Unpacking libgstreamer-plugins-bad1.0-0:amd64 (1.24.2-1ubuntu4) ...
verify	Run npx playwright install --with-deps chromium firefox webkit	2026-10-09T06:24:20.8694134Z Selecting previously unselected package libdca0:amd64.
verify	Run npx playwright install --with-deps chromium firefox webkit	2026-10-09T06:24:20.8820272Z Preparing to unpack .../179-libdca0_0.0.7-2build1_amd64.deb ...
verify	Run npx playwright install --with-deps chromium firefox webkit	2026-10-09T06:24:20.8827304Z Unpacking libdca0:amd64 (0.0.7-2build1) ...
verify	Run npx playwright install --with-deps chromium firefox webkit	2026-10-09T06:24:20.9037148Z Selecting previously unselected package libopenal1:amd64.
verify	Run npx playwright install --with-deps chromium firefox webkit	2026-10-09T06:24:20.9162139Z Preparing to unpack .../180-libopenal1_1%3a1.23.1-4build1_amd64.deb ...
verify	Run npx playwright install --with-deps chromium firefox webkit	2026-10-09T06:24:20.9172991Z Unpacking libopenal1:amd64 (1:1.23.1-4build1) ...
verify	Run npx playwright install --with-deps chromium firefox webkit	2026-10-09T06:24:20.9412943Z Selecting previously unselected package libsbc1:amd64.
verify	Run npx playwright install --with-deps chromium firefox webkit	2026-10-09T06:24:20.9541049Z Preparing to unpack .../181-libsbc1_2.0-1build1_amd64.deb ...
verify	Run npx playwright install --with-deps chromium firefox webkit	2026-10-09T06:24:20.9548480Z Unpacking libsbc1:amd64 (2.0-1build1) ...
verify	Run npx playwright install --with-deps chromium firefox webkit	2026-10-09T06:24:20.9752665Z Selecting previously unselected package libvo-aacenc0:amd64.
verify	Run npx playwright install --with-deps chromium firefox webkit	2026-10-09T06:24:20.9879568Z Preparing to unpack .../182-libvo-aacenc0_0.1.3-2build1_amd64.deb ...
verify	Run npx playwright install --with-deps chromium firefox webkit	2026-10-09T06:24:20.9887027Z Unpacking libvo-aacenc0:amd64 (0.1.3-2build1) ...
verify	Run npx playwright install --with-deps chromium firefox webkit	2026-10-09T06:24:21.0087899Z Selecting previously unselected package libvo-amrwbenc0:amd64.
verify	Run npx playwright install --with-deps chromium firefox webkit	2026-10-09T06:24:21.0213830Z Preparing to unpack .../183-libvo-amrwbenc0_0.1.3-2build1_amd64.deb ...
verify	Run npx playwright install --with-deps chromium firefox webkit	2026-10-09T06:24:21.0219859Z Unpacking libvo-amrwbenc0:amd64 (0.1.3-2build1) ...
verify	Run npx playwright install --with-deps chromium firefox webkit	2026-10-09T06:24:21.0421166Z Selecting previously unselected package gstreamer1.0-plugins-bad:amd64.
verify	Run npx playwright install --with-deps chromium firefox webkit	2026-10-09T06:24:21.0547243Z Preparing to unpack .../184-gstreamer1.0-plugins-bad_1.24.2-1ubuntu4_amd64.deb ...
verify	Run npx playwright install --with-deps chromium firefox webkit	2026-10-09T06:24:21.0554404Z Unpacking gstreamer1.0-plugins-bad:amd64 (1.24.2-1ubuntu4) ...
verify	Run npx playwright install --with-deps chromium firefox webkit	2026-10-09T06:24:21.2437399Z Setting up libgme0:amd64 (0.6.3-7build1) ...
verify	Run npx playwright install --with-deps chromium firefox webkit	2026-10-09T06:24:21.2461085Z Setting up libchromaprint1:amd64 (1.5.1-5) ...
verify	Run npx playwright install --with-deps chromium firefox webkit	2026-10-09T06:24:21.2479004Z Setting up libssh-gcrypt-4:amd64 (0.10.6-2ubuntu0.5) ...
verify	Run npx playwright install --with-deps chromium firefox webkit	2026-10-09T06:24:21.2510237Z Setting up libhwy1t64:amd64 (1.0.7-8.1build1) ...
verify	Run npx playwright install --with-deps chromium firefox webkit	2026-10-09T06:24:21.2531131Z Setting up libfreeaptx0:amd64 (0.1.1-2build1) ...
verify	Run npx playwright install --with-deps chromium firefox webkit	2026-10-09T06:24:21.2550804Z Setting up libdvdread8t64:amd64 (6.1.3-1.1build1) ...
verify	Run npx playwright install --with-deps chromium firefox webkit	2026-10-09T06:24:21.2573508Z Setting up libudfread0:amd64 (1.1.2-1build1) ...
verify	Run npx playwright install --with-deps chromium firefox webkit	2026-10-09T06:24:21.2592034Z Setting up libmodplug1:amd64 (1:0.8.9.0-3build1) ...
verify	Run npx playwright install --with-deps chromium firefox webkit	2026-10-09T06:24:21.2611757Z Setting up libcdparanoia0:amd64 (3.10.2+debian-14build3) ...
verify	Run npx playwright install --with-deps chromium firefox webkit	2026-10-09T06:24:21.2629272Z Setting up libwayland-server0:amd64 (1.22.0-2.1build1) ...
verify	Run npx playwright install --with-deps chromium firefox webkit	2026-10-09T06:24:21.2651193Z Setting up libvo-amrwbenc0:amd64 (0.1.3-2build1) ...
verify	Run npx playwright install --with-deps chromium firefox webkit	2026-10-09T06:24:21.2683427Z Setting up session-migration (0.3.9build1) ...
verify	Run npx playwright install --with-deps chromium firefox webkit	2026-10-09T06:24:21.3836401Z Created symlink /etc/systemd/user/graphical-session-pre.target.wants/session-migration.service → /usr/lib/systemd/user/session-migration.service.
verify	Run npx playwright install --with-deps chromium firefox webkit	2026-10-09T06:24:21.3837940Z 
verify	Run npx playwright install --with-deps chromium firefox webkit	2026-10-09T06:24:21.3865831Z Setting up libraw1394-11:amd64 (2.1.2-2build3) ...
verify	Run npx playwright install --with-deps chromium firefox webkit	2026-10-09T06:24:21.3883758Z Setting up libsbc1:amd64 (2.0-1build1) ...
verify	Run npx playwright install --with-deps chromium firefox webkit	2026-10-09T06:24:21.3907619Z Setting up libproxy1v5:amd64 (0.5.4-4build1) ...
verify	Run npx playwright install --with-deps chromium firefox webkit	2026-10-09T06:24:21.3925429Z Setting up libtag1v5-vanilla:amd64 (1.13.1-1build1) ...
verify	Run npx playwright install --with-deps chromium firefox webkit	2026-10-09T06:24:21.3942589Z Setting up libharfbuzz-icu0:amd64 (8.3.0-2build2) ...
verify	Run npx playwright install --with-deps chromium firefox webkit	2026-10-09T06:24:21.3962134Z Setting up libopenni2-0:amd64 (2.2.0.33+dfsg-18) ...
verify	Run npx playwright install --with-deps chromium firefox webkit	2026-10-09T06:24:21.4187203Z Setting up libspeex1:amd64 (1.2.1-2ubuntu2.24.04.1) ...
verify	Run npx playwright install --with-deps chromium firefox webkit	2026-10-09T06:24:21.4211346Z Setting up libshine3:amd64 (3.1.1-2build1) ...
verify	Run npx playwright install --with-deps chromium firefox webkit	2026-10-09T06:24:21.4233986Z Setting up libcaca0:amd64 (0.99.beta20-4ubuntu0.2) ...
verify	Run npx playwright install --with-deps chromium firefox webkit	2026-10-09T06:24:21.4254786Z Setting up libvpl2 (2023.3.0-1build1) ...
verify	Run npx playwright install --with-deps chromium firefox webkit	2026-10-09T06:24:21.4274925Z Setting up libv4lconvert0t64:amd64 (1.26.1-4build3) ...
verify	Run npx playwright install --with-deps chromium firefox webkit	2026-10-09T06:24:21.4292162Z Setting up libx264-164:amd64 (2:0.164.3108+git31e19f9-1) ...
verify	Run npx playwright install --with-deps chromium firefox webkit	2026-10-09T06:24:21.4310908Z Setting up libtwolame0:amd64 (0.4.0-2build3) ...
verify	Run npx playwright install --with-deps chromium firefox webkit	2026-10-09T06:24:21.4328056Z Setting up libmbedcrypto7t64:amd64 (2.28.8-1) ...
verify	Run npx playwright install --with-deps chromium firefox webkit	2026-10-09T06:24:21.4347573Z Setting up libwoff1:amd64 (1.0.2-2build1) ...
verify	Run npx playwright install --with-deps chromium firefox webkit	2026-10-09T06:24:21.4367127Z Setting up liblc3-1:amd64 (1.0.4-3build1) ...
verify	Run npx playwright install --with-deps chromium firefox webkit	2026-10-09T06:24:21.4387947Z Setting up libqrencode4:amd64 (4.1.1-1build2) ...
verify	Run npx playwright install --with-deps chromium firefox webkit	2026-10-09T06:24:21.4406062Z Setting up libhyphen0:amd64 (2.8.8-7build3) ...
verify	Run npx playwright install --with-deps chromium firefox webkit	2026-10-09T06:24:21.4422672Z Setting up libgsm1:amd64 (1.0.22-1build1) ...
verify	Run npx playwright install --with-deps chromium firefox webkit	2026-10-09T06:24:21.4441312Z Setting up libvisual-0.4-0:amd64 (0.4.2-2build1) ...
verify	Run npx playwright install --with-deps chromium firefox webkit	2026-10-09T06:24:21.4460516Z Setting up libsoxr0:amd64 (0.1.3-4build3) ...
verify	Run npx playwright install --with-deps chromium firefox webkit	2026-10-09T06:24:21.4477827Z Setting up libzix-0-0:amd64 (0.4.2-2build1) ...
verify	Run npx playwright install --with-deps chromium firefox webkit	2026-10-09T06:24:21.4497155Z Setting up libcodec2-1.2:amd64 (1.2.0-2build1) ...
verify	Run npx playwright install --with-deps chromium firefox webkit	2026-10-09T06:24:21.4515608Z Setting up libmanette-0.2-0:amd64 (0.2.7-1build2) ...
verify	Run npx playwright install --with-deps chromium firefox webkit	2026-10-09T06:24:21.4539945Z Setting up libsrtp2-1:amd64 (2.5.0-3build1) ...
verify	Run npx playwright install --with-deps chromium firefox webkit	2026-10-09T06:24:21.4564897Z Setting up libmysofa1:amd64 (1.3.2+dfsg-2ubuntu2) ...
verify	Run npx playwright install --with-deps chromium firefox webkit	2026-10-09T06:24:21.4586460Z Setting up libldacbt-enc2:amd64 (2.0.2.3+git20200429+ed310a0-4ubuntu2) ...
verify	Run npx playwright install --with-deps chromium firefox webkit	2026-10-09T06:24:21.4605031Z Setting up fonts-wqy-zenhei (0.9.45-8) ...
verify	Run npx playwright install --with-deps chromium firefox webkit	2026-10-09T06:24:21.4718265Z Setting up libwebrtc-audio-processing1:amd64 (0.3.1-0ubuntu6) ...
verify	Run npx playwright install --with-deps chromium firefox webkit	2026-10-09T06:24:21.4738671Z Setting up fonts-freefont-ttf (20211204+svn4273-2) ...
verify	Run npx playwright install --with-deps chromium firefox webkit	2026-10-09T06:24:21.4757140Z Setting up libevent-2.1-7t64:amd64 (2.1.12-stable-9ubuntu2.2) ...
verify	Run npx playwright install --with-deps chromium firefox webkit	2026-10-09T06:24:21.4776073Z Setting up libsvtav1enc1d1:amd64 (1.7.0+dfsg-2build1) ...
verify	Run npx playwright install --with-deps chromium firefox webkit	2026-10-09T06:24:21.4794304Z Setting up libsoup-3.0-common (3.4.4-5ubuntu0.9) ...
verify	Run npx playwright install --with-deps chromium firefox webkit	2026-10-09T06:24:21.4812210Z Setting up libmpg123-0t64:amd64 (1.32.5-1ubuntu1.1) ...
verify	Run npx playwright install --with-deps chromium firefox webkit	2026-10-09T06:24:21.4831407Z Setting up libcjson1:amd64 (1.7.17-1) ...
verify	Run npx playwright install --with-deps chromium firefox webkit	2026-10-09T06:24:21.4853211Z Setting up libxvidcore4:amd64 (2:1.3.7-1build1) ...
verify	Run npx playwright install --with-deps chromium firefox webkit	2026-10-09T06:24:21.4893044Z Setting up libmpcdec6:amd64 (2:0.1~r495-2build1) ...
verify	Run npx playwright install --with-deps chromium firefox webkit	2026-10-09T06:24:21.4912910Z Setting up libmjpegutils-2.1-0t64:amd64 (1:2.1.0+debian-8.1build1) ...
verify	Run npx playwright install --with-deps chromium firefox webkit	2026-10-09T06:24:21.4929737Z Setting up librav1e0:amd64 (0.7.1-2) ...
verify	Run npx playwright install --with-deps chromium firefox webkit	2026-10-09T06:24:21.4949569Z Setting up liborc-0.4-0t64:amd64 (1:0.4.38-1ubuntu0.1) ...
verify	Run npx playwright install --with-deps chromium firefox webkit	2026-10-09T06:24:21.4967141Z Setting up libxcb-xkb1:amd64 (1.15-1ubuntu2) ...
verify	Run npx playwright install --with-deps chromium firefox webkit	2026-10-09T06:24:21.4984647Z Setting up libvo-aacenc0:amd64 (0.1.3-2build1) ...
verify	Run npx playwright install --with-deps chromium firefox webkit	2026-10-09T06:24:21.5009170Z Setting up librist4:amd64 (0.2.10+dfsg-2) ...
verify	Run npx playwright install --with-deps chromium firefox webkit	2026-10-09T06:24:21.5027794Z Setting up libblas3:amd64 (3.12.0-3build1.1) ...
verify	Run npx playwright install --with-deps chromium firefox webkit	2026-10-09T06:24:21.5092337Z update-alternatives: using /usr/lib/x86_64-linux-gnu/blas/libblas.so.3 to provide /usr/lib/x86_64-linux-gnu/libblas.so.3 (libblas.so.3-x86_64-linux-gnu) in auto mode
verify	Run npx playwright install --with-deps chromium firefox webkit	2026-10-09T06:24:21.5107651Z Setting up libegl-mesa0:amd64 (25.2.8-0ubuntu0.24.04.4) ...
verify	Run npx playwright install --with-deps chromium firefox webkit	2026-10-09T06:24:21.5125436Z Setting up libsoundtouch1:amd64 (2.3.2+ds1-1build1) ...
verify	Run npx playwright install --with-deps chromium firefox webkit	2026-10-09T06:24:21.5145411Z Setting up libplacebo338:amd64 (6.338.2-2build1) ...
verify	Run npx playwright install --with-deps chromium firefox webkit	2026-10-09T06:24:21.5164387Z Setting up libgles2:amd64 (1.7.0-1build1) ...
verify	Run npx playwright install --with-deps chromium firefox webkit	2026-10-09T06:24:21.5186468Z Setting up fonts-tlwg-loma-otf (1:0.7.3-1) ...
verify	Run npx playwright install --with-deps chromium firefox webkit	2026-10-09T06:24:21.5206101Z Setting up libva2:amd64 (2.20.0-2ubuntu0.2) ...
verify	Run npx playwright install --with-deps chromium firefox webkit	2026-10-09T06:24:21.5222879Z Setting up libspa-0.2-modules:amd64 (1.0.5-1ubuntu3.3) ...
verify	Run npx playwright install --with-deps chromium firefox webkit	2026-10-09T06:24:21.5241667Z Setting up libzxing3:amd64 (2.2.1-3) ...
verify	Run npx playwright install --with-deps chromium firefox webkit	2026-10-09T06:24:21.5258908Z Setting up xfonts-encodings (1:1.0.5-0ubuntu2) ...
verify	Run npx playwright install --with-deps chromium firefox webkit	2026-10-09T06:24:21.5279206Z Setting up libopus0:amd64 (1.4-1build1) ...
verify	Run npx playwright install --with-deps chromium firefox webkit	2026-10-09T06:24:21.5300311Z Setting up libfaad2:amd64 (2.11.1-1build1) ...
verify	Run npx playwright install --with-deps chromium firefox webkit	2026-10-09T06:24:21.5321252Z Setting up libxkbcommon-x11-0:amd64 (1.6.0-1build1) ...
verify	Run npx playwright install --with-deps chromium firefox webkit	2026-10-09T06:24:21.5347255Z Setting up libdc1394-25:amd64 (2.2.6-4build1) ...
verify	Run npx playwright install --with-deps chromium firefox webkit	2026-10-09T06:24:21.5368171Z Setting up libpng16-16t64:amd64 (1.6.43-5ubuntu0.7) ...
verify	Run npx playwright install --with-deps chromium firefox webkit	2026-10-09T06:24:21.5388413Z Setting up libimath-3-1-29t64:amd64 (3.1.9-3.1ubuntu2) ...
verify	Run npx playwright install --with-deps chromium firefox webkit	2026-10-09T06:24:21.5408172Z Setting up libunibreak5:amd64 (5.1-2build1) ...
verify	Run npx playwright install --with-deps chromium firefox webkit	2026-10-09T06:24:21.5426154Z Setting up libdv4t64:amd64 (1.0.0-17.1build1) ...
verify	Run npx playwright install --with-deps chromium firefox webkit	2026-10-09T06:24:21.5445319Z Setting up libjxl0.7:amd64 (0.7.0-10.2ubuntu6.1) ...
verify	Run npx playwright install --with-deps chromium firefox webkit	2026-10-09T06:24:21.5463348Z Setting up libopenh264-7:amd64 (2.4.1+dfsg-1) ...
verify	Run npx playwright install --with-deps chromium firefox webkit	2026-10-09T06:24:21.5487924Z Setting up libltc11:amd64 (1.3.2-1build1) ...
verify	Run npx playwright install --with-deps chromium firefox webkit	2026-10-09T06:24:21.5506811Z Setting up libx265-199:amd64 (3.5-2build1) ...
verify	Run npx playwright install --with-deps chromium firefox webkit	2026-10-09T06:24:21.5529415Z Setting up libv4l-0t64:amd64 (1.26.1-4build3) ...
verify	Run npx playwright install --with-deps chromium firefox webkit	2026-10-09T06:24:21.5564098Z Setting up libavtp0:amd64 (0.2.0-1build1) ...
verify	Run npx playwright install --with-deps chromium firefox webkit	2026-10-09T06:24:21.5591317Z Setting up libsndio7.0:amd64 (1.9.0-0.3build3) ...
verify	Run npx playwright install --with-deps chromium firefox webkit	2026-10-09T06:24:21.5633140Z Setting up libdirectfb-1.7-7t64:amd64 (1.7.7-11.1ubuntu2) ...
verify	Run npx playwright install --with-deps chromium firefox webkit	2026-10-09T06:24:21.5659680Z Setting up libspandsp2t64:amd64 (0.0.6+dfsg-2.1build1) ...
verify	Run npx playwright install --with-deps chromium firefox webkit	2026-10-09T06:24:21.5683696Z Setting up libvidstab1.1:amd64 (1.1.0-2build1) ...
verify	Run npx playwright install --with-deps chromium firefox webkit	2026-10-09T06:24:21.5996294Z Setting up libvpx9:amd64 (1.14.0-1ubuntu2.3) ...
verify	Run npx playwright install --with-deps chromium firefox webkit	2026-10-09T06:24:21.6020416Z Setting up libsrt1.5-gnutls:amd64 (1.5.3-1build2) ...
verify	Run npx playwright install --with-deps chromium firefox webkit	2026-10-09T06:24:21.6038900Z Setting up libtag1v5:amd64 (1.13.1-1build1) ...
verify	Run npx playwright install --with-deps chromium firefox webkit	2026-10-09T06:24:21.6060231Z Setting up libflite1:amd64 (2.2-6build3) ...
verify	Run npx playwright install --with-deps chromium firefox webkit	2026-10-09T06:24:21.6083952Z Setting up libdav1d7:amd64 (1.4.1-1build1) ...
verify	Run npx playwright install --with-deps chromium firefox webkit	2026-10-09T06:24:21.6102884Z Setting up libva-drm2:amd64 (2.20.0-2ubuntu0.2) ...
verify	Run npx playwright install --with-deps chromium firefox webkit	2026-10-09T06:24:21.6248019Z Setting up fonts-ipafont-gothic (00303-21ubuntu1) ...
verify	Run npx playwright install --with-deps chromium firefox webkit	2026-10-09T06:24:21.6318246Z update-alternatives: using /usr/share/fonts/opentype/ipafont-gothic/ipag.ttf to provide /usr/share/fonts/truetype/fonts-japanese-gothic.ttf (fonts-japanese-gothic.ttf) in auto mode
verify	Run npx playwright install --with-deps chromium firefox webkit	2026-10-09T06:24:21.6333153Z Setting up ocl-icd-libopencl1:amd64 (2.3.2-1build1) ...
verify	Run npx playwright install --with-deps chromium firefox webkit	2026-10-09T06:24:21.6351908Z Setting up libasyncns0:amd64 (0.8-6build4) ...
verify	Run npx playwright install --with-deps chromium firefox webkit	2026-10-09T06:24:21.6368464Z Setting up libwildmidi2:amd64 (0.4.3-1build3) ...
verify	Run npx playwright install --with-deps chromium firefox webkit	2026-10-09T06:24:21.6387050Z Setting up libvdpau1:amd64 (1.5-2build1) ...
verify	Run npx playwright install --with-deps chromium firefox webkit	2026-10-09T06:24:21.6413042Z Setting up libwavpack1:amd64 (5.6.0-1build1) ...
verify	Run npx playwright install --with-deps chromium firefox webkit	2026-10-09T06:24:21.6434389Z Setting up libbs2b0:amd64 (3.1.0+dfsg-7build1) ...
verify	Run npx playwright install --with-deps chromium firefox webkit	2026-10-09T06:24:21.6475458Z Setting up libtheora0:amd64 (1.1.1+dfsg.1-16.1build3) ...
verify	Run npx playwright install --with-deps chromium firefox webkit	2026-10-09T06:24:21.6492886Z Setting up libegl1:amd64 (1.7.0-1build1) ...
verify	Run npx playwright install --with-deps chromium firefox webkit	2026-10-09T06:24:21.6510716Z Setting up libdecor-0-0:amd64 (0.2.2-1build2) ...
verify	Run npx playwright install --with-deps chromium firefox webkit	2026-10-09T06:24:21.6527444Z Setting up libdca0:amd64 (0.0.7-2build1) ...
verify	Run npx playwright install --with-deps chromium firefox webkit	2026-10-09T06:24:21.6546733Z Setting up libzimg2:amd64 (3.0.5+ds1-1build1) ...
verify	Run npx playwright install --with-deps chromium firefox webkit	2026-10-09T06:24:21.6563719Z Setting up libopenal-data (1:1.23.1-4build1) ...
verify	Run npx playwright install --with-deps chromium firefox webkit	2026-10-09T06:24:21.6589892Z Setting up libabsl20220623t64:amd64 (20220623.1-3.1ubuntu3.2) ...
verify	Run npx playwright install --with-deps chromium firefox webkit	2026-10-09T06:24:21.6608624Z Setting up libflac12t64:amd64 (1.4.3+ds-2.1ubuntu2) ...
verify	Run npx playwright install --with-deps chromium firefox webkit	2026-10-09T06:24:21.6625749Z Setting up libgtk-4-common (4.14.5+ds-0ubuntu0.10) ...
verify	Run npx playwright install --with-deps chromium firefox webkit	2026-10-09T06:24:21.6644135Z Setting up libmpeg2encpp-2.1-0t64:amd64 (1:2.1.0+debian-8.1build1) ...
verify	Run npx playwright install --with-deps chromium firefox webkit	2026-10-09T06:24:21.6660129Z Setting up glib-networking-common (2.80.0-1build1) ...
verify	Run npx playwright install --with-deps chromium firefox webkit	2026-10-09T06:24:21.6678653Z Setting up libmfx1:amd64 (22.5.4-1) ...
verify	Run npx playwright install --with-deps chromium firefox webkit	2026-10-09T06:24:21.6698198Z Setting up libde265-0:amd64 (1.0.15-1ubuntu0.2) ...
verify	Run npx playwright install --with-deps chromium firefox webkit	2026-10-09T06:24:21.6715883Z Setting up libsamplerate0:amd64 (0.2.2-4build1) ...
verify	Run npx playwright install --with-deps chromium firefox webkit	2026-10-09T06:24:21.6739934Z Setting up timgm6mb-soundfont (1.3-5) ...
verify	Run npx playwright install --with-deps chromium firefox webkit	2026-10-09T06:24:21.6819213Z update-alternatives: using /usr/share/sounds/sf2/TimGM6mb.sf2 to provide /usr/share/sounds/sf2/default-GM.sf2 (default-GM.sf2) in auto mode
verify	Run npx playwright install --with-deps chromium firefox webkit	2026-10-09T06:24:21.6862157Z update-alternatives: using /usr/share/sounds/sf2/TimGM6mb.sf2 to provide /usr/share/sounds/sf3/default-GM.sf3 (default-GM.sf3) in auto mode
verify	Run npx playwright install --with-deps chromium firefox webkit	2026-10-09T06:24:21.6878009Z Setting up libva-x11-2:amd64 (2.20.0-2ubuntu0.2) ...
verify	Run npx playwright install --with-deps chromium firefox webkit	2026-10-09T06:24:21.6896630Z Setting up libyuv0:amd64 (0.0~git202401110.af6ac82-1) ...
verify	Run npx playwright install --with-deps chromium firefox webkit	2026-10-09T06:24:21.6917163Z Setting up libmplex2-2.1-0t64:amd64 (1:2.1.0+debian-8.1build1) ...
verify	Run npx playwright install --with-deps chromium firefox webkit	2026-10-09T06:24:21.6936388Z Setting up libpipewire-0.3-0t64:amd64 (1.0.5-1ubuntu3.3) ...
verify	Run npx playwright install --with-deps chromium firefox webkit	2026-10-09T06:24:21.6954344Z Setting up libxml2:amd64 (2.9.14+dfsg-1.3ubuntu3.10) ...
verify	Run npx playwright install --with-deps chromium firefox webkit	2026-10-09T06:24:21.6973004Z Setting up libopenmpt0t64:amd64 (0.7.3-1.1build3) ...
verify	Run npx playwright install --with-deps chromium firefox webkit	2026-10-09T06:24:21.6990627Z Setting up libzvbi-common (0.2.42-2) ...
verify	Run npx playwright install --with-deps chromium firefox webkit	2026-10-09T06:24:21.7010329Z Setting up libsecret-common (0.21.4-1build3) ...
verify	Run npx playwright install --with-deps chromium firefox webkit	2026-10-09T06:24:21.7028891Z Setting up libmp3lame0:amd64 (3.100-6build1) ...
verify	Run npx playwright install --with-deps chromium firefox webkit	2026-10-09T06:24:21.7051171Z Setting up libgraphene-1.0-0:amd64 (1.10.8-3build2) ...
verify	Run npx playwright install --with-deps chromium firefox webkit	2026-10-09T06:24:21.7091447Z Setting up libvorbisenc2:amd64 (1.3.7-1build3) ...
verify	Run npx playwright install --with-deps chromium firefox webkit	2026-10-09T06:24:21.7110246Z Setting up libdvdnav4:amd64 (6.1.1-3build1) ...
verify	Run npx playwright install --with-deps chromium firefox webkit	2026-10-09T06:24:21.7130215Z Setting up fonts-unifont (1:15.1.01-1build1) ...
verify	Run npx playwright install --with-deps chromium firefox webkit	2026-10-09T06:24:21.7147330Z Setting up libaa1:amd64 (1.4p5-51.1) ...
verify	Run npx playwright install --with-deps chromium firefox webkit	2026-10-09T06:24:21.7167858Z Setting up libiec61883-0:amd64 (1.2.0-6build1) ...
verify	Run npx playwright install --with-deps chromium firefox webkit	2026-10-09T06:24:21.7187288Z Setting up libserd-0-0:amd64 (0.32.2-1) ...
verify	Run npx playwright install --with-deps chromium firefox webkit	2026-10-09T06:24:21.7204626Z Setting up libavc1394-0:amd64 (0.5.4-5build3) ...
verify	Run npx playwright install --with-deps chromium firefox webkit	2026-10-09T06:24:21.7228478Z Setting up gsettings-desktop-schemas (46.1-0ubuntu1) ...
verify	Run npx playwright install --with-deps chromium firefox webkit	2026-10-09T06:24:21.7245973Z Setting up glib-networking-services (2.80.0-1build1) ...
verify	Run npx playwright install --with-deps chromium firefox webkit	2026-10-09T06:24:21.7267435Z Setting up liblapack3:amd64 (3.12.0-3build1.1) ...
verify	Run npx playwright install --with-deps chromium firefox webkit	2026-10-09T06:24:21.7326022Z update-alternatives: using /usr/lib/x86_64-linux-gnu/lapack/liblapack.so.3 to provide /usr/lib/x86_64-linux-gnu/liblapack.so.3 (liblapack.so.3-x86_64-linux-gnu) in auto mode
verify	Run npx playwright install --with-deps chromium firefox webkit	2026-10-09T06:24:21.7341796Z Setting up libneon27t64:amd64 (0.33.0-1.1build3) ...
verify	Run npx playwright install --with-deps chromium firefox webkit	2026-10-09T06:24:21.7361740Z Setting up libzvbi0t64:amd64 (0.2.42-2) ...
verify	Run npx playwright install --with-deps chromium firefox webkit	2026-10-09T06:24:21.7410641Z Setting up libraptor2-0:amd64 (2.0.16-3ubuntu0.1) ...
verify	Run npx playwright install --with-deps chromium firefox webkit	2026-10-09T06:24:21.7430054Z Setting up libzbar0t64:amd64 (0.23.93-4build3) ...
verify	Run npx playwright install --with-deps chromium firefox webkit	2026-10-09T06:24:21.7449211Z Setting up libgstreamer-plugins-base1.0-0:amd64 (1.24.2-1ubuntu0.5) ...
verify	Run npx playwright install --with-deps chromium firefox webkit	2026-10-09T06:24:21.7466410Z Setting up libavutil58:amd64 (7:6.1.1-3ubuntu5) ...
verify	Run npx playwright install --with-deps chromium firefox webkit	2026-10-09T06:24:21.7485184Z Setting up libopenal1:amd64 (1:1.23.1-4build1) ...
verify	Run npx playwright install --with-deps chromium firefox webkit	2026-10-09T06:24:21.7505856Z Setting up librsvg2-2:amd64 (2.58.0+dfsg-1ubuntu0.1) ...
verify	Run npx playwright install --with-deps chromium firefox webkit	2026-10-09T06:24:21.7554625Z Setting up libxml2-dev:amd64 (2.9.14+dfsg-1.3ubuntu3.10) ...
verify	Run npx playwright install --with-deps chromium firefox webkit	2026-10-09T06:24:21.7576815Z Setting up libsecret-1-0:amd64 (0.21.4-1build3) ...
verify	Run npx playwright install --with-deps chromium firefox webkit	2026-10-09T06:24:21.7597709Z Setting up libgstreamer-plugins-good1.0-0:amd64 (1.24.2-1ubuntu1.8) ...
verify	Run npx playwright install --with-deps chromium firefox webkit	2026-10-09T06:24:21.7617209Z Setting up libgstreamer-gl1.0-0:amd64 (1.24.2-1ubuntu0.5) ...
verify	Run npx playwright install --with-deps chromium firefox webkit	2026-10-09T06:24:21.7636824Z Setting up gstreamer1.0-plugins-base:amd64 (1.24.2-1ubuntu0.5) ...
verify	Run npx playwright install --with-deps chromium firefox webkit	2026-10-09T06:24:21.7657017Z Setting up libfreetype6:amd64 (2.13.2+dfsg-1ubuntu0.2) ...
verify	Run npx playwright install --with-deps chromium firefox webkit	2026-10-09T06:24:21.7682713Z Setting up libswresample4:amd64 (7:6.1.1-3ubuntu5) ...
verify	Run npx playwright install --with-deps chromium firefox webkit	2026-10-09T06:24:21.7702646Z Setting up libopenexr-3-1-30:amd64 (3.1.5-5.1build3) ...
verify	Run npx playwright install --with-deps chromium firefox webkit	2026-10-09T06:24:21.7722250Z Setting up libshout3:amd64 (2.4.6-1build2) ...
verify	Run npx playwright install --with-deps chromium firefox webkit	2026-10-09T06:24:21.7741052Z Setting up libgav1-1:amd64 (0.18.0-1build3) ...
verify	Run npx playwright install --with-deps chromium firefox webkit	2026-10-09T06:24:21.7761972Z Setting up libavcodec60:amd64 (7:6.1.1-3ubuntu5) ...
verify	Run npx playwright install --with-deps chromium firefox webkit	2026-10-09T06:24:21.7780586Z Setting up librubberband2:amd64 (3.3.0+dfsg-2build1) ...
verify	Run npx playwright install --with-deps chromium firefox webkit	2026-10-09T06:24:21.7798301Z Setting up libjack-jackd2-0:amd64 (1.9.21~dfsg-3ubuntu3) ...
verify	Run npx playwright install --with-deps chromium firefox webkit	2026-10-09T06:24:21.7819824Z Setting up libsord-0-0:amd64 (0.16.16-2build1) ...
verify	Run npx playwright install --with-deps chromium firefox webkit	2026-10-09T06:24:21.7842478Z Setting up libpostproc57:amd64 (7:6.1.1-3ubuntu5) ...
verify	Run npx playwright install --with-deps chromium firefox webkit	2026-10-09T06:24:21.7863832Z Setting up libsratom-0-0:amd64 (0.6.16-1build1) ...
verify	Run npx playwright install --with-deps chromium firefox webkit	2026-10-09T06:24:21.7885723Z Setting up libsndfile1:amd64 (1.2.2-1ubuntu5.24.04.1) ...
verify	Run npx playwright install --with-deps chromium firefox webkit	2026-10-09T06:24:21.7904185Z Setting up libbluray2:amd64 (1:1.3.4-1build1) ...
verify	Run npx playwright install --with-deps chromium firefox webkit	2026-10-09T06:24:21.7924638Z Setting up liblilv-0-0:amd64 (0.24.22-1build1) ...
verify	Run npx playwright install --with-deps chromium firefox webkit	2026-10-09T06:24:21.7947060Z Setting up libinstpatch-1.0-2:amd64 (1.1.6-1build2) ...
verify	Run npx playwright install --with-deps chromium firefox webkit	2026-10-09T06:24:21.7967770Z Setting up libswscale7:amd64 (7:6.1.1-3ubuntu5) ...
verify	Run npx playwright install --with-deps chromium firefox webkit	2026-10-09T06:24:21.8026830Z Setting up libcairo-script-interpreter2:amd64 (1.18.0-3build1) ...
verify	Run npx playwright install --with-deps chromium firefox webkit	2026-10-09T06:24:21.8045054Z Setting up libavif16:amd64 (1.0.4-1ubuntu3) ...
verify	Run npx playwright install --with-deps chromium firefox webkit	2026-10-09T06:24:21.8066284Z Setting up libpulse0:amd64 (1:16.1+dfsg1-2ubuntu10.1) ...
verify	Run npx playwright install --with-deps chromium firefox webkit	2026-10-09T06:24:21.8138540Z Setting up liblrdf0:amd64 (0.6.1-4build1) ...
verify	Run npx playwright install --with-deps chromium firefox webkit	2026-10-09T06:24:21.8161205Z Setting up libavformat60:amd64 (7:6.1.1-3ubuntu5) ...
verify	Run npx playwright install --with-deps chromium firefox webkit	2026-10-09T06:24:21.8440916Z Setting up xfonts-utils (1:7.7+6build3) ...
verify	Run npx playwright install --with-deps chromium firefox webkit	2026-10-09T06:24:21.8486716Z Setting up libsphinxbase3t64:amd64 (0.8+5prealpha+1-17build2) ...
verify	Run npx playwright install --with-deps chromium firefox webkit	2026-10-09T06:24:21.8504081Z Setting up libass9:amd64 (1:0.17.1-2build1) ...
verify	Run npx playwright install --with-deps chromium firefox webkit	2026-10-09T06:24:21.8527996Z Setting up xfonts-cyrillic (1:1.0.5+nmu1) ...
verify	Run npx playwright install --with-deps chromium firefox webkit	2026-10-09T06:24:21.8808727Z Setting up libsdl2-2.0-0:amd64 (2.30.0+dfsg-1ubuntu3.1) ...
verify	Run npx playwright install --with-deps chromium firefox webkit	2026-10-09T06:24:21.8829774Z Setting up xfonts-scalable (1:1.0.3-1.3) ...
verify	Run npx playwright install --with-deps chromium firefox webkit	2026-10-09T06:24:21.9130732Z Setting up libfluidsynth3:amd64 (2.3.4-1build3) ...
verify	Run npx playwright install --with-deps chromium firefox webkit	2026-10-09T06:24:21.9156906Z Setting up libpocketsphinx3:amd64 (0.8.0+real5prealpha+1-15ubuntu5) ...
verify	Run npx playwright install --with-deps chromium firefox webkit	2026-10-09T06:24:21.9175274Z Setting up libavfilter9:amd64 (7:6.1.1-3ubuntu5) ...
verify	Run npx playwright install --with-deps chromium firefox webkit	2026-10-09T06:24:21.9196192Z Setting up gstreamer1.0-libav:amd64 (1.24.1-1build1) ...
verify	Run npx playwright install --with-deps chromium firefox webkit	2026-10-09T06:24:21.9446130Z Processing triggers for fontconfig (2.15.0-1.1ubuntu2) ...
verify	Run npx playwright install --with-deps chromium firefox webkit	2026-10-09T06:24:22.0355304Z Processing triggers for libc-bin (2.39-0ubuntu8.9) ...
verify	Run npx playwright install --with-deps chromium firefox webkit	2026-10-09T06:24:22.0860511Z Processing triggers for man-db (2.12.0-4build2) ...
verify	Run npx playwright install --with-deps chromium firefox webkit	2026-10-09T06:24:22.0881733Z Not building database; man-db/auto-update is not 'true'.
verify	Run npx playwright install --with-deps chromium firefox webkit	2026-10-09T06:24:22.0908108Z Processing triggers for libglib2.0-0t64:amd64 (2.80.0-6ubuntu3.9) ...
verify	Run npx playwright install --with-deps chromium firefox webkit	2026-10-09T06:24:22.1235053Z Setting up libgtk-4-1:amd64 (4.14.5+ds-0ubuntu0.10) ...
verify	Run npx playwright install --with-deps chromium firefox webkit	2026-10-09T06:24:22.1807240Z Setting up glib-networking:amd64 (2.80.0-1build1) ...
verify	Run npx playwright install --with-deps chromium firefox webkit	2026-10-09T06:24:22.1845264Z Setting up libsoup-3.0-0:amd64 (3.4.4-5ubuntu0.9) ...
verify	Run npx playwright install --with-deps chromium firefox webkit	2026-10-09T06:24:22.1879113Z Setting up libgssdp-1.6-0:amd64 (1.6.3-1build3) ...
verify	Run npx playwright install --with-deps chromium firefox webkit	2026-10-09T06:24:22.1952533Z Setting up gstreamer1.0-plugins-good:amd64 (1.24.2-1ubuntu1.8) ...
verify	Run npx playwright install --with-deps chromium firefox webkit	2026-10-09T06:24:22.1975219Z Setting up libgupnp-1.6-0:amd64 (1.6.6-1build3) ...
verify	Run npx playwright install --with-deps chromium firefox webkit	2026-10-09T06:24:22.2034959Z Setting up libgupnp-igd-1.6-0:amd64 (1.6.0-3build3) ...
verify	Run npx playwright install --with-deps chromium firefox webkit	2026-10-09T06:24:22.2068438Z Setting up libnice10:amd64 (0.1.21-2build3) ...
verify	Run npx playwright install --with-deps chromium firefox webkit	2026-10-09T06:24:22.2126025Z Setting up libgstreamer-plugins-bad1.0-0:amd64 (1.24.2-1ubuntu4) ...
verify	Run npx playwright install --with-deps chromium firefox webkit	2026-10-09T06:24:22.2168653Z Setting up gstreamer1.0-plugins-bad:amd64 (1.24.2-1ubuntu4) ...
verify	Run npx playwright install --with-deps chromium firefox webkit	2026-10-09T06:24:22.2189360Z Processing triggers for libc-bin (2.39-0ubuntu8.9) ...
verify	Run npx playwright install --with-deps chromium firefox webkit	2026-10-09T06:24:22.8786607Z 
verify	Run npx playwright install --with-deps chromium firefox webkit	2026-10-09T06:24:22.8787176Z Running kernel seems to be up-to-date.
verify	Run npx playwright install --with-deps chromium firefox webkit	2026-10-09T06:24:22.8787496Z 
verify	Run npx playwright install --with-deps chromium firefox webkit	2026-10-09T06:24:22.8787634Z Restarting services...
verify	Run npx playwright install --with-deps chromium firefox webkit	2026-10-09T06:24:22.8970067Z  systemctl restart packagekit.service php8.3-fpm.service
verify	Run npx playwright install --with-deps chromium firefox webkit	2026-10-09T06:24:23.0122932Z 
verify	Run npx playwright install --with-deps chromium firefox webkit	2026-10-09T06:24:23.0125222Z No containers need to be restarted.
verify	Run npx playwright install --with-deps chromium firefox webkit	2026-10-09T06:24:23.0125626Z 
verify	Run npx playwright install --with-deps chromium firefox webkit	2026-10-09T06:24:23.0125960Z No user sessions are running outdated binaries.
verify	Run npx playwright install --with-deps chromium firefox webkit	2026-10-09T06:24:23.0126346Z 
verify	Run npx playwright install --with-deps chromium firefox webkit	2026-10-09T06:24:23.0126865Z No VM guests are running outdated hypervisor (qemu) binaries on this host.
verify	Run npx playwright install --with-deps chromium firefox webkit	2026-10-09T06:24:23.9026480Z Downloading Chrome for Testing 153.0.8010.12 (playwright chromium v1243) from https://cdn.playwright.dev/builds/cft/153.0.8010.12/linux64/chrome-linux64.zip
verify	Run npx playwright install --with-deps chromium firefox webkit	2026-10-09T06:24:24.3049677Z |                                                                                |   0% of 186.8 MiB
verify	Run npx playwright install --with-deps chromium firefox webkit	2026-10-09T06:24:35.1271154Z |■■■■■■■■                                                                        |  10% of 186.8 MiB
verify	Run npx playwright install --with-deps chromium firefox webkit	2026-10-09T06:24:35.4498619Z |■■■■■■■■■■■■■■■■                                                                |  20% of 186.8 MiB
verify	Run npx playwright install --with-deps chromium firefox webkit	2026-10-09T06:24:35.8351734Z |■■■■■■■■■■■■■■■■■■■■■■■■                                                        |  30% of 186.8 MiB
verify	Run npx playwright install --with-deps chromium firefox webkit	2026-10-09T06:24:36.0306282Z |■■■■■■■■■■■■■■■■■■■■■■■■■■■■■■■■                                                |  40% of 186.8 MiB
verify	Run npx playwright install --with-deps chromium firefox webkit	2026-10-09T06:24:36.2250518Z |■■■■■■■■■■■■■■■■■■■■■■■■■■■■■■■■■■■■■■■■                                        |  50% of 186.8 MiB
verify	Run npx playwright install --with-deps chromium firefox webkit	2026-10-09T06:24:36.3872305Z |■■■■■■■■■■■■■■■■■■■■■■■■■■■■■■■■■■■■■■■■■■■■■■■■                                |  60% of 186.8 MiB
verify	Run npx playwright install --with-deps chromium firefox webkit	2026-10-09T06:24:36.5518872Z |■■■■■■■■■■■■■■■■■■■■■■■■■■■■■■■■■■■■■■■■■■■■■■■■■■■■■■■■                        |  70% of 186.8 MiB
verify	Run npx playwright install --with-deps chromium firefox webkit	2026-10-09T06:24:36.7203368Z |■■■■■■■■■■■■■■■■■■■■■■■■■■■■■■■■■■■■■■■■■■■■■■■■■■■■■■■■■■■■■■■■                |  80% of 186.8 MiB
verify	Run npx playwright install --with-deps chromium firefox webkit	2026-10-09T06:24:36.8006952Z |■■■■■■■■■■■■■■■■■■■■■■■■■■■■■■■■■■■■■■■■■■■■■■■■■■■■■■■■■■■■■■■■■■■■■■■■        |  90% of 186.8 MiB
verify	Run npx playwright install --with-deps chromium firefox webkit	2026-10-09T06:24:36.8900170Z |■■■■■■■■■■■■■■■■■■■■■■■■■■■■■■■■■■■■■■■■■■■■■■■■■■■■■■■■■■■■■■■■■■■■■■■■■■■■■■■■| 100% of 186.8 MiB
verify	Run npx playwright install --with-deps chromium firefox webkit	2026-10-09T06:24:39.9311730Z Chrome for Testing 153.0.8010.12 (playwright chromium v1243) downloaded to /home/runner/.cache/ms-playwright/chromium-1243
verify	Run npx playwright install --with-deps chromium firefox webkit	2026-10-09T06:24:39.9316374Z Downloading FFmpeg (playwright ffmpeg v1011) from https://cdn.playwright.dev/dbazure/download/playwright/builds/ffmpeg/1011/ffmpeg-linux.zip
verify	Run npx playwright install --with-deps chromium firefox webkit	2026-10-09T06:24:40.2953130Z |                                                                                |   0% of 2.3 MiB
verify	Run npx playwright install --with-deps chromium firefox webkit	2026-10-09T06:24:40.2993302Z |■■■■■■■■                                                                        |  10% of 2.3 MiB
verify	Run npx playwright install --with-deps chromium firefox webkit	2026-10-09T06:24:40.3021317Z |■■■■■■■■■■■■■■■■                                                                |  20% of 2.3 MiB
verify	Run npx playwright install --with-deps chromium firefox webkit	2026-10-09T06:24:40.3043971Z |■■■■■■■■■■■■■■■■■■■■■■■■                                                        |  30% of 2.3 MiB
verify	Run npx playwright install --with-deps chromium firefox webkit	2026-10-09T06:24:40.3059933Z |■■■■■■■■■■■■■■■■■■■■■■■■■■■■■■■■                                                |  40% of 2.3 MiB
verify	Run npx playwright install --with-deps chromium firefox webkit	2026-10-09T06:24:40.3074615Z |■■■■■■■■■■■■■■■■■■■■■■■■■■■■■■■■■■■■■■■■                                        |  50% of 2.3 MiB
verify	Run npx playwright install --with-deps chromium firefox webkit	2026-10-09T06:24:40.3089618Z |■■■■■■■■■■■■■■■■■■■■■■■■■■■■■■■■■■■■■■■■■■■■■■■■                                |  60% of 2.3 MiB
verify	Run npx playwright install --with-deps chromium firefox webkit	2026-10-09T06:24:40.3109536Z |■■■■■■■■■■■■■■■■■■■■■■■■■■■■■■■■■■■■■■■■■■■■■■■■■■■■■■■■                        |  70% of 2.3 MiB
verify	Run npx playwright install --with-deps chromium firefox webkit	2026-10-09T06:24:40.3127375Z |■■■■■■■■■■■■■■■■■■■■■■■■■■■■■■■■■■■■■■■■■■■■■■■■■■■■■■■■■■■■■■■■                |  80% of 2.3 MiB
verify	Run npx playwright install --with-deps chromium firefox webkit	2026-10-09T06:24:40.3142734Z |■■■■■■■■■■■■■■■■■■■■■■■■■■■■■■■■■■■■■■■■■■■■■■■■■■■■■■■■■■■■■■■■■■■■■■■■        |  90% of 2.3 MiB
verify	Run npx playwright install --with-deps chromium firefox webkit	2026-10-09T06:24:40.3155966Z |■■■■■■■■■■■■■■■■■■■■■■■■■■■■■■■■■■■■■■■■■■■■■■■■■■■■■■■■■■■■■■■■■■■■■■■■■■■■■■■■| 100% of 2.3 MiB
verify	Run npx playwright install --with-deps chromium firefox webkit	2026-10-09T06:24:40.3782565Z FFmpeg (playwright ffmpeg v1011) downloaded to /home/runner/.cache/ms-playwright/ffmpeg-1011
verify	Run npx playwright install --with-deps chromium firefox webkit	2026-10-09T06:24:40.3786552Z Downloading Chrome Headless Shell 153.0.8010.12 (playwright chromium-headless-shell v1243) from https://cdn.playwright.dev/builds/cft/153.0.8010.12/linux64/chrome-headless-shell-linux64.zip
verify	Run npx playwright install --with-deps chromium firefox webkit	2026-10-09T06:24:40.7729828Z |                                                                                |   0% of 114.3 MiB
verify	Run npx playwright install --with-deps chromium firefox webkit	2026-10-09T06:24:51.6368933Z |■■■■■■■■                                                                        |  10% of 114.3 MiB
verify	Run npx playwright install --with-deps chromium firefox webkit	2026-10-09T06:24:51.8833203Z |■■■■■■■■■■■■■■■■                                                                |  20% of 114.3 MiB
verify	Run npx playwright install --with-deps chromium firefox webkit	2026-10-09T06:24:51.9590365Z |■■■■■■■■■■■■■■■■■■■■■■■■                                                        |  30% of 114.3 MiB
verify	Run npx playwright install --with-deps chromium firefox webkit	2026-10-09T06:24:52.0120299Z |■■■■■■■■■■■■■■■■■■■■■■■■■■■■■■■■                                                |  40% of 114.3 MiB
verify	Run npx playwright install --with-deps chromium firefox webkit	2026-10-09T06:24:52.0583812Z |■■■■■■■■■■■■■■■■■■■■■■■■■■■■■■■■■■■■■■■■                                        |  50% of 114.3 MiB
verify	Run npx playwright install --with-deps chromium firefox webkit	2026-10-09T06:24:52.1011852Z |■■■■■■■■■■■■■■■■■■■■■■■■■■■■■■■■■■■■■■■■■■■■■■■■                                |  60% of 114.3 MiB
verify	Run npx playwright install --with-deps chromium firefox webkit	2026-10-09T06:24:52.1408383Z |■■■■■■■■■■■■■■■■■■■■■■■■■■■■■■■■■■■■■■■■■■■■■■■■■■■■■■■■                        |  70% of 114.3 MiB
verify	Run npx playwright install --with-deps chromium firefox webkit	2026-10-09T06:24:52.1801184Z |■■■■■■■■■■■■■■■■■■■■■■■■■■■■■■■■■■■■■■■■■■■■■■■■■■■■■■■■■■■■■■■■                |  80% of 114.3 MiB
verify	Run npx playwright install --with-deps chromium firefox webkit	2026-10-09T06:24:52.2250364Z |■■■■■■■■■■■■■■■■■■■■■■■■■■■■■■■■■■■■■■■■■■■■■■■■■■■■■■■■■■■■■■■■■■■■■■■■        |  90% of 114.3 MiB
verify	Run npx playwright install --with-deps chromium firefox webkit	2026-10-09T06:24:52.2645396Z |■■■■■■■■■■■■■■■■■■■■■■■■■■■■■■■■■■■■■■■■■■■■■■■■■■■■■■■■■■■■■■■■■■■■■■■■■■■■■■■■| 100% of 114.3 MiB
verify	Run npx playwright install --with-deps chromium firefox webkit	2026-10-09T06:24:54.2000349Z Chrome Headless Shell 153.0.8010.12 (playwright chromium-headless-shell v1243) downloaded to /home/runner/.cache/ms-playwright/chromium_headless_shell-1243
verify	Run npx playwright install --with-deps chromium firefox webkit	2026-10-09T06:24:54.2003995Z Downloading Firefox 155.0 (playwright firefox v1543) from https://cdn.playwright.dev/dbazure/download/playwright/builds/firefox/1543/firefox-ubuntu-24.04.zip
verify	Run npx playwright install --with-deps chromium firefox webkit	2026-10-09T06:24:54.5495663Z |                                                                                |   0% of 109.5 MiB
verify	Run npx playwright install --with-deps chromium firefox webkit	2026-10-09T06:24:54.6279851Z |■■■■■■■■                                                                        |  10% of 109.5 MiB
verify	Run npx playwright install --with-deps chromium firefox webkit	2026-10-09T06:24:54.6950915Z |■■■■■■■■■■■■■■■■                                                                |  20% of 109.5 MiB
verify	Run npx playwright install --with-deps chromium firefox webkit	2026-10-09T06:24:54.7441443Z |■■■■■■■■■■■■■■■■■■■■■■■■                                                        |  30% of 109.5 MiB
verify	Run npx playwright install --with-deps chromium firefox webkit	2026-10-09T06:24:54.7939514Z |■■■■■■■■■■■■■■■■■■■■■■■■■■■■■■■■                                                |  40% of 109.5 MiB
verify	Run npx playwright install --with-deps chromium firefox webkit	2026-10-09T06:24:54.8576268Z |■■■■■■■■■■■■■■■■■■■■■■■■■■■■■■■■■■■■■■■■                                        |  50% of 109.5 MiB
verify	Run npx playwright install --with-deps chromium firefox webkit	2026-10-09T06:24:54.8935839Z |■■■■■■■■■■■■■■■■■■■■■■■■■■■■■■■■■■■■■■■■■■■■■■■■                                |  60% of 109.5 MiB
verify	Run npx playwright install --with-deps chromium firefox webkit	2026-10-09T06:24:54.9307225Z |■■■■■■■■■■■■■■■■■■■■■■■■■■■■■■■■■■■■■■■■■■■■■■■■■■■■■■■■                        |  70% of 109.5 MiB
verify	Run npx playwright install --with-deps chromium firefox webkit	2026-10-09T06:24:54.9862652Z |■■■■■■■■■■■■■■■■■■■■■■■■■■■■■■■■■■■■■■■■■■■■■■■■■■■■■■■■■■■■■■■■                |  80% of 109.5 MiB
verify	Run npx playwright install --with-deps chromium firefox webkit	2026-10-09T06:24:55.0234906Z |■■■■■■■■■■■■■■■■■■■■■■■■■■■■■■■■■■■■■■■■■■■■■■■■■■■■■■■■■■■■■■■■■■■■■■■■        |  90% of 109.5 MiB
verify	Run npx playwright install --with-deps chromium firefox webkit	2026-10-09T06:24:55.0597325Z |■■■■■■■■■■■■■■■■■■■■■■■■■■■■■■■■■■■■■■■■■■■■■■■■■■■■■■■■■■■■■■■■■■■■■■■■■■■■■■■■| 100% of 109.5 MiB
verify	Run npx playwright install --with-deps chromium firefox webkit	2026-10-09T06:24:57.4576437Z Firefox 155.0 (playwright firefox v1543) downloaded to /home/runner/.cache/ms-playwright/firefox-1543
verify	Run npx playwright install --with-deps chromium firefox webkit	2026-10-09T06:24:57.4581109Z Downloading WebKit 26.6 (playwright webkit v2359) from https://cdn.playwright.dev/dbazure/download/playwright/builds/webkit/2359/webkit-ubuntu-24.04.zip
verify	Run npx playwright install --with-deps chromium firefox webkit	2026-10-09T06:24:57.8520772Z |                                                                                |   0% of 102.3 MiB
verify	Run npx playwright install --with-deps chromium firefox webkit	2026-10-09T06:24:57.9283081Z |■■■■■■■■                                                                        |  10% of 102.3 MiB
verify	Run npx playwright install --with-deps chromium firefox webkit	2026-10-09T06:24:58.0006121Z |■■■■■■■■■■■■■■■■                                                                |  20% of 102.3 MiB
verify	Run npx playwright install --with-deps chromium firefox webkit	2026-10-09T06:24:58.0444069Z |■■■■■■■■■■■■■■■■■■■■■■■■                                                        |  30% of 102.3 MiB
verify	Run npx playwright install --with-deps chromium firefox webkit	2026-10-09T06:24:58.1105749Z |■■■■■■■■■■■■■■■■■■■■■■■■■■■■■■■■                                                |  40% of 102.3 MiB
verify	Run npx playwright install --with-deps chromium firefox webkit	2026-10-09T06:24:58.1875627Z |■■■■■■■■■■■■■■■■■■■■■■■■■■■■■■■■■■■■■■■■                                        |  50% of 102.3 MiB
verify	Run npx playwright install --with-deps chromium firefox webkit	2026-10-09T06:24:58.2351689Z |■■■■■■■■■■■■■■■■■■■■■■■■■■■■■■■■■■■■■■■■■■■■■■■■                                |  60% of 102.3 MiB
verify	Run npx playwright install --with-deps chromium firefox webkit	2026-10-09T06:24:58.2712576Z |■■■■■■■■■■■■■■■■■■■■■■■■■■■■■■■■■■■■■■■■■■■■■■■■■■■■■■■■                        |  70% of 102.3 MiB
verify	Run npx playwright install --with-deps chromium firefox webkit	2026-10-09T06:24:58.3316193Z |■■■■■■■■■■■■■■■■■■■■■■■■■■■■■■■■■■■■■■■■■■■■■■■■■■■■■■■■■■■■■■■■                |  80% of 102.3 MiB
verify	Run npx playwright install --with-deps chromium firefox webkit	2026-10-09T06:24:58.3737268Z |■■■■■■■■■■■■■■■■■■■■■■■■■■■■■■■■■■■■■■■■■■■■■■■■■■■■■■■■■■■■■■■■■■■■■■■■        |  90% of 102.3 MiB
verify	Run npx playwright install --with-deps chromium firefox webkit	2026-10-09T06:24:58.4123945Z |■■■■■■■■■■■■■■■■■■■■■■■■■■■■■■■■■■■■■■■■■■■■■■■■■■■■■■■■■■■■■■■■■■■■■■■■■■■■■■■■| 100% of 102.3 MiB
verify	Run npx playwright install --with-deps chromium firefox webkit	2026-10-09T06:25:00.6861713Z WebKit 26.6 (playwright webkit v2359) downloaded to /home/runner/.cache/ms-playwright/webkit-2359
verify	Run node -e 'require("fs").appendFileSync(process.env.GITHUB_ENV, "CHROMIUM_PATH=" + require("playwright").chromium.executablePath() + "\n")'	﻿2026-10-09T06:25:01.0425616Z ##[group]Run node -e 'require("fs").appendFileSync(process.env.GITHUB_ENV, "CHROMIUM_PATH=" + require("playwright").chromium.executablePath() + "\n")'
verify	Run node -e 'require("fs").appendFileSync(process.env.GITHUB_ENV, "CHROMIUM_PATH=" + require("playwright").chromium.executablePath() + "\n")'	2026-10-09T06:25:01.0426708Z [36;1mnode -e 'require("fs").appendFileSync(process.env.GITHUB_ENV, "CHROMIUM_PATH=" + require("playwright").chromium.executablePath() + "\n")'[0m
verify	Run node -e 'require("fs").appendFileSync(process.env.GITHUB_ENV, "CHROMIUM_PATH=" + require("playwright").chromium.executablePath() + "\n")'	2026-10-09T06:25:01.0489543Z shell: /usr/bin/bash -e {0}
verify	Run node -e 'require("fs").appendFileSync(process.env.GITHUB_ENV, "CHROMIUM_PATH=" + require("playwright").chromium.executablePath() + "\n")'	2026-10-09T06:25:01.0489817Z ##[endgroup]
verify	Run npm test	﻿2026-10-09T06:25:01.3958896Z ##[group]Run npm test
verify	Run npm test	2026-10-09T06:25:01.3959194Z [36;1mnpm test[0m
verify	Run npm test	2026-10-09T06:25:01.4022177Z shell: /usr/bin/bash -e {0}
verify	Run npm test	2026-10-09T06:25:01.4022446Z env:
verify	Run npm test	2026-10-09T06:25:01.4022807Z   CHROMIUM_PATH: /home/runner/.cache/ms-playwright/chromium-1243/chrome-linux64/chrome
verify	Run npm test	2026-10-09T06:25:01.4023253Z ##[endgroup]
verify	Run npm test	2026-10-09T06:25:01.5049382Z 
verify	Run npm test	2026-10-09T06:25:01.5050001Z > shinariokanri@0.1.0 pretest
verify	Run npm test	2026-10-09T06:25:01.5050783Z > node scripts/build/portable-runtime.mjs
verify	Run npm test	2026-10-09T06:25:01.5051199Z 
verify	Run npm test	2026-10-09T06:25:01.6404962Z Production portable runtime generated: 144514 characters
verify	Run npm test	2026-10-09T06:25:01.6983954Z 
verify	Run npm test	2026-10-09T06:25:01.6985378Z > shinariokanri@0.1.0 test
verify	Run npm test	2026-10-09T06:25:01.6985869Z > vitest run
verify	Run npm test	2026-10-09T06:25:01.6986074Z 
verify	Run npm test	2026-10-09T06:25:02.0144784Z 
verify	Run npm test	2026-10-09T06:25:02.0146863Z [1m[30m[46m RUN [49m[39m[22m [36mv5.0.3 [39m[90m/home/runner/work/shinariokanri/shinariokanri[39m
verify	Run npm test	2026-10-09T06:25:02.0149006Z 
verify	Run npm test	2026-10-09T06:25:03.6429443Z  [32m✓[39m tests/runtime.test.ts [2m([22m[2m35 tests[22m[2m)[22m[33m 538[2mms[22m[39m
verify	Run npm test	2026-10-09T06:25:03.9936018Z [90mstderr[2m | src/storage/rb07Production.test.ts[2m > [22m[2mRB07 authored production workflow and complete recovery[2m > [22m[2mkeeps production input and material bytes across reopening; rejects damaged drafts and oversized/active attachments without touching saved author data
verify	Run npm test	2026-10-09T06:25:03.9939989Z [22m[39mAnother connection wants to delete database 'rb07-draft-ef84d97f-6b67-4763-a277-de03b0d59b69'. Closing db now to resume the delete request.
verify	Run npm test	2026-10-09T06:25:03.9941051Z 
verify	Run npm test	2026-10-09T06:25:04.6735008Z  [32m✓[39m src/storage/rb07Production.test.ts [2m([22m[2m22 tests[22m[2m)[22m[33m 1602[2mms[22m[39m
verify	Run npm test	2026-10-09T06:25:04.6745603Z    [32m✓[39m RB07 authored production workflow and complete recovery [2m(12)[22m
verify	Run npm test	2026-10-09T06:25:04.6762234Z      [33m[2m✓[22m[39m splits Unicode text with ruby, links and positional cue once; atomically retains old IDs, deliverables and immutable editions through empty/clone roundtrips[33m 579[2mms[22m[39m
verify	Run npm test	2026-10-09T06:25:05.2973362Z [90mstderr[2m | src/storage/storage.test.ts[2m > [22m[2matomic IndexedDB commands[2m > [22m[2mretains committed header order on a cold range read and refuses missing or foreign rows without changing durable data
verify	Run npm test	2026-10-09T06:25:05.3005854Z [22m[39mAnother connection wants to delete database 'range-integrity-c6227fc5-cbcc-48b5-a89f-aa16e4e1b737'. Closing db now to resume the delete request.
verify	Run npm test	2026-10-09T06:25:05.3024496Z 
verify	Run npm test	2026-10-09T06:25:05.3056631Z [90mstderr[2m | src/storage/storage.test.ts[2m > [22m[2matomic IndexedDB commands[2m > [22m[2mretains committed header order on a cold range read and refuses missing or foreign rows without changing durable data
verify	Run npm test	2026-10-09T06:25:05.3095667Z [22m[39mAnother connection wants to delete database 'range-integrity-c6227fc5-cbcc-48b5-a89f-aa16e4e1b737'. Closing db now to resume the delete request.
verify	Run npm test	2026-10-09T06:25:05.3096959Z 
verify	Run npm test	2026-10-09T06:25:05.4384624Z [90mstderr[2m | src/storage/storage.test.ts[2m > [22m[2matomic IndexedDB commands[2m > [22m[2mhydrates private cold rows without changing stored blocks, drafts or fixed snapshots
verify	Run npm test	2026-10-09T06:25:05.4388133Z [22m[39mAnother connection wants to delete database 'private-hydration-b6cb5ce3-a3ef-4e54-9667-5f5f597393ed'. Closing db now to resume the delete request.
verify	Run npm test	2026-10-09T06:25:05.4389585Z 
verify	Run npm test	2026-10-09T06:25:05.4941946Z [90mstderr[2m | src/storage/storage.test.ts[2m > [22m[2matomic IndexedDB commands[2m > [22m[2mpersists stable IDs, links, original text and huge negative ticks across restart; undo appends history
verify	Run npm test	2026-10-09T06:25:05.4945430Z [22m[39mAnother connection wants to delete database 'restart-c2eac61a-2640-4fda-8210-327b22de1785'. Closing db now to resume the delete request.
verify	Run npm test	2026-10-09T06:25:05.4946693Z 
verify	Run npm test	2026-10-09T06:25:06.2677047Z  [32m✓[39m src/domain/domain.test.ts [2m([22m[2m96 tests[22m[2m)[22m[33m 2248[2mms[22m[39m
verify	Run npm test	2026-10-09T06:25:06.2706162Z    [32m✓[39m versioned entity and reference contracts [2m(65)[22m
verify	Run npm test	2026-10-09T06:25:06.2735295Z      [33m[2m✓[22m[39m compiles the actual JSON Schema and accepts all-kind/condition/query fixtures while rejecting unknown payloads[33m 1853[2mms[22m[39m
verify	Run npm test	2026-10-09T06:25:06.5736023Z  [32m✓[39m src/storage/storage.test.ts [2m([22m[2m45 tests[22m[2m)[22m[33m 1513[2mms[22m[39m
verify	Run npm test	2026-10-09T06:25:07.6365752Z  [32m✓[39m tests/rb09Features.test.ts [2m([22m[2m27 tests[22m[2m)[22m[33m 969[2mms[22m[39m
verify	Run npm test	2026-10-09T06:25:07.6369439Z    [33m[2m✓[22m[39m round-trips native confirmed base, prepared batch, history and raw original IDs into a cold new and clone recovery without automatically sending[33m 388[2mms[22m[39m
verify	Run npm test	2026-10-09T06:25:07.8116056Z  [32m✓[39m src/storage/rb08Handoff.test.ts [2m([22m[2m17 tests[22m[2m)[22m[33m 4730[2mms[22m[39m
verify	Run npm test	2026-10-09T06:25:07.8144968Z    [32m✓[39m RB08 production handoff and independent portable engine [2m(6)[22m
verify	Run npm test	2026-10-09T06:25:07.8177043Z      [33m[2m✓[22m[39m counts reference reuse once, independent clones separately, preserves route occurrences and atomically reloads speed/assumption/unknown estimates[33m 313[2mms[22m[39m
verify	Run npm test	2026-10-09T06:25:07.8181849Z      [33m[2m✓[22m[39m imports consultation text only into a sealed author alternative with source/edition and independent paragraph IDs, then roundtrips without applying canonical text[33m 531[2mms[22m[39m
verify	Run npm test	2026-10-09T06:25:07.8198351Z    [33m[2m✓[22m[39m receives explicit game-owned contracts and stable dialogue/asset IDs, verifies actual mechanics and replay, then atomically saves/reloads/empty-clones the receipt without executing a game from trials[33m 785[2mms[22m[39m
verify	Run npm test	2026-10-09T06:25:07.8202186Z    [33m[2m✓[22m[39m exports independently approved old citations with Unicode positions and distinct old/new asset bytes, verifies receipt, and empty-restores native policies[33m 1372[2mms[22m[39m
verify	Run npm test	2026-10-09T06:25:07.8211808Z    [33m[2m✓[22m[39m keeps an explicitly approved world citation on its verified old edition after adoption advances, and refuses absent hashes/cyclic approval[33m 790[2mms[22m[39m
verify	Run npm test	2026-10-09T06:25:08.3175181Z  [32m✓[39m tests/sync.test.ts [2m([22m[2m40 tests[22m[2m)[22m[32m 253[2mms[22m[39m
verify	Run npm test	2026-10-09T06:25:08.6755640Z [90mstderr[2m | src/storage/authorAlternativesDurability.test.ts[2m > [22m[2mnative author alternative durability[2m > [22m[2mkeeps branch-only attachment bytes through save, close/reopen, full backup, and restore
verify	Run npm test	2026-10-09T06:25:08.6765460Z [22m[39mAnother connection wants to delete database 'alternative-asset-b9698a99-cec1-491c-a048-4236ec0e8a42'. Closing db now to resume the delete request.
verify	Run npm test	2026-10-09T06:25:08.6796457Z 
verify	Run npm test	2026-10-09T06:25:09.0335891Z  [32m✓[39m tests/world.test.ts [2m([22m[2m17 tests[22m[2m)[22m[32m 98[2mms[22m[39m
verify	Run npm test	2026-10-09T06:25:10.1848752Z [90mstderr[2m | src/storage/authorAlternativesDurability.test.ts[2m > [22m[2mnative author alternative durability[2m > [22m[2mkeeps reference-valued adoption receipts valid through full backup, clone, reopen, and re-export
verify	Run npm test	2026-10-09T06:25:10.1875877Z [22m[39mAnother connection wants to delete database 'alternative-clone-1348fd69-7e97-4c91-babf-1df81cdadd19'. Closing db now to resume the delete request.
verify	Run npm test	2026-10-09T06:25:10.1894192Z 
verify	Run npm test	2026-10-09T06:25:10.2831501Z  [32m✓[39m tests/exports.test.ts [2m([22m[2m21 tests[22m[2m)[22m[33m 2918[2mms[22m[39m
verify	Run npm test	2026-10-09T06:25:10.2833060Z    [32m✓[39m purpose-specific export [2m(21)[22m
verify	Run npm test	2026-10-09T06:25:10.2835436Z      [33m[2m✓[22m[39m runs the exported HTML in Chromium, renders active text safely, and restores the complete state[33m 1357[2mms[22m[39m
verify	Run npm test	2026-10-09T06:25:10.2837624Z      [33m[2m✓[22m[39m rolls back every exported effect when a later effect violates an integer bound[33m 1004[2mms[22m[39m
verify	Run npm test	2026-10-09T06:25:10.3777406Z [90mstderr[2m | src/storage/authorAlternativesDurability.test.ts[2m > [22m[2mnative author alternative durability[2m > [22m[2mrecords removed entities and relations as logically absent across native reopen and full backup
verify	Run npm test	2026-10-09T06:25:10.3781508Z [22m[39mAnother connection wants to delete database 'alternative-removal-5450e53b-93f0-4884-a652-f7e8f099f320'. Closing db now to resume the delete request.
verify	Run npm test	2026-10-09T06:25:10.3795926Z 
verify	Run npm test	2026-10-09T06:25:10.6091724Z  [32m✓[39m src/storage/authorAlternativesDurability.test.ts [2m([22m[2m14 tests[22m[2m)[22m[33m 2509[2mms[22m[39m
verify	Run npm test	2026-10-09T06:25:10.6093754Z    [32m✓[39m native author alternative durability [2m(14)[22m
verify	Run npm test	2026-10-09T06:25:10.6095589Z      [33m[2m✓[22m[39m keeps branch-only attachment bytes through save, close/reopen, full backup, and restore[33m 576[2mms[22m[39m
verify	Run npm test	2026-10-09T06:25:10.6098135Z      [33m[2m✓[22m[39m keeps reference-valued adoption receipts valid through full backup, clone, reopen, and re-export[33m 984[2mms[22m[39m
verify	Run npm test	2026-10-09T06:25:10.9665799Z  [32m✓[39m src/domain/writingWorkspace.test.ts [2m([22m[2m11 tests[22m[2m)[22m[32m 95[2mms[22m[39m
verify	Run npm test	2026-10-09T06:25:11.0570499Z  [32m✓[39m tests/textEditing.test.ts [2m([22m[2m17 tests[22m[2m)[22m[32m 160[2mms[22m[39m
verify	Run npm test	2026-10-09T06:25:11.5887261Z  [32m✓[39m tests/runtime-regressions.test.ts [2m([22m[2m26 tests[22m[2m)[22m[33m 328[2mms[22m[39m
verify	Run npm test	2026-10-09T06:25:11.8332264Z  [32m✓[39m tests/templates.test.ts [2m([22m[2m34 tests[22m[2m)[22m[33m 352[2mms[22m[39m
verify	Run npm test	2026-10-09T06:25:12.0849516Z  [32m✓[39m tests/projection.test.ts [2m([22m[2m14 tests[22m[2m)[22m[32m 44[2mms[22m[39m
verify	Run npm test	2026-10-09T06:25:12.5233374Z [90mstderr[2m | src/storage/performance.test.ts[2m > [22m[2mR06 changed-record saves and portable recovery[2m > [22m[2mloads current editing rows after restart without reading history; retains all history on save/export/empty recovery
verify	Run npm test	2026-10-09T06:25:12.5262313Z [22m[39mAnother connection wants to delete database 'lazy-dac2ae32-3676-4b0d-b32b-ab1eead9f01b'. Closing db now to resume the delete request.
verify	Run npm test	2026-10-09T06:25:12.5264310Z 
verify	Run npm test	2026-10-09T06:25:12.9191065Z [90mstderr[2m | src/storage/performance.test.ts[2m > [22m[2mR06 changed-record saves and portable recovery[2m > [22m[2mretains checkpoints, old revisions and undo across more than 64 compact commands
verify	Run npm test	2026-10-09T06:25:12.9194427Z [22m[39mAnother connection wants to delete database 'checkpoints-f161a3d0-41fb-41ab-b7bd-172123e8235e'. Closing db now to resume the delete request.
verify	Run npm test	2026-10-09T06:25:12.9195852Z 
verify	Run npm test	2026-10-09T06:25:12.9600357Z [90mstderr[2m | src/storage/performance.test.ts[2m > [22m[2mR06 changed-record saves and portable recovery[2m > [22m[2mrejects stale editing tokens, replaced tokens and tampered full history without committing
verify	Run npm test	2026-10-09T06:25:12.9655197Z [22m[39mAnother connection wants to delete database 'tokens-56998b90-08ec-4561-aa7c-62e55f2baf8f'. Closing db now to resume the delete request.
verify	Run npm test	2026-10-09T06:25:12.9674392Z 
verify	Run npm test	2026-10-09T06:25:13.0617617Z  [32m✓[39m tests/rb05-reuse.test.ts [2m([22m[2m7 tests[22m[2m)[22m[33m 581[2mms[22m[39m
verify	Run npm test	2026-10-09T06:25:13.0736799Z [90mstderr[2m | src/storage/performance.test.ts[2m > [22m[2mR06 changed-record saves and portable recovery[2m > [22m[2mpreserves an imported revision-zero header in the first compact edit, including after restart
verify	Run npm test	2026-10-09T06:25:13.0755722Z [22m[39mAnother connection wants to delete database 'import-zero-aaa5919c-9e16-4ddb-8416-9f73dcc61dbc'. Closing db now to resume the delete request.
verify	Run npm test	2026-10-09T06:25:13.0781535Z 
verify	Run npm test	2026-10-09T06:25:13.5165662Z [90mstderr[2m | src/storage/performance.test.ts[2m > [22m[2mR06 changed-record saves and portable recovery[2m > [22m[2mreads legacy v1 full rows/outbox and replays original hashes before adding new deltas
verify	Run npm test	2026-10-09T06:25:13.5188808Z [22m[39mAnother connection wants to delete database 'legacy-e3d810b8-fa87-4726-8a6e-2f53b3ebb30e'. Closing db now to resume the delete request.
verify	Run npm test	2026-10-09T06:25:13.5197934Z 
verify	Run npm test	2026-10-09T06:25:13.5706278Z [90mstderr[2m | src/storage/performance.test.ts[2m > [22m[2mR06 changed-record saves and portable recovery[2m > [22m[2mrejects a missing delta base and duplicate immutable snapshot IDs
verify	Run npm test	2026-10-09T06:25:13.5714668Z [22m[39mAnother connection wants to delete database 'corrupt-3ba77399-95ef-4707-8cdb-b894e0cc2cb9'. Closing db now to resume the delete request.
verify	Run npm test	2026-10-09T06:25:13.5718747Z 
verify	Run npm test	2026-10-09T06:25:13.5743104Z  [32m✓[39m src/storage/performance.test.ts [2m([22m[2m11 tests[22m[2m)[22m[33m 1595[2mms[22m[39m
verify	Run npm test	2026-10-09T06:25:13.5744859Z    [32m✓[39m R06 changed-record saves and portable recovery [2m(11)[22m
verify	Run npm test	2026-10-09T06:25:13.5775528Z      [33m[2m✓[22m[39m loads current editing rows after restart without reading history; retains all history on save/export/empty recovery[33m 302[2mms[22m[39m
verify	Run npm test	2026-10-09T06:25:13.5778340Z      [33m[2m✓[22m[39m retains checkpoints, old revisions and undo across more than 64 compact commands[33m 395[2mms[22m[39m
verify	Run npm test	2026-10-09T06:25:13.5780813Z      [33m[2m✓[22m[39m remaps live entity/relation anchors on single text restore while retaining pinned emoji positions and archive recovery[33m 354[2mms[22m[39m
verify	Run npm test	2026-10-09T06:25:13.8458799Z  [32m✓[39m tests/rb05-reviewed-regressions.test.ts [2m([22m[2m9 tests[22m[2m)[22m[33m 404[2mms[22m[39m
verify	Run npm test	2026-10-09T06:25:14.1766976Z  [32m✓[39m src/ui/StructuredDataField.test.ts [2m([22m[2m11 tests[22m[2m)[22m[32m 205[2mms[22m[39m
verify	Run npm test	2026-10-09T06:25:14.1964997Z  [32m✓[39m src/domain/maintenance.test.ts [2m([22m[2m5 tests[22m[2m)[22m[32m 98[2mms[22m[39m
verify	Run npm test	2026-10-09T06:25:14.6285513Z  [32m✓[39m tests/rb05-narrative-boundaries.test.ts [2m([22m[2m14 tests[22m[2m)[22m[32m 166[2mms[22m[39m
verify	Run npm test	2026-10-09T06:25:14.9243195Z  [32m✓[39m tests/rb05-reuse-boundaries.test.ts [2m([22m[2m11 tests[22m[2m)[22m[33m 410[2mms[22m[39m
verify	Run npm test	2026-10-09T06:25:15.3964719Z  [32m✓[39m tests/timeEditing.test.ts [2m([22m[2m11 tests[22m[2m)[22m[32m 250[2mms[22m[39m
verify	Run npm test	2026-10-09T06:25:15.8945012Z  [32m✓[39m tests/rb05-edition-extra.test.ts [2m([22m[2m9 tests[22m[2m)[22m[33m 878[2mms[22m[39m
verify	Run npm test	2026-10-09T06:25:16.2327135Z  [32m✓[39m tests/rb05-reconfirmation.test.ts [2m([22m[2m7 tests[22m[2m)[22m[33m 485[2mms[22m[39m
verify	Run npm test	2026-10-09T06:25:16.2455358Z  [32m✓[39m tests/review-runtime-regressions.test.ts [2m([22m[2m10 tests[22m[2m)[22m[32m 74[2mms[22m[39m
verify	Run npm test	2026-10-09T06:25:16.5209547Z  [32m✓[39m src/domain/catalog.test.ts [2m([22m[2m10 tests[22m[2m)[22m[32m 25[2mms[22m[39m
verify	Run npm test	2026-10-09T06:25:17.1418642Z  [32m✓[39m src/storage/worldPins.test.ts [2m([22m[2m8 tests[22m[2m)[22m[33m 609[2mms[22m[39m
verify	Run npm test	2026-10-09T06:25:17.1536497Z  [32m✓[39m tests/rb05-persistence-boundaries.test.ts [2m([22m[2m9 tests[22m[2m)[22m[32m 230[2mms[22m[39m
verify	Run npm test	2026-10-09T06:25:17.8144955Z  [32m✓[39m tests/rb05-structure-reading.test.ts [2m([22m[2m6 tests[22m[2m)[22m[32m 297[2mms[22m[39m
verify	Run npm test	2026-10-09T06:25:17.9225174Z  [32m✓[39m tests/rb05-edition-boundaries.test.ts [2m([22m[2m6 tests[22m[2m)[22m[33m 411[2mms[22m[39m
verify	Run npm test	2026-10-09T06:25:17.9558151Z [90mstderr[2m | src/storage/rb06Recovery.test.ts[2m > [22m[2mRB06 complete recovery and arbitrary historical selection[2m > [22m[2mretains native file and mapping drafts across restart, and freezes migration restore-point approval
verify	Run npm test	2026-10-09T06:25:17.9560449Z [22m[39mAnother connection wants to delete database 'draft-b37a6f70-87b0-4450-abcf-047af6017862'. Closing db now to resume the delete request.
verify	Run npm test	2026-10-09T06:25:17.9561165Z 
verify	Run npm test	2026-10-09T06:25:18.0161193Z [90mstderr[2m | src/storage/rb06Recovery.test.ts[2m > [22m[2mRB06 complete recovery and arbitrary historical selection[2m > [22m[2mupgrades a v1 database with genuine old native content by appending operational tables without changing saved IDs or replay
verify	Run npm test	2026-10-09T06:25:18.0164550Z  [32m✓[39m src/storage/rb06Recovery.test.ts [2m([22m[2m13 tests[22m[2m)[22m[33m 8481[2mms[22m[39m
verify	Run npm test	2026-10-09T06:25:18.0166170Z    [32m✓[39m RB06 complete recovery and arbitrary historical selection [2m(13)[22m
verify	Run npm test	2026-10-09T06:25:18.0168368Z      [33m[2m✓[22m[39m preserves a declared item ID shared with runtime inventories through enumeration and clone recovery[33m 1522[2mms[22m[39m
verify	Run npm test	2026-10-09T06:25:18.0171353Z      [33m[2m✓[22m[39m selects history older than fifty, distinguishes unit from whole, freezes approval and retains immutable editions[33m 1254[2mms[22m[39m
verify	Run npm test	2026-10-09T06:25:18.0174250Z      [33m[2m✓[22m[39m atomically maps all source IDs into another project while preserving source timelines and portable pending origins[33m 523[2mms[22m[39m
verify	Run npm test	2026-10-09T06:25:18.0177261Z      [33m[2m✓[22m[39m restores every kind, stable body IDs, selected immutable edition, transitive worlds, author receipts, bytes and ordered pending to empty and clone environments[33m 4408[2mms[22m[39m
verify	Run npm test	2026-10-09T06:25:18.0190575Z [22m[39mAnother connection wants to delete database 'v1-upgrade-da9e9951-84e4-48a4-b857-6ce4bf1effdc'. Closing db now to resume the delete request.
verify	Run npm test	2026-10-09T06:25:18.0192025Z 
verify	Run npm test	2026-10-09T06:25:18.2775858Z  [32m✓[39m src/domain/changeReviews.test.ts [2m([22m[2m6 tests[22m[2m)[22m[32m 132[2mms[22m[39m
verify	Run npm test	2026-10-09T06:25:18.5033133Z  [32m✓[39m tests/rb05-native-roundtrip.test.ts [2m([22m[2m4 tests[22m[2m)[22m[32m 293[2mms[22m[39m
verify	Run npm test	2026-10-09T06:25:18.6189789Z  [32m✓[39m tests/rb05-narrative.test.ts [2m([22m[2m6 tests[22m[2m)[22m[32m 77[2mms[22m[39m
verify	Run npm test	2026-10-09T06:25:18.6348407Z [90mstderr[2m | src/storage/rb09Sync.test.ts[2m > [22m[2mnative prepared synchronization (contract server, not real Auth/RLS/Storage)[2m > [22m[2mprepares from confirmed common base rather than the last local command, merges separate fields, persists ack and reopens the same native edition
verify	Run npm test	2026-10-09T06:25:18.6353996Z [22m[39mAnother connection wants to delete database 'rb09-9b7aa858-dab5-4119-a0ba-c100a13ba6fb'. Closing db now to resume the delete request.
verify	Run npm test	2026-10-09T06:25:18.6355155Z 
verify	Run npm test	2026-10-09T06:25:18.8619721Z  [32m✓[39m tests/presentation.test.ts [2m([22m[2m13 tests[22m[2m)[22m[32m 131[2mms[22m[39m
verify	Run npm test	2026-10-09T06:25:18.9204733Z [90mstderr[2m | src/storage/rb09Sync.test.ts[2m > [22m[2mnative prepared synchronization (contract server, not real Auth/RLS/Storage)[2m > [22m[2mkeeps the entire rejected batch and base/local/server alternatives across cold reopen, rejects changed approval, and confirms an explicit server resolution
verify	Run npm test	2026-10-09T06:25:18.9212052Z [22m[39mAnother connection wants to delete database 'rb09-88352830-5925-4e78-bfe0-2726c9ee0a7f'. Closing db now to resume the delete request.
verify	Run npm test	2026-10-09T06:25:18.9213442Z 
verify	Run npm test	2026-10-09T06:25:19.0870733Z  [32m✓[39m src/storage/rb09Sync.test.ts [2m([22m[2m5 tests[22m[2m)[22m[33m 761[2mms[22m[39m
verify	Run npm test	2026-10-09T06:25:19.0878604Z    [32m✓[39m native prepared synchronization (contract server, not real Auth/RLS/Storage) [2m(5)[22m
verify	Run npm test	2026-10-09T06:25:19.0881106Z      [33m[2m✓[22m[39m prepares from confirmed common base rather than the last local command, merges separate fields, persists ack and reopens the same native edition[33m 310[2mms[22m[39m
verify	Run npm test	2026-10-09T06:25:19.1257274Z  [32m✓[39m src/domain/linkCandidates.test.ts [2m([22m[2m7 tests[22m[2m)[22m[32m 33[2mms[22m[39m
verify	Run npm test	2026-10-09T06:25:19.4383142Z  [32m✓[39m tests/rb05-state-exploration.test.ts [2m([22m[2m5 tests[22m[2m)[22m[32m 86[2mms[22m[39m
verify	Run npm test	2026-10-09T06:25:19.6726613Z [90mstderr[2m | src/storage/flowWorldDurability.test.ts[2m > [22m[2mRV04 exact fixed world across native save, restore and clone (fake IndexedDB)[2m > [22m[2mkeeps gate, borrowed values, saved replay and hashes tied to the old edition after world revision
verify	Run npm test	2026-10-09T06:25:19.6730406Z [22m[39mAnother connection wants to delete database 'flow-world-d028da5d-ffff-4ff9-abcf-b6a6d17b3cbb'. Closing db now to resume the delete request.
verify	Run npm test	2026-10-09T06:25:19.6733936Z 
verify	Run npm test	2026-10-09T06:25:19.6741149Z [90mstderr[2m | src/storage/cacheConcurrency.test.ts[2m > [22m[2mdoes not repopulate caches when an initial uncached read resumes after close
verify	Run npm test	2026-10-09T06:25:19.6745004Z [22m[39mAnother connection wants to delete database 'cache-close-e8e03c93-d97b-4aec-ae6b-a04b22ef535a'. Closing db now to resume the delete request.
verify	Run npm test	2026-10-09T06:25:19.6747272Z 
verify	Run npm test	2026-10-09T06:25:19.6748328Z  [32m✓[39m src/storage/flowWorldDurability.test.ts [2m([22m[2m2 tests[22m[2m)[22m[33m 696[2mms[22m[39m
verify	Run npm test	2026-10-09T06:25:19.6750394Z    [32m✓[39m RV04 exact fixed world across native save, restore and clone (fake IndexedDB) [2m(2)[22m
verify	Run npm test	2026-10-09T06:25:19.6752721Z      [33m[2m✓[22m[39m keeps gate, borrowed values, saved replay and hashes tied to the old edition after world revision[33m 507[2mms[22m[39m
verify	Run npm test	2026-10-09T06:25:19.7506257Z  [32m✓[39m src/storage/cacheConcurrency.test.ts [2m([22m[2m4 tests[22m[2m)[22m[33m 320[2mms[22m[39m
verify	Run npm test	2026-10-09T06:25:19.9217951Z  [32m✓[39m src/ui/viewPreferences.test.ts [2m([22m[2m8 tests[22m[2m)[22m[32m 11[2mms[22m[39m
verify	Run npm test	2026-10-09T06:25:19.9670207Z  [32m✓[39m src/domain/publicCatalog.test.ts [2m([22m[2m2 tests[22m[2m)[22m[32m 17[2mms[22m[39m
verify	Run npm test	2026-10-09T06:25:20.8202310Z [90mstderr[2m | src/storage/rb10Reviews.test.ts[2m > [22m[2mAT-F29 preserves the original version, Unicode quotation and production task through failure, deletion, stages, cold reload and complete clone restoration
verify	Run npm test	2026-10-09T06:25:20.8211259Z [22m[39mAnother connection wants to delete database 'rb10-review-405ff502-df04-4493-9291-40a2f3c9ea9a'. Closing db now to resume the delete request.
verify	Run npm test	2026-10-09T06:25:20.8212622Z 
verify	Run npm test	2026-10-09T06:25:20.8501069Z  [32m✓[39m src/storage/rb10Reviews.test.ts [2m([22m[2m3 tests[22m[2m)[22m[33m 530[2mms[22m[39m
verify	Run npm test	2026-10-09T06:25:20.8505005Z    [33m[2m✓[22m[39m AT-F29 preserves the original version, Unicode quotation and production task through failure, deletion, stages, cold reload and complete clone restoration[33m 500[2mms[22m[39m
verify	Run npm test	2026-10-09T06:25:21.6043802Z [90mstderr[2m | src/storage/authorAlternativeAdoptionGuard.test.ts[2m > [22m[2mrejects unrelated adoption content and forged generated-review metadata atomically, then persists the exact derived review
verify	Run npm test	2026-10-09T06:25:21.6052320Z [22m[39mAnother connection wants to delete database 'independent-adoption-guard-be6627cc-b649-41eb-a4d6-31eea90f6c50'. Closing db now to resume the delete request.
verify	Run npm test	2026-10-09T06:25:21.6057751Z 
verify	Run npm test	2026-10-09T06:25:21.6069833Z  [32m✓[39m src/storage/authorAlternativeAdoptionGuard.test.ts [2m([22m[2m1 test[22m[2m)[22m[33m 418[2mms[22m[39m
verify	Run npm test	2026-10-09T06:25:21.6125583Z    [33m[2m✓[22m[39m rejects unrelated adoption content and forged generated-review metadata atomically, then persists the exact derived review[33m 416[2mms[22m[39m
verify	Run npm test	2026-10-09T06:25:21.6508692Z  [32m✓[39m src/storage/recordParts.test.ts [2m([22m[2m6 tests[22m[2m)[22m[33m 1963[2mms[22m[39m
verify	Run npm test	2026-10-09T06:25:21.6545900Z    [33m[2m✓[22m[39m refuses missing, altered, wrong-scope and repeated parts, cyclic graphs, sparse arrays and cancelled work[33m 1782[2mms[22m[39m
verify	Run npm test	2026-10-09T06:25:22.2845611Z  [32m✓[39m src/storage/rb10Diagnostics.test.ts [2m([22m[2m4 tests[22m[2m)[22m[32m 291[2mms[22m[39m
verify	Run npm test	2026-10-09T06:25:22.5330038Z  [32m✓[39m src/domain/authorAlternativeIntegrity.test.ts [2m([22m[2m3 tests[22m[2m)[22m[32m 41[2mms[22m[39m
verify	Run npm test	2026-10-09T06:25:23.0412478Z  [32m✓[39m tests/conditionEditing.test.ts [2m([22m[2m6 tests[22m[2m)[22m[32m 121[2mms[22m[39m
verify	Run npm test	2026-10-09T06:25:23.2736772Z  [32m✓[39m src/domain/catalogEdits.test.ts [2m([22m[2m4 tests[22m[2m)[22m[32m 26[2mms[22m[39m
verify	Run npm test	2026-10-09T06:25:24.0204820Z  [32m✓[39m tests/timelineLayout.test.ts [2m([22m[2m5 tests[22m[2m)[22m[33m 2121[2mms[22m[39m
verify	Run npm test	2026-10-09T06:25:24.0225189Z    [32m✓[39m timeline lanes preserve references and all overlapping events [2m(5)[22m
verify	Run npm test	2026-10-09T06:25:24.0245428Z      [33m[2m✓[22m[39m represents every resolved ID in the large seeded fixture and every ID is reachable in virtual windows[33m 1768[2mms[22m[39m
verify	Run npm test	2026-10-09T06:25:24.2971066Z  [32m✓[39m src/storage/recordDictionary.test.ts [2m([22m[2m4 tests[22m[2m)[22m[32m 29[2mms[22m[39m
verify	Run npm test	2026-10-09T06:25:24.6845897Z  [32m✓[39m src/domain/catalogPerformance.test.ts [2m([22m[2m4 tests[22m[2m)[22m[33m 1165[2mms[22m[39m
verify	Run npm test	2026-10-09T06:25:24.6847851Z    [32m✓[39m catalog batch evaluation cost and dependencies [2m(4)[22m
verify	Run npm test	2026-10-09T06:25:24.6853034Z      [33m[2m✓[22m[39m reads Standard records at most twice for production, foreshadow, participant and compound queries[33m 718[2mms[22m[39m
verify	Run npm test	2026-10-09T06:25:24.6892304Z      [33m[2m✓[22m[39m uses the same linear batch path for a saved dynamic collection[33m 443[2mms[22m[39m
verify	Run npm test	2026-10-09T06:25:24.8678079Z  [32m✓[39m src/ui/SnapshotAnchorPreview.test.ts [2m([22m[2m2 tests[22m[2m)[22m[32m 48[2mms[22m[39m
verify	Run npm test	2026-10-09T06:25:24.9394269Z  [32m✓[39m tests/reader-fallback.test.ts [2m([22m[2m5 tests[22m[2m)[22m[32m 30[2mms[22m[39m
verify	Run npm test	2026-10-09T06:25:25.1726410Z  [32m✓[39m src/domain/referenceChoices.test.ts [2m([22m[2m3 tests[22m[2m)[22m[32m 23[2mms[22m[39m
verify	Run npm test	2026-10-09T06:25:25.1937226Z  [32m✓[39m src/ui/referenceIndex.test.ts [2m([22m[2m3 tests[22m[2m)[22m[32m 156[2mms[22m[39m
verify	Run npm test	2026-10-09T06:25:25.7905651Z  [32m✓[39m src/storage/rb05StateDurability.test.ts [2m([22m[2m1 test[22m[2m)[22m[32m 255[2mms[22m[39m
verify	Run npm test	2026-10-09T06:25:25.8356244Z  [32m✓[39m src/ui/WritingWorkspace.test.ts [2m([22m[2m3 tests[22m[2m)[22m[32m 54[2mms[22m[39m
verify	Run npm test	2026-10-09T06:25:25.9873082Z  [32m✓[39m tests/editorNavigation.test.ts [2m([22m[2m5 tests[22m[2m)[22m[32m 17[2mms[22m[39m
verify	Run npm test	2026-10-09T06:25:26.4065408Z  [32m✓[39m src/ui/Fields.test.ts [2m([22m[2m3 tests[22m[2m)[22m[32m 42[2mms[22m[39m
verify	Run npm test	2026-10-09T06:25:26.6677129Z  [32m✓[39m tests/production.test.ts [2m([22m[2m3 tests[22m[2m)[22m[32m 27[2mms[22m[39m
verify	Run npm test	2026-10-09T06:25:26.9125904Z  [32m✓[39m src/domain/notes.test.ts [2m([22m[2m5 tests[22m[2m)[22m[32m 30[2mms[22m[39m
verify	Run npm test	2026-10-09T06:25:27.3487921Z  [32m✓[39m src/ui/AuthorAlternativeDraft.test.ts [2m([22m[2m2 tests[22m[2m)[22m[32m 9[2mms[22m[39m
verify	Run npm test	2026-10-09T06:25:27.6644980Z  [32m✓[39m tests/rb05-reuse-nested.test.ts [2m([22m[2m1 test[22m[2m)[22m[32m 100[2mms[22m[39m
verify	Run npm test	2026-10-09T06:25:28.0135726Z  [32m✓[39m tests/readingExportOrder.test.ts [2m([22m[2m1 test[22m[2m)[22m[32m 81[2mms[22m[39m
verify	Run npm test	2026-10-09T06:25:28.3195570Z  [32m✓[39m tests/rb05-reuse-hierarchy.test.ts [2m([22m[2m1 test[22m[2m)[22m[32m 59[2mms[22m[39m
verify	Run npm test	2026-10-09T06:25:28.5795339Z  [32m✓[39m tests/stateMeaning.test.ts [2m([22m[2m1 test[22m[2m)[22m[32m 29[2mms[22m[39m
verify	Run npm test	2026-10-09T06:25:28.7656486Z  [32m✓[39m src/ui/structuredNumberDrafts.test.ts [2m([22m[2m3 tests[22m[2m)[22m[32m 9[2mms[22m[39m
verify	Run npm test	2026-10-09T06:25:29.1091952Z  [32m✓[39m src/ui/TextAnnotations.test.ts [2m([22m[2m1 test[22m[2m)[22m[32m 30[2mms[22m[39m
verify	Run npm test	2026-10-09T06:25:29.3261016Z  [32m✓[39m src/ui/draftState.test.ts [2m([22m[2m2 tests[22m[2m)[22m[32m 14[2mms[22m[39m
verify	Run npm test	2026-10-09T06:25:29.4865488Z  [32m✓[39m tests/editorState.test.ts [2m([22m[2m2 tests[22m[2m)[22m[32m 7[2mms[22m[39m
verify	Run npm test	2026-10-09T06:25:29.7120144Z  [32m✓[39m src/domain/catalogPositions.test.ts [2m([22m[2m3 tests[22m[2m)[22m[32m 21[2mms[22m[39m
verify	Run npm test	2026-10-09T06:25:29.9277784Z  [32m✓[39m src/ui/linkCandidatePreferences.test.ts [2m([22m[2m2 tests[22m[2m)[22m[32m 6[2mms[22m[39m
verify	Run npm test	2026-10-09T06:25:30.1673751Z  [32m✓[39m tests/maintenance.test.ts [2m([22m[2m1 test[22m[2m)[22m[32m 32[2mms[22m[39m
verify	Run npm test	2026-10-09T06:25:30.3595489Z  [32m✓[39m src/storage/jsonValidation.test.ts [2m([22m[2m2 tests[22m[2m)[22m[32m 10[2mms[22m[39m
verify	Run npm test	2026-10-09T06:25:30.5774879Z  [32m✓[39m src/domain/worldSources.test.ts [2m([22m[2m2 tests[22m[2m)[22m[32m 10[2mms[22m[39m
verify	Run npm test	2026-10-09T06:25:30.7647047Z  [32m✓[39m tests/attachments.test.ts [2m([22m[2m3 tests[22m[2m)[22m[32m 16[2mms[22m[39m
verify	Run npm test	2026-10-09T06:25:30.9145617Z  [32m✓[39m tests/diagnostics.test.ts [2m([22m[2m1 test[22m[2m)[22m[32m 5[2mms[22m[39m
verify	Run npm test	2026-10-09T06:25:32.7797756Z  [32m✓[39m tests/timeResolver.test.ts [2m([22m[2m5 tests[22m[2m)[22m[33m 12516[2mms[22m[39m
verify	Run npm test	2026-10-09T06:25:32.7798881Z    [32m✓[39m canonical iterative time resolution [2m(5)[22m
verify	Run npm test	2026-10-09T06:25:32.7800266Z      [33m[2m✓[22m[39m validates, saves, reloads and restores a real 5,001-event relative chain[33m 12510[2mms[22m[39m
verify	Run npm test	2026-10-09T06:27:56.2365554Z  [32m✓[39m tests/performanceFixture.test.ts [2m([22m[2m2 tests[22m[2m)[22m[33m 150128[2mms[22m[39m
verify	Run npm test	2026-10-09T06:27:56.2395935Z    [32m✓[39m performance dataset provenance [2m(2)[22m
verify	Run npm test	2026-10-09T06:27:56.2397262Z      [33m[2m✓[22m[39m produces a deterministic, populated standard fixture with explicit unmeasured asset bytes[33m 542[2mms[22m[39m
verify	Run npm test	2026-10-09T06:27:56.2398583Z      [33m[2m✓[22m[39m includes actual bounded Large materials and restores every byte from a complete file[33m 149582[2mms[22m[39m
verify	Run npm test	2026-10-09T06:27:56.2423888Z 
verify	Run npm test	2026-10-09T06:27:56.2434940Z [2m Test Files [22m [1m[32m81 passed[39m[22m[90m (81)[39m
verify	Run npm test	2026-10-09T06:27:56.2436996Z [2m      Tests [22m [1m[32m763 passed[39m[22m[90m (763)[39m
verify	Run npm test	2026-10-09T06:27:56.2438076Z [2m   Start at [22m 06:25:02
verify	Run npm test	2026-10-09T06:27:56.2439592Z [2m   Duration [22m 174.21s[2m (tests 93%, import 5%, transform 2%)[22m
verify	Run npm test	2026-10-09T06:27:56.2457583Z 
verify	Run npm run build	﻿2026-10-09T06:27:56.3786284Z ##[group]Run npm run build
verify	Run npm run build	2026-10-09T06:27:56.3786589Z [36;1mnpm run build[0m
verify	Run npm run build	2026-10-09T06:27:56.3849308Z shell: /usr/bin/bash -e {0}
verify	Run npm run build	2026-10-09T06:27:56.3849570Z env:
verify	Run npm run build	2026-10-09T06:27:56.3849962Z   CHROMIUM_PATH: /home/runner/.cache/ms-playwright/chromium-1243/chrome-linux64/chrome
verify	Run npm run build	2026-10-09T06:27:56.3850394Z ##[endgroup]
verify	Run npm run build	2026-10-09T06:27:56.4880053Z 
verify	Run npm run build	2026-10-09T06:27:56.4880636Z > shinariokanri@0.1.0 prebuild
verify	Run npm run build	2026-10-09T06:27:56.4881299Z > node scripts/build/portable-runtime.mjs
verify	Run npm run build	2026-10-09T06:27:56.4881598Z 
verify	Run npm run build	2026-10-09T06:27:56.6214782Z Production portable runtime generated: 144514 characters
verify	Run npm run build	2026-10-09T06:27:56.6785004Z 
verify	Run npm run build	2026-10-09T06:27:56.6785552Z > shinariokanri@0.1.0 build
verify	Run npm run build	2026-10-09T06:27:56.6786656Z > tsc -b && vite build && node scripts/build/service-worker.mjs
verify	Run npm run build	2026-10-09T06:27:56.6787834Z 
verify	Run npm run build	2026-10-09T06:27:59.4610692Z [36mvite v8.3.2 [32mbuilding client environment for production...[36m[39m
verify	Run npm run build	2026-10-09T06:27:59.4706849Z transforming...
verify	Run npm run build	2026-10-09T06:27:59.8561432Z ✓ 188 modules transformed.
verify	Run npm run build	2026-10-09T06:27:59.9339061Z rendering chunks...
verify	Run npm run build	2026-10-09T06:28:00.1696271Z computing gzip size...
verify	Run npm run build	2026-10-09T06:28:00.1956869Z dist/index.html                                    0.65 kB │ gzip:   0.44 kB
verify	Run npm run build	2026-10-09T06:28:00.1958145Z dist/assets/recordParts.worker-T_qEKL4N.js         8.33 kB
verify	Run npm run build	2026-10-09T06:28:00.1959337Z dist/assets/readValidation.worker-ml078vLf.js    283.35 kB
verify	Run npm run build	2026-10-09T06:28:00.1960611Z dist/assets/archiveExport.worker-BGcKFGSj.js     318.30 kB
verify	Run npm run build	2026-10-09T06:28:00.1961624Z dist/assets/archive.worker-Db8yCkQz.js           322.55 kB
verify	Run npm run build	2026-10-09T06:28:00.1963120Z dist/assets/index-sh31W3vc.css                    76.06 kB │ gzip:  15.11 kB
verify	Run npm run build	2026-10-09T06:28:00.1965445Z dist/assets/presentation-p0FcZTIj.js             213.26 kB │ gzip:  66.30 kB
verify	Run npm run build	2026-10-09T06:28:00.1967227Z dist/assets/index-CqccogNU.js                  1,822.56 kB │ gzip: 537.57 kB
verify	Run npm run build	2026-10-09T06:28:00.1967887Z 
verify	Run npm run build	2026-10-09T06:28:00.1969750Z [33m[33m[INEFFECTIVE_DYNAMIC_IMPORT] [0msrc/sync/publicShare.ts is dynamically imported by src/storage/store.ts but also statically imported by src/ui/SharedPortal.tsx, dynamic import will not move module into another chunk.
verify	Run npm run build	2026-10-09T06:28:00.1971089Z [39m
verify	Run npm run build	2026-10-09T06:28:00.1971423Z [33m[plugin builtin:vite-reporter] 
verify	Run npm run build	2026-10-09T06:28:00.1971998Z (!) Some chunks are larger than 500 kB after minification. Consider:
verify	Run npm run build	2026-10-09T06:28:00.1972660Z - Using dynamic import() to code-split the application
verify	Run npm run build	2026-10-09T06:28:00.1973653Z - Use build.rolldownOptions.output.codeSplitting to improve chunking: https://rolldown.rs/reference/OutputOptions.codeSplitting
verify	Run npm run build	2026-10-09T06:28:00.1974594Z - Adjust chunk size limit for this warning via build.chunkSizeWarningLimit.[39m
verify	Run npm run build	2026-10-09T06:28:00.1976720Z [33m[33m[INEFFECTIVE_DYNAMIC_IMPORT] [0msrc/domain/runtime.ts is dynamically imported by src/domain/projectRecordValidation.ts but also statically imported by src/domain/gameProtocol.ts, src/domain/runtimeVerified.ts, src/domain/traceReconfirmation.ts, src/ui/Reader.tsx, dynamic import will not move module into another chunk.
verify	Run npm run build	2026-10-09T06:28:00.1978595Z [39m
verify	Run npm run build	2026-10-09T06:28:00.1981672Z [33m[33m[INEFFECTIVE_DYNAMIC_IMPORT] [0msrc/domain/runtimeVerified.ts is dynamically imported by src/domain/checkpoints.ts but also statically imported by src/domain/gameProtocol.ts, src/domain/productionPlanning.ts, src/domain/traceReconfirmation.ts, src/ui/ProductionReviewPanel.tsx, src/ui/Reader.tsx, dynamic import will not move module into another chunk.
verify	Run npm run build	2026-10-09T06:28:00.1983333Z [39m
verify	Run npm run build	2026-10-09T06:28:00.1985092Z [33m[33m[INEFFECTIVE_DYNAMIC_IMPORT] [0msrc/domain/gameProtocol.ts is dynamically imported by src/domain/projectRecordValidation.ts but also statically imported by src/domain/gameHandoff.ts, dynamic import will not move module into another chunk.
verify	Run npm run build	2026-10-09T06:28:00.1986799Z [39m
verify	Run npm run build	2026-10-09T06:28:00.1987167Z [32m✓ built in 735ms[39m
verify	Run npm run build	2026-10-09T06:28:00.2927579Z Offline shell generated: 54e6d9976147c2cb8000, /shinariokanri/
verify	Run BROWSER_ENGINES=all npm run test:e2e	﻿2026-10-09T06:28:00.3069081Z ##[group]Run BROWSER_ENGINES=all npm run test:e2e
verify	Run BROWSER_ENGINES=all npm run test:e2e	2026-10-09T06:28:00.3069504Z [36;1mBROWSER_ENGINES=all npm run test:e2e[0m
verify	Run BROWSER_ENGINES=all npm run test:e2e	2026-10-09T06:28:00.3132628Z shell: /usr/bin/bash -e {0}
verify	Run BROWSER_ENGINES=all npm run test:e2e	2026-10-09T06:28:00.3132893Z env:
verify	Run BROWSER_ENGINES=all npm run test:e2e	2026-10-09T06:28:00.3133259Z   CHROMIUM_PATH: /home/runner/.cache/ms-playwright/chromium-1243/chrome-linux64/chrome
verify	Run BROWSER_ENGINES=all npm run test:e2e	2026-10-09T06:28:00.3134043Z ##[endgroup]
verify	Run BROWSER_ENGINES=all npm run test:e2e	2026-10-09T06:28:00.4172426Z 
verify	Run BROWSER_ENGINES=all npm run test:e2e	2026-10-09T06:28:00.4173270Z > shinariokanri@0.1.0 test:e2e
verify	Run BROWSER_ENGINES=all npm run test:e2e	2026-10-09T06:28:00.4174198Z > playwright test
verify	Run BROWSER_ENGINES=all npm run test:e2e	2026-10-09T06:28:00.4174465Z 
verify	Run BROWSER_ENGINES=all npm run test:e2e	2026-10-09T06:28:03.7822898Z 
verify	Run BROWSER_ENGINES=all npm run test:e2e	2026-10-09T06:28:03.7824086Z Running 258 tests using 1 worker
verify	Run BROWSER_ENGINES=all npm run test:e2e	2026-10-09T06:28:03.7824587Z 
verify	Run BROWSER_ENGINES=all npm run test:e2e	2026-10-09T06:28:07.6050558Z   ✓    1 [chromium] › tests/e2e/catalog-notes.spec.ts:24:1 › 保存した複合一覧の再適用、一括変更、索引分類を通常フォームで行う (3.1s)
verify	Run BROWSER_ENGINES=all npm run test:e2e	2026-10-09T06:28:09.9645973Z   ✓    2 [chromium] › tests/e2e/catalog-notes.spec.ts:48:1 › 狭い画面で文章メモを場面へ変換し元メモと履歴を保持する (2.3s)
verify	Run BROWSER_ENGINES=all npm run test:e2e	2026-10-09T06:28:12.0337043Z   ✓    3 [chromium] › tests/e2e/catalog-notes.spec.ts:64:1 › 短い文章メモの未保存入力を詳細パネルの閉じ直し後も保持する (2.0s)
verify	Run BROWSER_ENGINES=all npm run test:e2e	2026-10-09T06:28:15.1636515Z   ✓    4 [chromium] › tests/e2e/catalog-notes.spec.ts:75:1 › 録音許可の拒否を説明し、文章と画像メモを保存ファイルまで保持する (3.1s)
verify	Run BROWSER_ENGINES=all npm run test:e2e	2026-10-09T06:28:18.0747750Z   ✓    5 [chromium] › tests/e2e/catalog-notes.spec.ts:104:1 › 日本語索引の表記候補を連続入力して保存・再表示しても文字と焦点を保つ (2.9s)
verify	Run BROWSER_ENGINES=all npm run test:e2e	2026-10-09T06:28:20.3620204Z   ✓    6 [chromium] › tests/e2e/editor-navigation.spec.ts:37:1 › B10/F27 本文リンクから戻り、逆参照でも同じ段落の絵文字後の語句を正確に開く (2.3s)
verify	Run BROWSER_ENGINES=all npm run test:e2e	2026-10-09T06:28:22.0938332Z   ✓    7 [chromium] › tests/e2e/editor-navigation.spec.ts:63:1 › B01 参照元と固定版の影響を示して参照中のアーカイブを止め、未参照の保持指定も個別に確認する (1.7s)
verify	Run BROWSER_ENGINES=all npm run test:e2e	2026-10-09T06:28:25.0870677Z   ✓    8 [chromium] › tests/e2e/editor-regressions.spec.ts:45:1 › RG-R01 本文の注記と提示位置が絵文字を含む前方挿入に追従し、再読込後も人物を開ける (3.0s)
verify	Run BROWSER_ENGINES=all npm run test:e2e	2026-10-09T06:28:28.1291009Z   ✓    9 [chromium] › tests/e2e/editor-regressions.spec.ts:67:61 › RG-R05 booleanの複数値をフォームで追加し、演算切替を取り消して保存・再読込・試読する (3.0s)
verify	Run BROWSER_ENGINES=all npm run test:e2e	2026-10-09T06:28:32.1564264Z   ✓   10 [chromium] › tests/e2e/editor-regressions.spec.ts:67:61 › RG-R05 integerの複数値をフォームで追加し、演算切替を取り消して保存・再読込・試読する (4.0s)
verify	Run BROWSER_ENGINES=all npm run test:e2e	2026-10-09T06:28:36.3197951Z   ✓   11 [chromium] › tests/e2e/editor-regressions.spec.ts:67:61 › RG-R05 enumの複数値をフォームで追加し、演算切替を取り消して保存・再読込・試読する (4.1s)
verify	Run BROWSER_ENGINES=all npm run test:e2e	2026-10-09T06:28:40.4735435Z   ✓   12 [chromium] › tests/e2e/editor.spec.ts:21:1 › 人物の日本語入力を保存し再読み込みして完全保存・別端末領域へ復元できる (4.1s)
verify	Run BROWSER_ENGINES=all npm run test:e2e	2026-10-09T06:28:41.6457682Z   ✓   13 [chromium] › tests/e2e/editor.spec.ts:57:3 › 幅320pxで作品作成と資料の操作が画面内に収まる (1.2s)
verify	Run BROWSER_ENGINES=all npm run test:e2e	2026-10-09T06:28:42.6428780Z   ✓   14 [chromium] › tests/e2e/editor.spec.ts:57:3 › 幅390pxで作品作成と資料の操作が画面内に収まる (968ms)
verify	Run BROWSER_ENGINES=all npm run test:e2e	2026-10-09T06:28:43.7329878Z   ✓   15 [chromium] › tests/e2e/editor.spec.ts:57:3 › 幅768pxで作品作成と資料の操作が画面内に収まる (1.1s)
verify	Run BROWSER_ENGINES=all npm run test:e2e	2026-10-09T06:28:44.8055520Z   ✓   16 [chromium] › tests/e2e/editor.spec.ts:57:3 › 幅1024pxで作品作成と資料の操作が画面内に収まる (1.1s)
verify	Run BROWSER_ENGINES=all npm run test:e2e	2026-10-09T06:28:45.8027247Z   ✓   17 [chromium] › tests/e2e/editor.spec.ts:57:3 › 幅1440pxで作品作成と資料の操作が画面内に収まる (980ms)
verify	Run BROWSER_ENGINES=all npm run test:e2e	2026-10-09T06:28:47.0722409Z   ✓   18 [chromium] › tests/e2e/editor.spec.ts:67:1 › 初期画面の自動アクセシビリティ検査 (1.3s)
verify	Run BROWSER_ENGINES=all npm run test:e2e	2026-10-09T06:28:48.6662970Z   ✓   19 [chromium] › tests/e2e/editor.spec.ts:74:1 › 配信サーバー停止後にキャッシュ取得済みの作品を再開する (1.6s)
verify	Run BROWSER_ENGINES=all npm run test:e2e	2026-10-09T06:28:50.0405119Z   ✓   20 [chromium] › tests/e2e/editor.spec.ts:121:1 › サンプルの条件付き選択肢と巻き戻しを操作できる (1.4s)
verify	Run BROWSER_ENGINES=all npm run test:e2e	2026-10-09T06:28:52.1975585Z   ✓   21 [chromium] › tests/e2e/editor.spec.ts:143:1 › 不正JSONの未保存入力を画面移動後も保持する (2.1s)
verify	Run BROWSER_ENGINES=all npm run test:e2e	2026-10-09T06:28:54.5166616Z   ✓   22 [chromium] › tests/e2e/editor.spec.ts:162:1 › 保存に失敗した名前を二回の画面移動後も未保存として保持する (2.3s)
verify	Run BROWSER_ENGINES=all npm run test:e2e	2026-10-09T06:28:56.7078178Z   ✓   23 [chromium] › tests/e2e/project-drafts.spec.ts:18:1 › 同じ情報IDを持つ別作品でも未保存の雛形入力を作品ごとに保持する (2.2s)
verify	Run BROWSER_ENGINES=all npm run test:e2e	2026-10-09T06:28:58.9945479Z   ✓   24 [chromium] › tests/e2e/rb05-reconfirmation.spec.ts:19:1 › 別版の途中開始を差分確認・原子保存・再読込し、移行した状態から試読する (2.3s)
verify	Run BROWSER_ENGINES=all npm run test:e2e	2026-10-09T06:29:01.1536050Z   ✓   25 [chromium] › tests/e2e/rb05-reconfirmation.spec.ts:26:1 › 改訂稿の経路を再実行・別証跡保存・再読込し、旧金額3と新金額7をそれぞれ再生する (2.1s)
verify	Run BROWSER_ENGINES=all npm run test:e2e	2026-10-09T06:29:02.8777322Z   ✓   26 [chromium] › tests/e2e/rb05-reconfirmation.spec.ts:33:1 › 保存失敗で移行差分を保持し、再試行後にだけ保存完了を表示する (1.7s)
verify	Run BROWSER_ENGINES=all npm run test:e2e	2026-10-09T06:29:04.3898009Z   ✓   27 [chromium] › tests/e2e/rb05-reconfirmation.spec.ts:41:1 › 移行差分確認後に入口を切り替えると保存を止め、固定した入口を表示する (1.5s)
verify	Run BROWSER_ENGINES=all npm run test:e2e	2026-10-09T06:29:07.8110402Z   ✓   28 [chromium] › tests/e2e/rb05-reconfirmation.spec.ts:51:1 › 個別章開始を明示移行し、通常画面で再確認・原子保存・再読込・完全保存する (3.4s)
verify	Run BROWSER_ENGINES=all npm run test:e2e	2026-10-09T06:29:09.9745628Z   ✓   29 [chromium] › tests/e2e/rb05-reconfirmation.spec.ts:63:1 › 章の移行で提示時点と選択範囲を画面移動・再起動後も保持し、変更時は再確認する (2.1s)
verify	Run BROWSER_ENGINES=all npm run test:e2e	2026-10-09T06:29:12.3976699Z   ✓   30 [chromium] › tests/e2e/rb05-reuse.spec.ts:11:1 › 固定callの内部graphから通常ボタンで呼出元へ戻り、経路を保存・cold再生する (2.4s)
verify	Run BROWSER_ENGINES=all npm run test:e2e	2026-10-09T06:29:14.8740072Z   ✓   31 [chromium] › tests/e2e/rb05-reuse.spec.ts:20:35 › 子出口の経路保存待ちを画面移動から保持し、最新propsの確認後に復帰する (2.5s)
verify	Run BROWSER_ENGINES=all npm run test:e2e	2026-10-09T06:29:17.5941809Z   ✓   32 [chromium] › tests/e2e/rb05-reuse.spec.ts:20:35 › 子出口の経路保存待ちを画面移動から保持し、失敗後の同じ経路を再試行する (2.7s)
verify	Run BROWSER_ENGINES=all npm run test:e2e	2026-10-09T06:29:19.6349122Z   ✓   33 [chromium] › tests/e2e/rb05-reuse.spec.ts:28:1 › 経路再生待ちの再入へ保存版を反映し、次回の明示版選択を別画面往復から保持する (2.0s)
verify	Run BROWSER_ENGINES=all npm run test:e2e	2026-10-09T06:29:25.1525345Z   ✓   34 [chromium] › tests/e2e/rb05-reuse.spec.ts:35:1 › RB05 共通元を固定参照・独立複製・部分上書きで原子保存し、共通元改稿後の本文と再読込を確認する (5.5s)
verify	Run BROWSER_ENGINES=all npm run test:e2e	2026-10-09T06:29:27.0112194Z   ✓   35 [chromium] › tests/e2e/rb05-reuse.spec.ts:55:1 › 多重固定参照を完全保存から再読込し、旧本文の固定リンクと元のUnicode位置へ戻る (1.8s)
verify	Run BROWSER_ENGINES=all npm run test:e2e	2026-10-09T06:29:29.9274832Z   ✓   36 [chromium] › tests/e2e/rb05-structure-reading.spec.ts:11:1 › RB05 途中開始の状態値を通常フォームで編集し、画面移動・再読込・試読・巻戻へ接続する (2.9s)
verify	Run BROWSER_ENGINES=all npm run test:e2e	2026-10-09T06:29:32.7089877Z   ✓   37 [chromium] › tests/e2e/rb05-structure-reading.spec.ts:31:1 › RB05 反応系列の下書きを移動から再開し、作成・保存・再読込・初回／再訪を通常試読する (2.8s)
verify	Run BROWSER_ENGINES=all npm run test:e2e	2026-10-09T06:29:35.4355987Z   ✓   38 [chromium] › tests/e2e/rb05-structure-reading.spec.ts:48:1 › RB05 折りたたんだ章の未完成出口を掘り下げ、通常接続編集と再読込で集計へ反映する (2.7s)
verify	Run BROWSER_ENGINES=all npm run test:e2e	2026-10-09T06:29:39.4722506Z   ✓   39 [chromium] › tests/e2e/rb06-recovery.spec.ts:11:1 › 50件より古い版を通常検索し、単体復元と作品全体復元を区別して保存失敗・再入・cold再生する (4.0s)
verify	Run BROWSER_ENGINES=all npm run test:e2e	2026-10-09T06:29:42.4134793Z   ✓   40 [chromium] › tests/e2e/rb06-recovery.spec.ts:19:1 › 別作品の全ID対応を画面移動・cold再起動から再開し、失敗後に原子統合して元履歴・段落を完全保存する (2.9s)
verify	Run BROWSER_ENGINES=all npm run test:e2e	2026-10-09T06:29:44.2668055Z   ✓   41 [chromium] › tests/e2e/rb06-recovery.spec.ts:27:1 › 復元保存待ちの後に選んだ資料と作品を保持し、新規復元だけを一覧へ追加する (1.8s)
verify	Run BROWSER_ENGINES=all npm run test:e2e	2026-10-09T06:29:46.3019093Z   ✓   42 [chromium] › tests/e2e/rb06-recovery.spec.ts:35:1 › native保存ack待ちに届いた後続ファイルを保持し、先の新規復元が確認画面を開き直さない (2.0s)
verify	Run BROWSER_ENGINES=all npm run test:e2e	2026-10-09T06:29:49.6825924Z   ✓   43 [chromium] › tests/e2e/rb07-production.spec.ts:12:1 › 台詞分割の入力と差分を移動・失敗から再開し、旧新ID・翻訳確認待ちをcold保存と完全ファイルで確認する (3.4s)
verify	Run BROWSER_ENGINES=all npm run test:e2e	2026-10-09T06:29:51.9044643Z   ✓   44 [chromium] › tests/e2e/rb07-production.spec.ts:18:1 › 資料の取得日時と実動画bytesを通常保存し、再読込で安全な動画表示と不足状態を区別する (2.2s)
verify	Run BROWSER_ENGINES=all npm run test:e2e	2026-10-09T06:29:54.2879982Z   ✓   45 [chromium] › tests/e2e/rb07-production.spec.ts:22:1 › 現在原文を選び直した翻訳をhash承認し、期限外・没用語を除いたUnicode候補を指摘版ごと原子保存する (2.4s)
verify	Run BROWSER_ENGINES=all npm run test:e2e	2026-10-09T06:29:56.8456505Z   ✓   46 [chromium] › tests/e2e/rb08-handoff.spec.ts:24:1 › 制作見積の入力を移動とcold再開から保持し、quota拒否後の原子保存を完全ファイルへつなぐ (2.5s)
verify	Run BROWSER_ENGINES=all npm run test:e2e	2026-10-09T06:29:59.6758440Z   ✓   47 [chromium] › tests/e2e/rb08-handoff.spec.ts:26:1 › 旧媒体と元pinを保持し、未保存候補を再開して独立改訂・予定日・完全復元を確認する (2.8s)
verify	Run BROWSER_ENGINES=all npm run test:e2e	2026-10-09T06:30:03.1448804Z   ✓   48 [chromium] › tests/e2e/rb08-handoff.spec.ts:28:1 › 相談MDの出所と対象版をcold再開し、作者別案へ保存・選択採用して正本と採用記録を復元する (3.4s)
verify	Run BROWSER_ENGINES=all npm run test:e2e	2026-10-09T06:30:06.2303211Z   ✓   49 [chromium] › tests/e2e/rb08-handoff.spec.ts:30:1 › 通常出力を独立ゲームへ渡し、実勝利・経路・受領証跡を戻して原子保存・cold・完全復元する (3.1s)
verify	Run BROWSER_ENGINES=all npm run test:e2e	2026-10-09T06:30:12.1859641Z   ✓   50 [chromium] › tests/e2e/rb08-handoff.spec.ts:32:1 › 通常画面で旧版と現稿の公開範囲を作り、固定引用のUnicode位置を試遊ZIPから開いて戻り、承認をcold復元する (5.9s)
verify	Run BROWSER_ENGINES=all npm run test:e2e	2026-10-09T06:30:14.3146954Z   ✓   51 [chromium] › tests/e2e/rb08-handoff.spec.ts:38:1 › 通常画面で企画・プレイ行動・実装作業を照合し、容量失敗後に対象版付き確認を保存しcold完全復元する (2.1s)
verify	Run BROWSER_ENGINES=all npm run test:e2e	2026-10-09T06:30:16.6835574Z   ✓   52 [chromium] › tests/e2e/rb08-handoff.spec.ts:43:1 › 通常出力の試遊ZIPが同じ素材IDの旧動画decodeと新音声bytesを別々に検証して固定参照から戻る (2.4s)
verify	Run BROWSER_ENGINES=all npm run test:e2e	2026-10-09T06:30:17.7726118Z   ✓   53 [chromium] › tests/e2e/rb09-inputs.spec.ts:35:1 › active author screen keeps account controls reachable at PC and phone widths (1.1s)
verify	Run BROWSER_ENGINES=all npm run test:e2e	2026-10-09T06:30:19.8052847Z   ✓   54 [chromium] › tests/e2e/rb09-inputs.spec.ts:37:1 › input DB commit resumes all A despite a cache quota fault and cold reauthentication (2.0s)
verify	Run BROWSER_ENGINES=all npm run test:e2e	2026-10-09T06:30:21.2108192Z   ✓   55 [chromium] › tests/e2e/rb09-inputs.spec.ts:39:1 › input TX failure leaves tool and workspace B intact and preserves visible input for retry (1.4s)
verify	Run BROWSER_ENGINES=all npm run test:e2e	2026-10-09T06:30:24.2432100Z   ✓   56 [chromium] › tests/e2e/rb09-inputs.spec.ts:41:1 › delayed complete archive and base commit preserve a later shared-screen navigation (3.0s)
verify	Run BROWSER_ENGINES=all npm run test:e2e	2026-10-09T06:30:26.1690063Z   ✓   57 [chromium] › tests/e2e/rb09-sharing.spec.ts:12:1 › approved fixed reference retains Unicode position, source return, comment version and cold cache without persisting Auth (1.9s)
verify	Run BROWSER_ENGINES=all npm run test:e2e	2026-10-09T06:30:27.2939674Z   ✓   58 [chromium] › tests/e2e/rb09-sharing.spec.ts:14:1 › revocation refuses a new snapshot and clears the cached displayed edition (1.1s)
verify	Run BROWSER_ENGINES=all npm run test:e2e	2026-10-09T06:30:29.1806217Z   ✓   59 [chromium] › tests/e2e/rb09-sharing.spec.ts:16:1 › a requested fixed snapshot opens after a delayed metadata listing instead of being dropped by the initial busy lock (1.9s)
verify	Run BROWSER_ENGINES=all npm run test:e2e	2026-10-09T06:30:32.0012288Z   ✓   60 [chromium] › tests/e2e/rb10-completion.spec.ts:12:1 › paged chapter tail keeps original move indices, selection and cold return position through a complete save (2.8s)
verify	Run BROWSER_ENGINES=all npm run test:e2e	2026-10-09T06:30:34.0444393Z   ✓   61 [chromium] › tests/e2e/rb10-completion.spec.ts:18:1 › paged branch and production searches reach tail items without creating all DOM records (2.0s)
verify	Run BROWSER_ENGINES=all npm run test:e2e	2026-10-09T06:30:36.2756789Z   ✓   62 [chromium] › tests/e2e/rb10-completion.spec.ts:21:1 › an actual failed atomic save retains input and exports only optional diagnostic metadata (2.2s)
verify	Run BROWSER_ENGINES=all npm run test:e2e	2026-10-09T06:30:39.3319199Z   ✓   63 [chromium] › tests/e2e/rb10-completion.spec.ts:24:1 › cancelling an in-flight command keeps the draft, revision, history and outbox until explicit retry (3.0s)
verify	Run BROWSER_ENGINES=all npm run test:e2e	2026-10-09T06:30:40.2930110Z   ✓   64 [chromium] › tests/e2e/rb10-completion.spec.ts:32:1 › a handled authentication failure records only optional identifiers and never exports credentials or the remote message (948ms)
verify	Run BROWSER_ENGINES=all npm run test:e2e	2026-10-09T06:30:47.1284104Z   ✓   65 [chromium] › tests/e2e/rb10-completion.spec.ts:37:1 › AT-F29 normal author operation imports frozen shared quotation and task atomically, retains a failed preview, records both stages and reloads the old edition (6.8s)
verify	Run BROWSER_ENGINES=all npm run test:e2e	2026-10-09T06:30:48.4806226Z   ✓   66 [chromium] › tests/e2e/rb10-completion.spec.ts:51:1 › F29 public old-version deep link carries only public IDs and Unicode offsets without private identifiers (1.3s)
verify	Run BROWSER_ENGINES=all npm run test:e2e	2026-10-09T06:30:50.4731448Z   ✓   67 [chromium] › tests/e2e/rb10-completion.spec.ts:55:1 › F37 normal state editor shows enum meaning candidates while keeping an unknown initial value through a complete file and reload (2.0s)
verify	Run BROWSER_ENGINES=all npm run test:e2e	2026-10-09T06:30:59.5227148Z   ✓   68 [chromium] › tests/e2e/rb10-completion.spec.ts:59:1 › real native IndexedDB cancels a worker while a full import transaction contains parts, then explicitly retries and cold-loads every body (9.0s)
verify	Run BROWSER_ENGINES=all npm run test:e2e	2026-10-09T06:31:03.2704909Z   ✓   69 [chromium] › tests/e2e/rb10-graph.spec.ts:10:1 › graph movement keeps connected lines, device layout and live semantic edits consistent through cold reload (3.7s)
verify	Run BROWSER_ENGINES=all npm run test:e2e	2026-10-09T06:32:51.1777422Z   ✓   70 [chromium] › tests/e2e/rb10-reference-index.spec.ts:11:1 › Large references can be cancelled and retried while the current editor stays writable, with no partial or stale rows (1.8m)
verify	Run BROWSER_ENGINES=all npm run test:e2e	2026-10-09T06:32:55.8065712Z   ✓   71 [chromium] › tests/e2e/reader-fallback.spec.ts:15:1 › 幅390pxの手動試読で候補がない場合の代替進行を確認・巻戻・記録再生できる (4.6s)
verify	Run BROWSER_ENGINES=all npm run test:e2e	2026-10-09T06:32:58.0826632Z   ✓   72 [chromium] › tests/e2e/review-runtime.spec.ts:21:1 › RV08 作品設定の未保存入力と不正暦入力を画面移動から再開し、設定を原子保存・再読込する (2.2s)
verify	Run BROWSER_ENGINES=all npm run test:e2e	2026-10-09T06:33:00.1672273Z   ✓   73 [chromium] › tests/e2e/review-runtime.spec.ts:39:1 › RV05/RV06 旧版の入口と固定リンクを通常画面で開き、経路保存・再読込・再実行する (2.1s)
verify	Run BROWSER_ENGINES=all npm run test:e2e	2026-10-09T06:33:02.7891660Z   ✓   74 [chromium] › tests/e2e/review-runtime.spec.ts:61:1 › RB05 相互排他を金額・物品と原子拒否し、二入口の台詞・経路を再読込して合流比較する (2.6s)
verify	Run BROWSER_ENGINES=all npm run test:e2e	2026-10-09T06:33:09.1972137Z   ✓   75 [chromium] › tests/e2e/structured-forms.spec.ts:38:1 › 別名の不正な子項目を削除・種類切替・任意項目解除で修正すると保存でき、切替取消は入力を保つ (6.4s)
verify	Run BROWSER_ENGINES=all npm run test:e2e	2026-10-09T06:33:13.8201108Z   ✓   76 [chromium] › tests/e2e/structured-forms.spec.ts:75:1 › 未完成の数値を未保存入力として再表示し、非表示でも保存を止め、修正と配列削除後の値を再読込する (4.6s)
verify	Run BROWSER_ENGINES=all npm run test:e2e	2026-10-09T06:33:18.0791636Z   ✓   77 [chromium] › tests/e2e/structured-forms.spec.ts:107:1 › 状態値の記録キーは状態変数から選択でき、不正な数値を含む記録項目を削除して保存する (4.2s)
verify	Run BROWSER_ENGINES=all npm run test:e2e	2026-10-09T06:33:21.6427144Z   ✓   78 [chromium] › tests/e2e/structured-forms.spec.ts:137:1 › 公開用の辞書の先頭キーをキーボードで変更しても位置・フォーカス・値を保ち、一時重複は復元後に修正できる (3.5s)
verify	Run BROWSER_ENGINES=all npm run test:e2e	2026-10-09T06:33:25.8856934Z   ✓   79 [chromium] › tests/e2e/structured-forms.spec.ts:174:1 › 固定版の人物と段落が現在版からなくても、別名と試読状態の通常フォームから無関係な変更を保存する (4.2s)
verify	Run BROWSER_ENGINES=all npm run test:e2e	2026-10-09T06:33:37.1177011Z   ✓   80 [chromium] › tests/e2e/templates.spec.ts:25:1 › AT-F02/F56 雛形の通常フォームを差分確認して適用し、非表示・型変更の取消・明示置換を再読込まで保持する (11.2s)
verify	Run BROWSER_ENGINES=all npm run test:e2e	2026-10-09T06:33:39.4072670Z   ✓   81 [chromium] › tests/e2e/templates.spec.ts:133:1 › 雛形の保存キーが一時的に重複しても各項目の初期値を保ち、再表示・改名・差分適用後も両方の値を保持する (2.3s)
verify	Run BROWSER_ENGINES=all npm run test:e2e	2026-10-09T06:33:42.5981457Z   ✓   82 [chromium] › tests/e2e/world-workspace.spec.ts:17:1 › 世界版の選択・借用参照・固定表示を通常画面で保存し、完全保存にも同じ版を保持する (3.1s)
verify	Run BROWSER_ENGINES=all npm run test:e2e	2026-10-09T06:33:46.7675767Z   ✓   83 [chromium] › tests/e2e/writing-workspace.spec.ts:32:1 › 作者別案の未保存入力を画面移動から保持し、版保存・再読込・完全保存へ接続する (4.1s)
verify	Run BROWSER_ENGINES=all npm run test:e2e	2026-10-09T06:33:48.6680721Z   ✓   84 [chromium] › tests/e2e/writing-workspace.spec.ts:95:1 › 章試読は固定版の本文を提示して開始状態と経路を通常保存する (1.9s)
verify	Run BROWSER_ENGINES=all npm run test:e2e	2026-10-09T06:33:51.3165776Z   ✓   85 [chromium] › tests/e2e/writing-workspace.spec.ts:117:1 › 参照値を変えた別案の採用を通常保存し、確認依頼と採用記録を再読込・完全保存する (2.6s)
verify	Run BROWSER_ENGINES=all npm run test:e2e	2026-10-09T06:33:53.2810226Z   ✓   86 [chromium] › tests/e2e/writing-workspace.spec.ts:149:1 › 章と場面の順序・所属・筋の変更を通常保存して再読込する (2.0s)
verify	Run BROWSER_ENGINES=all npm run test:e2e	2026-10-09T06:33:59.0065979Z   ✓   87 [firefox] › tests/e2e/catalog-notes.spec.ts:24:1 › 保存した複合一覧の再適用、一括変更、索引分類を通常フォームで行う (4.4s)
verify	Run BROWSER_ENGINES=all npm run test:e2e	2026-10-09T06:34:01.7895085Z   ✓   88 [firefox] › tests/e2e/catalog-notes.spec.ts:48:1 › 狭い画面で文章メモを場面へ変換し元メモと履歴を保持する (2.8s)
verify	Run BROWSER_ENGINES=all npm run test:e2e	2026-10-09T06:34:03.9816690Z   ✓   89 [firefox] › tests/e2e/catalog-notes.spec.ts:64:1 › 短い文章メモの未保存入力を詳細パネルの閉じ直し後も保持する (2.2s)
verify	Run BROWSER_ENGINES=all npm run test:e2e	2026-10-09T06:34:07.4463427Z   ✓   90 [firefox] › tests/e2e/catalog-notes.spec.ts:75:1 › 録音許可の拒否を説明し、文章と画像メモを保存ファイルまで保持する (3.4s)
verify	Run BROWSER_ENGINES=all npm run test:e2e	2026-10-09T06:34:10.6547912Z   ✓   91 [firefox] › tests/e2e/catalog-notes.spec.ts:104:1 › 日本語索引の表記候補を連続入力して保存・再表示しても文字と焦点を保つ (3.2s)
verify	Run BROWSER_ENGINES=all npm run test:e2e	2026-10-09T06:34:13.3246940Z   ✓   92 [firefox] › tests/e2e/editor-navigation.spec.ts:37:1 › B10/F27 本文リンクから戻り、逆参照でも同じ段落の絵文字後の語句を正確に開く (2.7s)
verify	Run BROWSER_ENGINES=all npm run test:e2e	2026-10-09T06:34:15.3240049Z   ✓   93 [firefox] › tests/e2e/editor-navigation.spec.ts:63:1 › B01 参照元と固定版の影響を示して参照中のアーカイブを止め、未参照の保持指定も個別に確認する (2.0s)
verify	Run BROWSER_ENGINES=all npm run test:e2e	2026-10-09T06:34:18.7898983Z   ✓   94 [firefox] › tests/e2e/editor-regressions.spec.ts:45:1 › RG-R01 本文の注記と提示位置が絵文字を含む前方挿入に追従し、再読込後も人物を開ける (3.4s)
verify	Run BROWSER_ENGINES=all npm run test:e2e	2026-10-09T06:34:22.3815547Z   ✓   95 [firefox] › tests/e2e/editor-regressions.spec.ts:67:61 › RG-R05 booleanの複数値をフォームで追加し、演算切替を取り消して保存・再読込・試読する (3.6s)
verify	Run BROWSER_ENGINES=all npm run test:e2e	2026-10-09T06:34:27.3719689Z   ✓   96 [firefox] › tests/e2e/editor-regressions.spec.ts:67:61 › RG-R05 integerの複数値をフォームで追加し、演算切替を取り消して保存・再読込・試読する (5.0s)
verify	Run BROWSER_ENGINES=all npm run test:e2e	2026-10-09T06:34:31.9478754Z   ✓   97 [firefox] › tests/e2e/editor-regressions.spec.ts:67:61 › RG-R05 enumの複数値をフォームで追加し、演算切替を取り消して保存・再読込・試読する (4.6s)
verify	Run BROWSER_ENGINES=all npm run test:e2e	2026-10-09T06:34:35.9601333Z   ✓   98 [firefox] › tests/e2e/editor.spec.ts:21:1 › 人物の日本語入力を保存し再読み込みして完全保存・別端末領域へ復元できる (3.9s)
verify	Run BROWSER_ENGINES=all npm run test:e2e	2026-10-09T06:34:37.0587595Z   ✓   99 [firefox] › tests/e2e/editor.spec.ts:57:3 › 幅320pxで作品作成と資料の操作が画面内に収まる (1.1s)
verify	Run BROWSER_ENGINES=all npm run test:e2e	2026-10-09T06:34:38.1635473Z   ✓  100 [firefox] › tests/e2e/editor.spec.ts:57:3 › 幅390pxで作品作成と資料の操作が画面内に収まる (1.1s)
verify	Run BROWSER_ENGINES=all npm run test:e2e	2026-10-09T06:34:39.4078320Z   ✓  101 [firefox] › tests/e2e/editor.spec.ts:57:3 › 幅768pxで作品作成と資料の操作が画面内に収まる (1.2s)
verify	Run BROWSER_ENGINES=all npm run test:e2e	2026-10-09T06:34:40.4993402Z   ✓  102 [firefox] › tests/e2e/editor.spec.ts:57:3 › 幅1024pxで作品作成と資料の操作が画面内に収まる (1.1s)
verify	Run BROWSER_ENGINES=all npm run test:e2e	2026-10-09T06:34:41.5250702Z   ✓  103 [firefox] › tests/e2e/editor.spec.ts:57:3 › 幅1440pxで作品作成と資料の操作が画面内に収まる (1.0s)
verify	Run BROWSER_ENGINES=all npm run test:e2e	2026-10-09T06:34:42.8780833Z   ✓  104 [firefox] › tests/e2e/editor.spec.ts:67:1 › 初期画面の自動アクセシビリティ検査 (1.3s)
verify	Run BROWSER_ENGINES=all npm run test:e2e	2026-10-09T06:34:45.6814275Z   ✓  105 [firefox] › tests/e2e/editor.spec.ts:74:1 › 配信サーバー停止後にキャッシュ取得済みの作品を再開する (2.8s)
verify	Run BROWSER_ENGINES=all npm run test:e2e	2026-10-09T06:34:47.5602330Z   ✓  106 [firefox] › tests/e2e/editor.spec.ts:121:1 › サンプルの条件付き選択肢と巻き戻しを操作できる (1.9s)
verify	Run BROWSER_ENGINES=all npm run test:e2e	2026-10-09T06:34:49.9404944Z   ✓  107 [firefox] › tests/e2e/editor.spec.ts:143:1 › 不正JSONの未保存入力を画面移動後も保持する (2.4s)
verify	Run BROWSER_ENGINES=all npm run test:e2e	2026-10-09T06:34:52.5633172Z   ✓  108 [firefox] › tests/e2e/editor.spec.ts:162:1 › 保存に失敗した名前を二回の画面移動後も未保存として保持する (2.6s)
verify	Run BROWSER_ENGINES=all npm run test:e2e	2026-10-09T06:34:55.2623423Z   ✓  109 [firefox] › tests/e2e/project-drafts.spec.ts:18:1 › 同じ情報IDを持つ別作品でも未保存の雛形入力を作品ごとに保持する (2.7s)
verify	Run BROWSER_ENGINES=all npm run test:e2e	2026-10-09T06:34:58.1280611Z   ✓  110 [firefox] › tests/e2e/rb05-reconfirmation.spec.ts:19:1 › 別版の途中開始を差分確認・原子保存・再読込し、移行した状態から試読する (2.8s)
verify	Run BROWSER_ENGINES=all npm run test:e2e	2026-10-09T06:35:00.8149867Z   ✓  111 [firefox] › tests/e2e/rb05-reconfirmation.spec.ts:26:1 › 改訂稿の経路を再実行・別証跡保存・再読込し、旧金額3と新金額7をそれぞれ再生する (2.7s)
verify	Run BROWSER_ENGINES=all npm run test:e2e	2026-10-09T06:35:03.0325845Z   ✓  112 [firefox] › tests/e2e/rb05-reconfirmation.spec.ts:33:1 › 保存失敗で移行差分を保持し、再試行後にだけ保存完了を表示する (2.2s)
verify	Run BROWSER_ENGINES=all npm run test:e2e	2026-10-09T06:35:04.8926979Z   ✓  113 [firefox] › tests/e2e/rb05-reconfirmation.spec.ts:41:1 › 移行差分確認後に入口を切り替えると保存を止め、固定した入口を表示する (1.8s)
verify	Run BROWSER_ENGINES=all npm run test:e2e	2026-10-09T06:35:09.1218567Z   ✓  114 [firefox] › tests/e2e/rb05-reconfirmation.spec.ts:51:1 › 個別章開始を明示移行し、通常画面で再確認・原子保存・再読込・完全保存する (4.2s)
verify	Run BROWSER_ENGINES=all npm run test:e2e	2026-10-09T06:35:12.5553974Z   ✓  115 [firefox] › tests/e2e/rb05-reconfirmation.spec.ts:63:1 › 章の移行で提示時点と選択範囲を画面移動・再起動後も保持し、変更時は再確認する (3.4s)
verify	Run BROWSER_ENGINES=all npm run test:e2e	2026-10-09T06:35:15.7835672Z   ✓  116 [firefox] › tests/e2e/rb05-reuse.spec.ts:11:1 › 固定callの内部graphから通常ボタンで呼出元へ戻り、経路を保存・cold再生する (3.2s)
verify	Run BROWSER_ENGINES=all npm run test:e2e	2026-10-09T06:35:19.0815538Z   ✓  117 [firefox] › tests/e2e/rb05-reuse.spec.ts:20:35 › 子出口の経路保存待ちを画面移動から保持し、最新propsの確認後に復帰する (3.3s)
verify	Run BROWSER_ENGINES=all npm run test:e2e	2026-10-09T06:35:22.7531590Z   ✓  118 [firefox] › tests/e2e/rb05-reuse.spec.ts:20:35 › 子出口の経路保存待ちを画面移動から保持し、失敗後の同じ経路を再試行する (3.7s)
verify	Run BROWSER_ENGINES=all npm run test:e2e	2026-10-09T06:35:25.1885239Z   ✓  119 [firefox] › tests/e2e/rb05-reuse.spec.ts:28:1 › 経路再生待ちの再入へ保存版を反映し、次回の明示版選択を別画面往復から保持する (2.4s)
verify	Run BROWSER_ENGINES=all npm run test:e2e	2026-10-09T06:35:32.4225639Z   ✓  120 [firefox] › tests/e2e/rb05-reuse.spec.ts:35:1 › RB05 共通元を固定参照・独立複製・部分上書きで原子保存し、共通元改稿後の本文と再読込を確認する (7.2s)
verify	Run BROWSER_ENGINES=all npm run test:e2e	2026-10-09T06:35:34.6281363Z   ✓  121 [firefox] › tests/e2e/rb05-reuse.spec.ts:55:1 › 多重固定参照を完全保存から再読込し、旧本文の固定リンクと元のUnicode位置へ戻る (2.2s)
verify	Run BROWSER_ENGINES=all npm run test:e2e	2026-10-09T06:35:38.0054034Z   ✓  122 [firefox] › tests/e2e/rb05-structure-reading.spec.ts:11:1 › RB05 途中開始の状態値を通常フォームで編集し、画面移動・再読込・試読・巻戻へ接続する (3.4s)
verify	Run BROWSER_ENGINES=all npm run test:e2e	2026-10-09T06:35:41.3585853Z   ✓  123 [firefox] › tests/e2e/rb05-structure-reading.spec.ts:31:1 › RB05 反応系列の下書きを移動から再開し、作成・保存・再読込・初回／再訪を通常試読する (3.3s)
verify	Run BROWSER_ENGINES=all npm run test:e2e	2026-10-09T06:35:44.4345998Z   ✓  124 [firefox] › tests/e2e/rb05-structure-reading.spec.ts:48:1 › RB05 折りたたんだ章の未完成出口を掘り下げ、通常接続編集と再読込で集計へ反映する (3.1s)
verify	Run BROWSER_ENGINES=all npm run test:e2e	2026-10-09T06:35:50.7070411Z   ✓  125 [firefox] › tests/e2e/rb06-recovery.spec.ts:11:1 › 50件より古い版を通常検索し、単体復元と作品全体復元を区別して保存失敗・再入・cold再生する (6.3s)
verify	Run BROWSER_ENGINES=all npm run test:e2e	2026-10-09T06:35:54.3533907Z   ✓  126 [firefox] › tests/e2e/rb06-recovery.spec.ts:19:1 › 別作品の全ID対応を画面移動・cold再起動から再開し、失敗後に原子統合して元履歴・段落を完全保存する (3.6s)
verify	Run BROWSER_ENGINES=all npm run test:e2e	2026-10-09T06:35:56.3177341Z   ✓  127 [firefox] › tests/e2e/rb06-recovery.spec.ts:27:1 › 復元保存待ちの後に選んだ資料と作品を保持し、新規復元だけを一覧へ追加する (2.0s)
verify	Run BROWSER_ENGINES=all npm run test:e2e	2026-10-09T06:35:58.5470616Z   ✓  128 [firefox] › tests/e2e/rb06-recovery.spec.ts:35:1 › native保存ack待ちに届いた後続ファイルを保持し、先の新規復元が確認画面を開き直さない (2.2s)
verify	Run BROWSER_ENGINES=all npm run test:e2e	2026-10-09T06:36:02.6992048Z   ✓  129 [firefox] › tests/e2e/rb07-production.spec.ts:12:1 › 台詞分割の入力と差分を移動・失敗から再開し、旧新ID・翻訳確認待ちをcold保存と完全ファイルで確認する (4.1s)
verify	Run BROWSER_ENGINES=all npm run test:e2e	2026-10-09T06:36:05.4608644Z   ✓  130 [firefox] › tests/e2e/rb07-production.spec.ts:18:1 › 資料の取得日時と実動画bytesを通常保存し、再読込で安全な動画表示と不足状態を区別する (2.7s)
verify	Run BROWSER_ENGINES=all npm run test:e2e	2026-10-09T06:36:08.3364593Z   ✓  131 [firefox] › tests/e2e/rb07-production.spec.ts:22:1 › 現在原文を選び直した翻訳をhash承認し、期限外・没用語を除いたUnicode候補を指摘版ごと原子保存する (2.9s)
verify	Run BROWSER_ENGINES=all npm run test:e2e	2026-10-09T06:36:11.6064083Z   ✓  132 [firefox] › tests/e2e/rb08-handoff.spec.ts:24:1 › 制作見積の入力を移動とcold再開から保持し、quota拒否後の原子保存を完全ファイルへつなぐ (3.2s)
verify	Run BROWSER_ENGINES=all npm run test:e2e	2026-10-09T06:36:15.1202996Z   ✓  133 [firefox] › tests/e2e/rb08-handoff.spec.ts:26:1 › 旧媒体と元pinを保持し、未保存候補を再開して独立改訂・予定日・完全復元を確認する (3.5s)
verify	Run BROWSER_ENGINES=all npm run test:e2e	2026-10-09T06:36:19.7620852Z   ✓  134 [firefox] › tests/e2e/rb08-handoff.spec.ts:28:1 › 相談MDの出所と対象版をcold再開し、作者別案へ保存・選択採用して正本と採用記録を復元する (4.6s)
verify	Run BROWSER_ENGINES=all npm run test:e2e	2026-10-09T06:36:24.4236540Z   ✓  135 [firefox] › tests/e2e/rb08-handoff.spec.ts:30:1 › 通常出力を独立ゲームへ渡し、実勝利・経路・受領証跡を戻して原子保存・cold・完全復元する (4.6s)
verify	Run BROWSER_ENGINES=all npm run test:e2e	2026-10-09T06:36:31.7725047Z   ✓  136 [firefox] › tests/e2e/rb08-handoff.spec.ts:32:1 › 通常画面で旧版と現稿の公開範囲を作り、固定引用のUnicode位置を試遊ZIPから開いて戻り、承認をcold復元する (7.3s)
verify	Run BROWSER_ENGINES=all npm run test:e2e	2026-10-09T06:36:34.2728918Z   ✓  137 [firefox] › tests/e2e/rb08-handoff.spec.ts:38:1 › 通常画面で企画・プレイ行動・実装作業を照合し、容量失敗後に対象版付き確認を保存しcold完全復元する (2.5s)
verify	Run BROWSER_ENGINES=all npm run test:e2e	2026-10-09T06:36:37.3540660Z   ✓  138 [firefox] › tests/e2e/rb08-handoff.spec.ts:43:1 › 通常出力の試遊ZIPが同じ素材IDの旧動画decodeと新音声bytesを別々に検証して固定参照から戻る (3.1s)
verify	Run BROWSER_ENGINES=all npm run test:e2e	2026-10-09T06:36:38.6029452Z   ✓  139 [firefox] › tests/e2e/rb09-inputs.spec.ts:35:1 › active author screen keeps account controls reachable at PC and phone widths (1.2s)
verify	Run BROWSER_ENGINES=all npm run test:e2e	2026-10-09T06:36:41.1049977Z   ✓  140 [firefox] › tests/e2e/rb09-inputs.spec.ts:37:1 › input DB commit resumes all A despite a cache quota fault and cold reauthentication (2.5s)
verify	Run BROWSER_ENGINES=all npm run test:e2e	2026-10-09T06:36:42.7943241Z   ✓  141 [firefox] › tests/e2e/rb09-inputs.spec.ts:39:1 › input TX failure leaves tool and workspace B intact and preserves visible input for retry (1.7s)
verify	Run BROWSER_ENGINES=all npm run test:e2e	2026-10-09T06:36:45.9607868Z   ✓  142 [firefox] › tests/e2e/rb09-inputs.spec.ts:41:1 › delayed complete archive and base commit preserve a later shared-screen navigation (3.2s)
verify	Run BROWSER_ENGINES=all npm run test:e2e	2026-10-09T06:36:48.2243243Z   ✓  143 [firefox] › tests/e2e/rb09-sharing.spec.ts:12:1 › approved fixed reference retains Unicode position, source return, comment version and cold cache without persisting Auth (2.2s)
verify	Run BROWSER_ENGINES=all npm run test:e2e	2026-10-09T06:36:49.4966513Z   ✓  144 [firefox] › tests/e2e/rb09-sharing.spec.ts:14:1 › revocation refuses a new snapshot and clears the cached displayed edition (1.3s)
verify	Run BROWSER_ENGINES=all npm run test:e2e	2026-10-09T06:36:52.4404974Z   ✓  145 [firefox] › tests/e2e/rb09-sharing.spec.ts:16:1 › a requested fixed snapshot opens after a delayed metadata listing instead of being dropped by the initial busy lock (2.9s)
verify	Run BROWSER_ENGINES=all npm run test:e2e	2026-10-09T06:36:55.8228890Z   ✓  146 [firefox] › tests/e2e/rb10-completion.spec.ts:12:1 › paged chapter tail keeps original move indices, selection and cold return position through a complete save (3.4s)
verify	Run BROWSER_ENGINES=all npm run test:e2e	2026-10-09T06:36:58.3863348Z   ✓  147 [firefox] › tests/e2e/rb10-completion.spec.ts:18:1 › paged branch and production searches reach tail items without creating all DOM records (2.6s)
verify	Run BROWSER_ENGINES=all npm run test:e2e	2026-10-09T06:37:00.9838937Z   ✓  148 [firefox] › tests/e2e/rb10-completion.spec.ts:21:1 › an actual failed atomic save retains input and exports only optional diagnostic metadata (2.6s)
verify	Run BROWSER_ENGINES=all npm run test:e2e	2026-10-09T06:37:04.4616657Z   ✓  149 [firefox] › tests/e2e/rb10-completion.spec.ts:24:1 › cancelling an in-flight command keeps the draft, revision, history and outbox until explicit retry (3.5s)
verify	Run BROWSER_ENGINES=all npm run test:e2e	2026-10-09T06:37:05.4998997Z   ✓  150 [firefox] › tests/e2e/rb10-completion.spec.ts:32:1 › a handled authentication failure records only optional identifiers and never exports credentials or the remote message (1.0s)
verify	Run BROWSER_ENGINES=all npm run test:e2e	2026-10-09T06:37:13.5330967Z   ✓  151 [firefox] › tests/e2e/rb10-completion.spec.ts:37:1 › AT-F29 normal author operation imports frozen shared quotation and task atomically, retains a failed preview, records both stages and reloads the old edition (8.0s)
verify	Run BROWSER_ENGINES=all npm run test:e2e	2026-10-09T06:37:14.9632284Z   ✓  152 [firefox] › tests/e2e/rb10-completion.spec.ts:51:1 › F29 public old-version deep link carries only public IDs and Unicode offsets without private identifiers (1.4s)
verify	Run BROWSER_ENGINES=all npm run test:e2e	2026-10-09T06:37:17.1394047Z   ✓  153 [firefox] › tests/e2e/rb10-completion.spec.ts:55:1 › F37 normal state editor shows enum meaning candidates while keeping an unknown initial value through a complete file and reload (2.2s)
verify	Run BROWSER_ENGINES=all npm run test:e2e	2026-10-09T06:37:25.4895983Z   ✓  154 [firefox] › tests/e2e/rb10-completion.spec.ts:59:1 › real native IndexedDB cancels a worker while a full import transaction contains parts, then explicitly retries and cold-loads every body (8.3s)
verify	Run BROWSER_ENGINES=all npm run test:e2e	2026-10-09T06:37:31.0817962Z   ✓  155 [firefox] › tests/e2e/rb10-graph.spec.ts:10:1 › graph movement keeps connected lines, device layout and live semantic edits consistent through cold reload (5.6s)
verify	Run BROWSER_ENGINES=all npm run test:e2e	2026-10-09T06:39:37.9136376Z   ✓  156 [firefox] › tests/e2e/rb10-reference-index.spec.ts:11:1 › Large references can be cancelled and retried while the current editor stays writable, with no partial or stale rows (2.1m)
verify	Run BROWSER_ENGINES=all npm run test:e2e	2026-10-09T06:39:43.2088862Z   ✓  157 [firefox] › tests/e2e/reader-fallback.spec.ts:15:1 › 幅390pxの手動試読で候補がない場合の代替進行を確認・巻戻・記録再生できる (5.3s)
verify	Run BROWSER_ENGINES=all npm run test:e2e	2026-10-09T06:39:46.0217210Z   ✓  158 [firefox] › tests/e2e/review-runtime.spec.ts:21:1 › RV08 作品設定の未保存入力と不正暦入力を画面移動から再開し、設定を原子保存・再読込する (2.8s)
verify	Run BROWSER_ENGINES=all npm run test:e2e	2026-10-09T06:39:48.6130059Z   ✓  159 [firefox] › tests/e2e/review-runtime.spec.ts:39:1 › RV05/RV06 旧版の入口と固定リンクを通常画面で開き、経路保存・再読込・再実行する (2.6s)
verify	Run BROWSER_ENGINES=all npm run test:e2e	2026-10-09T06:39:51.9597443Z   ✓  160 [firefox] › tests/e2e/review-runtime.spec.ts:61:1 › RB05 相互排他を金額・物品と原子拒否し、二入口の台詞・経路を再読込して合流比較する (3.3s)
verify	Run BROWSER_ENGINES=all npm run test:e2e	2026-10-09T06:39:59.2594227Z   ✓  161 [firefox] › tests/e2e/structured-forms.spec.ts:38:1 › 別名の不正な子項目を削除・種類切替・任意項目解除で修正すると保存でき、切替取消は入力を保つ (7.3s)
verify	Run BROWSER_ENGINES=all npm run test:e2e	2026-10-09T06:40:04.5141989Z   ✓  162 [firefox] › tests/e2e/structured-forms.spec.ts:75:1 › 未完成の数値を未保存入力として再表示し、非表示でも保存を止め、修正と配列削除後の値を再読込する (5.2s)
verify	Run BROWSER_ENGINES=all npm run test:e2e	2026-10-09T06:40:09.3151812Z   ✓  163 [firefox] › tests/e2e/structured-forms.spec.ts:107:1 › 状態値の記録キーは状態変数から選択でき、不正な数値を含む記録項目を削除して保存する (4.8s)
verify	Run BROWSER_ENGINES=all npm run test:e2e	2026-10-09T06:40:13.3796052Z   ✓  164 [firefox] › tests/e2e/structured-forms.spec.ts:137:1 › 公開用の辞書の先頭キーをキーボードで変更しても位置・フォーカス・値を保ち、一時重複は復元後に修正できる (4.1s)
verify	Run BROWSER_ENGINES=all npm run test:e2e	2026-10-09T06:40:18.6658411Z   ✓  165 [firefox] › tests/e2e/structured-forms.spec.ts:174:1 › 固定版の人物と段落が現在版からなくても、別名と試読状態の通常フォームから無関係な変更を保存する (5.3s)
verify	Run BROWSER_ENGINES=all npm run test:e2e	2026-10-09T06:40:32.3805966Z   ✓  166 [firefox] › tests/e2e/templates.spec.ts:25:1 › AT-F02/F56 雛形の通常フォームを差分確認して適用し、非表示・型変更の取消・明示置換を再読込まで保持する (13.7s)
verify	Run BROWSER_ENGINES=all npm run test:e2e	2026-10-09T06:40:35.1404965Z   ✓  167 [firefox] › tests/e2e/templates.spec.ts:133:1 › 雛形の保存キーが一時的に重複しても各項目の初期値を保ち、再表示・改名・差分適用後も両方の値を保持する (2.7s)
verify	Run BROWSER_ENGINES=all npm run test:e2e	2026-10-09T06:40:39.1645749Z   ✓  168 [firefox] › tests/e2e/world-workspace.spec.ts:17:1 › 世界版の選択・借用参照・固定表示を通常画面で保存し、完全保存にも同じ版を保持する (4.0s)
verify	Run BROWSER_ENGINES=all npm run test:e2e	2026-10-09T06:40:44.5746798Z   ✓  169 [firefox] › tests/e2e/writing-workspace.spec.ts:32:1 › 作者別案の未保存入力を画面移動から保持し、版保存・再読込・完全保存へ接続する (5.4s)
verify	Run BROWSER_ENGINES=all npm run test:e2e	2026-10-09T06:40:46.9453066Z   ✓  170 [firefox] › tests/e2e/writing-workspace.spec.ts:95:1 › 章試読は固定版の本文を提示して開始状態と経路を通常保存する (2.4s)
verify	Run BROWSER_ENGINES=all npm run test:e2e	2026-10-09T06:40:50.4964673Z   ✓  171 [firefox] › tests/e2e/writing-workspace.spec.ts:117:1 › 参照値を変えた別案の採用を通常保存し、確認依頼と採用記録を再読込・完全保存する (3.5s)
verify	Run BROWSER_ENGINES=all npm run test:e2e	2026-10-09T06:40:52.9472157Z   ✓  172 [firefox] › tests/e2e/writing-workspace.spec.ts:149:1 › 章と場面の順序・所属・筋の変更を通常保存して再読込する (2.4s)
verify	Run BROWSER_ENGINES=all npm run test:e2e	2026-10-09T06:41:06.7954665Z   ✓  173 [webkit] › tests/e2e/catalog-notes.spec.ts:24:1 › 保存した複合一覧の再適用、一括変更、索引分類を通常フォームで行う (12.1s)
verify	Run BROWSER_ENGINES=all npm run test:e2e	2026-10-09T06:41:11.3728996Z   ✓  174 [webkit] › tests/e2e/catalog-notes.spec.ts:48:1 › 狭い画面で文章メモを場面へ変換し元メモと履歴を保持する (4.6s)
verify	Run BROWSER_ENGINES=all npm run test:e2e	2026-10-09T06:41:15.7330518Z   ✓  175 [webkit] › tests/e2e/catalog-notes.spec.ts:64:1 › 短い文章メモの未保存入力を詳細パネルの閉じ直し後も保持する (4.3s)
verify	Run BROWSER_ENGINES=all npm run test:e2e	2026-10-09T06:41:20.6774781Z   ✓  176 [webkit] › tests/e2e/catalog-notes.spec.ts:75:1 › 録音許可の拒否を説明し、文章と画像メモを保存ファイルまで保持する (4.9s)
verify	Run BROWSER_ENGINES=all npm run test:e2e	2026-10-09T06:41:26.4315844Z   ✓  177 [webkit] › tests/e2e/catalog-notes.spec.ts:104:1 › 日本語索引の表記候補を連続入力して保存・再表示しても文字と焦点を保つ (5.7s)
verify	Run BROWSER_ENGINES=all npm run test:e2e	2026-10-09T06:41:32.9125669Z   ✓  178 [webkit] › tests/e2e/editor-navigation.spec.ts:37:1 › B10/F27 本文リンクから戻り、逆参照でも同じ段落の絵文字後の語句を正確に開く (6.5s)
verify	Run BROWSER_ENGINES=all npm run test:e2e	2026-10-09T06:41:38.2565081Z   ✓  179 [webkit] › tests/e2e/editor-navigation.spec.ts:63:1 › B01 参照元と固定版の影響を示して参照中のアーカイブを止め、未参照の保持指定も個別に確認する (5.3s)
verify	Run BROWSER_ENGINES=all npm run test:e2e	2026-10-09T06:41:43.8858048Z   ✓  180 [webkit] › tests/e2e/editor-regressions.spec.ts:45:1 › RG-R01 本文の注記と提示位置が絵文字を含む前方挿入に追従し、再読込後も人物を開ける (5.6s)
verify	Run BROWSER_ENGINES=all npm run test:e2e	2026-10-09T06:41:48.5247128Z   ✓  181 [webkit] › tests/e2e/editor-regressions.spec.ts:67:61 › RG-R05 booleanの複数値をフォームで追加し、演算切替を取り消して保存・再読込・試読する (4.6s)
verify	Run BROWSER_ENGINES=all npm run test:e2e	2026-10-09T06:41:53.8376482Z   ✓  182 [webkit] › tests/e2e/editor-regressions.spec.ts:67:61 › RG-R05 integerの複数値をフォームで追加し、演算切替を取り消して保存・再読込・試読する (5.3s)
verify	Run BROWSER_ENGINES=all npm run test:e2e	2026-10-09T06:41:59.2864211Z   ✓  183 [webkit] › tests/e2e/editor-regressions.spec.ts:67:61 › RG-R05 enumの複数値をフォームで追加し、演算切替を取り消して保存・再読込・試読する (5.4s)
verify	Run BROWSER_ENGINES=all npm run test:e2e	2026-10-09T06:42:06.2462544Z   ✓  184 [webkit] › tests/e2e/editor.spec.ts:21:1 › 人物の日本語入力を保存し再読み込みして完全保存・別端末領域へ復元できる (6.9s)
verify	Run BROWSER_ENGINES=all npm run test:e2e	2026-10-09T06:42:08.0295437Z   ✓  185 [webkit] › tests/e2e/editor.spec.ts:57:3 › 幅320pxで作品作成と資料の操作が画面内に収まる (1.8s)
verify	Run BROWSER_ENGINES=all npm run test:e2e	2026-10-09T06:42:09.4365588Z   ✓  186 [webkit] › tests/e2e/editor.spec.ts:57:3 › 幅390pxで作品作成と資料の操作が画面内に収まる (1.4s)
verify	Run BROWSER_ENGINES=all npm run test:e2e	2026-10-09T06:42:11.0507714Z   ✓  187 [webkit] › tests/e2e/editor.spec.ts:57:3 › 幅768pxで作品作成と資料の操作が画面内に収まる (1.6s)
verify	Run BROWSER_ENGINES=all npm run test:e2e	2026-10-09T06:42:12.7864768Z   ✓  188 [webkit] › tests/e2e/editor.spec.ts:57:3 › 幅1024pxで作品作成と資料の操作が画面内に収まる (1.7s)
verify	Run BROWSER_ENGINES=all npm run test:e2e	2026-10-09T06:42:14.5671855Z   ✓  189 [webkit] › tests/e2e/editor.spec.ts:57:3 › 幅1440pxで作品作成と資料の操作が画面内に収まる (1.8s)
verify	Run BROWSER_ENGINES=all npm run test:e2e	2026-10-09T06:42:16.0813883Z   ✓  190 [webkit] › tests/e2e/editor.spec.ts:67:1 › 初期画面の自動アクセシビリティ検査 (1.5s)
verify	Run BROWSER_ENGINES=all npm run test:e2e	2026-10-09T06:42:18.2360275Z   ✓  191 [webkit] › tests/e2e/editor.spec.ts:74:1 › 配信サーバー停止後にキャッシュ取得済みの作品を再開する (2.1s)
verify	Run BROWSER_ENGINES=all npm run test:e2e	2026-10-09T06:42:21.1435061Z   ✓  192 [webkit] › tests/e2e/editor.spec.ts:121:1 › サンプルの条件付き選択肢と巻き戻しを操作できる (2.9s)
verify	Run BROWSER_ENGINES=all npm run test:e2e	2026-10-09T06:42:24.8648508Z   ✓  193 [webkit] › tests/e2e/editor.spec.ts:143:1 › 不正JSONの未保存入力を画面移動後も保持する (3.7s)
verify	Run BROWSER_ENGINES=all npm run test:e2e	2026-10-09T06:42:28.8119593Z   ✓  194 [webkit] › tests/e2e/editor.spec.ts:162:1 › 保存に失敗した名前を二回の画面移動後も未保存として保持する (3.9s)
verify	Run BROWSER_ENGINES=all npm run test:e2e	2026-10-09T06:42:35.3595395Z   ✓  195 [webkit] › tests/e2e/project-drafts.spec.ts:18:1 › 同じ情報IDを持つ別作品でも未保存の雛形入力を作品ごとに保持する (6.5s)
verify	Run BROWSER_ENGINES=all npm run test:e2e	2026-10-09T06:42:40.2999848Z   ✓  196 [webkit] › tests/e2e/rb05-reconfirmation.spec.ts:19:1 › 別版の途中開始を差分確認・原子保存・再読込し、移行した状態から試読する (4.9s)
verify	Run BROWSER_ENGINES=all npm run test:e2e	2026-10-09T06:42:44.8645746Z   ✓  197 [webkit] › tests/e2e/rb05-reconfirmation.spec.ts:26:1 › 改訂稿の経路を再実行・別証跡保存・再読込し、旧金額3と新金額7をそれぞれ再生する (4.5s)
verify	Run BROWSER_ENGINES=all npm run test:e2e	2026-10-09T06:42:48.7930264Z   ✓  198 [webkit] › tests/e2e/rb05-reconfirmation.spec.ts:33:1 › 保存失敗で移行差分を保持し、再試行後にだけ保存完了を表示する (3.9s)
verify	Run BROWSER_ENGINES=all npm run test:e2e	2026-10-09T06:42:52.2683363Z   ✓  199 [webkit] › tests/e2e/rb05-reconfirmation.spec.ts:41:1 › 移行差分確認後に入口を切り替えると保存を止め、固定した入口を表示する (3.5s)
verify	Run BROWSER_ENGINES=all npm run test:e2e	2026-10-09T06:42:58.6754428Z   ✓  200 [webkit] › tests/e2e/rb05-reconfirmation.spec.ts:51:1 › 個別章開始を明示移行し、通常画面で再確認・原子保存・再読込・完全保存する (6.4s)
verify	Run BROWSER_ENGINES=all npm run test:e2e	2026-10-09T06:43:03.1556156Z   ✓  201 [webkit] › tests/e2e/rb05-reconfirmation.spec.ts:63:1 › 章の移行で提示時点と選択範囲を画面移動・再起動後も保持し、変更時は再確認する (4.5s)
verify	Run BROWSER_ENGINES=all npm run test:e2e	2026-10-09T06:43:08.3638461Z   ✓  202 [webkit] › tests/e2e/rb05-reuse.spec.ts:11:1 › 固定callの内部graphから通常ボタンで呼出元へ戻り、経路を保存・cold再生する (5.2s)
verify	Run BROWSER_ENGINES=all npm run test:e2e	2026-10-09T06:43:13.9402671Z   ✓  203 [webkit] › tests/e2e/rb05-reuse.spec.ts:20:35 › 子出口の経路保存待ちを画面移動から保持し、最新propsの確認後に復帰する (5.6s)
verify	Run BROWSER_ENGINES=all npm run test:e2e	2026-10-09T06:43:19.6514834Z   ✓  204 [webkit] › tests/e2e/rb05-reuse.spec.ts:20:35 › 子出口の経路保存待ちを画面移動から保持し、失敗後の同じ経路を再試行する (5.7s)
verify	Run BROWSER_ENGINES=all npm run test:e2e	2026-10-09T06:43:24.4621768Z   ✓  205 [webkit] › tests/e2e/rb05-reuse.spec.ts:28:1 › 経路再生待ちの再入へ保存版を反映し、次回の明示版選択を別画面往復から保持する (4.8s)
verify	Run BROWSER_ENGINES=all npm run test:e2e	2026-10-09T06:43:35.8857537Z   ✓  206 [webkit] › tests/e2e/rb05-reuse.spec.ts:35:1 › RB05 共通元を固定参照・独立複製・部分上書きで原子保存し、共通元改稿後の本文と再読込を確認する (11.4s)
verify	Run BROWSER_ENGINES=all npm run test:e2e	2026-10-09T06:43:40.8891576Z   ✓  207 [webkit] › tests/e2e/rb05-reuse.spec.ts:55:1 › 多重固定参照を完全保存から再読込し、旧本文の固定リンクと元のUnicode位置へ戻る (5.0s)
verify	Run BROWSER_ENGINES=all npm run test:e2e	2026-10-09T06:43:46.3140207Z   ✓  208 [webkit] › tests/e2e/rb05-structure-reading.spec.ts:11:1 › RB05 途中開始の状態値を通常フォームで編集し、画面移動・再読込・試読・巻戻へ接続する (5.4s)
verify	Run BROWSER_ENGINES=all npm run test:e2e	2026-10-09T06:43:52.0769361Z   ✓  209 [webkit] › tests/e2e/rb05-structure-reading.spec.ts:31:1 › RB05 反応系列の下書きを移動から再開し、作成・保存・再読込・初回／再訪を通常試読する (5.8s)
verify	Run BROWSER_ENGINES=all npm run test:e2e	2026-10-09T06:43:56.9467938Z   ✓  210 [webkit] › tests/e2e/rb05-structure-reading.spec.ts:48:1 › RB05 折りたたんだ章の未完成出口を掘り下げ、通常接続編集と再読込で集計へ反映する (4.9s)
verify	Run BROWSER_ENGINES=all npm run test:e2e	2026-10-09T06:44:04.4465129Z   ✓  211 [webkit] › tests/e2e/rb06-recovery.spec.ts:11:1 › 50件より古い版を通常検索し、単体復元と作品全体復元を区別して保存失敗・再入・cold再生する (7.5s)
verify	Run BROWSER_ENGINES=all npm run test:e2e	2026-10-09T06:44:10.1072939Z   ✓  212 [webkit] › tests/e2e/rb06-recovery.spec.ts:19:1 › 別作品の全ID対応を画面移動・cold再起動から再開し、失敗後に原子統合して元履歴・段落を完全保存する (5.6s)
verify	Run BROWSER_ENGINES=all npm run test:e2e	2026-10-09T06:44:13.6967048Z   ✓  213 [webkit] › tests/e2e/rb06-recovery.spec.ts:27:1 › 復元保存待ちの後に選んだ資料と作品を保持し、新規復元だけを一覧へ追加する (3.6s)
verify	Run BROWSER_ENGINES=all npm run test:e2e	2026-10-09T06:44:17.6588213Z   ✓  214 [webkit] › tests/e2e/rb06-recovery.spec.ts:35:1 › native保存ack待ちに届いた後続ファイルを保持し、先の新規復元が確認画面を開き直さない (4.0s)
verify	Run BROWSER_ENGINES=all npm run test:e2e	2026-10-09T06:44:24.2294269Z   ✓  215 [webkit] › tests/e2e/rb07-production.spec.ts:12:1 › 台詞分割の入力と差分を移動・失敗から再開し、旧新ID・翻訳確認待ちをcold保存と完全ファイルで確認する (6.6s)
verify	Run BROWSER_ENGINES=all npm run test:e2e	2026-10-09T06:44:29.2160560Z   ✓  216 [webkit] › tests/e2e/rb07-production.spec.ts:18:1 › 資料の取得日時と実動画bytesを通常保存し、再読込で安全な動画表示と不足状態を区別する (5.0s)
verify	Run BROWSER_ENGINES=all npm run test:e2e	2026-10-09T06:44:34.4595845Z   ✓  217 [webkit] › tests/e2e/rb07-production.spec.ts:22:1 › 現在原文を選び直した翻訳をhash承認し、期限外・没用語を除いたUnicode候補を指摘版ごと原子保存する (5.2s)
verify	Run BROWSER_ENGINES=all npm run test:e2e	2026-10-09T06:44:39.5786364Z   ✓  218 [webkit] › tests/e2e/rb08-handoff.spec.ts:24:1 › 制作見積の入力を移動とcold再開から保持し、quota拒否後の原子保存を完全ファイルへつなぐ (5.1s)
verify	Run BROWSER_ENGINES=all npm run test:e2e	2026-10-09T06:44:45.2299987Z   ✓  219 [webkit] › tests/e2e/rb08-handoff.spec.ts:26:1 › 旧媒体と元pinを保持し、未保存候補を再開して独立改訂・予定日・完全復元を確認する (5.6s)
verify	Run BROWSER_ENGINES=all npm run test:e2e	2026-10-09T06:44:51.9317000Z   ✓  220 [webkit] › tests/e2e/rb08-handoff.spec.ts:28:1 › 相談MDの出所と対象版をcold再開し、作者別案へ保存・選択採用して正本と採用記録を復元する (6.7s)
verify	Run BROWSER_ENGINES=all npm run test:e2e	2026-10-09T06:44:58.5351524Z   ✓  221 [webkit] › tests/e2e/rb08-handoff.spec.ts:30:1 › 通常出力を独立ゲームへ渡し、実勝利・経路・受領証跡を戻して原子保存・cold・完全復元する (6.6s)
verify	Run BROWSER_ENGINES=all npm run test:e2e	2026-10-09T06:45:09.6029759Z   ✓  222 [webkit] › tests/e2e/rb08-handoff.spec.ts:32:1 › 通常画面で旧版と現稿の公開範囲を作り、固定引用のUnicode位置を試遊ZIPから開いて戻り、承認をcold復元する (11.1s)
verify	Run BROWSER_ENGINES=all npm run test:e2e	2026-10-09T06:45:13.9608986Z   ✓  223 [webkit] › tests/e2e/rb08-handoff.spec.ts:38:1 › 通常画面で企画・プレイ行動・実装作業を照合し、容量失敗後に対象版付き確認を保存しcold完全復元する (4.3s)
verify	Run BROWSER_ENGINES=all npm run test:e2e	2026-10-09T06:45:18.9859021Z   ✓  224 [webkit] › tests/e2e/rb08-handoff.spec.ts:43:1 › 通常出力の試遊ZIPが同じ素材IDの旧動画decodeと新音声bytesを別々に検証して固定参照から戻る (5.0s)
verify	Run BROWSER_ENGINES=all npm run test:e2e	2026-10-09T06:45:20.7925016Z   ✓  225 [webkit] › tests/e2e/rb09-inputs.spec.ts:35:1 › active author screen keeps account controls reachable at PC and phone widths (1.8s)
verify	Run BROWSER_ENGINES=all npm run test:e2e	2026-10-09T06:45:23.9242967Z   ✓  226 [webkit] › tests/e2e/rb09-inputs.spec.ts:37:1 › input DB commit resumes all A despite a cache quota fault and cold reauthentication (3.1s)
verify	Run BROWSER_ENGINES=all npm run test:e2e	2026-10-09T06:45:26.1839272Z   ✓  227 [webkit] › tests/e2e/rb09-inputs.spec.ts:39:1 › input TX failure leaves tool and workspace B intact and preserves visible input for retry (2.2s)
verify	Run BROWSER_ENGINES=all npm run test:e2e	2026-10-09T06:45:29.7470317Z   ✓  228 [webkit] › tests/e2e/rb09-inputs.spec.ts:41:1 › delayed complete archive and base commit preserve a later shared-screen navigation (3.6s)
verify	Run BROWSER_ENGINES=all npm run test:e2e	2026-10-09T06:45:32.6180900Z   ✓  229 [webkit] › tests/e2e/rb09-sharing.spec.ts:12:1 › approved fixed reference retains Unicode position, source return, comment version and cold cache without persisting Auth (2.9s)
verify	Run BROWSER_ENGINES=all npm run test:e2e	2026-10-09T06:45:34.5736963Z   ✓  230 [webkit] › tests/e2e/rb09-sharing.spec.ts:14:1 › revocation refuses a new snapshot and clears the cached displayed edition (1.9s)
verify	Run BROWSER_ENGINES=all npm run test:e2e	2026-10-09T06:45:36.9438168Z   ✓  231 [webkit] › tests/e2e/rb09-sharing.spec.ts:16:1 › a requested fixed snapshot opens after a delayed metadata listing instead of being dropped by the initial busy lock (2.4s)
verify	Run BROWSER_ENGINES=all npm run test:e2e	2026-10-09T06:45:42.3692070Z   ✓  232 [webkit] › tests/e2e/rb10-completion.spec.ts:12:1 › paged chapter tail keeps original move indices, selection and cold return position through a complete save (5.4s)
verify	Run BROWSER_ENGINES=all npm run test:e2e	2026-10-09T06:45:46.7391912Z   ✓  233 [webkit] › tests/e2e/rb10-completion.spec.ts:18:1 › paged branch and production searches reach tail items without creating all DOM records (4.4s)
verify	Run BROWSER_ENGINES=all npm run test:e2e	2026-10-09T06:45:50.9597868Z   ✓  234 [webkit] › tests/e2e/rb10-completion.spec.ts:21:1 › an actual failed atomic save retains input and exports only optional diagnostic metadata (4.2s)
verify	Run BROWSER_ENGINES=all npm run test:e2e	2026-10-09T06:45:56.1906294Z   ✓  235 [webkit] › tests/e2e/rb10-completion.spec.ts:24:1 › cancelling an in-flight command keeps the draft, revision, history and outbox until explicit retry (5.2s)
verify	Run BROWSER_ENGINES=all npm run test:e2e	2026-10-09T06:45:57.8966520Z   ✓  236 [webkit] › tests/e2e/rb10-completion.spec.ts:32:1 › a handled authentication failure records only optional identifiers and never exports credentials or the remote message (1.7s)
verify	Run BROWSER_ENGINES=all npm run test:e2e	2026-10-09T06:46:09.9410568Z   ✓  237 [webkit] › tests/e2e/rb10-completion.spec.ts:37:1 › AT-F29 normal author operation imports frozen shared quotation and task atomically, retains a failed preview, records both stages and reloads the old edition (12.0s)
verify	Run BROWSER_ENGINES=all npm run test:e2e	2026-10-09T06:46:13.3613304Z   ✓  238 [webkit] › tests/e2e/rb10-completion.spec.ts:51:1 › F29 public old-version deep link carries only public IDs and Unicode offsets without private identifiers (3.4s)
verify	Run BROWSER_ENGINES=all npm run test:e2e	2026-10-09T06:46:17.5732186Z   ✓  239 [webkit] › tests/e2e/rb10-completion.spec.ts:55:1 › F37 normal state editor shows enum meaning candidates while keeping an unknown initial value through a complete file and reload (4.2s)
verify	Run BROWSER_ENGINES=all npm run test:e2e	2026-10-09T06:46:29.5606470Z   ✓  240 [webkit] › tests/e2e/rb10-completion.spec.ts:59:1 › real native IndexedDB cancels a worker while a full import transaction contains parts, then explicitly retries and cold-loads every body (12.0s)
verify	Run BROWSER_ENGINES=all npm run test:e2e	2026-10-09T06:46:38.4436312Z   ✓  241 [webkit] › tests/e2e/rb10-graph.spec.ts:10:1 › graph movement keeps connected lines, device layout and live semantic edits consistent through cold reload (8.9s)
verify	Run BROWSER_ENGINES=all npm run test:e2e	2026-10-09T06:48:37.9027293Z   ✓  242 [webkit] › tests/e2e/rb10-reference-index.spec.ts:11:1 › Large references can be cancelled and retried while the current editor stays writable, with no partial or stale rows (2.0m)
verify	Run BROWSER_ENGINES=all npm run test:e2e	2026-10-09T06:48:43.7678664Z   ✓  243 [webkit] › tests/e2e/reader-fallback.spec.ts:15:1 › 幅390pxの手動試読で候補がない場合の代替進行を確認・巻戻・記録再生できる (5.9s)
verify	Run BROWSER_ENGINES=all npm run test:e2e	2026-10-09T06:48:48.6854579Z   ✓  244 [webkit] › tests/e2e/review-runtime.spec.ts:21:1 › RV08 作品設定の未保存入力と不正暦入力を画面移動から再開し、設定を原子保存・再読込する (4.9s)
verify	Run BROWSER_ENGINES=all npm run test:e2e	2026-10-09T06:48:53.9878470Z   ✓  245 [webkit] › tests/e2e/review-runtime.spec.ts:39:1 › RV05/RV06 旧版の入口と固定リンクを通常画面で開き、経路保存・再読込・再実行する (5.3s)
verify	Run BROWSER_ENGINES=all npm run test:e2e	2026-10-09T06:48:59.6237299Z   ✓  246 [webkit] › tests/e2e/review-runtime.spec.ts:61:1 › RB05 相互排他を金額・物品と原子拒否し、二入口の台詞・経路を再読込して合流比較する (5.6s)
verify	Run BROWSER_ENGINES=all npm run test:e2e	2026-10-09T06:49:09.2283038Z   ✓  247 [webkit] › tests/e2e/structured-forms.spec.ts:38:1 › 別名の不正な子項目を削除・種類切替・任意項目解除で修正すると保存でき、切替取消は入力を保つ (9.6s)
verify	Run BROWSER_ENGINES=all npm run test:e2e	2026-10-09T06:49:17.2883197Z   ✓  248 [webkit] › tests/e2e/structured-forms.spec.ts:75:1 › 未完成の数値を未保存入力として再表示し、非表示でも保存を止め、修正と配列削除後の値を再読込する (8.0s)
verify	Run BROWSER_ENGINES=all npm run test:e2e	2026-10-09T06:49:24.3006315Z   ✓  249 [webkit] › tests/e2e/structured-forms.spec.ts:107:1 › 状態値の記録キーは状態変数から選択でき、不正な数値を含む記録項目を削除して保存する (7.0s)
verify	Run BROWSER_ENGINES=all npm run test:e2e	2026-10-09T06:49:30.4729417Z   ✓  250 [webkit] › tests/e2e/structured-forms.spec.ts:137:1 › 公開用の辞書の先頭キーをキーボードで変更しても位置・フォーカス・値を保ち、一時重複は復元後に修正できる (6.2s)
verify	Run BROWSER_ENGINES=all npm run test:e2e	2026-10-09T06:49:37.2968721Z   ✓  251 [webkit] › tests/e2e/structured-forms.spec.ts:174:1 › 固定版の人物と段落が現在版からなくても、別名と試読状態の通常フォームから無関係な変更を保存する (6.8s)
verify	Run BROWSER_ENGINES=all npm run test:e2e	2026-10-09T06:49:52.5363119Z   ✓  252 [webkit] › tests/e2e/templates.spec.ts:25:1 › AT-F02/F56 雛形の通常フォームを差分確認して適用し、非表示・型変更の取消・明示置換を再読込まで保持する (15.2s)
verify	Run BROWSER_ENGINES=all npm run test:e2e	2026-10-09T06:49:58.4202592Z   ✓  253 [webkit] › tests/e2e/templates.spec.ts:133:1 › 雛形の保存キーが一時的に重複しても各項目の初期値を保ち、再表示・改名・差分適用後も両方の値を保持する (5.9s)
verify	Run BROWSER_ENGINES=all npm run test:e2e	2026-10-09T06:50:07.8730670Z   ✓  254 [webkit] › tests/e2e/world-workspace.spec.ts:17:1 › 世界版の選択・借用参照・固定表示を通常画面で保存し、完全保存にも同じ版を保持する (9.4s)
verify	Run BROWSER_ENGINES=all npm run test:e2e	2026-10-09T06:50:16.8764647Z   ✓  255 [webkit] › tests/e2e/writing-workspace.spec.ts:32:1 › 作者別案の未保存入力を画面移動から保持し、版保存・再読込・完全保存へ接続する (9.0s)
verify	Run BROWSER_ENGINES=all npm run test:e2e	2026-10-09T06:50:21.0016159Z   ✓  256 [webkit] › tests/e2e/writing-workspace.spec.ts:95:1 › 章試読は固定版の本文を提示して開始状態と経路を通常保存する (4.1s)
verify	Run BROWSER_ENGINES=all npm run test:e2e	2026-10-09T06:50:26.3535406Z   ✓  257 [webkit] › tests/e2e/writing-workspace.spec.ts:117:1 › 参照値を変えた別案の採用を通常保存し、確認依頼と採用記録を再読込・完全保存する (5.3s)
verify	Run BROWSER_ENGINES=all npm run test:e2e	2026-10-09T06:50:30.4762447Z   ✓  258 [webkit] › tests/e2e/writing-workspace.spec.ts:149:1 › 章と場面の順序・所属・筋の変更を通常保存して再読込する (4.1s)
verify	Run BROWSER_ENGINES=all npm run test:e2e	2026-10-09T06:50:30.8716897Z 
verify	Run BROWSER_ENGINES=all npm run test:e2e	2026-10-09T06:50:30.8723384Z   258 passed (22.5m)
verify	Run RB03_ENGINES=chromium,firefox,webkit node tests/browser/run-rb03-components.mjs	﻿2026-10-09T06:50:31.4787747Z ##[group]Run RB03_ENGINES=chromium,firefox,webkit node tests/browser/run-rb03-components.mjs
verify	Run RB03_ENGINES=chromium,firefox,webkit node tests/browser/run-rb03-components.mjs	2026-10-09T06:50:31.4788473Z [36;1mRB03_ENGINES=chromium,firefox,webkit node tests/browser/run-rb03-components.mjs[0m
verify	Run RB03_ENGINES=chromium,firefox,webkit node tests/browser/run-rb03-components.mjs	2026-10-09T06:50:31.4851865Z shell: /usr/bin/bash -e {0}
verify	Run RB03_ENGINES=chromium,firefox,webkit node tests/browser/run-rb03-components.mjs	2026-10-09T06:50:31.4852144Z env:
verify	Run RB03_ENGINES=chromium,firefox,webkit node tests/browser/run-rb03-components.mjs	2026-10-09T06:50:31.4852533Z   CHROMIUM_PATH: /home/runner/.cache/ms-playwright/chromium-1243/chrome-linux64/chrome
verify	Run RB03_ENGINES=chromium,firefox,webkit node tests/browser/run-rb03-components.mjs	2026-10-09T06:50:31.4852997Z ##[endgroup]
verify	Run RB03_ENGINES=chromium,firefox,webkit node tests/browser/run-rb03-components.mjs	2026-10-09T06:50:40.8595028Z RB03 chromium: 5 component regression groups passed.
verify	Run RB03_ENGINES=chromium,firefox,webkit node tests/browser/run-rb03-components.mjs	2026-10-09T06:50:44.4320735Z RB03 chromium timeline smoke passed
verify	Run RB03_ENGINES=chromium,firefox,webkit node tests/browser/run-rb03-components.mjs	2026-10-09T06:50:48.7869012Z RB03 chromium world smoke passed
verify	Run RB03_ENGINES=chromium,firefox,webkit node tests/browser/run-rb03-components.mjs	2026-10-09T06:50:58.2079694Z RB03 firefox: 5 component regression groups passed.
verify	Run RB03_ENGINES=chromium,firefox,webkit node tests/browser/run-rb03-components.mjs	2026-10-09T06:51:03.8262075Z RB03 firefox timeline smoke passed
verify	Run RB03_ENGINES=chromium,firefox,webkit node tests/browser/run-rb03-components.mjs	2026-10-09T06:51:10.5085692Z RB03 firefox world smoke passed
verify	Run RB03_ENGINES=chromium,firefox,webkit node tests/browser/run-rb03-components.mjs	2026-10-09T06:51:20.4061263Z RB03 webkit: 5 component regression groups passed.
verify	Run RB03_ENGINES=chromium,firefox,webkit node tests/browser/run-rb03-components.mjs	2026-10-09T06:51:25.0008310Z RB03 webkit timeline smoke passed
verify	Run RB03_ENGINES=chromium,firefox,webkit node tests/browser/run-rb03-components.mjs	2026-10-09T06:51:29.9031551Z RB03 webkit world smoke passed
verify	Run for engine in chromium firefox webkit; do	﻿2026-10-09T06:51:30.0349359Z ##[group]Run for engine in chromium firefox webkit; do
verify	Run for engine in chromium firefox webkit; do	2026-10-09T06:51:30.0349805Z [36;1mfor engine in chromium firefox webkit; do[0m
verify	Run for engine in chromium firefox webkit; do	2026-10-09T06:51:30.0350359Z [36;1m  RB04_ENGINE="$engine" RB04_OUTPUT_DIR=test-results/rb04 node tests/browser/rb04-author-regressions.mjs[0m
verify	Run for engine in chromium firefox webkit; do	2026-10-09T06:51:30.0350862Z [36;1mdone[0m
verify	Run for engine in chromium firefox webkit; do	2026-10-09T06:51:30.0414125Z shell: /usr/bin/bash -e {0}
verify	Run for engine in chromium firefox webkit; do	2026-10-09T06:51:30.0414402Z env:
verify	Run for engine in chromium firefox webkit; do	2026-10-09T06:51:30.0414780Z   CHROMIUM_PATH: /home/runner/.cache/ms-playwright/chromium-1243/chrome-linux64/chrome
verify	Run for engine in chromium firefox webkit; do	2026-10-09T06:51:30.0415240Z ##[endgroup]
verify	Run for engine in chromium firefox webkit; do	2026-10-09T06:51:37.9918224Z {"engine":"chromium","checksPassed":12,"output":"/home/runner/work/shinariokanri/shinariokanri/test-results/rb04/rb04-author-regressions-chromium-xThmGC"}
verify	Run for engine in chromium firefox webkit; do	2026-10-09T06:51:47.6177646Z {"engine":"firefox","checksPassed":12,"output":"/home/runner/work/shinariokanri/shinariokanri/test-results/rb04/rb04-author-regressions-firefox-TPZWpT"}
verify	Run for engine in chromium firefox webkit; do	2026-10-09T06:51:55.3337346Z {"engine":"webkit","checksPassed":12,"output":"/home/runner/work/shinariokanri/shinariokanri/test-results/rb04/rb04-author-regressions-webkit-mhTHJR"}
verify	Run npx playwright test -c tests/rb04/playwright.config.ts --project=chromium --output=test-results/rb04-writing-chromium	﻿2026-10-09T06:51:55.3826567Z ##[group]Run npx playwright test -c tests/rb04/playwright.config.ts --project=chromium --output=test-results/rb04-writing-chromium
verify	Run npx playwright test -c tests/rb04/playwright.config.ts --project=chromium --output=test-results/rb04-writing-chromium	2026-10-09T06:51:55.3827554Z [36;1mnpx playwright test -c tests/rb04/playwright.config.ts --project=chromium --output=test-results/rb04-writing-chromium[0m
verify	Run npx playwright test -c tests/rb04/playwright.config.ts --project=chromium --output=test-results/rb04-writing-chromium	2026-10-09T06:51:55.3892437Z shell: /usr/bin/bash -e {0}
verify	Run npx playwright test -c tests/rb04/playwright.config.ts --project=chromium --output=test-results/rb04-writing-chromium	2026-10-09T06:51:55.3892707Z env:
verify	Run npx playwright test -c tests/rb04/playwright.config.ts --project=chromium --output=test-results/rb04-writing-chromium	2026-10-09T06:51:55.3893078Z   CHROMIUM_PATH: /home/runner/.cache/ms-playwright/chromium-1243/chrome-linux64/chrome
verify	Run npx playwright test -c tests/rb04/playwright.config.ts --project=chromium --output=test-results/rb04-writing-chromium	2026-10-09T06:51:55.3893833Z ##[endgroup]
verify	Run npx playwright test -c tests/rb04/playwright.config.ts --project=chromium --output=test-results/rb04-writing-chromium	2026-10-09T06:51:57.4653787Z 
verify	Run npx playwright test -c tests/rb04/playwright.config.ts --project=chromium --output=test-results/rb04-writing-chromium	2026-10-09T06:51:57.4654792Z Running 4 tests using 1 worker
verify	Run npx playwright test -c tests/rb04/playwright.config.ts --project=chromium --output=test-results/rb04-writing-chromium	2026-10-09T06:51:57.4655520Z 
verify	Run npx playwright test -c tests/rb04/playwright.config.ts --project=chromium --output=test-results/rb04-writing-chromium	2026-10-09T06:52:00.2215807Z   ✓  1 [chromium] › tests/rb04/workspace.spec.ts:38:1 › 章・筋・人物の見せ方が共有scene IDを保ち、回想順を世界時点と分離する (2.0s)
verify	Run npx playwright test -c tests/rb04/playwright.config.ts --project=chromium --output=test-results/rb04-writing-chromium	2026-10-09T06:52:02.1761114Z   ✓  2 [chromium] › tests/rb04/workspace.spec.ts:83:1 › 通読は章を絞り、選んだ経路を編集して再訪し実際の提示だけ記録する (1.9s)
verify	Run npx playwright test -c tests/rb04/playwright.config.ts --project=chromium --output=test-results/rb04-writing-chromium	2026-10-09T06:52:05.1735694Z   ✓  3 [chromium] › tests/rb04/workspace.spec.ts:141:1 › 別案の作成・編集・版戻し・採用・取消は正本と公開snapshotを分けて保つ (3.0s)
verify	Run npx playwright test -c tests/rb04/playwright.config.ts --project=chromium --output=test-results/rb04-writing-chromium	2026-10-09T06:52:07.1852166Z   ✓  4 [chromium] › tests/rb04/workspace.spec.ts:197:1 › 構成プレビューは取消では本文順を変えず、適用後の別案版だけに順序を保存する (2.0s)
verify	Run npx playwright test -c tests/rb04/playwright.config.ts --project=chromium --output=test-results/rb04-writing-chromium	2026-10-09T06:52:07.3272403Z 
verify	Run npx playwright test -c tests/rb04/playwright.config.ts --project=chromium --output=test-results/rb04-writing-chromium	2026-10-09T06:52:07.3277584Z   4 passed (11.1s)
verify	Run npx playwright test -c tests/rb04/playwright.config.ts --project=webkit --output=test-results/rb04-writing-webkit	﻿2026-10-09T06:52:07.3623053Z ##[group]Run npx playwright test -c tests/rb04/playwright.config.ts --project=webkit --output=test-results/rb04-writing-webkit
verify	Run npx playwright test -c tests/rb04/playwright.config.ts --project=webkit --output=test-results/rb04-writing-webkit	2026-10-09T06:52:07.3624415Z [36;1mnpx playwright test -c tests/rb04/playwright.config.ts --project=webkit --output=test-results/rb04-writing-webkit[0m
verify	Run npx playwright test -c tests/rb04/playwright.config.ts --project=webkit --output=test-results/rb04-writing-webkit	2026-10-09T06:52:07.3690197Z shell: /usr/bin/bash -e {0}
verify	Run npx playwright test -c tests/rb04/playwright.config.ts --project=webkit --output=test-results/rb04-writing-webkit	2026-10-09T06:52:07.3690456Z env:
verify	Run npx playwright test -c tests/rb04/playwright.config.ts --project=webkit --output=test-results/rb04-writing-webkit	2026-10-09T06:52:07.3690824Z   CHROMIUM_PATH: /home/runner/.cache/ms-playwright/chromium-1243/chrome-linux64/chrome
verify	Run npx playwright test -c tests/rb04/playwright.config.ts --project=webkit --output=test-results/rb04-writing-webkit	2026-10-09T06:52:07.3691278Z ##[endgroup]
verify	Run npx playwright test -c tests/rb04/playwright.config.ts --project=webkit --output=test-results/rb04-writing-webkit	2026-10-09T06:52:08.7234425Z 
verify	Run npx playwright test -c tests/rb04/playwright.config.ts --project=webkit --output=test-results/rb04-writing-webkit	2026-10-09T06:52:08.7235441Z Running 4 tests using 1 worker
verify	Run npx playwright test -c tests/rb04/playwright.config.ts --project=webkit --output=test-results/rb04-writing-webkit	2026-10-09T06:52:08.7236101Z 
verify	Run npx playwright test -c tests/rb04/playwright.config.ts --project=webkit --output=test-results/rb04-writing-webkit	2026-10-09T06:52:11.7380847Z   ✓  1 [webkit] › tests/rb04/workspace.spec.ts:38:1 › 章・筋・人物の見せ方が共有scene IDを保ち、回想順を世界時点と分離する (2.3s)
verify	Run npx playwright test -c tests/rb04/playwright.config.ts --project=webkit --output=test-results/rb04-writing-webkit	2026-10-09T06:52:14.0149135Z   ✓  2 [webkit] › tests/rb04/workspace.spec.ts:83:1 › 通読は章を絞り、選んだ経路を編集して再訪し実際の提示だけ記録する (2.3s)
verify	Run npx playwright test -c tests/rb04/playwright.config.ts --project=webkit --output=test-results/rb04-writing-webkit	2026-10-09T06:52:17.2179406Z   ✓  3 [webkit] › tests/rb04/workspace.spec.ts:141:1 › 別案の作成・編集・版戻し・採用・取消は正本と公開snapshotを分けて保つ (3.2s)
verify	Run npx playwright test -c tests/rb04/playwright.config.ts --project=webkit --output=test-results/rb04-writing-webkit	2026-10-09T06:52:19.3735387Z   ✓  4 [webkit] › tests/rb04/workspace.spec.ts:197:1 › 構成プレビューは取消では本文順を変えず、適用後の別案版だけに順序を保存する (2.1s)
verify	Run npx playwright test -c tests/rb04/playwright.config.ts --project=webkit --output=test-results/rb04-writing-webkit	2026-10-09T06:52:19.5104178Z 
verify	Run npx playwright test -c tests/rb04/playwright.config.ts --project=webkit --output=test-results/rb04-writing-webkit	2026-10-09T06:52:19.5113340Z   4 passed (11.4s)
verify	Run actions/upload-artifact@v4	﻿2026-10-09T06:52:19.5439610Z ##[group]Run actions/upload-artifact@v4
verify	Run actions/upload-artifact@v4	2026-10-09T06:52:19.5439938Z with:
verify	Run actions/upload-artifact@v4	2026-10-09T06:52:19.5440138Z   name: browser-evidence
verify	Run actions/upload-artifact@v4	2026-10-09T06:52:19.5440402Z   path: playwright-report/
verify	Run actions/upload-artifact@v4	test-results/
verify	Run actions/upload-artifact@v4	
verify	Run actions/upload-artifact@v4	2026-10-09T06:52:19.5440695Z   if-no-files-found: warn
verify	Run actions/upload-artifact@v4	2026-10-09T06:52:19.5440966Z   compression-level: 6
verify	Run actions/upload-artifact@v4	2026-10-09T06:52:19.5441183Z   overwrite: false
verify	Run actions/upload-artifact@v4	2026-10-09T06:52:19.5441397Z   include-hidden-files: false
verify	Run actions/upload-artifact@v4	2026-10-09T06:52:19.5441637Z env:
verify	Run actions/upload-artifact@v4	2026-10-09T06:52:19.5441980Z   CHROMIUM_PATH: /home/runner/.cache/ms-playwright/chromium-1243/chrome-linux64/chrome
verify	Run actions/upload-artifact@v4	2026-10-09T06:52:19.5442406Z ##[endgroup]
verify	Run actions/upload-artifact@v4	2026-10-09T06:52:19.7128554Z (node:23163) [DEP0040] DeprecationWarning: The `punycode` module is deprecated. Please use a userland alternative instead.
verify	Run actions/upload-artifact@v4	2026-10-09T06:52:19.7129523Z (Use `node --trace-deprecation ...` to show where the warning was created)
verify	Run actions/upload-artifact@v4	2026-10-09T06:52:19.7302116Z Multiple search paths detected. Calculating the least common ancestor of all paths
verify	Run actions/upload-artifact@v4	2026-10-09T06:52:19.7305478Z The least common ancestor is /home/runner/work/shinariokanri/shinariokanri. This will be the root directory of the artifact
verify	Run actions/upload-artifact@v4	2026-10-09T06:52:19.7306833Z With the provided path, there will be 43 files uploaded
verify	Run actions/upload-artifact@v4	2026-10-09T06:52:19.7311686Z Artifact name is valid!
verify	Run actions/upload-artifact@v4	2026-10-09T06:52:19.7312315Z Root directory input is valid!
verify	Run actions/upload-artifact@v4	2026-10-09T06:52:19.9422437Z Beginning upload of artifact content to blob storage
verify	Run actions/upload-artifact@v4	2026-10-09T06:52:20.1469083Z (node:23163) [DEP0169] DeprecationWarning: `url.parse()` behavior is not standardized and prone to errors that have security implications. Use the WHATWG URL API instead. CVEs are not issued for `url.parse()` vulnerabilities.
verify	Run actions/upload-artifact@v4	2026-10-09T06:52:20.3131322Z Uploaded bytes 3862567
verify	Run actions/upload-artifact@v4	2026-10-09T06:52:20.3314589Z Finished uploading artifact content to blob storage!
verify	Run actions/upload-artifact@v4	2026-10-09T06:52:20.3316226Z SHA256 digest of uploaded artifact zip is 6ebb0784c0cc0ed754b0089a8ee415b1ade60751dcf7614a00f1688efd417169
verify	Run actions/upload-artifact@v4	2026-10-09T06:52:20.3318255Z Finalizing artifact upload
verify	Run actions/upload-artifact@v4	2026-10-09T06:52:20.5306126Z Artifact browser-evidence.zip successfully finalized. Artifact ID 11599713796
verify	Run actions/upload-artifact@v4	2026-10-09T06:52:20.5307990Z Artifact browser-evidence has been successfully uploaded! Final size is 3862567 bytes. Artifact ID is 11599713796
verify	Run actions/upload-artifact@v4	2026-10-09T06:52:20.5314408Z Artifact download URL: https://github.com/chameleonjp-lab/shinariokanri/actions/runs/37893273502/artifacts/11599713796
verify	Post Run actions/setup-node@v4	﻿2026-10-09T06:52:20.5503227Z Post job cleanup.
verify	Post Run actions/setup-node@v4	2026-10-09T06:52:20.6749862Z (node:23175) [DEP0040] DeprecationWarning: The `punycode` module is deprecated. Please use a userland alternative instead.
verify	Post Run actions/setup-node@v4	2026-10-09T06:52:20.6750981Z (Use `node --trace-deprecation ...` to show where the warning was created)
verify	Post Run actions/setup-node@v4	2026-10-09T06:52:20.6755869Z Cache hit occurred on the primary key node-cache-Linux-x64-npm-6d82bbc41af669d666d011c5fca070c497082ca77603293ec8c70d28ba98cc31, not saving cache.
verify	Post Run actions/checkout@v4	﻿2026-10-09T06:52:20.6891865Z Post job cleanup.
verify	Post Run actions/checkout@v4	2026-10-09T06:52:20.7934933Z [command]/usr/bin/git version
verify	Post Run actions/checkout@v4	2026-10-09T06:52:20.7992956Z git version 2.55.0
verify	Post Run actions/checkout@v4	2026-10-09T06:52:20.8039705Z Temporarily overriding HOME='/home/runner/work/_temp/cd461ef3-f107-46fc-98bc-fe86d261e2c7' before making global git config changes
verify	Post Run actions/checkout@v4	2026-10-09T06:52:20.8041527Z Adding repository directory to the temporary git global config as a safe directory
verify	Post Run actions/checkout@v4	2026-10-09T06:52:20.8048901Z [command]/usr/bin/git config --global --add safe.directory /home/runner/work/shinariokanri/shinariokanri
verify	Post Run actions/checkout@v4	2026-10-09T06:52:20.8101651Z [command]/usr/bin/git config --local --name-only --get-regexp core\.sshCommand
verify	Post Run actions/checkout@v4	2026-10-09T06:52:20.8155618Z [command]/usr/bin/git submodule foreach --recursive sh -c "git config --local --name-only --get-regexp 'core\.sshCommand' && git config --local --unset-all 'core.sshCommand' || :"
verify	Post Run actions/checkout@v4	2026-10-09T06:52:20.8497667Z [command]/usr/bin/git config --local --name-only --get-regexp http\.https\:\/\/github\.com\/\.extraheader
verify	Post Run actions/checkout@v4	2026-10-09T06:52:20.8525156Z http.https://github.com/.extraheader
verify	Post Run actions/checkout@v4	2026-10-09T06:52:20.8537383Z [command]/usr/bin/git config --local --unset-all http.https://github.com/.extraheader
verify	Post Run actions/checkout@v4	2026-10-09T06:52:20.8579154Z [command]/usr/bin/git submodule foreach --recursive sh -c "git config --local --name-only --get-regexp 'http\.https\:\/\/github\.com\/\.extraheader' && git config --local --unset-all 'http.https://github.com/.extraheader' || :"
verify	Post Run actions/checkout@v4	2026-10-09T06:52:20.8854291Z [command]/usr/bin/git config --local --name-only --get-regexp ^includeIf\.gitdir:
verify	Post Run actions/checkout@v4	2026-10-09T06:52:20.8896547Z [command]/usr/bin/git submodule foreach --recursive git config --local --show-origin --name-only --get-regexp remote.origin.url
verify	Complete job	﻿2026-10-09T06:52:20.9322141Z Cleaning up orphan processes
verify	Complete job	2026-10-09T06:52:20.9703007Z ##[warning]Node.js 20 is deprecated. The following actions target Node.js 20 but are being forced to run on Node.js 24: actions/checkout@v4, actions/setup-node@v4, actions/upload-artifact@v4. For more information see: https://github.blog/changelog/2025-09-19-deprecation-of-node-20-on-github-actions-runners/
