[feat/rb07-dialogue-materials 97fa9c7] docs: bind RB05 narrative and reader lifecycle evidence to candidate 9
 Date: Thu Oct 8 10:18:41 2026 +0000
 714 files changed, 1237734 insertions(+), 585 deletions(-)
 create mode 100644 docs/quality/current-review/evidence/rb05-narrative/README.md
 create mode 100644 docs/quality/current-review/evidence/rb05-narrative/candidate-1/build-bound.log
 create mode 100644 docs/quality/current-review/evidence/rb05-narrative/candidate-1/build-info.json
 create mode 100644 docs/quality/current-review/evidence/rb05-narrative/candidate-1/candidate-binding.json
 create mode 100644 docs/quality/current-review/evidence/rb05-narrative/candidate-1/independent/ARTIFACT_BINDING.json
 create mode 100644 docs/quality/current-review/evidence/rb05-narrative/candidate-1/independent/INDEPENDENT_REVIEW.json
 create mode 100644 docs/quality/current-review/evidence/rb05-narrative/candidate-1/independent/INDEPENDENT_REVIEW.md
 create mode 100644 docs/quality/current-review/evidence/rb05-narrative/candidate-1/independent/independent-app-harness.html
 create mode 100644 docs/quality/current-review/evidence/rb05-narrative/candidate-1/independent/independent-app-harness.tsx
 create mode 100644 docs/quality/current-review/evidence/rb05-narrative/candidate-1/independent/independent-app-review.mjs
 create mode 100644 docs/quality/current-review/evidence/rb05-narrative/candidate-1/independent/independent-edition-boundaries.test.ts
 create mode 100644 docs/quality/current-review/evidence/rb05-narrative/candidate-1/independent/independent-narrative-boundaries.test.ts
 create mode 100644 docs/quality/current-review/evidence/rb05-narrative/candidate-1/independent/independent/browser-review.json
 create mode 100644 docs/quality/current-review/evidence/rb05-narrative/candidate-1/independent/independent/browser-review.log
 create mode 100644 docs/quality/current-review/evidence/rb05-narrative/candidate-1/independent/independent/domain-baseline.log
 create mode 100644 docs/quality/current-review/evidence/rb05-narrative/candidate-1/independent/independent/edition-boundaries-final-expanded.log
 create mode 100644 docs/quality/current-review/evidence/rb05-narrative/candidate-1/independent/independent/edition-boundaries-final.log
 create mode 100644 docs/quality/current-review/evidence/rb05-narrative/candidate-1/independent/independent/edition-boundaries.log
 create mode 100644 docs/quality/current-review/evidence/rb05-narrative/candidate-1/independent/independent/fixtures/EN01.json
 create mode 100644 docs/quality/current-review/evidence/rb05-narrative/candidate-1/independent/independent/fixtures/EN02.json
 create mode 100644 docs/quality/current-review/evidence/rb05-narrative/candidate-1/independent/independent/fixtures/EN03.json
 create mode 100644 docs/quality/current-review/evidence/rb05-narrative/candidate-1/independent/independent/fixtures/EN04.json
 create mode 100644 docs/quality/current-review/evidence/rb05-narrative/candidate-1/independent/independent/fixtures/EN05.json
 create mode 100644 docs/quality/current-review/evidence/rb05-narrative/candidate-1/independent/independent/fixtures/EN06.json
 create mode 100644 docs/quality/current-review/evidence/rb05-narrative/candidate-1/independent/independent/fixtures/EN07.json
 create mode 100644 docs/quality/current-review/evidence/rb05-narrative/candidate-1/independent/independent/fixtures/EN08.json
 create mode 100644 docs/quality/current-review/evidence/rb05-narrative/candidate-1/independent/independent/fixtures/NP01.json
 create mode 100644 docs/quality/current-review/evidence/rb05-narrative/candidate-1/independent/independent/fixtures/NP02.json
 create mode 100644 docs/quality/current-review/evidence/rb05-narrative/candidate-1/independent/independent/fixtures/NP03.json
 create mode 100644 docs/quality/current-review/evidence/rb05-narrative/candidate-1/independent/independent/fixtures/NP03b.json
 create mode 100644 docs/quality/current-review/evidence/rb05-narrative/candidate-1/independent/independent/fixtures/NP04.json
 create mode 100644 docs/quality/current-review/evidence/rb05-narrative/candidate-1/independent/independent/fixtures/NP05.json
 create mode 100644 docs/quality/current-review/evidence/rb05-narrative/candidate-1/independent/independent/fixtures/NP06.json
 create mode 100644 docs/quality/current-review/evidence/rb05-narrative/candidate-1/independent/independent/fixtures/NP07.json
 create mode 100644 docs/quality/current-review/evidence/rb05-narrative/candidate-1/independent/independent/fixtures/NP07b.json
 create mode 100644 docs/quality/current-review/evidence/rb05-narrative/candidate-1/independent/independent/fixtures/NP08.json
 create mode 100644 docs/quality/current-review/evidence/rb05-narrative/candidate-1/independent/independent/fixtures/NP09a.json
 create mode 100644 docs/quality/current-review/evidence/rb05-narrative/candidate-1/independent/independent/fixtures/NP09b.json
 create mode 100644 docs/quality/current-review/evidence/rb05-narrative/candidate-1/independent/independent/fixtures/NP09c.json
 create mode 100644 docs/quality/current-review/evidence/rb05-narrative/candidate-1/independent/independent/fixtures/NP10.json
 create mode 100644 docs/quality/current-review/evidence/rb05-narrative/candidate-1/independent/independent/fixtures/UI01-project.json
 create mode 100644 docs/quality/current-review/evidence/rb05-narrative/candidate-1/independent/independent/fixtures/UI02-project.json
 create mode 100644 docs/quality/current-review/evidence/rb05-narrative/candidate-1/independent/independent/fixtures/UI03-project.json
 create mode 100644 docs/quality/current-review/evidence/rb05-narrative/candidate-1/independent/independent/fixtures/UI04-project.json
 create mode 100644 docs/quality/current-review/evidence/rb05-narrative/candidate-1/independent/independent/fixtures/UI05-observation.json
 create mode 100644 docs/quality/current-review/evidence/rb05-narrative/candidate-1/independent/independent/fixtures/UI05-project.json
 create mode 100644 docs/quality/current-review/evidence/rb05-narrative/candidate-1/independent/independent/fixtures/UI06-project.json
 create mode 100644 docs/quality/current-review/evidence/rb05-narrative/candidate-1/independent/independent/fixtures/UI07-project.json
 create mode 100644 docs/quality/current-review/evidence/rb05-narrative/candidate-1/independent/independent/setup-browser-cold-navigation/UI01-project.json
 create mode 100644 docs/quality/current-review/evidence/rb05-narrative/candidate-1/independent/independent/setup-browser-cold-navigation/UI02-project.json
 create mode 100644 docs/quality/current-review/evidence/rb05-narrative/candidate-1/independent/independent/setup-browser-cold-navigation/UI03-project.json
 create mode 100644 docs/quality/current-review/evidence/rb05-narrative/candidate-1/independent/independent/setup-browser-cold-navigation/UI04-project.json
 create mode 100644 docs/quality/current-review/evidence/rb05-narrative/candidate-1/independent/independent/setup-browser-cold-navigation/UI05-observation.json
 create mode 100644 docs/quality/current-review/evidence/rb05-narrative/candidate-1/independent/independent/setup-browser-cold-navigation/UI05-project.json
 create mode 100644 docs/quality/current-review/evidence/rb05-narrative/candidate-1/independent/independent/setup-browser-cold-navigation/UI06-project.json
 create mode 100644 docs/quality/current-review/evidence/rb05-narrative/candidate-1/independent/independent/setup-browser-cold-navigation/UI07-project.json
 create mode 100644 docs/quality/current-review/evidence/rb05-narrative/candidate-1/independent/independent/setup-browser-cold-navigation/browser-review.json
 create mode 100644 docs/quality/current-review/evidence/rb05-narrative/candidate-1/independent/independent/setup-browser-cold-navigation/browser-review.log
 create mode 100644 docs/quality/current-review/evidence/rb05-narrative/candidate-1/independent/independent/setup-browser-cold-navigation/independent-app-harness.html
 create mode 100644 docs/quality/current-review/evidence/rb05-narrative/candidate-1/independent/independent/setup-browser-cold-navigation/independent-app-harness.tsx
 create mode 100644 docs/quality/current-review/evidence/rb05-narrative/candidate-1/independent/independent/setup-browser-cold-navigation/independent-app-review.mjs
 create mode 100644 docs/quality/current-review/evidence/rb05-narrative/candidate-1/independent/independent/setup-nonzero-revision/edition-boundaries.log
 create mode 100644 docs/quality/current-review/evidence/rb05-narrative/candidate-1/independent/independent/setup-nonzero-revision/independent-edition-boundaries.test.ts
 create mode 100644 docs/quality/current-review/evidence/rb05-narrative/candidate-1/independent/independent/vite.log
 create mode 100644 docs/quality/current-review/evidence/rb05-narrative/candidate-1/independent/original-contracts.json
 create mode 100644 docs/quality/current-review/evidence/rb05-narrative/candidate-1/independent/source-manifest.json
 create mode 100644 docs/quality/current-review/evidence/rb05-narrative/candidate-1/independent/tests/independent-edition-boundaries.test.ts
 create mode 100644 docs/quality/current-review/evidence/rb05-narrative/candidate-1/independent/tests/independent-narrative-boundaries.test.ts
 create mode 100644 docs/quality/current-review/evidence/rb05-narrative/candidate-1/independent/tests/rb05-narrative.test.ts
 create mode 100644 docs/quality/current-review/evidence/rb05-narrative/candidate-1/independent/tests/rb05-reconfirmation.test.ts
 create mode 100644 docs/quality/current-review/evidence/rb05-narrative/candidate-1/production-chromium-47.log
 create mode 100644 docs/quality/current-review/evidence/rb05-narrative/candidate-1/source-manifest.json
 create mode 100644 docs/quality/current-review/evidence/rb05-narrative/candidate-1/unit-635.json
 create mode 100644 docs/quality/current-review/evidence/rb05-narrative/candidate-1/unit-635.log
 create mode 100644 docs/quality/current-review/evidence/rb05-narrative/candidate-2/build-info.json
 create mode 100644 docs/quality/current-review/evidence/rb05-narrative/candidate-2/build.log
 create mode 100644 docs/quality/current-review/evidence/rb05-narrative/candidate-2/candidate-binding.json
 create mode 100644 docs/quality/current-review/evidence/rb05-narrative/candidate-2/docs.log
 create mode 100644 docs/quality/current-review/evidence/rb05-narrative/candidate-2/e2e.log
 create mode 100644 docs/quality/current-review/evidence/rb05-narrative/candidate-2/independent/ARTIFACT_BINDING.json
 create mode 100644 docs/quality/current-review/evidence/rb05-narrative/candidate-2/independent/INDEPENDENT_REVIEW.json
 create mode 100644 docs/quality/current-review/evidence/rb05-narrative/candidate-2/independent/INDEPENDENT_REVIEW.md
 create mode 100644 docs/quality/current-review/evidence/rb05-narrative/candidate-2/independent/SOURCE_COMMIT_BINDING.json
 create mode 100644 docs/quality/current-review/evidence/rb05-narrative/candidate-2/independent/independent-app-chapter-extra.mjs
 create mode 100644 docs/quality/current-review/evidence/rb05-narrative/candidate-2/independent/independent-app-harness.html
 create mode 100644 docs/quality/current-review/evidence/rb05-narrative/candidate-2/independent/independent-app-harness.tsx
 create mode 100644 docs/quality/current-review/evidence/rb05-narrative/candidate-2/independent/independent-app-review.mjs
 create mode 100644 docs/quality/current-review/evidence/rb05-narrative/candidate-2/independent/independent-edition-boundaries.test.ts
 create mode 100644 docs/quality/current-review/evidence/rb05-narrative/candidate-2/independent/independent-edition-extra.test.ts
 create mode 100644 docs/quality/current-review/evidence/rb05-narrative/candidate-2/independent/independent-edition-preservation.test.ts
 create mode 100644 docs/quality/current-review/evidence/rb05-narrative/candidate-2/independent/independent-narrative-boundaries.test.ts
 create mode 100644 docs/quality/current-review/evidence/rb05-narrative/candidate-2/independent/independent/browser-chapter-extra.json
 create mode 100644 docs/quality/current-review/evidence/rb05-narrative/candidate-2/independent/independent/browser-chapter-extra.log
 create mode 100644 docs/quality/current-review/evidence/rb05-narrative/candidate-2/independent/independent/browser-review.json
 create mode 100644 docs/quality/current-review/evidence/rb05-narrative/candidate-2/independent/independent/browser-review.log
 create mode 100644 docs/quality/current-review/evidence/rb05-narrative/candidate-2/independent/independent/domain-review.log
 create mode 100644 docs/quality/current-review/evidence/rb05-narrative/candidate-2/independent/independent/edition-extra.log
 create mode 100644 docs/quality/current-review/evidence/rb05-narrative/candidate-2/independent/independent/edition-preservation.log
 create mode 100644 docs/quality/current-review/evidence/rb05-narrative/candidate-2/independent/independent/fixtures/EN01.json
 create mode 100644 docs/quality/current-review/evidence/rb05-narrative/candidate-2/independent/independent/fixtures/EN02.json
 create mode 100644 docs/quality/current-review/evidence/rb05-narrative/candidate-2/independent/independent/fixtures/EN03.json
 create mode 100644 docs/quality/current-review/evidence/rb05-narrative/candidate-2/independent/independent/fixtures/EN04.json
 create mode 100644 docs/quality/current-review/evidence/rb05-narrative/candidate-2/independent/independent/fixtures/EN05.json
 create mode 100644 docs/quality/current-review/evidence/rb05-narrative/candidate-2/independent/independent/fixtures/EN06.json
 create mode 100644 docs/quality/current-review/evidence/rb05-narrative/candidate-2/independent/independent/fixtures/EN07.json
 create mode 100644 docs/quality/current-review/evidence/rb05-narrative/candidate-2/independent/independent/fixtures/EN08.json
 create mode 100644 docs/quality/current-review/evidence/rb05-narrative/candidate-2/independent/independent/fixtures/EN09.json
 create mode 100644 docs/quality/current-review/evidence/rb05-narrative/candidate-2/independent/independent/fixtures/EN10.json
 create mode 100644 docs/quality/current-review/evidence/rb05-narrative/candidate-2/independent/independent/fixtures/EN11.json
 create mode 100644 docs/quality/current-review/evidence/rb05-narrative/candidate-2/independent/independent/fixtures/EN12.json
 create mode 100644 docs/quality/current-review/evidence/rb05-narrative/candidate-2/independent/independent/fixtures/EN13.json
 create mode 100644 docs/quality/current-review/evidence/rb05-narrative/candidate-2/independent/independent/fixtures/NP01.json
 create mode 100644 docs/quality/current-review/evidence/rb05-narrative/candidate-2/independent/independent/fixtures/NP02.json
 create mode 100644 docs/quality/current-review/evidence/rb05-narrative/candidate-2/independent/independent/fixtures/NP03.json
 create mode 100644 docs/quality/current-review/evidence/rb05-narrative/candidate-2/independent/independent/fixtures/NP03b.json
 create mode 100644 docs/quality/current-review/evidence/rb05-narrative/candidate-2/independent/independent/fixtures/NP04.json
 create mode 100644 docs/quality/current-review/evidence/rb05-narrative/candidate-2/independent/independent/fixtures/NP05.json
 create mode 100644 docs/quality/current-review/evidence/rb05-narrative/candidate-2/independent/independent/fixtures/NP06.json
 create mode 100644 docs/quality/current-review/evidence/rb05-narrative/candidate-2/independent/independent/fixtures/NP07.json
 create mode 100644 docs/quality/current-review/evidence/rb05-narrative/candidate-2/independent/independent/fixtures/NP07b.json
 create mode 100644 docs/quality/current-review/evidence/rb05-narrative/candidate-2/independent/independent/fixtures/NP08.json
 create mode 100644 docs/quality/current-review/evidence/rb05-narrative/candidate-2/independent/independent/fixtures/NP09a.json
 create mode 100644 docs/quality/current-review/evidence/rb05-narrative/candidate-2/independent/independent/fixtures/NP09b.json
 create mode 100644 docs/quality/current-review/evidence/rb05-narrative/candidate-2/independent/independent/fixtures/NP09c.json
 create mode 100644 docs/quality/current-review/evidence/rb05-narrative/candidate-2/independent/independent/fixtures/NP10.json
 create mode 100644 docs/quality/current-review/evidence/rb05-narrative/candidate-2/independent/independent/fixtures/UI01-project.json
 create mode 100644 docs/quality/current-review/evidence/rb05-narrative/candidate-2/independent/independent/fixtures/UI02-project.json
 create mode 100644 docs/quality/current-review/evidence/rb05-narrative/candidate-2/independent/independent/fixtures/UI03-project.json
 create mode 100644 docs/quality/current-review/evidence/rb05-narrative/candidate-2/independent/independent/fixtures/UI04-project.json
 create mode 100644 docs/quality/current-review/evidence/rb05-narrative/candidate-2/independent/independent/fixtures/UI05-observation.json
 create mode 100644 docs/quality/current-review/evidence/rb05-narrative/candidate-2/independent/independent/fixtures/UI05-project.json
 create mode 100644 docs/quality/current-review/evidence/rb05-narrative/candidate-2/independent/independent/fixtures/UI06-project.json
 create mode 100644 docs/quality/current-review/evidence/rb05-narrative/candidate-2/independent/independent/fixtures/UI07-project.json
 create mode 100644 docs/quality/current-review/evidence/rb05-narrative/candidate-2/independent/independent/fixtures/UI08-native-clone.json
 create mode 100644 docs/quality/current-review/evidence/rb05-narrative/candidate-2/independent/independent/fixtures/UI08-project.json
 create mode 100644 docs/quality/current-review/evidence/rb05-narrative/candidate-2/independent/independent/setup-browser-chapter-api/UI08-project.json
 create mode 100644 docs/quality/current-review/evidence/rb05-narrative/candidate-2/independent/independent/setup-browser-chapter-api/browser-chapter-extra.json
 create mode 100644 docs/quality/current-review/evidence/rb05-narrative/candidate-2/independent/independent/setup-browser-chapter-api/browser-chapter-extra.log
 create mode 100644 docs/quality/current-review/evidence/rb05-narrative/candidate-2/independent/independent/setup-browser-chapter-api/independent-app-chapter-extra.mjs
 create mode 100644 docs/quality/current-review/evidence/rb05-narrative/candidate-2/independent/independent/setup-browser-notice-text/browser-review.json
 create mode 100644 docs/quality/current-review/evidence/rb05-narrative/candidate-2/independent/independent/setup-browser-notice-text/browser-review.log
 create mode 100644 docs/quality/current-review/evidence/rb05-narrative/candidate-2/independent/independent/setup-browser-notice-text/independent-app-review.mjs
 create mode 100644 docs/quality/current-review/evidence/rb05-narrative/candidate-2/independent/independent/vite.log
 create mode 100644 docs/quality/current-review/evidence/rb05-narrative/candidate-2/independent/original-contracts.json
 create mode 100644 docs/quality/current-review/evidence/rb05-narrative/candidate-2/independent/source-manifest.json
 create mode 100644 docs/quality/current-review/evidence/rb05-narrative/candidate-2/independent/tests/independent-edition-boundaries.test.ts
 create mode 100644 docs/quality/current-review/evidence/rb05-narrative/candidate-2/independent/tests/independent-edition-extra.test.ts
 create mode 100644 docs/quality/current-review/evidence/rb05-narrative/candidate-2/independent/tests/independent-edition-preservation.test.ts
 create mode 100644 docs/quality/current-review/evidence/rb05-narrative/candidate-2/independent/tests/independent-narrative-boundaries.test.ts
 create mode 100644 docs/quality/current-review/evidence/rb05-narrative/candidate-2/plan.log
 create mode 100644 docs/quality/current-review/evidence/rb05-narrative/candidate-2/python.log
 create mode 100644 docs/quality/current-review/evidence/rb05-narrative/candidate-2/schema.log
 create mode 100644 docs/quality/current-review/evidence/rb05-narrative/candidate-2/source-manifest.json
 create mode 100644 docs/quality/current-review/evidence/rb05-narrative/candidate-2/unit.json
 create mode 100644 docs/quality/current-review/evidence/rb05-narrative/candidate-2/unit.log
 create mode 100644 docs/quality/current-review/evidence/rb05-narrative/candidate-3/build-info.json
 create mode 100644 docs/quality/current-review/evidence/rb05-narrative/candidate-3/build.log
 create mode 100644 docs/quality/current-review/evidence/rb05-narrative/candidate-3/candidate-binding.json
 create mode 100644 docs/quality/current-review/evidence/rb05-narrative/candidate-3/docs.log
 create mode 100644 docs/quality/current-review/evidence/rb05-narrative/candidate-3/e2e.log
 create mode 100644 docs/quality/current-review/evidence/rb05-narrative/candidate-3/independent/ARTIFACT_BINDING.json
 create mode 100644 docs/quality/current-review/evidence/rb05-narrative/candidate-3/independent/INDEPENDENT_REVIEW.json
 create mode 100644 docs/quality/current-review/evidence/rb05-narrative/candidate-3/independent/INDEPENDENT_REVIEW.md
 create mode 100644 docs/quality/current-review/evidence/rb05-narrative/candidate-3/independent/SOURCE_COMMIT_BINDING.json
 create mode 100644 docs/quality/current-review/evidence/rb05-narrative/candidate-3/independent/independent-app-chapter-extra.mjs
 create mode 100644 docs/quality/current-review/evidence/rb05-narrative/candidate-3/independent/independent-app-clock-extra.mjs
 create mode 100644 docs/quality/current-review/evidence/rb05-narrative/candidate-3/independent/independent-app-harness.html
 create mode 100644 docs/quality/current-review/evidence/rb05-narrative/candidate-3/independent/independent-app-harness.tsx
 create mode 100644 docs/quality/current-review/evidence/rb05-narrative/candidate-3/independent/independent-app-review.mjs
 create mode 100644 docs/quality/current-review/evidence/rb05-narrative/candidate-3/independent/independent/browser-chapter-extra.json
 create mode 100644 docs/quality/current-review/evidence/rb05-narrative/candidate-3/independent/independent/browser-chapter-extra.log
 create mode 100644 docs/quality/current-review/evidence/rb05-narrative/candidate-3/independent/independent/browser-clock-extra.json
 create mode 100644 docs/quality/current-review/evidence/rb05-narrative/candidate-3/independent/independent/browser-clock-extra.log
 create mode 100644 docs/quality/current-review/evidence/rb05-narrative/candidate-3/independent/independent/browser-review.json
 create mode 100644 docs/quality/current-review/evidence/rb05-narrative/candidate-3/independent/independent/browser-review.log
 create mode 100644 docs/quality/current-review/evidence/rb05-narrative/candidate-3/independent/independent/context-clock-extra.log
 create mode 100644 docs/quality/current-review/evidence/rb05-narrative/candidate-3/independent/independent/edition-original.log
 create mode 100644 docs/quality/current-review/evidence/rb05-narrative/candidate-3/independent/independent/edition-repaired.log
 create mode 100644 docs/quality/current-review/evidence/rb05-narrative/candidate-3/independent/independent/fixtures/EN01.json
 create mode 100644 docs/quality/current-review/evidence/rb05-narrative/candidate-3/independent/independent/fixtures/EN02.json
 create mode 100644 docs/quality/current-review/evidence/rb05-narrative/candidate-3/independent/independent/fixtures/EN03.json
 create mode 100644 docs/quality/current-review/evidence/rb05-narrative/candidate-3/independent/independent/fixtures/EN04.json
 create mode 100644 docs/quality/current-review/evidence/rb05-narrative/candidate-3/independent/independent/fixtures/EN05.json
 create mode 100644 docs/quality/current-review/evidence/rb05-narrative/candidate-3/independent/independent/fixtures/EN06.json
 create mode 100644 docs/quality/current-review/evidence/rb05-narrative/candidate-3/independent/independent/fixtures/EN07.json
 create mode 100644 docs/quality/current-review/evidence/rb05-narrative/candidate-3/independent/independent/fixtures/EN08.json
 create mode 100644 docs/quality/current-review/evidence/rb05-narrative/candidate-3/independent/independent/fixtures/EN09.json
 create mode 100644 docs/quality/current-review/evidence/rb05-narrative/candidate-3/independent/independent/fixtures/EN10.json
 create mode 100644 docs/quality/current-review/evidence/rb05-narrative/candidate-3/independent/independent/fixtures/EN11.json
 create mode 100644 docs/quality/current-review/evidence/rb05-narrative/candidate-3/independent/independent/fixtures/EN12.json
 create mode 100644 docs/quality/current-review/evidence/rb05-narrative/candidate-3/independent/independent/fixtures/EN13.json
 create mode 100644 docs/quality/current-review/evidence/rb05-narrative/candidate-3/independent/independent/fixtures/EN14.json
 create mode 100644 docs/quality/current-review/evidence/rb05-narrative/candidate-3/independent/independent/fixtures/EN15.json
 create mode 100644 docs/quality/current-review/evidence/rb05-narrative/candidate-3/independent/independent/fixtures/EN16.json
 create mode 100644 docs/quality/current-review/evidence/rb05-narrative/candidate-3/independent/independent/fixtures/EN17.json
 create mode 100644 docs/quality/current-review/evidence/rb05-narrative/candidate-3/independent/independent/fixtures/EN18.json
 create mode 100644 docs/quality/current-review/evidence/rb05-narrative/candidate-3/independent/independent/fixtures/NP01.json
 create mode 100644 docs/quality/current-review/evidence/rb05-narrative/candidate-3/independent/independent/fixtures/NP02.json
 create mode 100644 docs/quality/current-review/evidence/rb05-narrative/candidate-3/independent/independent/fixtures/NP03.json
 create mode 100644 docs/quality/current-review/evidence/rb05-narrative/candidate-3/independent/independent/fixtures/NP03b.json
 create mode 100644 docs/quality/current-review/evidence/rb05-narrative/candidate-3/independent/independent/fixtures/NP04.json
 create mode 100644 docs/quality/current-review/evidence/rb05-narrative/candidate-3/independent/independent/fixtures/NP05.json
 create mode 100644 docs/quality/current-review/evidence/rb05-narrative/candidate-3/independent/independent/fixtures/NP06.json
 create mode 100644 docs/quality/current-review/evidence/rb05-narrative/candidate-3/independent/independent/fixtures/NP07.json
 create mode 100644 docs/quality/current-review/evidence/rb05-narrative/candidate-3/independent/independent/fixtures/NP07b.json
 create mode 100644 docs/quality/current-review/evidence/rb05-narrative/candidate-3/independent/independent/fixtures/NP08.json
 create mode 100644 docs/quality/current-review/evidence/rb05-narrative/candidate-3/independent/independent/fixtures/NP09a.json
 create mode 100644 docs/quality/current-review/evidence/rb05-narrative/candidate-3/independent/independent/fixtures/NP09b.json
 create mode 100644 docs/quality/current-review/evidence/rb05-narrative/candidate-3/independent/independent/fixtures/NP09c.json
 create mode 100644 docs/quality/current-review/evidence/rb05-narrative/candidate-3/independent/independent/fixtures/NP10.json
 create mode 100644 docs/quality/current-review/evidence/rb05-narrative/candidate-3/independent/independent/fixtures/UI01-project.json
 create mode 100644 docs/quality/current-review/evidence/rb05-narrative/candidate-3/independent/independent/fixtures/UI02-project.json
 create mode 100644 docs/quality/current-review/evidence/rb05-narrative/candidate-3/independent/independent/fixtures/UI03-project.json
 create mode 100644 docs/quality/current-review/evidence/rb05-narrative/candidate-3/independent/independent/fixtures/UI04-project.json
 create mode 100644 docs/quality/current-review/evidence/rb05-narrative/candidate-3/independent/independent/fixtures/UI05-observation.json
 create mode 100644 docs/quality/current-review/evidence/rb05-narrative/candidate-3/independent/independent/fixtures/UI05-project.json
 create mode 100644 docs/quality/current-review/evidence/rb05-narrative/candidate-3/independent/independent/fixtures/UI06-project.json
 create mode 100644 docs/quality/current-review/evidence/rb05-narrative/candidate-3/independent/independent/fixtures/UI07-project.json
 create mode 100644 docs/quality/current-review/evidence/rb05-narrative/candidate-3/independent/independent/fixtures/UI08-native-clone.json
 create mode 100644 docs/quality/current-review/evidence/rb05-narrative/candidate-3/independent/independent/fixtures/UI08-project.json
 create mode 100644 docs/quality/current-review/evidence/rb05-narrative/candidate-3/independent/independent/fixtures/UI09-clock-observation.json
 create mode 100644 docs/quality/current-review/evidence/rb05-narrative/candidate-3/independent/independent/fixtures/UI09-project.json
 create mode 100644 docs/quality/current-review/evidence/rb05-narrative/candidate-3/independent/independent/fixtures/UI10-clock-observation.json
 create mode 100644 docs/quality/current-review/evidence/rb05-narrative/candidate-3/independent/independent/fixtures/UI10-project.json
 create mode 100644 docs/quality/current-review/evidence/rb05-narrative/candidate-3/independent/independent/narrative-original.log
 create mode 100644 docs/quality/current-review/evidence/rb05-narrative/candidate-3/independent/independent/vite.log
 create mode 100644 docs/quality/current-review/evidence/rb05-narrative/candidate-3/independent/original-contracts.json
 create mode 100644 docs/quality/current-review/evidence/rb05-narrative/candidate-3/independent/source-manifest.json
 create mode 100644 docs/quality/current-review/evidence/rb05-narrative/candidate-3/independent/tests/independent-edition-boundaries.test.ts
 create mode 100644 docs/quality/current-review/evidence/rb05-narrative/candidate-3/independent/tests/independent-edition-context-clock.test.ts
 create mode 100644 docs/quality/current-review/evidence/rb05-narrative/candidate-3/independent/tests/independent-edition-extra.test.ts
 create mode 100644 docs/quality/current-review/evidence/rb05-narrative/candidate-3/independent/tests/independent-edition-preservation.test.ts
 create mode 100644 docs/quality/current-review/evidence/rb05-narrative/candidate-3/independent/tests/independent-narrative-boundaries.test.ts
 create mode 100644 docs/quality/current-review/evidence/rb05-narrative/candidate-3/plan.log
 create mode 100644 docs/quality/current-review/evidence/rb05-narrative/candidate-3/python.log
 create mode 100644 docs/quality/current-review/evidence/rb05-narrative/candidate-3/schema.log
 create mode 100644 docs/quality/current-review/evidence/rb05-narrative/candidate-3/unit.json
 create mode 100644 docs/quality/current-review/evidence/rb05-narrative/candidate-3/unit.log
 create mode 100644 docs/quality/current-review/evidence/rb05-narrative/candidate-4/build-info.json
 create mode 100644 docs/quality/current-review/evidence/rb05-narrative/candidate-4/build.log
 create mode 100644 docs/quality/current-review/evidence/rb05-narrative/candidate-4/candidate-binding.json
 create mode 100644 docs/quality/current-review/evidence/rb05-narrative/candidate-4/unit.json
 create mode 100644 docs/quality/current-review/evidence/rb05-narrative/candidate-4/unit.log
 create mode 100644 docs/quality/current-review/evidence/rb05-narrative/candidate-5/build-info-observation.json
 create mode 100644 docs/quality/current-review/evidence/rb05-narrative/candidate-5/build.log
 create mode 100644 docs/quality/current-review/evidence/rb05-narrative/candidate-5/candidate-binding.json
 create mode 100644 docs/quality/current-review/evidence/rb05-narrative/candidate-5/e2e.log
 create mode 100644 docs/quality/current-review/evidence/rb05-narrative/candidate-5/independent/ARTIFACT_BINDING.json
 create mode 100644 docs/quality/current-review/evidence/rb05-narrative/candidate-5/independent/INDEPENDENT_REVIEW.json
 create mode 100644 docs/quality/current-review/evidence/rb05-narrative/candidate-5/independent/INDEPENDENT_REVIEW.md
 create mode 100644 docs/quality/current-review/evidence/rb05-narrative/candidate-5/independent/SOURCE_COMMIT_BINDING.json
 create mode 100644 docs/quality/current-review/evidence/rb05-narrative/candidate-5/independent/independent-app-chapter-extra.mjs
 create mode 100644 docs/quality/current-review/evidence/rb05-narrative/candidate-5/independent/independent-app-clock-extra.mjs
 create mode 100644 docs/quality/current-review/evidence/rb05-narrative/candidate-5/independent/independent-app-harness.html
 create mode 100644 docs/quality/current-review/evidence/rb05-narrative/candidate-5/independent/independent-app-harness.tsx
 create mode 100644 docs/quality/current-review/evidence/rb05-narrative/candidate-5/independent/independent-app-review.mjs
 create mode 100644 docs/quality/current-review/evidence/rb05-narrative/candidate-5/independent/independent/browser-chapter-extra.json
 create mode 100644 docs/quality/current-review/evidence/rb05-narrative/candidate-5/independent/independent/browser-chapter-extra.log
 create mode 100644 docs/quality/current-review/evidence/rb05-narrative/candidate-5/independent/independent/browser-clock-extra.json
 create mode 100644 docs/quality/current-review/evidence/rb05-narrative/candidate-5/independent/independent/browser-clock-extra.log
 create mode 100644 docs/quality/current-review/evidence/rb05-narrative/candidate-5/independent/independent/browser-review.json
 create mode 100644 docs/quality/current-review/evidence/rb05-narrative/candidate-5/independent/independent/browser-review.log
 create mode 100644 docs/quality/current-review/evidence/rb05-narrative/candidate-5/independent/independent/edition-original.log
 create mode 100644 docs/quality/current-review/evidence/rb05-narrative/candidate-5/independent/independent/edition-repaired.log
 create mode 100644 docs/quality/current-review/evidence/rb05-narrative/candidate-5/independent/independent/fixtures/CTX-chapter.json
 create mode 100644 docs/quality/current-review/evidence/rb05-narrative/candidate-5/independent/independent/fixtures/CTX-graph.json
 create mode 100644 docs/quality/current-review/evidence/rb05-narrative/candidate-5/independent/independent/fixtures/EN01.json
 create mode 100644 docs/quality/current-review/evidence/rb05-narrative/candidate-5/independent/independent/fixtures/EN02.json
 create mode 100644 docs/quality/current-review/evidence/rb05-narrative/candidate-5/independent/independent/fixtures/EN03.json
 create mode 100644 docs/quality/current-review/evidence/rb05-narrative/candidate-5/independent/independent/fixtures/EN04.json
 create mode 100644 docs/quality/current-review/evidence/rb05-narrative/candidate-5/independent/independent/fixtures/EN05.json
 create mode 100644 docs/quality/current-review/evidence/rb05-narrative/candidate-5/independent/independent/fixtures/EN06.json
 create mode 100644 docs/quality/current-review/evidence/rb05-narrative/candidate-5/independent/independent/fixtures/EN07.json
 create mode 100644 docs/quality/current-review/evidence/rb05-narrative/candidate-5/independent/independent/fixtures/EN08.json
 create mode 100644 docs/quality/current-review/evidence/rb05-narrative/candidate-5/independent/independent/fixtures/EN09.json
 create mode 100644 docs/quality/current-review/evidence/rb05-narrative/candidate-5/independent/independent/fixtures/EN10.json
 create mode 100644 docs/quality/current-review/evidence/rb05-narrative/candidate-5/independent/independent/fixtures/EN11.json
 create mode 100644 docs/quality/current-review/evidence/rb05-narrative/candidate-5/independent/independent/fixtures/EN12.json
 create mode 100644 docs/quality/current-review/evidence/rb05-narrative/candidate-5/independent/independent/fixtures/EN13.json
 create mode 100644 docs/quality/current-review/evidence/rb05-narrative/candidate-5/independent/independent/fixtures/EN14.json
 create mode 100644 docs/quality/current-review/evidence/rb05-narrative/candidate-5/independent/independent/fixtures/EN15.json
 create mode 100644 docs/quality/current-review/evidence/rb05-narrative/candidate-5/independent/independent/fixtures/EN16.json
 create mode 100644 docs/quality/current-review/evidence/rb05-narrative/candidate-5/independent/independent/fixtures/EN17.json
 create mode 100644 docs/quality/current-review/evidence/rb05-narrative/candidate-5/independent/independent/fixtures/EN18.json
 create mode 100644 docs/quality/current-review/evidence/rb05-narrative/candidate-5/independent/independent/fixtures/LEG-chapter.json
 create mode 100644 docs/quality/current-review/evidence/rb05-narrative/candidate-5/independent/independent/fixtures/LEG-flow.json
 create mode 100644 docs/quality/current-review/evidence/rb05-narrative/candidate-5/independent/independent/fixtures/NP01.json
 create mode 100644 docs/quality/current-review/evidence/rb05-narrative/candidate-5/independent/independent/fixtures/NP02.json
 create mode 100644 docs/quality/current-review/evidence/rb05-narrative/candidate-5/independent/independent/fixtures/NP03.json
 create mode 100644 docs/quality/current-review/evidence/rb05-narrative/candidate-5/independent/independent/fixtures/NP03b.json
 create mode 100644 docs/quality/current-review/evidence/rb05-narrative/candidate-5/independent/independent/fixtures/NP04.json
 create mode 100644 docs/quality/current-review/evidence/rb05-narrative/candidate-5/independent/independent/fixtures/NP05.json
 create mode 100644 docs/quality/current-review/evidence/rb05-narrative/candidate-5/independent/independent/fixtures/NP06.json
 create mode 100644 docs/quality/current-review/evidence/rb05-narrative/candidate-5/independent/independent/fixtures/NP07.json
 create mode 100644 docs/quality/current-review/evidence/rb05-narrative/candidate-5/independent/independent/fixtures/NP07b.json
 create mode 100644 docs/quality/current-review/evidence/rb05-narrative/candidate-5/independent/independent/fixtures/NP08.json
 create mode 100644 docs/quality/current-review/evidence/rb05-narrative/candidate-5/independent/independent/fixtures/NP09a.json
 create mode 100644 docs/quality/current-review/evidence/rb05-narrative/candidate-5/independent/independent/fixtures/NP09b.json
 create mode 100644 docs/quality/current-review/evidence/rb05-narrative/candidate-5/independent/independent/fixtures/NP09c.json
 create mode 100644 docs/quality/current-review/evidence/rb05-narrative/candidate-5/independent/independent/fixtures/NP10.json
 create mode 100644 docs/quality/current-review/evidence/rb05-narrative/candidate-5/independent/independent/fixtures/UI01-project.json
 create mode 100644 docs/quality/current-review/evidence/rb05-narrative/candidate-5/independent/independent/fixtures/UI02-project.json
 create mode 100644 docs/quality/current-review/evidence/rb05-narrative/candidate-5/independent/independent/fixtures/UI03-project.json
 create mode 100644 docs/quality/current-review/evidence/rb05-narrative/candidate-5/independent/independent/fixtures/UI04-project.json
 create mode 100644 docs/quality/current-review/evidence/rb05-narrative/candidate-5/independent/independent/fixtures/UI05-observation.json
 create mode 100644 docs/quality/current-review/evidence/rb05-narrative/candidate-5/independent/independent/fixtures/UI05-project.json
 create mode 100644 docs/quality/current-review/evidence/rb05-narrative/candidate-5/independent/independent/fixtures/UI06-project.json
 create mode 100644 docs/quality/current-review/evidence/rb05-narrative/candidate-5/independent/independent/fixtures/UI07-project.json
 create mode 100644 docs/quality/current-review/evidence/rb05-narrative/candidate-5/independent/independent/fixtures/UI08-native-clone.json
 create mode 100644 docs/quality/current-review/evidence/rb05-narrative/candidate-5/independent/independent/fixtures/UI08-project.json
 create mode 100644 docs/quality/current-review/evidence/rb05-narrative/candidate-5/independent/independent/fixtures/UI09-clock-observation.json
 create mode 100644 docs/quality/current-review/evidence/rb05-narrative/candidate-5/independent/independent/fixtures/UI09-project.json
 create mode 100644 docs/quality/current-review/evidence/rb05-narrative/candidate-5/independent/independent/fixtures/UI10-clock-observation.json
 create mode 100644 docs/quality/current-review/evidence/rb05-narrative/candidate-5/independent/independent/fixtures/UI10-cold-clock-observation.json
 create mode 100644 docs/quality/current-review/evidence/rb05-narrative/candidate-5/independent/independent/fixtures/UI10-project.json
 create mode 100644 docs/quality/current-review/evidence/rb05-narrative/candidate-5/independent/independent/legacy-frozen.log
 create mode 100644 docs/quality/current-review/evidence/rb05-narrative/candidate-5/independent/independent/narrative-original.log
 create mode 100644 docs/quality/current-review/evidence/rb05-narrative/candidate-5/independent/independent/scoped-reuse-context.log
 create mode 100644 docs/quality/current-review/evidence/rb05-narrative/candidate-5/independent/independent/setup-explicit-chapter-scene-context/README.md
 create mode 100644 docs/quality/current-review/evidence/rb05-narrative/candidate-5/independent/independent/setup-explicit-chapter-scene-context/independent-app-chapter-extra.mjs
 create mode 100644 docs/quality/current-review/evidence/rb05-narrative/candidate-5/independent/independent/setup-explicit-chapter-scene-context/independent-app-clock-extra.mjs
 create mode 100644 docs/quality/current-review/evidence/rb05-narrative/candidate-5/independent/independent/vite.log
 create mode 100644 docs/quality/current-review/evidence/rb05-narrative/candidate-5/independent/original-contracts.json
 create mode 100644 docs/quality/current-review/evidence/rb05-narrative/candidate-5/independent/source-manifest.json
 create mode 100644 docs/quality/current-review/evidence/rb05-narrative/candidate-5/independent/tests/independent-edition-boundaries.test.ts
 create mode 100644 docs/quality/current-review/evidence/rb05-narrative/candidate-5/independent/tests/independent-edition-context-clock.test.ts
 create mode 100644 docs/quality/current-review/evidence/rb05-narrative/candidate-5/independent/tests/independent-edition-extra.test.ts
 create mode 100644 docs/quality/current-review/evidence/rb05-narrative/candidate-5/independent/tests/independent-edition-preservation.test.ts
 create mode 100644 docs/quality/current-review/evidence/rb05-narrative/candidate-5/independent/tests/independent-legacy-frozen.test.ts
 create mode 100644 docs/quality/current-review/evidence/rb05-narrative/candidate-5/independent/tests/independent-narrative-boundaries.test.ts
 create mode 100644 docs/quality/current-review/evidence/rb05-narrative/candidate-5/independent/tests/independent-scoped-reuse-context.test.ts
 create mode 100644 docs/quality/current-review/evidence/rb05-narrative/candidate-5/source-manifest.json
 create mode 100644 docs/quality/current-review/evidence/rb05-narrative/candidate-5/unit.json
 create mode 100644 docs/quality/current-review/evidence/rb05-narrative/candidate-5/unit.log
 create mode 100644 docs/quality/current-review/evidence/rb05-narrative/candidate-6/ARTIFACTS.json
 create mode 100644 docs/quality/current-review/evidence/rb05-narrative/candidate-6/build-info.json
 create mode 100644 docs/quality/current-review/evidence/rb05-narrative/candidate-6/build.log
 create mode 100644 docs/quality/current-review/evidence/rb05-narrative/candidate-6/candidate-binding.json
 create mode 100644 docs/quality/current-review/evidence/rb05-narrative/candidate-6/docs.log
 create mode 100644 docs/quality/current-review/evidence/rb05-narrative/candidate-6/e2e.log
 create mode 100644 docs/quality/current-review/evidence/rb05-narrative/candidate-6/independent/ARTIFACT_BINDING.json
 create mode 100644 docs/quality/current-review/evidence/rb05-narrative/candidate-6/independent/INDEPENDENT_REVIEW.json
 create mode 100644 docs/quality/current-review/evidence/rb05-narrative/candidate-6/independent/INDEPENDENT_REVIEW.md
 create mode 100644 docs/quality/current-review/evidence/rb05-narrative/candidate-6/independent/SOURCE_COMMIT_BINDING.json
 create mode 100644 docs/quality/current-review/evidence/rb05-narrative/candidate-6/independent/independent-app-chapter-extra.mjs
 create mode 100644 docs/quality/current-review/evidence/rb05-narrative/candidate-6/independent/independent-app-clock-extra.mjs
 create mode 100644 docs/quality/current-review/evidence/rb05-narrative/candidate-6/independent/independent-app-harness.html
 create mode 100644 docs/quality/current-review/evidence/rb05-narrative/candidate-6/independent/independent-app-harness.tsx
 create mode 100644 docs/quality/current-review/evidence/rb05-narrative/candidate-6/independent/independent-app-review.mjs
 create mode 100644 docs/quality/current-review/evidence/rb05-narrative/candidate-6/independent/independent-app-scoped-caller.mjs
 create mode 100644 docs/quality/current-review/evidence/rb05-narrative/candidate-6/independent/independent-app-scoped-reuse.mjs
 create mode 100644 docs/quality/current-review/evidence/rb05-narrative/candidate-6/independent/independent/browser-chapter-extra.json
 create mode 100644 docs/quality/current-review/evidence/rb05-narrative/candidate-6/independent/independent/browser-chapter-extra.log
 create mode 100644 docs/quality/current-review/evidence/rb05-narrative/candidate-6/independent/independent/browser-clock-extra.json
 create mode 100644 docs/quality/current-review/evidence/rb05-narrative/candidate-6/independent/independent/browser-clock-extra.log
 create mode 100644 docs/quality/current-review/evidence/rb05-narrative/candidate-6/independent/independent/browser-scoped-caller.json
 create mode 100644 docs/quality/current-review/evidence/rb05-narrative/candidate-6/independent/independent/browser-scoped-caller.log
 create mode 100644 docs/quality/current-review/evidence/rb05-narrative/candidate-6/independent/independent/browser-scoped-reuse.json
 create mode 100644 docs/quality/current-review/evidence/rb05-narrative/candidate-6/independent/independent/browser-scoped-reuse.log
 create mode 100644 docs/quality/current-review/evidence/rb05-narrative/candidate-6/independent/independent/edition-original.log
 create mode 100644 docs/quality/current-review/evidence/rb05-narrative/candidate-6/independent/independent/edition-remaining.log
 create mode 100644 docs/quality/current-review/evidence/rb05-narrative/candidate-6/independent/independent/fixtures/CTX-UI-chapter-native.json
 create mode 100644 docs/quality/current-review/evidence/rb05-narrative/candidate-6/independent/independent/fixtures/CTX-UI-chapter-project.json
 create mode 100644 docs/quality/current-review/evidence/rb05-narrative/candidate-6/independent/independent/fixtures/CTX-UI-child-exit-observation.json
 create mode 100644 docs/quality/current-review/evidence/rb05-narrative/candidate-6/independent/independent/fixtures/CTX-UI-child-project.json
 create mode 100644 docs/quality/current-review/evidence/rb05-narrative/candidate-6/independent/independent/fixtures/CTX-UI-graph-native.json
 create mode 100644 docs/quality/current-review/evidence/rb05-narrative/candidate-6/independent/independent/fixtures/CTX-UI-graph-project.json
 create mode 100644 docs/quality/current-review/evidence/rb05-narrative/candidate-6/independent/independent/fixtures/CTX-chapter-extended.json
 create mode 100644 docs/quality/current-review/evidence/rb05-narrative/candidate-6/independent/independent/fixtures/CTX-chapter.json
 create mode 100644 docs/quality/current-review/evidence/rb05-narrative/candidate-6/independent/independent/fixtures/CTX-child-independent.json
 create mode 100644 docs/quality/current-review/evidence/rb05-narrative/candidate-6/independent/independent/fixtures/CTX-graph-extended.json
 create mode 100644 docs/quality/current-review/evidence/rb05-narrative/candidate-6/independent/independent/fixtures/CTX-graph.json
 create mode 100644 docs/quality/current-review/evidence/rb05-narrative/candidate-6/independent/independent/fixtures/EN01.json
 create mode 100644 docs/quality/current-review/evidence/rb05-narrative/candidate-6/independent/independent/fixtures/EN02.json
 create mode 100644 docs/quality/current-review/evidence/rb05-narrative/candidate-6/independent/independent/fixtures/EN03.json
 create mode 100644 docs/quality/current-review/evidence/rb05-narrative/candidate-6/independent/independent/fixtures/EN04.json
 create mode 100644 docs/quality/current-review/evidence/rb05-narrative/candidate-6/independent/independent/fixtures/EN05.json
 create mode 100644 docs/quality/current-review/evidence/rb05-narrative/candidate-6/independent/independent/fixtures/EN06.json
 create mode 100644 docs/quality/current-review/evidence/rb05-narrative/candidate-6/independent/independent/fixtures/EN07.json
 create mode 100644 docs/quality/current-review/evidence/rb05-narrative/candidate-6/independent/independent/fixtures/EN08.json
 create mode 100644 docs/quality/current-review/evidence/rb05-narrative/candidate-6/independent/independent/fixtures/EN09.json
 create mode 100644 docs/quality/current-review/evidence/rb05-narrative/candidate-6/independent/independent/fixtures/EN10.json
 create mode 100644 docs/quality/current-review/evidence/rb05-narrative/candidate-6/independent/independent/fixtures/EN11.json
 create mode 100644 docs/quality/current-review/evidence/rb05-narrative/candidate-6/independent/independent/fixtures/EN12.json
 create mode 100644 docs/quality/current-review/evidence/rb05-narrative/candidate-6/independent/independent/fixtures/EN13.json
 create mode 100644 docs/quality/current-review/evidence/rb05-narrative/candidate-6/independent/independent/fixtures/EN14.json
 create mode 100644 docs/quality/current-review/evidence/rb05-narrative/candidate-6/independent/independent/fixtures/EN15.json
 create mode 100644 docs/quality/current-review/evidence/rb05-narrative/candidate-6/independent/independent/fixtures/EN16.json
 create mode 100644 docs/quality/current-review/evidence/rb05-narrative/candidate-6/independent/independent/fixtures/EN17.json
 create mode 100644 docs/quality/current-review/evidence/rb05-narrative/candidate-6/independent/independent/fixtures/EN18.json
 create mode 100644 docs/quality/current-review/evidence/rb05-narrative/candidate-6/independent/independent/fixtures/LEG-chapter.json
 create mode 100644 docs/quality/current-review/evidence/rb05-narrative/candidate-6/independent/independent/fixtures/LEG-flow.json
 create mode 100644 docs/quality/current-review/evidence/rb05-narrative/candidate-6/independent/independent/fixtures/NP01.json
 create mode 100644 docs/quality/current-review/evidence/rb05-narrative/candidate-6/independent/independent/fixtures/NP02.json
 create mode 100644 docs/quality/current-review/evidence/rb05-narrative/candidate-6/independent/independent/fixtures/NP03.json
 create mode 100644 docs/quality/current-review/evidence/rb05-narrative/candidate-6/independent/independent/fixtures/NP03b.json
 create mode 100644 docs/quality/current-review/evidence/rb05-narrative/candidate-6/independent/independent/fixtures/NP04.json
 create mode 100644 docs/quality/current-review/evidence/rb05-narrative/candidate-6/independent/independent/fixtures/NP05.json
 create mode 100644 docs/quality/current-review/evidence/rb05-narrative/candidate-6/independent/independent/fixtures/NP06.json
 create mode 100644 docs/quality/current-review/evidence/rb05-narrative/candidate-6/independent/independent/fixtures/NP07.json
 create mode 100644 docs/quality/current-review/evidence/rb05-narrative/candidate-6/independent/independent/fixtures/NP07b.json
 create mode 100644 docs/quality/current-review/evidence/rb05-narrative/candidate-6/independent/independent/fixtures/NP08.json
 create mode 100644 docs/quality/current-review/evidence/rb05-narrative/candidate-6/independent/independent/fixtures/NP09a.json
 create mode 100644 docs/quality/current-review/evidence/rb05-narrative/candidate-6/independent/independent/fixtures/NP09b.json
 create mode 100644 docs/quality/current-review/evidence/rb05-narrative/candidate-6/independent/independent/fixtures/NP09c.json
 create mode 100644 docs/quality/current-review/evidence/rb05-narrative/candidate-6/independent/independent/fixtures/NP10.json
 create mode 100644 docs/quality/current-review/evidence/rb05-narrative/candidate-6/independent/independent/fixtures/UI08-native-clone.json
 create mode 100644 docs/quality/current-review/evidence/rb05-narrative/candidate-6/independent/independent/fixtures/UI08-project.json
 create mode 100644 docs/quality/current-review/evidence/rb05-narrative/candidate-6/independent/independent/fixtures/UI09-clock-observation.json
 create mode 100644 docs/quality/current-review/evidence/rb05-narrative/candidate-6/independent/independent/fixtures/UI09-project.json
 create mode 100644 docs/quality/current-review/evidence/rb05-narrative/candidate-6/independent/independent/fixtures/UI10-clock-observation.json
 create mode 100644 docs/quality/current-review/evidence/rb05-narrative/candidate-6/independent/independent/fixtures/UI10-cold-clock-observation.json
 create mode 100644 docs/quality/current-review/evidence/rb05-narrative/candidate-6/independent/independent/fixtures/UI10-project.json
 create mode 100644 docs/quality/current-review/evidence/rb05-narrative/candidate-6/independent/independent/narrative-original.log
 create mode 100644 docs/quality/current-review/evidence/rb05-narrative/candidate-6/independent/independent/original-acceptance-scope.json
 create mode 100644 docs/quality/current-review/evidence/rb05-narrative/candidate-6/independent/independent/scoped-reuse-context.log
 create mode 100644 docs/quality/current-review/evidence/rb05-narrative/candidate-6/independent/independent/scoped-reuse-extended.log
 create mode 100644 docs/quality/current-review/evidence/rb05-narrative/candidate-6/independent/independent/setup-call-owner-label/CTX-UI-child-project.json
 create mode 100644 docs/quality/current-review/evidence/rb05-narrative/candidate-6/independent/independent/setup-call-owner-label/README.md
 create mode 100644 docs/quality/current-review/evidence/rb05-narrative/candidate-6/independent/independent/setup-call-owner-label/browser-scoped-reuse.json
 create mode 100644 docs/quality/current-review/evidence/rb05-narrative/candidate-6/independent/independent/setup-call-owner-label/browser-scoped-reuse.log
 create mode 100644 docs/quality/current-review/evidence/rb05-narrative/candidate-6/independent/independent/setup-call-owner-label/independent-app-scoped-reuse.mjs
 create mode 100644 docs/quality/current-review/evidence/rb05-narrative/candidate-6/independent/independent/setup-chapter-saved-observation/CTX-UI-chapter-native.json
 create mode 100644 docs/quality/current-review/evidence/rb05-narrative/candidate-6/independent/independent/setup-chapter-saved-observation/CTX-UI-chapter-project.json
 create mode 100644 docs/quality/current-review/evidence/rb05-narrative/candidate-6/independent/independent/setup-chapter-saved-observation/README.md
 create mode 100644 docs/quality/current-review/evidence/rb05-narrative/candidate-6/independent/independent/setup-chapter-saved-observation/browser-scoped-caller.json
 create mode 100644 docs/quality/current-review/evidence/rb05-narrative/candidate-6/independent/independent/setup-chapter-saved-observation/browser-scoped-caller.log
 create mode 100644 docs/quality/current-review/evidence/rb05-narrative/candidate-6/independent/independent/setup-chapter-saved-observation/independent-app-scoped-caller.mjs
 create mode 100644 docs/quality/current-review/evidence/rb05-narrative/candidate-6/independent/independent/setup-child-external-mode/CTX-child-independent.json
 create mode 100644 docs/quality/current-review/evidence/rb05-narrative/candidate-6/independent/independent/setup-child-external-mode/README.md
 create mode 100644 docs/quality/current-review/evidence/rb05-narrative/candidate-6/independent/independent/setup-child-external-mode/independent-scoped-reuse-extended.test.ts
 create mode 100644 docs/quality/current-review/evidence/rb05-narrative/candidate-6/independent/independent/setup-child-external-mode/scoped-reuse-extended.log
 create mode 100644 docs/quality/current-review/evidence/rb05-narrative/candidate-6/independent/independent/vite.log
 create mode 100644 docs/quality/current-review/evidence/rb05-narrative/candidate-6/independent/source-manifest.json
 create mode 100644 docs/quality/current-review/evidence/rb05-narrative/candidate-6/independent/tests/independent-edition-boundaries.test.ts
 create mode 100644 docs/quality/current-review/evidence/rb05-narrative/candidate-6/independent/tests/independent-edition-context-clock.test.ts
 create mode 100644 docs/quality/current-review/evidence/rb05-narrative/candidate-6/independent/tests/independent-edition-extra.test.ts
 create mode 100644 docs/quality/current-review/evidence/rb05-narrative/candidate-6/independent/tests/independent-edition-preservation.test.ts
 create mode 100644 docs/quality/current-review/evidence/rb05-narrative/candidate-6/independent/tests/independent-legacy-frozen.test.ts
 create mode 100644 docs/quality/current-review/evidence/rb05-narrative/candidate-6/independent/tests/independent-narrative-boundaries.test.ts
 create mode 100644 docs/quality/current-review/evidence/rb05-narrative/candidate-6/independent/tests/independent-scoped-reuse-context.test.ts
 create mode 100644 docs/quality/current-review/evidence/rb05-narrative/candidate-6/independent/tests/independent-scoped-reuse-extended.test.ts
 create mode 100644 docs/quality/current-review/evidence/rb05-narrative/candidate-6/plan.log
 create mode 100644 docs/quality/current-review/evidence/rb05-narrative/candidate-6/python.log
 create mode 100644 docs/quality/current-review/evidence/rb05-narrative/candidate-6/schema-diff.log
 create mode 100644 docs/quality/current-review/evidence/rb05-narrative/candidate-6/schema.log
 create mode 100644 docs/quality/current-review/evidence/rb05-narrative/candidate-6/source-manifest.json
 create mode 100644 docs/quality/current-review/evidence/rb05-narrative/candidate-6/unit.json
 create mode 100644 docs/quality/current-review/evidence/rb05-narrative/candidate-6/unit.log
 create mode 100644 docs/quality/current-review/evidence/rb05-narrative/candidate-7/ARTIFACTS.json
 create mode 100644 docs/quality/current-review/evidence/rb05-narrative/candidate-7/build.log
 create mode 100644 docs/quality/current-review/evidence/rb05-narrative/candidate-7/candidate-binding.json
 create mode 100644 docs/quality/current-review/evidence/rb05-narrative/candidate-7/docs.log
 create mode 100644 docs/quality/current-review/evidence/rb05-narrative/candidate-7/e2e.log
 create mode 100644 docs/quality/current-review/evidence/rb05-narrative/candidate-7/independent/ARTIFACT_BINDING.json
 create mode 100644 docs/quality/current-review/evidence/rb05-narrative/candidate-7/independent/INDEPENDENT_REVIEW.json
 create mode 100644 docs/quality/current-review/evidence/rb05-narrative/candidate-7/independent/INDEPENDENT_REVIEW.md
 create mode 100644 docs/quality/current-review/evidence/rb05-narrative/candidate-7/independent/SOURCE_COMMIT_BINDING.json
 create mode 100644 docs/quality/current-review/evidence/rb05-narrative/candidate-7/independent/independent-app-chapter-extra.mjs
 create mode 100644 docs/quality/current-review/evidence/rb05-narrative/candidate-7/independent/independent-app-clock-extra.mjs
 create mode 100644 docs/quality/current-review/evidence/rb05-narrative/candidate-7/independent/independent-app-harness.html
 create mode 100644 docs/quality/current-review/evidence/rb05-narrative/candidate-7/independent/independent-app-harness.tsx
 create mode 100644 docs/quality/current-review/evidence/rb05-narrative/candidate-7/independent/independent-app-review.mjs
 create mode 100644 docs/quality/current-review/evidence/rb05-narrative/candidate-7/independent/independent-app-scoped-caller.mjs
 create mode 100644 docs/quality/current-review/evidence/rb05-narrative/candidate-7/independent/independent-app-scoped-reuse.mjs
 create mode 100644 docs/quality/current-review/evidence/rb05-narrative/candidate-7/independent/independent/SELECTOR_ADAPTATION.md
 create mode 100644 docs/quality/current-review/evidence/rb05-narrative/candidate-7/independent/independent/browser-scoped-reuse.json
 create mode 100644 docs/quality/current-review/evidence/rb05-narrative/candidate-7/independent/independent/browser-scoped-reuse.log
 create mode 100644 docs/quality/current-review/evidence/rb05-narrative/candidate-7/independent/independent/fixtures/CTX-UI-child-away-failure-observation.json
 create mode 100644 docs/quality/current-review/evidence/rb05-narrative/candidate-7/independent/independent/fixtures/CTX-UI-child-away-failure-project.json
 create mode 100644 docs/quality/current-review/evidence/rb05-narrative/candidate-7/independent/independent/fixtures/CTX-UI-child-exit-observation.json
 create mode 100644 docs/quality/current-review/evidence/rb05-narrative/candidate-7/independent/independent/fixtures/CTX-UI-child-native.json
 create mode 100644 docs/quality/current-review/evidence/rb05-narrative/candidate-7/independent/independent/fixtures/CTX-UI-child-project.json
 create mode 100644 docs/quality/current-review/evidence/rb05-narrative/candidate-7/independent/independent/fixtures/CTX-UI-child-save-failure-observation.json
 create mode 100644 docs/quality/current-review/evidence/rb05-narrative/candidate-7/independent/independent/fixtures/CTX-UI-child-save-failure-project.json
 create mode 100644 docs/quality/current-review/evidence/rb05-narrative/candidate-7/independent/independent/fixtures/CTX-chapter-extended.json
 create mode 100644 docs/quality/current-review/evidence/rb05-narrative/candidate-7/independent/independent/fixtures/CTX-chapter.json
 create mode 100644 docs/quality/current-review/evidence/rb05-narrative/candidate-7/independent/independent/fixtures/CTX-child-independent.json
 create mode 100644 docs/quality/current-review/evidence/rb05-narrative/candidate-7/independent/independent/fixtures/CTX-child-ui-source.json
 create mode 100644 docs/quality/current-review/evidence/rb05-narrative/candidate-7/independent/independent/fixtures/CTX-graph-extended.json
 create mode 100644 docs/quality/current-review/evidence/rb05-narrative/candidate-7/independent/independent/fixtures/CTX-graph.json
 create mode 100644 docs/quality/current-review/evidence/rb05-narrative/candidate-7/independent/independent/fixtures/EN01.json
 create mode 100644 docs/quality/current-review/evidence/rb05-narrative/candidate-7/independent/independent/fixtures/EN14.json
 create mode 100644 docs/quality/current-review/evidence/rb05-narrative/candidate-7/independent/independent/fixtures/EN15.json
 create mode 100644 docs/quality/current-review/evidence/rb05-narrative/candidate-7/independent/independent/fixtures/EN16.json
 create mode 100644 docs/quality/current-review/evidence/rb05-narrative/candidate-7/independent/independent/fixtures/EN17.json
 create mode 100644 docs/quality/current-review/evidence/rb05-narrative/candidate-7/independent/independent/fixtures/EN18.json
 create mode 100644 docs/quality/current-review/evidence/rb05-narrative/candidate-7/independent/independent/fixtures/LEG-chapter.json
 create mode 100644 docs/quality/current-review/evidence/rb05-narrative/candidate-7/independent/independent/fixtures/LEG-flow.json
 create mode 100644 docs/quality/current-review/evidence/rb05-narrative/candidate-7/independent/independent/original-acceptance-scope.json
 create mode 100644 docs/quality/current-review/evidence/rb05-narrative/candidate-7/independent/independent/scoped-reuse-and-preservation.log
 create mode 100644 docs/quality/current-review/evidence/rb05-narrative/candidate-7/independent/independent/setup-normalized-state-text/README.md
 create mode 100644 docs/quality/current-review/evidence/rb05-narrative/candidate-7/independent/independent/setup-normalized-state-text/browser-scoped-reuse.json
 create mode 100644 docs/quality/current-review/evidence/rb05-narrative/candidate-7/independent/independent/setup-normalized-state-text/browser-scoped-reuse.log
 create mode 100644 docs/quality/current-review/evidence/rb05-narrative/candidate-7/independent/independent/setup-normalized-state-text/independent-app-scoped-reuse.mjs
 create mode 100644 docs/quality/current-review/evidence/rb05-narrative/candidate-7/independent/independent/vite.log
 create mode 100644 docs/quality/current-review/evidence/rb05-narrative/candidate-7/independent/source-manifest.json
 create mode 100644 docs/quality/current-review/evidence/rb05-narrative/candidate-7/independent/tests/independent-edition-boundaries.test.ts
 create mode 100644 docs/quality/current-review/evidence/rb05-narrative/candidate-7/independent/tests/independent-edition-context-clock.test.ts
 create mode 100644 docs/quality/current-review/evidence/rb05-narrative/candidate-7/independent/tests/independent-edition-extra.test.ts
 create mode 100644 docs/quality/current-review/evidence/rb05-narrative/candidate-7/independent/tests/independent-edition-preservation.test.ts
 create mode 100644 docs/quality/current-review/evidence/rb05-narrative/candidate-7/independent/tests/independent-legacy-frozen.test.ts
 create mode 100644 docs/quality/current-review/evidence/rb05-narrative/candidate-7/independent/tests/independent-narrative-boundaries.test.ts
 create mode 100644 docs/quality/current-review/evidence/rb05-narrative/candidate-7/independent/tests/independent-scoped-reuse-context.test.ts
 create mode 100644 docs/quality/current-review/evidence/rb05-narrative/candidate-7/independent/tests/independent-scoped-reuse-extended.test.ts
 create mode 100644 docs/quality/current-review/evidence/rb05-narrative/candidate-7/plan.log
 create mode 100644 docs/quality/current-review/evidence/rb05-narrative/candidate-7/python.log
 create mode 100644 docs/quality/current-review/evidence/rb05-narrative/candidate-7/schema-diff.log
 create mode 100644 docs/quality/current-review/evidence/rb05-narrative/candidate-7/schema.log
 create mode 100644 docs/quality/current-review/evidence/rb05-narrative/candidate-7/source-manifest.json
 create mode 100644 docs/quality/current-review/evidence/rb05-narrative/candidate-7/unit.json
 create mode 100644 docs/quality/current-review/evidence/rb05-narrative/candidate-7/unit.log
 create mode 100644 docs/quality/current-review/evidence/rb05-narrative/candidate-8/ARTIFACTS.json
 create mode 100644 docs/quality/current-review/evidence/rb05-narrative/candidate-8/build-info.json
 create mode 100644 docs/quality/current-review/evidence/rb05-narrative/candidate-8/build.log
 create mode 100644 docs/quality/current-review/evidence/rb05-narrative/candidate-8/candidate-binding.json
 create mode 100644 docs/quality/current-review/evidence/rb05-narrative/candidate-8/docs.log
 create mode 100644 docs/quality/current-review/evidence/rb05-narrative/candidate-8/e2e.log
 create mode 100644 docs/quality/current-review/evidence/rb05-narrative/candidate-8/independent/ARTIFACT_BINDING.json
 create mode 100644 docs/quality/current-review/evidence/rb05-narrative/candidate-8/independent/INDEPENDENT_REVIEW.json
 create mode 100644 docs/quality/current-review/evidence/rb05-narrative/candidate-8/independent/INDEPENDENT_REVIEW.md
 create mode 100644 docs/quality/current-review/evidence/rb05-narrative/candidate-8/independent/SOURCE_COMMIT_BINDING.json
 create mode 100644 docs/quality/current-review/evidence/rb05-narrative/candidate-8/independent/independent-app-ack-harness.html
 create mode 100644 docs/quality/current-review/evidence/rb05-narrative/candidate-8/independent/independent-app-ack-harness.tsx
 create mode 100644 docs/quality/current-review/evidence/rb05-narrative/candidate-8/independent/independent-app-async-harness.html
 create mode 100644 docs/quality/current-review/evidence/rb05-narrative/candidate-8/independent/independent-app-async-harness.tsx
 create mode 100644 docs/quality/current-review/evidence/rb05-narrative/candidate-8/independent/independent-app-chapter-extra.mjs
 create mode 100644 docs/quality/current-review/evidence/rb05-narrative/candidate-8/independent/independent-app-clock-extra.mjs
 create mode 100644 docs/quality/current-review/evidence/rb05-narrative/candidate-8/independent/independent-app-harness.html
 create mode 100644 docs/quality/current-review/evidence/rb05-narrative/candidate-8/independent/independent-app-harness.tsx
 create mode 100644 docs/quality/current-review/evidence/rb05-narrative/candidate-8/independent/independent-app-reader-ack.mjs
 create mode 100644 docs/quality/current-review/evidence/rb05-narrative/candidate-8/independent/independent-app-reader-lifecycle.mjs
 create mode 100644 docs/quality/current-review/evidence/rb05-narrative/candidate-8/independent/independent-app-review.mjs
 create mode 100644 docs/quality/current-review/evidence/rb05-narrative/candidate-8/independent/independent-app-scoped-caller.mjs
 create mode 100644 docs/quality/current-review/evidence/rb05-narrative/candidate-8/independent/independent-app-scoped-reuse.mjs
 create mode 100644 docs/quality/current-review/evidence/rb05-narrative/candidate-8/independent/independent/SELECTOR_ADAPTATION.md
 create mode 100644 docs/quality/current-review/evidence/rb05-narrative/candidate-8/independent/independent/browser-reader-ack.json
 create mode 100644 docs/quality/current-review/evidence/rb05-narrative/candidate-8/independent/independent/browser-reader-ack.log
 create mode 100644 docs/quality/current-review/evidence/rb05-narrative/candidate-8/independent/independent/browser-reader-lifecycle.json
 create mode 100644 docs/quality/current-review/evidence/rb05-narrative/candidate-8/independent/independent/browser-reader-lifecycle.log
 create mode 100644 docs/quality/current-review/evidence/rb05-narrative/candidate-8/independent/independent/browser-scoped-reuse.json
 create mode 100644 docs/quality/current-review/evidence/rb05-narrative/candidate-8/independent/independent/browser-scoped-reuse.log
 create mode 100644 docs/quality/current-review/evidence/rb05-narrative/candidate-8/independent/independent/fixtures/CTX-UI-child-away-failure-observation.json
 create mode 100644 docs/quality/current-review/evidence/rb05-narrative/candidate-8/independent/independent/fixtures/CTX-UI-child-away-failure-project.json
 create mode 100644 docs/quality/current-review/evidence/rb05-narrative/candidate-8/independent/independent/fixtures/CTX-UI-child-exit-observation.json
 create mode 100644 docs/quality/current-review/evidence/rb05-narrative/candidate-8/independent/independent/fixtures/CTX-UI-child-native.json
 create mode 100644 docs/quality/current-review/evidence/rb05-narrative/candidate-8/independent/independent/fixtures/CTX-UI-child-project.json
 create mode 100644 docs/quality/current-review/evidence/rb05-narrative/candidate-8/independent/independent/fixtures/CTX-UI-child-save-failure-observation.json
 create mode 100644 docs/quality/current-review/evidence/rb05-narrative/candidate-8/independent/independent/fixtures/CTX-UI-child-save-failure-project.json
 create mode 100644 docs/quality/current-review/evidence/rb05-narrative/candidate-8/independent/independent/fixtures/CTX-chapter-extended.json
 create mode 100644 docs/quality/current-review/evidence/rb05-narrative/candidate-8/independent/independent/fixtures/CTX-chapter.json
 create mode 100644 docs/quality/current-review/evidence/rb05-narrative/candidate-8/independent/independent/fixtures/CTX-child-independent.json
 create mode 100644 docs/quality/current-review/evidence/rb05-narrative/candidate-8/independent/independent/fixtures/CTX-child-ui-source.json
 create mode 100644 docs/quality/current-review/evidence/rb05-narrative/candidate-8/independent/independent/fixtures/CTX-graph-extended.json
 create mode 100644 docs/quality/current-review/evidence/rb05-narrative/candidate-8/independent/independent/fixtures/CTX-graph.json
 create mode 100644 docs/quality/current-review/evidence/rb05-narrative/candidate-8/independent/independent/fixtures/EN01.json
 create mode 100644 docs/quality/current-review/evidence/rb05-narrative/candidate-8/independent/independent/fixtures/EN14.json
 create mode 100644 docs/quality/current-review/evidence/rb05-narrative/candidate-8/independent/independent/fixtures/EN15.json
 create mode 100644 docs/quality/current-review/evidence/rb05-narrative/candidate-8/independent/independent/fixtures/EN16.json
 create mode 100644 docs/quality/current-review/evidence/rb05-narrative/candidate-8/independent/independent/fixtures/EN17.json
 create mode 100644 docs/quality/current-review/evidence/rb05-narrative/candidate-8/independent/independent/fixtures/EN18.json
 create mode 100644 docs/quality/current-review/evidence/rb05-narrative/candidate-8/independent/independent/fixtures/LEG-chapter.json
 create mode 100644 docs/quality/current-review/evidence/rb05-narrative/candidate-8/independent/independent/fixtures/LEG-flow.json
 create mode 100644 docs/quality/current-review/evidence/rb05-narrative/candidate-8/independent/independent/fixtures/RD-ack-stale-replay-observation.json
 create mode 100644 docs/quality/current-review/evidence/rb05-narrative/candidate-8/independent/independent/fixtures/RD-ack-stale-replay-project.json
 create mode 100644 docs/quality/current-review/evidence/rb05-narrative/candidate-8/independent/independent/fixtures/RD-editions.json
 create mode 100644 docs/quality/current-review/evidence/rb05-narrative/candidate-8/independent/independent/fixtures/RD-fixture-validation.json
 create mode 100644 docs/quality/current-review/evidence/rb05-narrative/candidate-8/independent/independent/fixtures/RD-replay-other-observation.json
 create mode 100644 docs/quality/current-review/evidence/rb05-narrative/candidate-8/independent/independent/fixtures/RD-replay-other-project.json
 create mode 100644 docs/quality/current-review/evidence/rb05-narrative/candidate-8/independent/independent/fixtures/RD-replay-reenter-observation.json
 create mode 100644 docs/quality/current-review/evidence/rb05-narrative/candidate-8/independent/independent/fixtures/RD-replay-reenter-project.json
 create mode 100644 docs/quality/current-review/evidence/rb05-narrative/candidate-8/independent/independent/fixtures/RD-save-conflict-observation.json
 create mode 100644 docs/quality/current-review/evidence/rb05-narrative/candidate-8/independent/independent/fixtures/RD-save-conflict-project.json
 create mode 100644 docs/quality/current-review/evidence/rb05-narrative/candidate-8/independent/independent/fixtures/RD-start-away-failure-observation.json
 create mode 100644 docs/quality/current-review/evidence/rb05-narrative/candidate-8/independent/independent/fixtures/RD-start-away-failure-project.json
 create mode 100644 docs/quality/current-review/evidence/rb05-narrative/candidate-8/independent/independent/fixtures/RD-start-other-observation.json
 create mode 100644 docs/quality/current-review/evidence/rb05-narrative/candidate-8/independent/independent/fixtures/RD-start-other-project.json
 create mode 100644 docs/quality/current-review/evidence/rb05-narrative/candidate-8/independent/independent/fixtures/RD-trigger-observation.json
 create mode 100644 docs/quality/current-review/evidence/rb05-narrative/candidate-8/independent/independent/fixtures/RD-trigger-project.json
 create mode 100644 docs/quality/current-review/evidence/rb05-narrative/candidate-8/independent/independent/fixtures/RD-trigger-validation-setup.json
 create mode 100644 docs/quality/current-review/evidence/rb05-narrative/candidate-8/independent/independent/fixtures/RD-trigger.json
 create mode 100644 docs/quality/current-review/evidence/rb05-narrative/candidate-8/independent/independent/fixtures/RD-unknown-observation.json
 create mode 100644 docs/quality/current-review/evidence/rb05-narrative/candidate-8/independent/independent/fixtures/RD-unknown-project.json
 create mode 100644 docs/quality/current-review/evidence/rb05-narrative/candidate-8/independent/independent/fixtures/RD-unknown-validation-setup.json
 create mode 100644 docs/quality/current-review/evidence/rb05-narrative/candidate-8/independent/independent/fixtures/RD-unknown.json
 create mode 100644 docs/quality/current-review/evidence/rb05-narrative/candidate-8/independent/independent/fixtures/RD-version-selection-observation.json
 create mode 100644 docs/quality/current-review/evidence/rb05-narrative/candidate-8/independent/independent/fixtures/RD-version-selection-project.json
 create mode 100644 docs/quality/current-review/evidence/rb05-narrative/candidate-8/independent/independent/fixtures/RD-version-validation-setup.json
 create mode 100644 docs/quality/current-review/evidence/rb05-narrative/candidate-8/independent/independent/original-acceptance-scope.json
 create mode 100644 docs/quality/current-review/evidence/rb05-narrative/candidate-8/independent/independent/reader-fixtures.log
 create mode 100644 docs/quality/current-review/evidence/rb05-narrative/candidate-8/independent/independent/scoped-reuse-and-preservation.log
 create mode 100644 docs/quality/current-review/evidence/rb05-narrative/candidate-8/independent/independent/setup-invalid-trigger-override/RD-trigger-validation-setup.json
 create mode 100644 docs/quality/current-review/evidence/rb05-narrative/candidate-8/independent/independent/setup-invalid-trigger-override/README.md
 create mode 100644 docs/quality/current-review/evidence/rb05-narrative/candidate-8/independent/independent/setup-invalid-trigger-override/independent-reader-lifecycle-fixtures.test.ts
 create mode 100644 docs/quality/current-review/evidence/rb05-narrative/candidate-8/independent/independent/setup-invalid-trigger-override/reader-fixtures.log
 create mode 100644 docs/quality/current-review/evidence/rb05-narrative/candidate-8/independent/independent/setup-project-switch-menu/RD-replay-reenter-observation.json
 create mode 100644 docs/quality/current-review/evidence/rb05-narrative/candidate-8/independent/independent/setup-project-switch-menu/RD-version-selection-observation.json
 create mode 100644 docs/quality/current-review/evidence/rb05-narrative/candidate-8/independent/independent/setup-project-switch-menu/README.md
 create mode 100644 docs/quality/current-review/evidence/rb05-narrative/candidate-8/independent/independent/setup-project-switch-menu/browser-reader-lifecycle.json
 create mode 100644 docs/quality/current-review/evidence/rb05-narrative/candidate-8/independent/independent/setup-project-switch-menu/browser-reader-lifecycle.log
 create mode 100644 docs/quality/current-review/evidence/rb05-narrative/candidate-8/independent/independent/setup-project-switch-menu/independent-app-reader-lifecycle.mjs
 create mode 100644 docs/quality/current-review/evidence/rb05-narrative/candidate-8/independent/independent/vite.log
 create mode 100644 docs/quality/current-review/evidence/rb05-narrative/candidate-8/independent/source-manifest.json
 create mode 100644 docs/quality/current-review/evidence/rb05-narrative/candidate-8/independent/tests/independent-edition-boundaries.test.ts
 create mode 100644 docs/quality/current-review/evidence/rb05-narrative/candidate-8/independent/tests/independent-edition-context-clock.test.ts
 create mode 100644 docs/quality/current-review/evidence/rb05-narrative/candidate-8/independent/tests/independent-edition-extra.test.ts
 create mode 100644 docs/quality/current-review/evidence/rb05-narrative/candidate-8/independent/tests/independent-edition-preservation.test.ts
 create mode 100644 docs/quality/current-review/evidence/rb05-narrative/candidate-8/independent/tests/independent-legacy-frozen.test.ts
 create mode 100644 docs/quality/current-review/evidence/rb05-narrative/candidate-8/independent/tests/independent-narrative-boundaries.test.ts
 create mode 100644 docs/quality/current-review/evidence/rb05-narrative/candidate-8/independent/tests/independent-reader-lifecycle-fixtures.test.ts
 create mode 100644 docs/quality/current-review/evidence/rb05-narrative/candidate-8/independent/tests/independent-scoped-reuse-context.test.ts
 create mode 100644 docs/quality/current-review/evidence/rb05-narrative/candidate-8/independent/tests/independent-scoped-reuse-extended.test.ts
 create mode 100644 docs/quality/current-review/evidence/rb05-narrative/candidate-8/plan.log
 create mode 100644 docs/quality/current-review/evidence/rb05-narrative/candidate-8/python.log
 create mode 100644 docs/quality/current-review/evidence/rb05-narrative/candidate-8/schema-diff.log
 create mode 100644 docs/quality/current-review/evidence/rb05-narrative/candidate-8/schema.log
 create mode 100644 docs/quality/current-review/evidence/rb05-narrative/candidate-8/source-manifest.json
 create mode 100644 docs/quality/current-review/evidence/rb05-narrative/candidate-8/unit.json
 create mode 100644 docs/quality/current-review/evidence/rb05-narrative/candidate-8/unit.log
 create mode 100644 docs/quality/current-review/evidence/rb05-narrative/candidate-9/ARTIFACTS.json
 create mode 100644 docs/quality/current-review/evidence/rb05-narrative/candidate-9/build-info.json
 create mode 100644 docs/quality/current-review/evidence/rb05-narrative/candidate-9/build.log
 create mode 100644 docs/quality/current-review/evidence/rb05-narrative/candidate-9/candidate-binding.json
 create mode 100644 docs/quality/current-review/evidence/rb05-narrative/candidate-9/docs.log
 create mode 100644 docs/quality/current-review/evidence/rb05-narrative/candidate-9/e2e.log
 create mode 100644 docs/quality/current-review/evidence/rb05-narrative/candidate-9/independent/ARTIFACT_BINDING.json
 create mode 100644 docs/quality/current-review/evidence/rb05-narrative/candidate-9/independent/INDEPENDENT_REVIEW.json
 create mode 100644 docs/quality/current-review/evidence/rb05-narrative/candidate-9/independent/INDEPENDENT_REVIEW.md
 create mode 100644 docs/quality/current-review/evidence/rb05-narrative/candidate-9/independent/SOURCE_COMMIT_BINDING.json
 create mode 100644 docs/quality/current-review/evidence/rb05-narrative/candidate-9/independent/independent-app-ack-harness.html
 create mode 100644 docs/quality/current-review/evidence/rb05-narrative/candidate-9/independent/independent-app-ack-harness.tsx
 create mode 100644 docs/quality/current-review/evidence/rb05-narrative/candidate-9/independent/independent-app-async-harness.html
 create mode 100644 docs/quality/current-review/evidence/rb05-narrative/candidate-9/independent/independent-app-async-harness.tsx
 create mode 100644 docs/quality/current-review/evidence/rb05-narrative/candidate-9/independent/independent-app-chapter-extra.mjs
 create mode 100644 docs/quality/current-review/evidence/rb05-narrative/candidate-9/independent/independent-app-clock-extra.mjs
 create mode 100644 docs/quality/current-review/evidence/rb05-narrative/candidate-9/independent/independent-app-harness.html
 create mode 100644 docs/quality/current-review/evidence/rb05-narrative/candidate-9/independent/independent-app-harness.tsx
 create mode 100644 docs/quality/current-review/evidence/rb05-narrative/candidate-9/independent/independent-app-reader-ack.mjs
 create mode 100644 docs/quality/current-review/evidence/rb05-narrative/candidate-9/independent/independent-app-reader-lifecycle.mjs
 create mode 100644 docs/quality/current-review/evidence/rb05-narrative/candidate-9/independent/independent-app-review.mjs
 create mode 100644 docs/quality/current-review/evidence/rb05-narrative/candidate-9/independent/independent-app-scoped-caller.mjs
 create mode 100644 docs/quality/current-review/evidence/rb05-narrative/candidate-9/independent/independent-app-scoped-reuse.mjs
 create mode 100644 docs/quality/current-review/evidence/rb05-narrative/candidate-9/independent/independent/browser-reader-ack.json
 create mode 100644 docs/quality/current-review/evidence/rb05-narrative/candidate-9/independent/independent/browser-reader-ack.log
 create mode 100644 docs/quality/current-review/evidence/rb05-narrative/candidate-9/independent/independent/browser-reader-lifecycle.json
 create mode 100644 docs/quality/current-review/evidence/rb05-narrative/candidate-9/independent/independent/browser-reader-lifecycle.log
 create mode 100644 docs/quality/current-review/evidence/rb05-narrative/candidate-9/independent/independent/browser-scoped-reuse.json
 create mode 100644 docs/quality/current-review/evidence/rb05-narrative/candidate-9/independent/independent/browser-scoped-reuse.log
 create mode 100644 docs/quality/current-review/evidence/rb05-narrative/candidate-9/independent/independent/fixtures/CTX-UI-child-away-failure-observation.json
 create mode 100644 docs/quality/current-review/evidence/rb05-narrative/candidate-9/independent/independent/fixtures/CTX-UI-child-away-failure-project.json
 create mode 100644 docs/quality/current-review/evidence/rb05-narrative/candidate-9/independent/independent/fixtures/CTX-UI-child-exit-observation.json
 create mode 100644 docs/quality/current-review/evidence/rb05-narrative/candidate-9/independent/independent/fixtures/CTX-UI-child-native.json
 create mode 100644 docs/quality/current-review/evidence/rb05-narrative/candidate-9/independent/independent/fixtures/CTX-UI-child-project.json
 create mode 100644 docs/quality/current-review/evidence/rb05-narrative/candidate-9/independent/independent/fixtures/CTX-UI-child-save-failure-observation.json
 create mode 100644 docs/quality/current-review/evidence/rb05-narrative/candidate-9/independent/independent/fixtures/CTX-UI-child-save-failure-project.json
 create mode 100644 docs/quality/current-review/evidence/rb05-narrative/candidate-9/independent/independent/fixtures/CTX-chapter-extended.json
 create mode 100644 docs/quality/current-review/evidence/rb05-narrative/candidate-9/independent/independent/fixtures/CTX-chapter.json
 create mode 100644 docs/quality/current-review/evidence/rb05-narrative/candidate-9/independent/independent/fixtures/CTX-child-independent.json
 create mode 100644 docs/quality/current-review/evidence/rb05-narrative/candidate-9/independent/independent/fixtures/CTX-child-ui-source.json
 create mode 100644 docs/quality/current-review/evidence/rb05-narrative/candidate-9/independent/independent/fixtures/CTX-graph-extended.json
 create mode 100644 docs/quality/current-review/evidence/rb05-narrative/candidate-9/independent/independent/fixtures/CTX-graph.json
 create mode 100644 docs/quality/current-review/evidence/rb05-narrative/candidate-9/independent/independent/fixtures/EN01.json
 create mode 100644 docs/quality/current-review/evidence/rb05-narrative/candidate-9/independent/independent/fixtures/EN14.json
 create mode 100644 docs/quality/current-review/evidence/rb05-narrative/candidate-9/independent/independent/fixtures/EN15.json
 create mode 100644 docs/quality/current-review/evidence/rb05-narrative/candidate-9/independent/independent/fixtures/EN16.json
 create mode 100644 docs/quality/current-review/evidence/rb05-narrative/candidate-9/independent/independent/fixtures/EN17.json
 create mode 100644 docs/quality/current-review/evidence/rb05-narrative/candidate-9/independent/independent/fixtures/EN18.json
 create mode 100644 docs/quality/current-review/evidence/rb05-narrative/candidate-9/independent/independent/fixtures/LEG-chapter.json
 create mode 100644 docs/quality/current-review/evidence/rb05-narrative/candidate-9/independent/independent/fixtures/LEG-flow.json
 create mode 100644 docs/quality/current-review/evidence/rb05-narrative/candidate-9/independent/independent/fixtures/RD-ack-stale-replay-observation.json
 create mode 100644 docs/quality/current-review/evidence/rb05-narrative/candidate-9/independent/independent/fixtures/RD-ack-stale-replay-project.json
 create mode 100644 docs/quality/current-review/evidence/rb05-narrative/candidate-9/independent/independent/fixtures/RD-editions.json
 create mode 100644 docs/quality/current-review/evidence/rb05-narrative/candidate-9/independent/independent/fixtures/RD-replay-other-observation.json
 create mode 100644 docs/quality/current-review/evidence/rb05-narrative/candidate-9/independent/independent/fixtures/RD-replay-other-project.json
 create mode 100644 docs/quality/current-review/evidence/rb05-narrative/candidate-9/independent/independent/fixtures/RD-replay-reenter-observation.json
 create mode 100644 docs/quality/current-review/evidence/rb05-narrative/candidate-9/independent/independent/fixtures/RD-replay-reenter-project.json
 create mode 100644 docs/quality/current-review/evidence/rb05-narrative/candidate-9/independent/independent/fixtures/RD-save-conflict-observation.json
 create mode 100644 docs/quality/current-review/evidence/rb05-narrative/candidate-9/independent/independent/fixtures/RD-save-conflict-project.json
 create mode 100644 docs/quality/current-review/evidence/rb05-narrative/candidate-9/independent/independent/fixtures/RD-start-away-failure-observation.json
 create mode 100644 docs/quality/current-review/evidence/rb05-narrative/candidate-9/independent/independent/fixtures/RD-start-away-failure-project.json
 create mode 100644 docs/quality/current-review/evidence/rb05-narrative/candidate-9/independent/independent/fixtures/RD-start-other-observation.json
 create mode 100644 docs/quality/current-review/evidence/rb05-narrative/candidate-9/independent/independent/fixtures/RD-start-other-project.json
 create mode 100644 docs/quality/current-review/evidence/rb05-narrative/candidate-9/independent/independent/fixtures/RD-trigger-observation.json
 create mode 100644 docs/quality/current-review/evidence/rb05-narrative/candidate-9/independent/independent/fixtures/RD-trigger-project.json
 create mode 100644 docs/quality/current-review/evidence/rb05-narrative/candidate-9/independent/independent/fixtures/RD-trigger.json
 create mode 100644 docs/quality/current-review/evidence/rb05-narrative/candidate-9/independent/independent/fixtures/RD-unknown-observation.json
 create mode 100644 docs/quality/current-review/evidence/rb05-narrative/candidate-9/independent/independent/fixtures/RD-unknown-project.json
 create mode 100644 docs/quality/current-review/evidence/rb05-narrative/candidate-9/independent/independent/fixtures/RD-unknown.json
 create mode 100644 docs/quality/current-review/evidence/rb05-narrative/candidate-9/independent/independent/fixtures/RD-version-selection-observation.json
 create mode 100644 docs/quality/current-review/evidence/rb05-narrative/candidate-9/independent/independent/fixtures/RD-version-selection-project.json
 create mode 100644 docs/quality/current-review/evidence/rb05-narrative/candidate-9/independent/independent/scoped-reuse-and-preservation.log
 create mode 100644 docs/quality/current-review/evidence/rb05-narrative/candidate-9/independent/independent/vite.log
 create mode 100644 docs/quality/current-review/evidence/rb05-narrative/candidate-9/independent/source-manifest.json
 create mode 100644 docs/quality/current-review/evidence/rb05-narrative/candidate-9/independent/tests/independent-edition-boundaries.test.ts
 create mode 100644 docs/quality/current-review/evidence/rb05-narrative/candidate-9/independent/tests/independent-edition-context-clock.test.ts
 create mode 100644 docs/quality/current-review/evidence/rb05-narrative/candidate-9/independent/tests/independent-edition-extra.test.ts
 create mode 100644 docs/quality/current-review/evidence/rb05-narrative/candidate-9/independent/tests/independent-edition-preservation.test.ts
 create mode 100644 docs/quality/current-review/evidence/rb05-narrative/candidate-9/independent/tests/independent-legacy-frozen.test.ts
 create mode 100644 docs/quality/current-review/evidence/rb05-narrative/candidate-9/independent/tests/independent-narrative-boundaries.test.ts
 create mode 100644 docs/quality/current-review/evidence/rb05-narrative/candidate-9/independent/tests/independent-reader-lifecycle-fixtures.test.ts
 create mode 100644 docs/quality/current-review/evidence/rb05-narrative/candidate-9/independent/tests/independent-scoped-reuse-context.test.ts
 create mode 100644 docs/quality/current-review/evidence/rb05-narrative/candidate-9/independent/tests/independent-scoped-reuse-extended.test.ts
 create mode 100644 docs/quality/current-review/evidence/rb05-narrative/candidate-9/independent/write-final-review.py
 create mode 100644 docs/quality/current-review/evidence/rb05-narrative/candidate-9/plan.log
 create mode 100644 docs/quality/current-review/evidence/rb05-narrative/candidate-9/python.log
 create mode 100644 docs/quality/current-review/evidence/rb05-narrative/candidate-9/schema-diff.log
 create mode 100644 docs/quality/current-review/evidence/rb05-narrative/candidate-9/schema.log
 create mode 100644 docs/quality/current-review/evidence/rb05-narrative/candidate-9/source-manifest.json
 create mode 100644 docs/quality/current-review/evidence/rb05-narrative/candidate-9/unit.json
 create mode 100644 docs/quality/current-review/evidence/rb05-narrative/candidate-9/unit.log
 create mode 100644 docs/quality/current-review/evidence/rb05-narrative/candidate-history.json
[feat/rb07-dialogue-materials 36368b9] docs: bind RB06 recovery history and independent failure repairs to candidate 5
 Date: Thu Oct 8 11:11:05 2026 +0000
 250 files changed, 468568 insertions(+), 220 deletions(-)
 create mode 100644 docs/quality/current-review/evidence/rb06-recovery/README.md
 create mode 100644 docs/quality/current-review/evidence/rb06-recovery/candidate-1/ARTIFACTS.json
 create mode 100644 docs/quality/current-review/evidence/rb06-recovery/candidate-1/build.log
 create mode 100644 docs/quality/current-review/evidence/rb06-recovery/candidate-1/candidate-binding.json
 create mode 100644 docs/quality/current-review/evidence/rb06-recovery/candidate-1/e2e.log
 create mode 100644 docs/quality/current-review/evidence/rb06-recovery/candidate-1/source-manifest.json
 create mode 100644 docs/quality/current-review/evidence/rb06-recovery/candidate-1/unit.json
 create mode 100644 docs/quality/current-review/evidence/rb06-recovery/candidate-1/unit.log
 create mode 100644 docs/quality/current-review/evidence/rb06-recovery/candidate-2/ARTIFACTS.json
 create mode 100644 docs/quality/current-review/evidence/rb06-recovery/candidate-2/build.log
 create mode 100644 docs/quality/current-review/evidence/rb06-recovery/candidate-2/candidate-binding.json
 create mode 100644 docs/quality/current-review/evidence/rb06-recovery/candidate-2/e2e.log
 create mode 100644 docs/quality/current-review/evidence/rb06-recovery/candidate-2/source-manifest.json
 create mode 100644 docs/quality/current-review/evidence/rb06-recovery/candidate-2/unit.json
 create mode 100644 docs/quality/current-review/evidence/rb06-recovery/candidate-2/unit.log
 create mode 100644 docs/quality/current-review/evidence/rb06-recovery/candidate-3/ARTIFACTS.json
 create mode 100644 docs/quality/current-review/evidence/rb06-recovery/candidate-3/build.log
 create mode 100644 docs/quality/current-review/evidence/rb06-recovery/candidate-3/candidate-binding.json
 create mode 100644 docs/quality/current-review/evidence/rb06-recovery/candidate-3/docs.log
 create mode 100644 docs/quality/current-review/evidence/rb06-recovery/candidate-3/e2e.log
 create mode 100644 docs/quality/current-review/evidence/rb06-recovery/candidate-3/independent/ARTIFACT_BINDING.json
 create mode 100644 docs/quality/current-review/evidence/rb06-recovery/candidate-3/independent/INDEPENDENT_REVIEW.json
 create mode 100644 docs/quality/current-review/evidence/rb06-recovery/candidate-3/independent/INDEPENDENT_REVIEW.md
 create mode 100644 docs/quality/current-review/evidence/rb06-recovery/candidate-3/independent/SOURCE_COMMIT_BINDING.json
 create mode 100644 docs/quality/current-review/evidence/rb06-recovery/candidate-3/independent/independent-app-recovery-followup.mjs
 create mode 100644 docs/quality/current-review/evidence/rb06-recovery/candidate-3/independent/independent-app-recovery-followup2.mjs
 create mode 100644 docs/quality/current-review/evidence/rb06-recovery/candidate-3/independent/independent-app-recovery-harness.html
 create mode 100644 docs/quality/current-review/evidence/rb06-recovery/candidate-3/independent/independent-app-recovery-harness.tsx
 create mode 100644 docs/quality/current-review/evidence/rb06-recovery/candidate-3/independent/independent-app-recovery.mjs
 create mode 100644 docs/quality/current-review/evidence/rb06-recovery/candidate-3/independent/independent-app-v1-harness.html
 create mode 100644 docs/quality/current-review/evidence/rb06-recovery/candidate-3/independent/independent-app-v1-harness.tsx
 create mode 100644 docs/quality/current-review/evidence/rb06-recovery/candidate-3/independent/independent-app-v1.mjs
 create mode 100644 docs/quality/current-review/evidence/rb06-recovery/candidate-3/independent/independent-playwright.config.ts
 create mode 100644 docs/quality/current-review/evidence/rb06-recovery/candidate-3/independent/independent/ORIGINAL_CONTRACTS.json
 create mode 100644 docs/quality/current-review/evidence/rb06-recovery/candidate-3/independent/independent/SETUP_CORRECTIONS.md
 create mode 100644 docs/quality/current-review/evidence/rb06-recovery/candidate-3/independent/independent/browser-recovery-followup.json
 create mode 100644 docs/quality/current-review/evidence/rb06-recovery/candidate-3/independent/independent/browser-recovery-followup.log
 create mode 100644 docs/quality/current-review/evidence/rb06-recovery/candidate-3/independent/independent/browser-recovery-followup2.json
 create mode 100644 docs/quality/current-review/evidence/rb06-recovery/candidate-3/independent/independent/browser-recovery-followup2.log
 create mode 100644 docs/quality/current-review/evidence/rb06-recovery/candidate-3/independent/independent/browser-recovery.json
 create mode 100644 docs/quality/current-review/evidence/rb06-recovery/candidate-3/independent/independent/browser-recovery.log
 create mode 100644 docs/quality/current-review/evidence/rb06-recovery/candidate-3/independent/independent/browser-v1.json
 create mode 100644 docs/quality/current-review/evidence/rb06-recovery/candidate-3/independent/independent/browser-v1.log
 create mode 100644 docs/quality/current-review/evidence/rb06-recovery/candidate-3/independent/independent/domain-boundaries.log
 create mode 100644 docs/quality/current-review/evidence/rb06-recovery/candidate-3/independent/independent/fixtures/C.json
 create mode 100644 docs/quality/current-review/evidence/rb06-recovery/candidate-3/independent/independent/fixtures/C.scenario
 create mode 100644 docs/quality/current-review/evidence/rb06-recovery/candidate-3/independent/independent/fixtures/D.json
 create mode 100644 docs/quality/current-review/evidence/rb06-recovery/candidate-3/independent/independent/fixtures/D.scenario
 create mode 100644 docs/quality/current-review/evidence/rb06-recovery/candidate-3/independent/independent/fixtures/R6I01.json
 create mode 100644 docs/quality/current-review/evidence/rb06-recovery/candidate-3/independent/independent/fixtures/R6I02.json
 create mode 100644 docs/quality/current-review/evidence/rb06-recovery/candidate-3/independent/independent/fixtures/R6I03.json
 create mode 100644 docs/quality/current-review/evidence/rb06-recovery/candidate-3/independent/independent/fixtures/R6I05.json
 create mode 100644 docs/quality/current-review/evidence/rb06-recovery/candidate-3/independent/independent/fixtures/R6I07.json
 create mode 100644 docs/quality/current-review/evidence/rb06-recovery/candidate-3/independent/independent/fixtures/R6I13.json
 create mode 100644 docs/quality/current-review/evidence/rb06-recovery/candidate-3/independent/independent/fixtures/R6I14.json
 create mode 100644 docs/quality/current-review/evidence/rb06-recovery/candidate-3/independent/independent/fixtures/R6U01-full.scenario
 create mode 100644 docs/quality/current-review/evidence/rb06-recovery/candidate-3/independent/independent/fixtures/R6U01-item-clone-replay-projects.json
 create mode 100644 docs/quality/current-review/evidence/rb06-recovery/candidate-3/independent/independent/fixtures/R6U02-mapped-away-failure-switch-projects.json
 create mode 100644 docs/quality/current-review/evidence/rb06-recovery/candidate-3/independent/independent/fixtures/R6U03-new-away-completion-projects.json
 create mode 100644 docs/quality/current-review/evidence/rb06-recovery/candidate-3/independent/independent/fixtures/R6U03-observation.json
 create mode 100644 docs/quality/current-review/evidence/rb06-recovery/candidate-3/independent/independent/fixtures/R6U04-stale-mapped-preview-projects.json
 create mode 100644 docs/quality/current-review/evidence/rb06-recovery/candidate-3/independent/independent/fixtures/R6U05-history-away-failure-projects.json
 create mode 100644 docs/quality/current-review/evidence/rb06-recovery/candidate-3/independent/independent/fixtures/R6U06-history-whole-other-projects.json
 create mode 100644 docs/quality/current-review/evidence/rb06-recovery/candidate-3/independent/independent/fixtures/R6U07-file-queue-preview-projects.json
 create mode 100644 docs/quality/current-review/evidence/rb06-recovery/candidate-3/independent/independent/fixtures/R6U08-file-queue-ack-projects.json
 create mode 100644 docs/quality/current-review/evidence/rb06-recovery/candidate-3/independent/independent/fixtures/R6V01-native-v1.json
 create mode 100644 docs/quality/current-review/evidence/rb06-recovery/candidate-3/independent/independent/fixtures/RD-editions.scenario
 create mode 100644 docs/quality/current-review/evidence/rb06-recovery/candidate-3/independent/independent/imported-history.log
 create mode 100644 docs/quality/current-review/evidence/rb06-recovery/candidate-3/independent/independent/item-ui-input-validation.log
 create mode 100644 docs/quality/current-review/evidence/rb06-recovery/candidate-3/independent/independent/production-browser.json
 create mode 100644 docs/quality/current-review/evidence/rb06-recovery/candidate-3/independent/independent/production-browser.log
 create mode 100644 docs/quality/current-review/evidence/rb06-recovery/candidate-3/independent/independent/production-build.log
 create mode 100644 docs/quality/current-review/evidence/rb06-recovery/candidate-3/independent/independent/production-preview.log
 create mode 100644 docs/quality/current-review/evidence/rb06-recovery/candidate-3/independent/independent/production-traces/.last-run.json
 create mode 100644 docs/quality/current-review/evidence/rb06-recovery/candidate-3/independent/independent/setup-build-type/NOTE.md
 create mode 100644 docs/quality/current-review/evidence/rb06-recovery/candidate-3/independent/independent/setup-build-type/domain-boundaries.log
 create mode 100644 docs/quality/current-review/evidence/rb06-recovery/candidate-3/independent/independent/setup-build-type/independent-rb06-boundaries.test.ts
 create mode 100644 docs/quality/current-review/evidence/rb06-recovery/candidate-3/independent/independent/setup-build-type/production-build.log
 create mode 100644 docs/quality/current-review/evidence/rb06-recovery/candidate-3/independent/independent/setup-imported-history-field/NOTE.md
 create mode 100644 docs/quality/current-review/evidence/rb06-recovery/candidate-3/independent/independent/setup-imported-history-field/imported-history.log
 create mode 100644 docs/quality/current-review/evidence/rb06-recovery/candidate-3/independent/independent/setup-imported-history-field/independent-rb06-imported-history.test.ts
 create mode 100644 docs/quality/current-review/evidence/rb06-recovery/candidate-3/independent/independent/ui-input-validation.log
 create mode 100644 docs/quality/current-review/evidence/rb06-recovery/candidate-3/independent/independent/vite.log
 create mode 100644 docs/quality/current-review/evidence/rb06-recovery/candidate-3/independent/source-manifest.json
 create mode 100644 docs/quality/current-review/evidence/rb06-recovery/candidate-3/independent/tests/independent-rb06-boundaries.test.ts
 create mode 100644 docs/quality/current-review/evidence/rb06-recovery/candidate-3/independent/tests/independent-rb06-imported-history.test.ts
 create mode 100644 docs/quality/current-review/evidence/rb06-recovery/candidate-3/independent/tests/independent-rb06-item-ui-input.test.ts
 create mode 100644 docs/quality/current-review/evidence/rb06-recovery/candidate-3/independent/tests/independent-rb06-ui-inputs.test.ts
 create mode 100644 docs/quality/current-review/evidence/rb06-recovery/candidate-3/independent/write-final-review.py
 create mode 100644 docs/quality/current-review/evidence/rb06-recovery/candidate-3/initial-unit-watchdog-failure.log
 create mode 100644 docs/quality/current-review/evidence/rb06-recovery/candidate-3/plan.log
 create mode 100644 docs/quality/current-review/evidence/rb06-recovery/candidate-3/python.log
 create mode 100644 docs/quality/current-review/evidence/rb06-recovery/candidate-3/schema-clean-diff.log
 create mode 100644 docs/quality/current-review/evidence/rb06-recovery/candidate-3/schema-diff.log
 create mode 100644 docs/quality/current-review/evidence/rb06-recovery/candidate-3/schema.log
 create mode 100644 docs/quality/current-review/evidence/rb06-recovery/candidate-3/source-manifest.json
 create mode 100644 docs/quality/current-review/evidence/rb06-recovery/candidate-3/unit.json
 create mode 100644 docs/quality/current-review/evidence/rb06-recovery/candidate-3/unit.log
 create mode 100644 docs/quality/current-review/evidence/rb06-recovery/candidate-4/ARTIFACTS.json
 create mode 100644 docs/quality/current-review/evidence/rb06-recovery/candidate-4/build.log
 create mode 100644 docs/quality/current-review/evidence/rb06-recovery/candidate-4/candidate-binding.json
 create mode 100644 docs/quality/current-review/evidence/rb06-recovery/candidate-4/docs.log
 create mode 100644 docs/quality/current-review/evidence/rb06-recovery/candidate-4/e2e.log
 create mode 100644 docs/quality/current-review/evidence/rb06-recovery/candidate-4/independent/ARTIFACT_BINDING.json
 create mode 100644 docs/quality/current-review/evidence/rb06-recovery/candidate-4/independent/INDEPENDENT_REVIEW.json
 create mode 100644 docs/quality/current-review/evidence/rb06-recovery/candidate-4/independent/INDEPENDENT_REVIEW.md
 create mode 100644 docs/quality/current-review/evidence/rb06-recovery/candidate-4/independent/SOURCE_COMMIT_BINDING.json
 create mode 100644 docs/quality/current-review/evidence/rb06-recovery/candidate-4/independent/independent-app-recovery-extra.mjs
 create mode 100644 docs/quality/current-review/evidence/rb06-recovery/candidate-4/independent/independent-app-recovery-harness.html
 create mode 100644 docs/quality/current-review/evidence/rb06-recovery/candidate-4/independent/independent-app-recovery-harness.tsx
 create mode 100644 docs/quality/current-review/evidence/rb06-recovery/candidate-4/independent/independent-app-recovery.mjs
 create mode 100644 docs/quality/current-review/evidence/rb06-recovery/candidate-4/independent/independent-app-v1-harness.html
 create mode 100644 docs/quality/current-review/evidence/rb06-recovery/candidate-4/independent/independent-app-v1-harness.tsx
 create mode 100644 docs/quality/current-review/evidence/rb06-recovery/candidate-4/independent/independent-app-v1.mjs
 create mode 100644 docs/quality/current-review/evidence/rb06-recovery/candidate-4/independent/independent-playwright.config.ts
 create mode 100644 docs/quality/current-review/evidence/rb06-recovery/candidate-4/independent/independent/ORIGINAL_CONTRACTS.json
 create mode 100644 docs/quality/current-review/evidence/rb06-recovery/candidate-4/independent/independent/browser-recovery-extra.json
 create mode 100644 docs/quality/current-review/evidence/rb06-recovery/candidate-4/independent/independent/browser-recovery-extra.log
 create mode 100644 docs/quality/current-review/evidence/rb06-recovery/candidate-4/independent/independent/browser-recovery.json
 create mode 100644 docs/quality/current-review/evidence/rb06-recovery/candidate-4/independent/independent/browser-recovery.log
 create mode 100644 docs/quality/current-review/evidence/rb06-recovery/candidate-4/independent/independent/browser-v1.json
 create mode 100644 docs/quality/current-review/evidence/rb06-recovery/candidate-4/independent/independent/browser-v1.log
 create mode 100644 docs/quality/current-review/evidence/rb06-recovery/candidate-4/independent/independent/domain-boundaries.log
 create mode 100644 docs/quality/current-review/evidence/rb06-recovery/candidate-4/independent/independent/fixtures/C.json
 create mode 100644 docs/quality/current-review/evidence/rb06-recovery/candidate-4/independent/independent/fixtures/C.scenario
 create mode 100644 docs/quality/current-review/evidence/rb06-recovery/candidate-4/independent/independent/fixtures/D.json
 create mode 100644 docs/quality/current-review/evidence/rb06-recovery/candidate-4/independent/independent/fixtures/D.scenario
 create mode 100644 docs/quality/current-review/evidence/rb06-recovery/candidate-4/independent/independent/fixtures/R6I01.json
 create mode 100644 docs/quality/current-review/evidence/rb06-recovery/candidate-4/independent/independent/fixtures/R6I02.json
 create mode 100644 docs/quality/current-review/evidence/rb06-recovery/candidate-4/independent/independent/fixtures/R6I03.json
 create mode 100644 docs/quality/current-review/evidence/rb06-recovery/candidate-4/independent/independent/fixtures/R6I05.json
 create mode 100644 docs/quality/current-review/evidence/rb06-recovery/candidate-4/independent/independent/fixtures/R6I07.json
 create mode 100644 docs/quality/current-review/evidence/rb06-recovery/candidate-4/independent/independent/fixtures/R6I13.json
 create mode 100644 docs/quality/current-review/evidence/rb06-recovery/candidate-4/independent/independent/fixtures/R6I14.json
 create mode 100644 docs/quality/current-review/evidence/rb06-recovery/candidate-4/independent/independent/fixtures/R6U01-full.scenario
 create mode 100644 docs/quality/current-review/evidence/rb06-recovery/candidate-4/independent/independent/fixtures/R6U01-item-clone-replay-projects.json
 create mode 100644 docs/quality/current-review/evidence/rb06-recovery/candidate-4/independent/independent/fixtures/R6U02-mapped-away-failure-switch-projects.json
 create mode 100644 docs/quality/current-review/evidence/rb06-recovery/candidate-4/independent/independent/fixtures/R6U03-new-away-completion-projects.json
 create mode 100644 docs/quality/current-review/evidence/rb06-recovery/candidate-4/independent/independent/fixtures/R6U03-observation.json
 create mode 100644 docs/quality/current-review/evidence/rb06-recovery/candidate-4/independent/independent/fixtures/R6U04-stale-mapped-preview-projects.json
 create mode 100644 docs/quality/current-review/evidence/rb06-recovery/candidate-4/independent/independent/fixtures/R6U05-history-away-failure-projects.json
 create mode 100644 docs/quality/current-review/evidence/rb06-recovery/candidate-4/independent/independent/fixtures/R6U06-history-whole-other-projects.json
 create mode 100644 docs/quality/current-review/evidence/rb06-recovery/candidate-4/independent/independent/fixtures/R6U07-file-queue-preview-projects.json
 create mode 100644 docs/quality/current-review/evidence/rb06-recovery/candidate-4/independent/independent/fixtures/R6U08-file-queue-ack-projects.json
 create mode 100644 docs/quality/current-review/evidence/rb06-recovery/candidate-4/independent/independent/fixtures/R6U09-new-ack-queue-projects.json
 create mode 100644 docs/quality/current-review/evidence/rb06-recovery/candidate-4/independent/independent/fixtures/R6U09-observation.json
 create mode 100644 docs/quality/current-review/evidence/rb06-recovery/candidate-4/independent/independent/fixtures/R6U10-new-navigation-roundtrip-projects.json
 create mode 100644 docs/quality/current-review/evidence/rb06-recovery/candidate-4/independent/independent/fixtures/R6V01-native-v1.json
 create mode 100644 docs/quality/current-review/evidence/rb06-recovery/candidate-4/independent/independent/fixtures/RD-editions.scenario
 create mode 100644 docs/quality/current-review/evidence/rb06-recovery/candidate-4/independent/independent/production-browser.json
 create mode 100644 docs/quality/current-review/evidence/rb06-recovery/candidate-4/independent/independent/production-browser.log
 create mode 100644 docs/quality/current-review/evidence/rb06-recovery/candidate-4/independent/independent/production-build.log
 create mode 100644 docs/quality/current-review/evidence/rb06-recovery/candidate-4/independent/independent/production-preview.log
 create mode 100644 docs/quality/current-review/evidence/rb06-recovery/candidate-4/independent/independent/production-traces/.last-run.json
 create mode 100644 docs/quality/current-review/evidence/rb06-recovery/candidate-4/independent/independent/vite.log
 create mode 100644 docs/quality/current-review/evidence/rb06-recovery/candidate-4/independent/source-manifest.json
 create mode 100644 docs/quality/current-review/evidence/rb06-recovery/candidate-4/independent/tests/independent-rb06-boundaries.test.ts
 create mode 100644 docs/quality/current-review/evidence/rb06-recovery/candidate-4/independent/tests/independent-rb06-imported-history.test.ts
 create mode 100644 docs/quality/current-review/evidence/rb06-recovery/candidate-4/independent/write-final-review.py
 create mode 100644 docs/quality/current-review/evidence/rb06-recovery/candidate-4/plan.log
 create mode 100644 docs/quality/current-review/evidence/rb06-recovery/candidate-4/python.log
 create mode 100644 docs/quality/current-review/evidence/rb06-recovery/candidate-4/schema-diff.log
 create mode 100644 docs/quality/current-review/evidence/rb06-recovery/candidate-4/schema.log
 create mode 100644 docs/quality/current-review/evidence/rb06-recovery/candidate-4/source-manifest.json
 create mode 100644 docs/quality/current-review/evidence/rb06-recovery/candidate-4/unit.json
 create mode 100644 docs/quality/current-review/evidence/rb06-recovery/candidate-4/unit.log
 create mode 100644 docs/quality/current-review/evidence/rb06-recovery/candidate-5/ARTIFACTS.json
 create mode 100644 docs/quality/current-review/evidence/rb06-recovery/candidate-5/build-info.json
 create mode 100644 docs/quality/current-review/evidence/rb06-recovery/candidate-5/build.log
 create mode 100644 docs/quality/current-review/evidence/rb06-recovery/candidate-5/candidate-binding.json
 create mode 100644 docs/quality/current-review/evidence/rb06-recovery/candidate-5/docs.log
 create mode 100644 docs/quality/current-review/evidence/rb06-recovery/candidate-5/e2e.log
 create mode 100644 docs/quality/current-review/evidence/rb06-recovery/candidate-5/independent/ARTIFACT_BINDING.json
 create mode 100644 docs/quality/current-review/evidence/rb06-recovery/candidate-5/independent/INDEPENDENT_REVIEW.json
 create mode 100644 docs/quality/current-review/evidence/rb06-recovery/candidate-5/independent/INDEPENDENT_REVIEW.md
 create mode 100644 docs/quality/current-review/evidence/rb06-recovery/candidate-5/independent/SOURCE_COMMIT_BINDING.json
 create mode 100644 docs/quality/current-review/evidence/rb06-recovery/candidate-5/independent/independent-app-clear-harness.html
 create mode 100644 docs/quality/current-review/evidence/rb06-recovery/candidate-5/independent/independent-app-clear-harness.tsx
 create mode 100644 docs/quality/current-review/evidence/rb06-recovery/candidate-5/independent/independent-app-clear.mjs
 create mode 100644 docs/quality/current-review/evidence/rb06-recovery/candidate-5/independent/independent-app-recovery-extra.mjs
 create mode 100644 docs/quality/current-review/evidence/rb06-recovery/candidate-5/independent/independent-app-recovery-harness.html
 create mode 100644 docs/quality/current-review/evidence/rb06-recovery/candidate-5/independent/independent-app-recovery-harness.tsx
 create mode 100644 docs/quality/current-review/evidence/rb06-recovery/candidate-5/independent/independent-app-recovery.mjs
 create mode 100644 docs/quality/current-review/evidence/rb06-recovery/candidate-5/independent/independent-app-v1-harness.html
 create mode 100644 docs/quality/current-review/evidence/rb06-recovery/candidate-5/independent/independent-app-v1-harness.tsx
 create mode 100644 docs/quality/current-review/evidence/rb06-recovery/candidate-5/independent/independent-app-v1.mjs
 create mode 100644 docs/quality/current-review/evidence/rb06-recovery/candidate-5/independent/independent-playwright.config.ts
 create mode 100644 docs/quality/current-review/evidence/rb06-recovery/candidate-5/independent/independent/ORIGINAL_CONTRACTS.json
 create mode 100644 docs/quality/current-review/evidence/rb06-recovery/candidate-5/independent/independent/browser-clear.json
 create mode 100644 docs/quality/current-review/evidence/rb06-recovery/candidate-5/independent/independent/browser-clear.log
 create mode 100644 docs/quality/current-review/evidence/rb06-recovery/candidate-5/independent/independent/browser-recovery-extra.json
 create mode 100644 docs/quality/current-review/evidence/rb06-recovery/candidate-5/independent/independent/browser-recovery-extra.log
 create mode 100644 docs/quality/current-review/evidence/rb06-recovery/candidate-5/independent/independent/browser-recovery.json
 create mode 100644 docs/quality/current-review/evidence/rb06-recovery/candidate-5/independent/independent/browser-recovery.log
 create mode 100644 docs/quality/current-review/evidence/rb06-recovery/candidate-5/independent/independent/browser-v1.json
 create mode 100644 docs/quality/current-review/evidence/rb06-recovery/candidate-5/independent/independent/browser-v1.log
 create mode 100644 docs/quality/current-review/evidence/rb06-recovery/candidate-5/independent/independent/build.log
 create mode 100644 docs/quality/current-review/evidence/rb06-recovery/candidate-5/independent/independent/domain-boundaries.log
 create mode 100644 docs/quality/current-review/evidence/rb06-recovery/candidate-5/independent/independent/fixtures/C.json
 create mode 100644 docs/quality/current-review/evidence/rb06-recovery/candidate-5/independent/independent/fixtures/C.scenario
 create mode 100644 docs/quality/current-review/evidence/rb06-recovery/candidate-5/independent/independent/fixtures/D.json
 create mode 100644 docs/quality/current-review/evidence/rb06-recovery/candidate-5/independent/independent/fixtures/D.scenario
 create mode 100644 docs/quality/current-review/evidence/rb06-recovery/candidate-5/independent/independent/fixtures/R6I01.json
 create mode 100644 docs/quality/current-review/evidence/rb06-recovery/candidate-5/independent/independent/fixtures/R6I02.json
 create mode 100644 docs/quality/current-review/evidence/rb06-recovery/candidate-5/independent/independent/fixtures/R6I03.json
 create mode 100644 docs/quality/current-review/evidence/rb06-recovery/candidate-5/independent/independent/fixtures/R6I05.json
 create mode 100644 docs/quality/current-review/evidence/rb06-recovery/candidate-5/independent/independent/fixtures/R6I07.json
 create mode 100644 docs/quality/current-review/evidence/rb06-recovery/candidate-5/independent/independent/fixtures/R6I13.json
 create mode 100644 docs/quality/current-review/evidence/rb06-recovery/candidate-5/independent/independent/fixtures/R6I14.json
 create mode 100644 docs/quality/current-review/evidence/rb06-recovery/candidate-5/independent/independent/fixtures/R6U01-full.scenario
 create mode 100644 docs/quality/current-review/evidence/rb06-recovery/candidate-5/independent/independent/fixtures/R6U01-item-clone-replay-projects.json
 create mode 100644 docs/quality/current-review/evidence/rb06-recovery/candidate-5/independent/independent/fixtures/R6U02-mapped-away-failure-switch-projects.json
 create mode 100644 docs/quality/current-review/evidence/rb06-recovery/candidate-5/independent/independent/fixtures/R6U03-new-away-completion-projects.json
 create mode 100644 docs/quality/current-review/evidence/rb06-recovery/candidate-5/independent/independent/fixtures/R6U03-observation.json
 create mode 100644 docs/quality/current-review/evidence/rb06-recovery/candidate-5/independent/independent/fixtures/R6U04-stale-mapped-preview-projects.json
 create mode 100644 docs/quality/current-review/evidence/rb06-recovery/candidate-5/independent/independent/fixtures/R6U05-history-away-failure-projects.json
 create mode 100644 docs/quality/current-review/evidence/rb06-recovery/candidate-5/independent/independent/fixtures/R6U06-history-whole-other-projects.json
 create mode 100644 docs/quality/current-review/evidence/rb06-recovery/candidate-5/independent/independent/fixtures/R6U07-file-queue-preview-projects.json
 create mode 100644 docs/quality/current-review/evidence/rb06-recovery/candidate-5/independent/independent/fixtures/R6U08-file-queue-ack-projects.json
 create mode 100644 docs/quality/current-review/evidence/rb06-recovery/candidate-5/independent/independent/fixtures/R6U09-new-ack-queue-projects.json
 create mode 100644 docs/quality/current-review/evidence/rb06-recovery/candidate-5/independent/independent/fixtures/R6U09-observation.json
 create mode 100644 docs/quality/current-review/evidence/rb06-recovery/candidate-5/independent/independent/fixtures/R6U10-new-navigation-roundtrip-projects.json
 create mode 100644 docs/quality/current-review/evidence/rb06-recovery/candidate-5/independent/independent/fixtures/R6U11-clear-before-next-durable-source-projects.json
 create mode 100644 docs/quality/current-review/evidence/rb06-recovery/candidate-5/independent/independent/fixtures/R6U11-clear-observation.json
 create mode 100644 docs/quality/current-review/evidence/rb06-recovery/candidate-5/independent/independent/fixtures/R6V01-native-v1.json
 create mode 100644 docs/quality/current-review/evidence/rb06-recovery/candidate-5/independent/independent/fixtures/RD-editions.scenario
 create mode 100644 docs/quality/current-review/evidence/rb06-recovery/candidate-5/independent/independent/preview.log
 create mode 100644 docs/quality/current-review/evidence/rb06-recovery/candidate-5/independent/independent/product-diff.patch
 create mode 100644 docs/quality/current-review/evidence/rb06-recovery/candidate-5/independent/independent/production-browser.json
 create mode 100644 docs/quality/current-review/evidence/rb06-recovery/candidate-5/independent/independent/production-browser.log
 create mode 100644 docs/quality/current-review/evidence/rb06-recovery/candidate-5/independent/independent/production-traces/.last-run.json
 create mode 100644 docs/quality/current-review/evidence/rb06-recovery/candidate-5/independent/independent/vite.log
 create mode 100644 docs/quality/current-review/evidence/rb06-recovery/candidate-5/independent/source-manifest.json
 create mode 100644 docs/quality/current-review/evidence/rb06-recovery/candidate-5/independent/tests/independent-rb06-boundaries.test.ts
 create mode 100644 docs/quality/current-review/evidence/rb06-recovery/candidate-5/independent/tests/independent-rb06-imported-history.test.ts
 create mode 100644 docs/quality/current-review/evidence/rb06-recovery/candidate-5/independent/write-final-review.py
 create mode 100644 docs/quality/current-review/evidence/rb06-recovery/candidate-5/plan.log
 create mode 100644 docs/quality/current-review/evidence/rb06-recovery/candidate-5/python.log
 create mode 100644 docs/quality/current-review/evidence/rb06-recovery/candidate-5/schema-diff.log
 create mode 100644 docs/quality/current-review/evidence/rb06-recovery/candidate-5/schema.log
 create mode 100644 docs/quality/current-review/evidence/rb06-recovery/candidate-5/source-manifest.json
 create mode 100644 docs/quality/current-review/evidence/rb06-recovery/candidate-5/unit.json
 create mode 100644 docs/quality/current-review/evidence/rb06-recovery/candidate-5/unit.log
 create mode 100644 docs/quality/current-review/evidence/rb06-recovery/candidate-history.json
 create mode 100644 docs/quality/current-review/evidence/rb06-recovery/working-negative-and-harness/shinariokanri-rb06-view-intent-e2e-2.log
 create mode 100644 docs/quality/current-review/evidence/rb06-recovery/working-negative-and-harness/shinariokanri-rb06-view-intent-e2e-3.log
 create mode 100644 docs/quality/current-review/evidence/rb06-recovery/working-negative-and-harness/shinariokanri-rb06-view-intent-e2e.log
