verify	Set up job	﻿2026-10-09T07:17:07.3845206Z Current runner version: '2.337.0'
verify	Set up job	2026-10-09T07:17:07.3871726Z ##[group]Runner Image Provisioner
verify	Set up job	2026-10-09T07:17:07.3872622Z Hosted Compute Agent
verify	Set up job	2026-10-09T07:17:07.3873219Z Version: 20261002.596
verify	Set up job	2026-10-09T07:17:07.3873964Z Commit: c3d12f3313a95f25162a1503be624f3b0617f8c0
verify	Set up job	2026-10-09T07:17:07.3874731Z Build Date: 2026-10-02T22:28:27Z
verify	Set up job	2026-10-09T07:17:07.3875447Z Worker ID: {51cf6502-7182-46ad-9ed7-2fabf86d186e}
verify	Set up job	2026-10-09T07:17:07.3876166Z Region: westus
verify	Set up job	2026-10-09T07:17:07.3876701Z Cloud: Azure
verify	Set up job	2026-10-09T07:17:07.3877322Z ##[endgroup]
verify	Set up job	2026-10-09T07:17:07.3878812Z ##[group]Operating System
verify	Set up job	2026-10-09T07:17:07.3879455Z Ubuntu
verify	Set up job	2026-10-09T07:17:07.3880069Z 24.04.5
verify	Set up job	2026-10-09T07:17:07.3880800Z LTS
verify	Set up job	2026-10-09T07:17:07.3881407Z ##[endgroup]
verify	Set up job	2026-10-09T07:17:07.3882012Z ##[group]Runner Image
verify	Set up job	2026-10-09T07:17:07.3882593Z Image: ubuntu-24.04
verify	Set up job	2026-10-09T07:17:07.3883208Z Version: 20261004.327.1
verify	Set up job	2026-10-09T07:17:07.3884266Z Included Software: https://github.com/actions/runner-images/blob/ubuntu24/20261004.327/images/ubuntu/Ubuntu2404-Readme.md
verify	Set up job	2026-10-09T07:17:07.3886080Z Image Release: https://github.com/actions/runner-images/releases/tag/ubuntu24%2F20261004.327
verify	Set up job	2026-10-09T07:17:07.3887070Z ##[endgroup]
verify	Set up job	2026-10-09T07:17:07.3888225Z ##[group]GITHUB_TOKEN Permissions
verify	Set up job	2026-10-09T07:17:07.3890583Z Contents: read
verify	Set up job	2026-10-09T07:17:07.3891341Z Metadata: read
verify	Set up job	2026-10-09T07:17:07.3891905Z ##[endgroup]
verify	Set up job	2026-10-09T07:17:07.3894048Z Secret source: Actions
verify	Set up job	2026-10-09T07:17:07.3895060Z Cache mode: write
verify	Set up job	2026-10-09T07:17:07.3895810Z Prepare workflow directory
verify	Set up job	2026-10-09T07:17:07.4234079Z Prepare all required actions
verify	Set up job	2026-10-09T07:17:07.4304912Z Getting action download info
verify	Set up job	2026-10-09T07:17:07.8063730Z Download action repository 'actions/checkout@v4' (SHA:11d5960a326750d5838078e36cf38b85af677262)
verify	Set up job	2026-10-09T07:17:07.9224503Z Download action repository 'actions/setup-node@v4' (SHA:49933ea5288caeca8642d1e84afbd3f7d6820020)
verify	Set up job	2026-10-09T07:17:08.0341818Z Download action repository 'actions/upload-artifact@v4' (SHA:ea165f8d65b6e75b540449e92b4886f43607fa02)
verify	Set up job	2026-10-09T07:17:08.2394910Z Complete job name: verify
verify	Run actions/checkout@v4	﻿2026-10-09T07:17:08.3206892Z ##[group]Run actions/checkout@v4
verify	Run actions/checkout@v4	2026-10-09T07:17:08.3207776Z with:
verify	Run actions/checkout@v4	2026-10-09T07:17:08.3208248Z   repository: chameleonjp-lab/shinariokanri
verify	Run actions/checkout@v4	2026-10-09T07:17:08.3212297Z   token: ***
verify	Run actions/checkout@v4	2026-10-09T07:17:08.3212735Z   ssh-strict: true
verify	Run actions/checkout@v4	2026-10-09T07:17:08.3213159Z   ssh-user: git
verify	Run actions/checkout@v4	2026-10-09T07:17:08.3213595Z   persist-credentials: true
verify	Run actions/checkout@v4	2026-10-09T07:17:08.3214072Z   clean: true
verify	Run actions/checkout@v4	2026-10-09T07:17:08.3214511Z   sparse-checkout-cone-mode: true
verify	Run actions/checkout@v4	2026-10-09T07:17:08.3215013Z   fetch-depth: 1
verify	Run actions/checkout@v4	2026-10-09T07:17:08.3215426Z   fetch-tags: false
verify	Run actions/checkout@v4	2026-10-09T07:17:08.3215862Z   show-progress: true
verify	Run actions/checkout@v4	2026-10-09T07:17:08.3216302Z   lfs: false
verify	Run actions/checkout@v4	2026-10-09T07:17:08.3216714Z   submodules: false
verify	Run actions/checkout@v4	2026-10-09T07:17:08.3217154Z   set-safe-directory: true
verify	Run actions/checkout@v4	2026-10-09T07:17:08.3217649Z   allow-unsafe-pr-checkout: false
verify	Run actions/checkout@v4	2026-10-09T07:17:08.3218424Z ##[endgroup]
verify	Run actions/checkout@v4	2026-10-09T07:17:08.4230944Z Syncing repository: chameleonjp-lab/shinariokanri
verify	Run actions/checkout@v4	2026-10-09T07:17:08.4233590Z ##[group]Getting Git version info
verify	Run actions/checkout@v4	2026-10-09T07:17:08.4234835Z Working directory is '/home/runner/work/shinariokanri/shinariokanri'
verify	Run actions/checkout@v4	2026-10-09T07:17:08.4236685Z [command]/usr/bin/git version
verify	Run actions/checkout@v4	2026-10-09T07:17:08.4331410Z git version 2.55.0
verify	Run actions/checkout@v4	2026-10-09T07:17:08.4353213Z ##[endgroup]
verify	Run actions/checkout@v4	2026-10-09T07:17:08.4392975Z Temporarily overriding HOME='/home/runner/work/_temp/5e7c9013-38dd-496b-94b9-f937de5f81ee' before making global git config changes
verify	Run actions/checkout@v4	2026-10-09T07:17:08.4395505Z Adding repository directory to the temporary git global config as a safe directory
verify	Run actions/checkout@v4	2026-10-09T07:17:08.4401184Z [command]/usr/bin/git config --global --add safe.directory /home/runner/work/shinariokanri/shinariokanri
verify	Run actions/checkout@v4	2026-10-09T07:17:08.4465124Z Deleting the contents of '/home/runner/work/shinariokanri/shinariokanri'
verify	Run actions/checkout@v4	2026-10-09T07:17:08.4471419Z ##[group]Initializing the repository
verify	Run actions/checkout@v4	2026-10-09T07:17:08.4478012Z [command]/usr/bin/git init /home/runner/work/shinariokanri/shinariokanri
verify	Run actions/checkout@v4	2026-10-09T07:17:08.4622728Z hint: Using 'master' as the name for the initial branch. This default branch name
verify	Run actions/checkout@v4	2026-10-09T07:17:08.4625019Z hint: will change to "main" in Git 3.0. To configure the initial branch name
verify	Run actions/checkout@v4	2026-10-09T07:17:08.4626730Z hint: to use in all of your new repositories, which will suppress this warning,
verify	Run actions/checkout@v4	2026-10-09T07:17:08.4628052Z hint: call:
verify	Run actions/checkout@v4	2026-10-09T07:17:08.4628990Z hint:
verify	Run actions/checkout@v4	2026-10-09T07:17:08.4629987Z hint: 	git config --global init.defaultBranch <name>
verify	Run actions/checkout@v4	2026-10-09T07:17:08.4631427Z hint:
verify	Run actions/checkout@v4	2026-10-09T07:17:08.4632531Z hint: Names commonly chosen instead of 'master' are 'main', 'trunk' and
verify	Run actions/checkout@v4	2026-10-09T07:17:08.4634180Z hint: 'development'. The just-created branch can be renamed via this command:
verify	Run actions/checkout@v4	2026-10-09T07:17:08.4636978Z hint:
verify	Run actions/checkout@v4	2026-10-09T07:17:08.4637906Z hint: 	git branch -m <name>
verify	Run actions/checkout@v4	2026-10-09T07:17:08.4638809Z hint:
verify	Run actions/checkout@v4	2026-10-09T07:17:08.4639993Z hint: Disable this message with "git config set advice.defaultBranchName false"
verify	Run actions/checkout@v4	2026-10-09T07:17:08.4642203Z Initialized empty Git repository in /home/runner/work/shinariokanri/shinariokanri/.git/
verify	Run actions/checkout@v4	2026-10-09T07:17:08.4646874Z [command]/usr/bin/git remote add origin https://github.com/chameleonjp-lab/shinariokanri
verify	Run actions/checkout@v4	2026-10-09T07:17:08.4708258Z ##[endgroup]
verify	Run actions/checkout@v4	2026-10-09T07:17:08.4709594Z ##[group]Disabling automatic garbage collection
verify	Run actions/checkout@v4	2026-10-09T07:17:08.4715538Z [command]/usr/bin/git config --local gc.auto 0
verify	Run actions/checkout@v4	2026-10-09T07:17:08.4758547Z ##[endgroup]
verify	Run actions/checkout@v4	2026-10-09T07:17:08.4759907Z ##[group]Setting up auth
verify	Run actions/checkout@v4	2026-10-09T07:17:08.4768657Z [command]/usr/bin/git config --local --name-only --get-regexp core\.sshCommand
verify	Run actions/checkout@v4	2026-10-09T07:17:08.4822889Z [command]/usr/bin/git submodule foreach --recursive sh -c "git config --local --name-only --get-regexp 'core\.sshCommand' && git config --local --unset-all 'core.sshCommand' || :"
verify	Run actions/checkout@v4	2026-10-09T07:17:08.5273765Z [command]/usr/bin/git config --local --name-only --get-regexp http\.https\:\/\/github\.com\/\.extraheader
verify	Run actions/checkout@v4	2026-10-09T07:17:08.5317286Z [command]/usr/bin/git submodule foreach --recursive sh -c "git config --local --name-only --get-regexp 'http\.https\:\/\/github\.com\/\.extraheader' && git config --local --unset-all 'http.https://github.com/.extraheader' || :"
verify	Run actions/checkout@v4	2026-10-09T07:17:08.5546197Z [command]/usr/bin/git config --local --name-only --get-regexp ^includeIf\.gitdir:
verify	Run actions/checkout@v4	2026-10-09T07:17:08.5649118Z [command]/usr/bin/git submodule foreach --recursive git config --local --show-origin --name-only --get-regexp remote.origin.url
verify	Run actions/checkout@v4	2026-10-09T07:17:08.5814975Z [command]/usr/bin/git config --local http.https://github.com/.extraheader AUTHORIZATION: basic ***
verify	Run actions/checkout@v4	2026-10-09T07:17:08.5856121Z ##[endgroup]
verify	Run actions/checkout@v4	2026-10-09T07:17:08.5857150Z ##[group]Fetching the repository
verify	Run actions/checkout@v4	2026-10-09T07:17:08.5866230Z [command]/usr/bin/git -c protocol.version=2 fetch --no-tags --prune --no-recurse-submodules --depth=1 origin +c1abadd2bbad5757a329595470ae0ef115e3e29d:refs/remotes/pull/21/merge
verify	Run actions/checkout@v4	2026-10-09T07:17:13.1281101Z From https://github.com/chameleonjp-lab/shinariokanri
verify	Run actions/checkout@v4	2026-10-09T07:17:13.1284114Z  * [new ref]         c1abadd2bbad5757a329595470ae0ef115e3e29d -> pull/21/merge
verify	Run actions/checkout@v4	2026-10-09T07:17:13.1317006Z ##[endgroup]
verify	Run actions/checkout@v4	2026-10-09T07:17:13.1318862Z ##[group]Determining the checkout info
verify	Run actions/checkout@v4	2026-10-09T07:17:13.1321163Z ##[endgroup]
verify	Run actions/checkout@v4	2026-10-09T07:17:13.1322340Z [command]/usr/bin/git sparse-checkout disable
verify	Run actions/checkout@v4	2026-10-09T07:17:13.1399156Z [command]/usr/bin/git config --local --unset-all extensions.worktreeConfig
verify	Run actions/checkout@v4	2026-10-09T07:17:13.1433064Z ##[group]Checking out the ref
verify	Run actions/checkout@v4	2026-10-09T07:17:13.1436268Z [command]/usr/bin/git checkout --progress --force refs/remotes/pull/21/merge
verify	Run actions/checkout@v4	2026-10-09T07:17:14.1889488Z Updating files:  85% (8060/9386)
verify	Run actions/checkout@v4	2026-10-09T07:17:14.2010467Z Updating files:  86% (8072/9386)
verify	Run actions/checkout@v4	2026-10-09T07:17:14.2074240Z Updating files:  87% (8166/9386)
verify	Run actions/checkout@v4	2026-10-09T07:17:14.2136739Z Updating files:  88% (8260/9386)
verify	Run actions/checkout@v4	2026-10-09T07:17:14.2198575Z Updating files:  89% (8354/9386)
verify	Run actions/checkout@v4	2026-10-09T07:17:14.2262586Z Updating files:  90% (8448/9386)
verify	Run actions/checkout@v4	2026-10-09T07:17:14.2315967Z Updating files:  91% (8542/9386)
verify	Run actions/checkout@v4	2026-10-09T07:17:14.2362600Z Updating files:  92% (8636/9386)
verify	Run actions/checkout@v4	2026-10-09T07:17:14.2412189Z Updating files:  93% (8729/9386)
verify	Run actions/checkout@v4	2026-10-09T07:17:14.2465222Z Updating files:  94% (8823/9386)
verify	Run actions/checkout@v4	2026-10-09T07:17:14.2530519Z Updating files:  95% (8917/9386)
verify	Run actions/checkout@v4	2026-10-09T07:17:14.2615502Z Updating files:  96% (9011/9386)
verify	Run actions/checkout@v4	2026-10-09T07:17:14.2693019Z Updating files:  97% (9105/9386)
verify	Run actions/checkout@v4	2026-10-09T07:17:14.2762798Z Updating files:  98% (9199/9386)
verify	Run actions/checkout@v4	2026-10-09T07:17:14.2825573Z Updating files:  99% (9293/9386)
verify	Run actions/checkout@v4	2026-10-09T07:17:14.2826205Z Updating files: 100% (9386/9386)
verify	Run actions/checkout@v4	2026-10-09T07:17:14.2826705Z Updating files: 100% (9386/9386), done.
verify	Run actions/checkout@v4	2026-10-09T07:17:14.2944058Z Note: switching to 'refs/remotes/pull/21/merge'.
verify	Run actions/checkout@v4	2026-10-09T07:17:14.2944797Z 
verify	Run actions/checkout@v4	2026-10-09T07:17:14.2945205Z You are in 'detached HEAD' state. You can look around, make experimental
verify	Run actions/checkout@v4	2026-10-09T07:17:14.2946104Z changes and commit them, and you can discard any commits you make in this
verify	Run actions/checkout@v4	2026-10-09T07:17:14.2946964Z state without impacting any branches by switching back to a branch.
verify	Run actions/checkout@v4	2026-10-09T07:17:14.2947481Z 
verify	Run actions/checkout@v4	2026-10-09T07:17:14.2947829Z If you want to create a new branch to retain commits you create, you may
verify	Run actions/checkout@v4	2026-10-09T07:17:14.2948755Z do so (now or later) by using -c with the switch command. Example:
verify	Run actions/checkout@v4	2026-10-09T07:17:14.2949234Z 
verify	Run actions/checkout@v4	2026-10-09T07:17:14.2949443Z   git switch -c <new-branch-name>
verify	Run actions/checkout@v4	2026-10-09T07:17:14.2949766Z 
verify	Run actions/checkout@v4	2026-10-09T07:17:14.2949964Z Or undo this operation with:
verify	Run actions/checkout@v4	2026-10-09T07:17:14.2950597Z 
verify	Run actions/checkout@v4	2026-10-09T07:17:14.2950912Z   git switch -
verify	Run actions/checkout@v4	2026-10-09T07:17:14.2951193Z 
verify	Run actions/checkout@v4	2026-10-09T07:17:14.2951588Z Turn off this advice by setting config variable advice.detachedHead to false
verify	Run actions/checkout@v4	2026-10-09T07:17:14.2952132Z 
verify	Run actions/checkout@v4	2026-10-09T07:17:14.2952657Z HEAD is now at c1abadd Merge 905aad8997bd4218fc3da84bba96687120ebb4dd into ae22dcae465236891f58cf8c1ea63174b9483cdb
verify	Run actions/checkout@v4	2026-10-09T07:17:14.3034768Z ##[endgroup]
verify	Run actions/checkout@v4	2026-10-09T07:17:14.3083576Z [command]/usr/bin/git log -1 --format=%H
verify	Run actions/checkout@v4	2026-10-09T07:17:14.3113848Z c1abadd2bbad5757a329595470ae0ef115e3e29d
verify	Run actions/setup-node@v4	﻿2026-10-09T07:17:14.3392979Z ##[group]Run actions/setup-node@v4
verify	Run actions/setup-node@v4	2026-10-09T07:17:14.3393360Z with:
verify	Run actions/setup-node@v4	2026-10-09T07:17:14.3393614Z   node-version: 24
verify	Run actions/setup-node@v4	2026-10-09T07:17:14.3393882Z   cache: npm
verify	Run actions/setup-node@v4	2026-10-09T07:17:14.3394123Z   always-auth: false
verify	Run actions/setup-node@v4	2026-10-09T07:17:14.3394392Z   check-latest: false
verify	Run actions/setup-node@v4	2026-10-09T07:17:14.3396829Z   token: ***
verify	Run actions/setup-node@v4	2026-10-09T07:17:14.3397080Z ##[endgroup]
verify	Run actions/setup-node@v4	2026-10-09T07:17:14.4801951Z Found in cache @ /opt/hostedtoolcache/node/24.21.0/x64
verify	Run actions/setup-node@v4	2026-10-09T07:17:14.4805536Z (node:2283) [DEP0040] DeprecationWarning: The `punycode` module is deprecated. Please use a userland alternative instead.
verify	Run actions/setup-node@v4	2026-10-09T07:17:14.4806440Z (Use `node --trace-deprecation ...` to show where the warning was created)
verify	Run actions/setup-node@v4	2026-10-09T07:17:14.4808920Z ##[group]Environment details
verify	Run actions/setup-node@v4	2026-10-09T07:17:17.3477494Z node: v24.21.0
verify	Run actions/setup-node@v4	2026-10-09T07:17:17.3478097Z npm: 11.19.0
verify	Run actions/setup-node@v4	2026-10-09T07:17:17.3478500Z yarn: 1.22.22
verify	Run actions/setup-node@v4	2026-10-09T07:17:17.3480787Z ##[endgroup]
verify	Run actions/setup-node@v4	2026-10-09T07:17:17.3500114Z [command]/opt/hostedtoolcache/node/24.21.0/x64/bin/npm config get cache
verify	Run actions/setup-node@v4	2026-10-09T07:17:17.7512090Z /home/runner/.npm
verify	Run actions/setup-node@v4	2026-10-09T07:17:18.0268458Z Cache hit for: node-cache-Linux-x64-npm-6d82bbc41af669d666d011c5fca070c497082ca77603293ec8c70d28ba98cc31
verify	Run actions/setup-node@v4	2026-10-09T07:17:18.0376616Z (node:2283) [DEP0169] DeprecationWarning: `url.parse()` behavior is not standardized and prone to errors that have security implications. Use the WHATWG URL API instead. CVEs are not issued for `url.parse()` vulnerabilities.
verify	Run actions/setup-node@v4	2026-10-09T07:17:19.2928380Z Received 4194304 of 44135652 (9.5%), 4.0 MBs/sec
verify	Run actions/setup-node@v4	2026-10-09T07:17:19.6098045Z Received 44135652 of 44135652 (100.0%), 32.0 MBs/sec
verify	Run actions/setup-node@v4	2026-10-09T07:17:19.6099114Z Cache Size: ~42 MB (44135652 B)
verify	Run actions/setup-node@v4	2026-10-09T07:17:19.6130103Z [command]/usr/bin/tar -xf /home/runner/work/_temp/70ed7b40-bc6f-431f-920e-becae415fc9b/cache.tzst -P -C /home/runner/work/shinariokanri/shinariokanri --use-compress-program unzstd
verify	Run actions/setup-node@v4	2026-10-09T07:17:19.7044092Z Cache restored successfully
verify	Run actions/setup-node@v4	2026-10-09T07:17:19.7067888Z Cache restored from key: node-cache-Linux-x64-npm-6d82bbc41af669d666d011c5fca070c497082ca77603293ec8c70d28ba98cc31
verify	Run npm ci	﻿2026-10-09T07:17:19.7233485Z ##[group]Run npm ci
verify	Run npm ci	2026-10-09T07:17:19.7233842Z [36;1mnpm ci[0m
verify	Run npm ci	2026-10-09T07:17:19.7595140Z shell: /usr/bin/bash -e {0}
verify	Run npm ci	2026-10-09T07:17:19.7595530Z ##[endgroup]
verify	Run npm ci	2026-10-09T07:17:22.5780011Z 
verify	Run npm ci	2026-10-09T07:17:22.5789399Z added 61 packages, and audited 62 packages in 3s
verify	Run npm ci	2026-10-09T07:17:22.5790099Z 
verify	Run npm ci	2026-10-09T07:17:22.5790801Z 15 packages are looking for funding
verify	Run npm ci	2026-10-09T07:17:22.5791599Z   run `npm fund` for details
verify	Run npm ci	2026-10-09T07:17:22.5795777Z 
verify	Run npm ci	2026-10-09T07:17:22.5796124Z found 0 vulnerabilities
verify	Run python3 scripts/check_docs.py	﻿2026-10-09T07:17:22.6367101Z ##[group]Run python3 scripts/check_docs.py
verify	Run python3 scripts/check_docs.py	2026-10-09T07:17:22.6367770Z [36;1mpython3 scripts/check_docs.py[0m
verify	Run python3 scripts/check_docs.py	2026-10-09T07:17:22.6457549Z shell: /usr/bin/bash -e {0}
verify	Run python3 scripts/check_docs.py	2026-10-09T07:17:22.6458004Z ##[endgroup]
verify	Run python3 scripts/check_docs.py	2026-10-09T07:17:22.8733775Z DOCUMENT VALIDATION PASSED: 104 requirements, 60 proposals, 24 work packages, 116 planned cases, 48 original + 10 technical sources.
verify	Run python3 scripts/check_docs.py	2026-10-09T07:17:22.8735897Z Checked: IDs, scope, sources, two-way traceability, acyclic dependencies, document/registry consistency, file hashes, fixture structure, local links.
verify	Run python3 scripts/check_docs.py	2026-10-09T07:17:22.8738145Z This document checker does not run application, schema, archive, security, performance or real-device acceptance tests. See docs/implementation/PROGRESS.md for separate implementation evidence.
verify	Run python3 scripts/check_completion_plan.py	﻿2026-10-09T07:17:23.0020766Z ##[group]Run python3 scripts/check_completion_plan.py
verify	Run python3 scripts/check_completion_plan.py	2026-10-09T07:17:23.0021314Z [36;1mpython3 scripts/check_completion_plan.py[0m
verify	Run python3 scripts/check_completion_plan.py	2026-10-09T07:17:23.0084645Z shell: /usr/bin/bash -e {0}
verify	Run python3 scripts/check_completion_plan.py	2026-10-09T07:17:23.0084941Z ##[endgroup]
verify	Run python3 scripts/check_completion_plan.py	2026-10-09T07:17:23.2568028Z COMPLETION PLAN PASSED: 104 tasks / 24 packages / 116 cases / 6 regression groups / 10 batches; original contracts retained.
verify	Run python3 -m unittest discover -s scripts -p 'test_check_*.py' -v	﻿2026-10-09T07:17:23.4904595Z ##[group]Run python3 -m unittest discover -s scripts -p 'test_check_*.py' -v
verify	Run python3 -m unittest discover -s scripts -p 'test_check_*.py' -v	2026-10-09T07:17:23.4905407Z [36;1mpython3 -m unittest discover -s scripts -p 'test_check_*.py' -v[0m
verify	Run python3 -m unittest discover -s scripts -p 'test_check_*.py' -v	2026-10-09T07:17:23.4970267Z shell: /usr/bin/bash -e {0}
verify	Run python3 -m unittest discover -s scripts -p 'test_check_*.py' -v	2026-10-09T07:17:23.4970613Z ##[endgroup]
verify	Run python3 -m unittest discover -s scripts -p 'test_check_*.py' -v	2026-10-09T07:17:24.6997258Z test_broken_example_route_fails (test_check_docs.DocumentCheckerTests.test_broken_example_route_fails) ... ok
verify	Run python3 -m unittest discover -s scripts -p 'test_check_*.py' -v	2026-10-09T07:17:25.4708999Z test_broken_link_fails (test_check_docs.DocumentCheckerTests.test_broken_link_fails) ... ok
verify	Run python3 -m unittest discover -s scripts -p 'test_check_*.py' -v	2026-10-09T07:17:26.2375434Z test_changed_pdf_fails (test_check_docs.DocumentCheckerTests.test_changed_pdf_fails) ... ok
verify	Run python3 -m unittest discover -s scripts -p 'test_check_*.py' -v	2026-10-09T07:17:27.0031575Z test_claimed_app_pass_fails (test_check_docs.DocumentCheckerTests.test_claimed_app_pass_fails) ... ok
verify	Run python3 -m unittest discover -s scripts -p 'test_check_*.py' -v	2026-10-09T07:17:27.7699249Z test_dependency_cycle_fails (test_check_docs.DocumentCheckerTests.test_dependency_cycle_fails) ... ok
verify	Run python3 -m unittest discover -s scripts -p 'test_check_*.py' -v	2026-10-09T07:17:28.5352749Z test_document_registry_drift_fails (test_check_docs.DocumentCheckerTests.test_document_registry_drift_fails) ... ok
verify	Run python3 -m unittest discover -s scripts -p 'test_check_*.py' -v	2026-10-09T07:17:29.3014829Z test_duplicate_id_fails (test_check_docs.DocumentCheckerTests.test_duplicate_id_fails) ... ok
verify	Run python3 -m unittest discover -s scripts -p 'test_check_*.py' -v	2026-10-09T07:17:30.0675995Z test_generated_dependency_documents_are_not_repository_sources (test_check_docs.DocumentCheckerTests.test_generated_dependency_documents_are_not_repository_sources) ... ok
verify	Run python3 -m unittest discover -s scripts -p 'test_check_*.py' -v	2026-10-09T07:17:30.8317022Z test_intact_documents_pass (test_check_docs.DocumentCheckerTests.test_intact_documents_pass) ... ok
verify	Run python3 -m unittest discover -s scripts -p 'test_check_*.py' -v	2026-10-09T07:17:31.5966987Z test_missing_acceptance_fails (test_check_docs.DocumentCheckerTests.test_missing_acceptance_fails) ... ok
verify	Run python3 -m unittest discover -s scripts -p 'test_check_*.py' -v	2026-10-09T07:17:32.3727695Z test_omitted_proposal_fails (test_check_docs.DocumentCheckerTests.test_omitted_proposal_fails) ... ok
verify	Run python3 -m unittest discover -s scripts -p 'test_check_*.py' -v	2026-10-09T07:17:32.3739956Z test_automated_browser_cannot_replace_live_rls_or_real_device_gate (test_check_release.ReleaseGateTests.test_automated_browser_cannot_replace_live_rls_or_real_device_gate) ... ok
verify	Run python3 -m unittest discover -s scripts -p 'test_check_*.py' -v	2026-10-09T07:17:32.3752231Z test_different_commit_and_not_run_case_block (test_check_release.ReleaseGateTests.test_different_commit_and_not_run_case_block) ... ok
verify	Run python3 -m unittest discover -s scripts -p 'test_check_*.py' -v	2026-10-09T07:17:32.3761673Z test_matching_complete_record_passes (test_check_release.ReleaseGateTests.test_matching_complete_record_passes) ... ok
verify	Run python3 -m unittest discover -s scripts -p 'test_check_*.py' -v	2026-10-09T07:17:32.3769107Z test_missing_evidence_blocks (test_check_release.ReleaseGateTests.test_missing_evidence_blocks) ... ok
verify	Run python3 -m unittest discover -s scripts -p 'test_check_*.py' -v	2026-10-09T07:17:32.3770464Z 
verify	Run python3 -m unittest discover -s scripts -p 'test_check_*.py' -v	2026-10-09T07:17:32.3770882Z ----------------------------------------------------------------------
verify	Run python3 -m unittest discover -s scripts -p 'test_check_*.py' -v	2026-10-09T07:17:32.3771653Z Ran 15 tests in 8.572s
verify	Run python3 -m unittest discover -s scripts -p 'test_check_*.py' -v	2026-10-09T07:17:32.3771941Z 
verify	Run python3 -m unittest discover -s scripts -p 'test_check_*.py' -v	2026-10-09T07:17:32.3772087Z OK
verify	Run npx playwright install --with-deps chromium firefox webkit	﻿2026-10-09T07:17:32.3935194Z ##[group]Run npx playwright install --with-deps chromium firefox webkit
verify	Run npx playwright install --with-deps chromium firefox webkit	2026-10-09T07:17:32.3935770Z [36;1mnpx playwright install --with-deps chromium firefox webkit[0m
verify	Run npx playwright install --with-deps chromium firefox webkit	2026-10-09T07:17:32.3997867Z shell: /usr/bin/bash -e {0}
verify	Run npx playwright install --with-deps chromium firefox webkit	2026-10-09T07:17:32.3998188Z ##[endgroup]
verify	Run npx playwright install --with-deps chromium firefox webkit	2026-10-09T07:17:33.2693275Z Installing dependencies...
verify	Run npx playwright install --with-deps chromium firefox webkit	2026-10-09T07:17:33.2783192Z Switching to root user to install dependencies...
verify	Run npx playwright install --with-deps chromium firefox webkit	2026-10-09T07:17:33.4323868Z Get:1 file:/etc/apt/apt-mirrors.txt Mirrorlist [144 B]
verify	Run npx playwright install --with-deps chromium firefox webkit	2026-10-09T07:17:33.4483449Z Get:4 https://packages.microsoft.com/ubuntu/24.04/prod noble InRelease [3600 B]
verify	Run npx playwright install --with-deps chromium firefox webkit	2026-10-09T07:17:33.4733598Z Hit:2 http://azure.archive.ubuntu.com/ubuntu noble InRelease
verify	Run npx playwright install --with-deps chromium firefox webkit	2026-10-09T07:17:33.4759593Z Get:3 http://azure.archive.ubuntu.com/ubuntu noble-updates InRelease [126 kB]
verify	Run npx playwright install --with-deps chromium firefox webkit	2026-10-09T07:17:33.4821092Z Get:5 http://azure.archive.ubuntu.com/ubuntu noble-backports InRelease [126 kB]
verify	Run npx playwright install --with-deps chromium firefox webkit	2026-10-09T07:17:33.4901480Z Get:6 http://azure.archive.ubuntu.com/ubuntu noble-security InRelease [126 kB]
verify	Run npx playwright install --with-deps chromium firefox webkit	2026-10-09T07:17:33.5788616Z Get:7 https://packages.microsoft.com/ubuntu/24.04/prod noble/main all Packages [640 B]
verify	Run npx playwright install --with-deps chromium firefox webkit	2026-10-09T07:17:33.5925617Z Get:8 https://packages.microsoft.com/ubuntu/24.04/prod noble/main armhf Packages [12.3 kB]
verify	Run npx playwright install --with-deps chromium firefox webkit	2026-10-09T07:17:33.5945296Z Get:9 https://packages.microsoft.com/ubuntu/24.04/prod noble/main amd64 Packages [531 kB]
verify	Run npx playwright install --with-deps chromium firefox webkit	2026-10-09T07:17:33.5993667Z Get:10 https://packages.microsoft.com/ubuntu/24.04/prod noble/main arm64 Packages [475 kB]
verify	Run npx playwright install --with-deps chromium firefox webkit	2026-10-09T07:17:33.7171524Z Get:11 http://azure.archive.ubuntu.com/ubuntu noble-updates/main amd64 Packages [1375 kB]
verify	Run npx playwright install --with-deps chromium firefox webkit	2026-10-09T07:17:33.7251818Z Get:12 http://azure.archive.ubuntu.com/ubuntu noble-updates/main Translation-en [306 kB]
verify	Run npx playwright install --with-deps chromium firefox webkit	2026-10-09T07:17:33.7269429Z Get:13 http://azure.archive.ubuntu.com/ubuntu noble-updates/universe amd64 Packages [1702 kB]
verify	Run npx playwright install --with-deps chromium firefox webkit	2026-10-09T07:17:33.7363856Z Get:14 http://azure.archive.ubuntu.com/ubuntu noble-updates/universe Translation-en [342 kB]
verify	Run npx playwright install --with-deps chromium firefox webkit	2026-10-09T07:17:33.7401443Z Get:15 http://azure.archive.ubuntu.com/ubuntu noble-updates/restricted amd64 Packages [1761 kB]
verify	Run npx playwright install --with-deps chromium firefox webkit	2026-10-09T07:17:33.7457608Z Get:16 http://azure.archive.ubuntu.com/ubuntu noble-updates/restricted Translation-en [401 kB]
verify	Run npx playwright install --with-deps chromium firefox webkit	2026-10-09T07:17:33.7490073Z Get:17 http://azure.archive.ubuntu.com/ubuntu noble-updates/multiverse amd64 Packages [55.0 kB]
verify	Run npx playwright install --with-deps chromium firefox webkit	2026-10-09T07:17:33.7497717Z Get:18 http://azure.archive.ubuntu.com/ubuntu noble-updates/multiverse Translation-en [14.3 kB]
verify	Run npx playwright install --with-deps chromium firefox webkit	2026-10-09T07:17:33.8262349Z Get:19 http://azure.archive.ubuntu.com/ubuntu noble-security/main amd64 Packages [1118 kB]
verify	Run npx playwright install --with-deps chromium firefox webkit	2026-10-09T07:17:33.8315102Z Get:20 http://azure.archive.ubuntu.com/ubuntu noble-security/main Translation-en [228 kB]
verify	Run npx playwright install --with-deps chromium firefox webkit	2026-10-09T07:17:33.8800752Z Get:21 http://azure.archive.ubuntu.com/ubuntu noble-security/universe amd64 Packages [1220 kB]
verify	Run npx playwright install --with-deps chromium firefox webkit	2026-10-09T07:17:33.8861471Z Get:22 http://azure.archive.ubuntu.com/ubuntu noble-security/universe Translation-en [245 kB]
verify	Run npx playwright install --with-deps chromium firefox webkit	2026-10-09T07:17:33.8877437Z Get:23 http://azure.archive.ubuntu.com/ubuntu noble-security/restricted amd64 Packages [1667 kB]
verify	Run npx playwright install --with-deps chromium firefox webkit	2026-10-09T07:17:33.8956135Z Get:24 http://azure.archive.ubuntu.com/ubuntu noble-security/restricted Translation-en [383 kB]
verify	Run npx playwright install --with-deps chromium firefox webkit	2026-10-09T07:17:33.8973827Z Get:25 http://azure.archive.ubuntu.com/ubuntu noble-security/multiverse amd64 Packages [49.8 kB]
verify	Run npx playwright install --with-deps chromium firefox webkit	2026-10-09T07:17:33.8983880Z Get:26 http://azure.archive.ubuntu.com/ubuntu noble-security/multiverse Translation-en [12.4 kB]
verify	Run npx playwright install --with-deps chromium firefox webkit	2026-10-09T07:17:39.3096590Z Fetched 12.3 MB in 1s (9097 kB/s)
verify	Run npx playwright install --with-deps chromium firefox webkit	2026-10-09T07:17:40.1358449Z Reading package lists...
verify	Run npx playwright install --with-deps chromium firefox webkit	2026-10-09T07:17:40.1597195Z Reading package lists...
verify	Run npx playwright install --with-deps chromium firefox webkit	2026-10-09T07:17:40.3513216Z Building dependency tree...
verify	Run npx playwright install --with-deps chromium firefox webkit	2026-10-09T07:17:40.3520524Z Reading state information...
verify	Run npx playwright install --with-deps chromium firefox webkit	2026-10-09T07:17:40.3686508Z libasound2t64 is already the newest version (1.2.11-1ubuntu0.3).
verify	Run npx playwright install --with-deps chromium firefox webkit	2026-10-09T07:17:40.3687779Z libasound2t64 set to manually installed.
verify	Run npx playwright install --with-deps chromium firefox webkit	2026-10-09T07:17:40.3688548Z libatk-bridge2.0-0t64 is already the newest version (2.52.0-1build1).
verify	Run npx playwright install --with-deps chromium firefox webkit	2026-10-09T07:17:40.3689334Z libatk-bridge2.0-0t64 set to manually installed.
verify	Run npx playwright install --with-deps chromium firefox webkit	2026-10-09T07:17:40.3690823Z libatk1.0-0t64 is already the newest version (2.52.0-1build1).
verify	Run npx playwright install --with-deps chromium firefox webkit	2026-10-09T07:17:40.3691590Z libatk1.0-0t64 set to manually installed.
verify	Run npx playwright install --with-deps chromium firefox webkit	2026-10-09T07:17:40.3692308Z libatspi2.0-0t64 is already the newest version (2.52.0-1build1).
verify	Run npx playwright install --with-deps chromium firefox webkit	2026-10-09T07:17:40.3692969Z libatspi2.0-0t64 set to manually installed.
verify	Run npx playwright install --with-deps chromium firefox webkit	2026-10-09T07:17:40.3693566Z libcairo2 is already the newest version (1.18.0-3build1).
verify	Run npx playwright install --with-deps chromium firefox webkit	2026-10-09T07:17:40.3694064Z libcairo2 set to manually installed.
verify	Run npx playwright install --with-deps chromium firefox webkit	2026-10-09T07:17:40.3695018Z libcups2t64 is already the newest version (2.4.7-1.2ubuntu7.14).
verify	Run npx playwright install --with-deps chromium firefox webkit	2026-10-09T07:17:40.3695558Z libcups2t64 set to manually installed.
verify	Run npx playwright install --with-deps chromium firefox webkit	2026-10-09T07:17:40.3696105Z libdbus-1-3 is already the newest version (1.14.10-4ubuntu4.1).
verify	Run npx playwright install --with-deps chromium firefox webkit	2026-10-09T07:17:40.3696640Z libdbus-1-3 set to manually installed.
verify	Run npx playwright install --with-deps chromium firefox webkit	2026-10-09T07:17:40.3697195Z libdrm2 is already the newest version (2.4.125-1ubuntu0.1~24.04.2).
verify	Run npx playwright install --with-deps chromium firefox webkit	2026-10-09T07:17:40.3697726Z libdrm2 set to manually installed.
verify	Run npx playwright install --with-deps chromium firefox webkit	2026-10-09T07:17:40.3698259Z libgbm1 is already the newest version (25.2.8-0ubuntu0.24.04.4).
verify	Run npx playwright install --with-deps chromium firefox webkit	2026-10-09T07:17:40.3698775Z libgbm1 set to manually installed.
verify	Run npx playwright install --with-deps chromium firefox webkit	2026-10-09T07:17:40.3699320Z libglib2.0-0t64 is already the newest version (2.80.0-6ubuntu3.9).
verify	Run npx playwright install --with-deps chromium firefox webkit	2026-10-09T07:17:40.3699874Z libglib2.0-0t64 set to manually installed.
verify	Run npx playwright install --with-deps chromium firefox webkit	2026-10-09T07:17:40.3700722Z libnspr4 is already the newest version (2:4.35-1.1build1).
verify	Run npx playwright install --with-deps chromium firefox webkit	2026-10-09T07:17:40.3701267Z libnspr4 set to manually installed.
verify	Run npx playwright install --with-deps chromium firefox webkit	2026-10-09T07:17:40.3701796Z libnss3 is already the newest version (2:3.98-1ubuntu0.2).
verify	Run npx playwright install --with-deps chromium firefox webkit	2026-10-09T07:17:40.3702287Z libnss3 set to manually installed.
verify	Run npx playwright install --with-deps chromium firefox webkit	2026-10-09T07:17:40.3702829Z libpango-1.0-0 is already the newest version (1.52.1+ds-1build1).
verify	Run npx playwright install --with-deps chromium firefox webkit	2026-10-09T07:17:40.3703372Z libpango-1.0-0 set to manually installed.
verify	Run npx playwright install --with-deps chromium firefox webkit	2026-10-09T07:17:40.3703816Z libx11-6 is already the newest version (2:1.8.7-1build1).
verify	Run npx playwright install --with-deps chromium firefox webkit	2026-10-09T07:17:40.3704204Z libx11-6 set to manually installed.
verify	Run npx playwright install --with-deps chromium firefox webkit	2026-10-09T07:17:40.3704577Z libxcb1 is already the newest version (1.15-1ubuntu2).
verify	Run npx playwright install --with-deps chromium firefox webkit	2026-10-09T07:17:40.3704941Z libxcb1 set to manually installed.
verify	Run npx playwright install --with-deps chromium firefox webkit	2026-10-09T07:17:40.3705367Z libxcomposite1 is already the newest version (1:0.4.5-1build3).
verify	Run npx playwright install --with-deps chromium firefox webkit	2026-10-09T07:17:40.3705804Z libxcomposite1 set to manually installed.
verify	Run npx playwright install --with-deps chromium firefox webkit	2026-10-09T07:17:40.3706227Z libxdamage1 is already the newest version (1:1.1.6-1build1).
verify	Run npx playwright install --with-deps chromium firefox webkit	2026-10-09T07:17:40.3706629Z libxdamage1 set to manually installed.
verify	Run npx playwright install --with-deps chromium firefox webkit	2026-10-09T07:17:40.3707054Z libxext6 is already the newest version (2:1.3.4-1build2).
verify	Run npx playwright install --with-deps chromium firefox webkit	2026-10-09T07:17:40.3707433Z libxext6 set to manually installed.
verify	Run npx playwright install --with-deps chromium firefox webkit	2026-10-09T07:17:40.3707821Z libxfixes3 is already the newest version (1:6.0.0-2build1).
verify	Run npx playwright install --with-deps chromium firefox webkit	2026-10-09T07:17:40.3708214Z libxfixes3 set to manually installed.
verify	Run npx playwright install --with-deps chromium firefox webkit	2026-10-09T07:17:40.3708614Z libxkbcommon0 is already the newest version (1.6.0-1build1).
verify	Run npx playwright install --with-deps chromium firefox webkit	2026-10-09T07:17:40.3709015Z libxkbcommon0 set to manually installed.
verify	Run npx playwright install --with-deps chromium firefox webkit	2026-10-09T07:17:40.3709416Z libxrandr2 is already the newest version (2:1.5.2-2build1).
verify	Run npx playwright install --with-deps chromium firefox webkit	2026-10-09T07:17:40.3709796Z libxrandr2 set to manually installed.
verify	Run npx playwright install --with-deps chromium firefox webkit	2026-10-09T07:17:40.3710317Z xvfb is already the newest version (2:21.1.12-1ubuntu1.8).
verify	Run npx playwright install --with-deps chromium firefox webkit	2026-10-09T07:17:40.3710872Z fonts-noto-color-emoji is already the newest version (2.047-0ubuntu0.24.04.1).
verify	Run npx playwright install --with-deps chromium firefox webkit	2026-10-09T07:17:40.3711743Z libfontconfig1 is already the newest version (2.15.0-1.1ubuntu2).
verify	Run npx playwright install --with-deps chromium firefox webkit	2026-10-09T07:17:40.3712319Z libfontconfig1 set to manually installed.
verify	Run npx playwright install --with-deps chromium firefox webkit	2026-10-09T07:17:40.3712742Z fonts-liberation is already the newest version (1:2.1.5-3).
verify	Run npx playwright install --with-deps chromium firefox webkit	2026-10-09T07:17:40.3713160Z fonts-liberation set to manually installed.
verify	Run npx playwright install --with-deps chromium firefox webkit	2026-10-09T07:17:40.3713616Z libcairo-gobject2 is already the newest version (1.18.0-3build1).
verify	Run npx playwright install --with-deps chromium firefox webkit	2026-10-09T07:17:40.3714053Z libcairo-gobject2 set to manually installed.
verify	Run npx playwright install --with-deps chromium firefox webkit	2026-10-09T07:17:40.3714551Z libgdk-pixbuf-2.0-0 is already the newest version (2.42.10+dfsg-3ubuntu3.3).
verify	Run npx playwright install --with-deps chromium firefox webkit	2026-10-09T07:17:40.3715234Z libgdk-pixbuf-2.0-0 set to manually installed.
verify	Run npx playwright install --with-deps chromium firefox webkit	2026-10-09T07:17:40.3715683Z libgtk-3-0t64 is already the newest version (3.24.41-4ubuntu1.3).
verify	Run npx playwright install --with-deps chromium firefox webkit	2026-10-09T07:17:40.3716099Z libgtk-3-0t64 set to manually installed.
verify	Run npx playwright install --with-deps chromium firefox webkit	2026-10-09T07:17:40.3716547Z libpangocairo-1.0-0 is already the newest version (1.52.1+ds-1build1).
verify	Run npx playwright install --with-deps chromium firefox webkit	2026-10-09T07:17:40.3717136Z libpangocairo-1.0-0 set to manually installed.
verify	Run npx playwright install --with-deps chromium firefox webkit	2026-10-09T07:17:40.3717568Z libx11-xcb1 is already the newest version (2:1.8.7-1build1).
verify	Run npx playwright install --with-deps chromium firefox webkit	2026-10-09T07:17:40.3717953Z libx11-xcb1 set to manually installed.
verify	Run npx playwright install --with-deps chromium firefox webkit	2026-10-09T07:17:40.3718338Z libxcb-shm0 is already the newest version (1.15-1ubuntu2).
verify	Run npx playwright install --with-deps chromium firefox webkit	2026-10-09T07:17:40.3718728Z libxcb-shm0 set to manually installed.
verify	Run npx playwright install --with-deps chromium firefox webkit	2026-10-09T07:17:40.3719127Z libxcursor1 is already the newest version (1:1.2.1-1build1).
verify	Run npx playwright install --with-deps chromium firefox webkit	2026-10-09T07:17:40.3719512Z libxcursor1 set to manually installed.
verify	Run npx playwright install --with-deps chromium firefox webkit	2026-10-09T07:17:40.3719892Z libxi6 is already the newest version (2:1.8.1-1build1).
verify	Run npx playwright install --with-deps chromium firefox webkit	2026-10-09T07:17:40.3720427Z libxi6 set to manually installed.
verify	Run npx playwright install --with-deps chromium firefox webkit	2026-10-09T07:17:40.3720938Z libxrender1 is already the newest version (1:0.9.10-1.1build1).
verify	Run npx playwright install --with-deps chromium firefox webkit	2026-10-09T07:17:40.3721347Z libxrender1 set to manually installed.
verify	Run npx playwright install --with-deps chromium firefox webkit	2026-10-09T07:17:40.3721730Z libicu74 is already the newest version (74.2-1ubuntu3.1).
verify	Run npx playwright install --with-deps chromium firefox webkit	2026-10-09T07:17:40.3722206Z libatomic1 is already the newest version (14.2.0-4ubuntu2~24.04.1).
verify	Run npx playwright install --with-deps chromium firefox webkit	2026-10-09T07:17:40.3722629Z libatomic1 set to manually installed.
verify	Run npx playwright install --with-deps chromium firefox webkit	2026-10-09T07:17:40.3723035Z libenchant-2-2 is already the newest version (2.3.3-2build2).
verify	Run npx playwright install --with-deps chromium firefox webkit	2026-10-09T07:17:40.3723439Z libenchant-2-2 set to manually installed.
verify	Run npx playwright install --with-deps chromium firefox webkit	2026-10-09T07:17:40.3723842Z libepoxy0 is already the newest version (1.5.10-1build1).
verify	Run npx playwright install --with-deps chromium firefox webkit	2026-10-09T07:17:40.3724219Z libepoxy0 set to manually installed.
verify	Run npx playwright install --with-deps chromium firefox webkit	2026-10-09T07:17:40.3724644Z libgstreamer1.0-0 is already the newest version (1.24.2-1ubuntu0.1).
verify	Run npx playwright install --with-deps chromium firefox webkit	2026-10-09T07:17:40.3725092Z libgstreamer1.0-0 set to manually installed.
verify	Run npx playwright install --with-deps chromium firefox webkit	2026-10-09T07:17:40.3725513Z libharfbuzz0b is already the newest version (8.3.0-2build2).
verify	Run npx playwright install --with-deps chromium firefox webkit	2026-10-09T07:17:40.3725918Z libharfbuzz0b set to manually installed.
verify	Run npx playwright install --with-deps chromium firefox webkit	2026-10-09T07:17:40.3726337Z libjpeg-turbo8 is already the newest version (2.1.5-2ubuntu2).
verify	Run npx playwright install --with-deps chromium firefox webkit	2026-10-09T07:17:40.4946783Z libjpeg-turbo8 set to manually installed.
verify	Run npx playwright install --with-deps chromium firefox webkit	2026-10-09T07:17:40.4947999Z liblcms2-2 is already the newest version (2.14-2ubuntu0.1).
verify	Run npx playwright install --with-deps chromium firefox webkit	2026-10-09T07:17:40.4948775Z liblcms2-2 set to manually installed.
verify	Run npx playwright install --with-deps chromium firefox webkit	2026-10-09T07:17:40.4949946Z libwayland-client0 is already the newest version (1.22.0-2.1build1).
verify	Run npx playwright install --with-deps chromium firefox webkit	2026-10-09T07:17:40.4951452Z libwayland-client0 set to manually installed.
verify	Run npx playwright install --with-deps chromium firefox webkit	2026-10-09T07:17:40.4952411Z libwayland-egl1 is already the newest version (1.22.0-2.1build1).
verify	Run npx playwright install --with-deps chromium firefox webkit	2026-10-09T07:17:40.4953265Z libwayland-egl1 set to manually installed.
verify	Run npx playwright install --with-deps chromium firefox webkit	2026-10-09T07:17:40.4954028Z libwebp7 is already the newest version (1.3.2-0.4build3).
verify	Run npx playwright install --with-deps chromium firefox webkit	2026-10-09T07:17:40.4954723Z libwebp7 set to manually installed.
verify	Run npx playwright install --with-deps chromium firefox webkit	2026-10-09T07:17:40.4955396Z libwebpdemux2 is already the newest version (1.3.2-0.4build3).
verify	Run npx playwright install --with-deps chromium firefox webkit	2026-10-09T07:17:40.4955993Z libwebpdemux2 set to manually installed.
verify	Run npx playwright install --with-deps chromium firefox webkit	2026-10-09T07:17:40.4956664Z libxslt1.1 is already the newest version (1.1.39-0exp1ubuntu0.24.04.3).
verify	Run npx playwright install --with-deps chromium firefox webkit	2026-10-09T07:17:40.4957290Z libxslt1.1 set to manually installed.
verify	Run npx playwright install --with-deps chromium firefox webkit	2026-10-09T07:17:40.4957847Z The following additional packages will be installed:
verify	Run npx playwright install --with-deps chromium firefox webkit	2026-10-09T07:17:40.4958524Z   glib-networking glib-networking-common glib-networking-services
verify	Run npx playwright install --with-deps chromium firefox webkit	2026-10-09T07:17:40.4959528Z   gsettings-desktop-schemas libaa1 libabsl20220623t64 libass9 libasyncns0
verify	Run npx playwright install --with-deps chromium firefox webkit	2026-10-09T07:17:40.4960580Z   libavc1394-0 libavfilter9 libavformat60 libavtp0 libavutil58 libblas3
verify	Run npx playwright install --with-deps chromium firefox webkit	2026-10-09T07:17:40.4961383Z   libbluray2 libbs2b0 libcaca0 libcairo-script-interpreter2 libcdparanoia0
verify	Run npx playwright install --with-deps chromium firefox webkit	2026-10-09T07:17:40.4962187Z   libchromaprint1 libcjson1 libcodec2-1.2 libdav1d7 libdc1394-25 libdca0
verify	Run npx playwright install --with-deps chromium firefox webkit	2026-10-09T07:17:40.4962926Z   libde265-0 libdecor-0-0 libdirectfb-1.7-7t64 libdv4t64 libdvdnav4
verify	Run npx playwright install --with-deps chromium firefox webkit	2026-10-09T07:17:40.4963867Z   libdvdread8t64 libegl-mesa0 libegl1 libfaad2 libflac12t64 libfluidsynth3
verify	Run npx playwright install --with-deps chromium firefox webkit	2026-10-09T07:17:40.4964657Z   libfreeaptx0 libgav1-1 libgme0 libgraphene-1.0-0 libgsm1 libgssdp-1.6-0
verify	Run npx playwright install --with-deps chromium firefox webkit	2026-10-09T07:17:40.4965727Z   libgstreamer-plugins-good1.0-0 libgtk-4-common libgupnp-1.6-0
verify	Run npx playwright install --with-deps chromium firefox webkit	2026-10-09T07:17:40.4966329Z   libgupnp-igd-1.6-0 libhwy1t64 libiec61883-0 libimath-3-1-29t64
verify	Run npx playwright install --with-deps chromium firefox webkit	2026-10-09T07:17:40.4966824Z   libinstpatch-1.0-2 libjack-jackd2-0 libjxl0.7 liblapack3 liblc3-1
verify	Run npx playwright install --with-deps chromium firefox webkit	2026-10-09T07:17:40.4967521Z   libldacbt-enc2 liblilv-0-0 liblrdf0 libltc11 libmbedcrypto7t64 libmfx1
verify	Run npx playwright install --with-deps chromium firefox webkit	2026-10-09T07:17:40.4968040Z   libmjpegutils-2.1-0t64 libmodplug1 libmp3lame0 libmpcdec6
verify	Run npx playwright install --with-deps chromium firefox webkit	2026-10-09T07:17:40.4968533Z   libmpeg2encpp-2.1-0t64 libmpg123-0t64 libmplex2-2.1-0t64 libmysofa1
verify	Run npx playwright install --with-deps chromium firefox webkit	2026-10-09T07:17:40.4969053Z   libneon27t64 libnice10 libopenal-data libopenal1 libopenexr-3-1-30
verify	Run npx playwright install --with-deps chromium firefox webkit	2026-10-09T07:17:40.4969541Z   libopenh264-7 libopenmpt0t64 libopenni2-0 liborc-0.4-0t64
verify	Run npx playwright install --with-deps chromium firefox webkit	2026-10-09T07:17:40.4970015Z   libpipewire-0.3-0t64 libplacebo338 libpocketsphinx3 libpostproc57
verify	Run npx playwright install --with-deps chromium firefox webkit	2026-10-09T07:17:40.4970697Z   libproxy1v5 libpulse0 libqrencode4 libraptor2-0 librav1e0 libraw1394-11
verify	Run npx playwright install --with-deps chromium firefox webkit	2026-10-09T07:17:40.4971263Z   librist4 librsvg2-2 librubberband2 libsamplerate0 libsbc1 libsdl2-2.0-0
verify	Run npx playwright install --with-deps chromium firefox webkit	2026-10-09T07:17:40.4971817Z   libsecret-common libserd-0-0 libshine3 libshout3 libsndfile1 libsndio7.0
verify	Run npx playwright install --with-deps chromium firefox webkit	2026-10-09T07:17:40.4972360Z   libsord-0-0 libsoundtouch1 libsoup-3.0-0 libsoup-3.0-common libsoxr0
verify	Run npx playwright install --with-deps chromium firefox webkit	2026-10-09T07:17:40.4972917Z   libspa-0.2-modules libspandsp2t64 libspeex1 libsphinxbase3t64 libsratom-0-0
verify	Run npx playwright install --with-deps chromium firefox webkit	2026-10-09T07:17:40.4973500Z   libsrt1.5-gnutls libsrtp2-1 libssh-gcrypt-4 libsvtav1enc1d1 libswresample4
verify	Run npx playwright install --with-deps chromium firefox webkit	2026-10-09T07:17:40.4974070Z   libswscale7 libtag1v5 libtag1v5-vanilla libtheora0 libtwolame0 libudfread0
verify	Run npx playwright install --with-deps chromium firefox webkit	2026-10-09T07:17:40.4974627Z   libunibreak5 libv4l-0t64 libv4lconvert0t64 libva-drm2 libva-x11-2 libva2
verify	Run npx playwright install --with-deps chromium firefox webkit	2026-10-09T07:17:40.4975174Z   libvdpau1 libvidstab1.1 libvisual-0.4-0 libvo-aacenc0 libvo-amrwbenc0
verify	Run npx playwright install --with-deps chromium firefox webkit	2026-10-09T07:17:40.4975733Z   libvorbisenc2 libvpl2 libwavpack1 libwebrtc-audio-processing1 libwildmidi2
verify	Run npx playwright install --with-deps chromium firefox webkit	2026-10-09T07:17:40.4976298Z   libx265-199 libxcb-xkb1 libxkbcommon-x11-0 libxml2-dev libxvidcore4 libyuv0
verify	Run npx playwright install --with-deps chromium firefox webkit	2026-10-09T07:17:40.4976846Z   libzbar0t64 libzimg2 libzix-0-0 libzvbi-common libzvbi0t64 libzxing3
verify	Run npx playwright install --with-deps chromium firefox webkit	2026-10-09T07:17:40.4977383Z   ocl-icd-libopencl1 session-migration timgm6mb-soundfont xfonts-encodings
verify	Run npx playwright install --with-deps chromium firefox webkit	2026-10-09T07:17:40.4977779Z   xfonts-utils
verify	Run npx playwright install --with-deps chromium firefox webkit	2026-10-09T07:17:40.4978015Z Suggested packages:
verify	Run npx playwright install --with-deps chromium firefox webkit	2026-10-09T07:17:40.4978404Z   frei0r-plugins gvfs libcuda1 libnvcuvid1 libnvidia-encode1 libbluray-bdj
verify	Run npx playwright install --with-deps chromium firefox webkit	2026-10-09T07:17:40.4978957Z   libdirectfb-extra libdv-bin oss-compat libdvdcss2 libvisual-0.4-plugins
verify	Run npx playwright install --with-deps chromium firefox webkit	2026-10-09T07:17:40.4979490Z   jackd2 liblrdf0-dev libportaudio2 opus-tools pipewire pulseaudio
verify	Run npx playwright install --with-deps chromium firefox webkit	2026-10-09T07:17:40.4980003Z   raptor2-utils libraw1394-doc librsvg2-bin serdi sndiod sordi speex
verify	Run npx playwright install --with-deps chromium firefox webkit	2026-10-09T07:17:40.4980575Z   libwildmidi-config opencl-icd fluid-soundfont-gm
verify	Run npx playwright install --with-deps chromium firefox webkit	2026-10-09T07:17:40.4980922Z Recommended packages:
verify	Run npx playwright install --with-deps chromium firefox webkit	2026-10-09T07:17:40.4981274Z   fonts-ipafont-mincho fonts-tlwg-loma gstreamer1.0-x libaacs0
verify	Run npx playwright install --with-deps chromium firefox webkit	2026-10-09T07:17:40.4981780Z   default-libdecor-0-plugin-1 | libdecor-0-plugin-1 gstreamer1.0-gl
verify	Run npx playwright install --with-deps chromium firefox webkit	2026-10-09T07:17:40.4982357Z   libgtk-4-bin librsvg2-common libgtk-4-media-gstreamer libpipewire-0.3-common
verify	Run npx playwright install --with-deps chromium firefox webkit	2026-10-09T07:17:40.4982955Z   pocketsphinx-en-us va-driver-all | va-driver vdpau-driver-all | vdpau-driver
verify	Run npx playwright install --with-deps chromium firefox webkit	2026-10-09T07:17:40.4983379Z   libmagickcore-6.q16-7-extra
verify	Run npx playwright install --with-deps chromium firefox webkit	2026-10-09T07:17:40.5983563Z The following NEW packages will be installed:
verify	Run npx playwright install --with-deps chromium firefox webkit	2026-10-09T07:17:40.5984874Z   fonts-freefont-ttf fonts-ipafont-gothic fonts-tlwg-loma-otf fonts-unifont
verify	Run npx playwright install --with-deps chromium firefox webkit	2026-10-09T07:17:40.5986085Z   fonts-wqy-zenhei glib-networking glib-networking-common
verify	Run npx playwright install --with-deps chromium firefox webkit	2026-10-09T07:17:40.5986871Z   glib-networking-services gsettings-desktop-schemas gstreamer1.0-libav
verify	Run npx playwright install --with-deps chromium firefox webkit	2026-10-09T07:17:40.5988148Z   gstreamer1.0-plugins-bad gstreamer1.0-plugins-base gstreamer1.0-plugins-good
verify	Run npx playwright install --with-deps chromium firefox webkit	2026-10-09T07:17:40.5989111Z   libaa1 libabsl20220623t64 libass9 libasyncns0 libavc1394-0 libavcodec60
verify	Run npx playwright install --with-deps chromium firefox webkit	2026-10-09T07:17:40.5990151Z   libavfilter9 libavformat60 libavif16 libavtp0 libavutil58 libblas3
verify	Run npx playwright install --with-deps chromium firefox webkit	2026-10-09T07:17:40.5991227Z   libbluray2 libbs2b0 libcaca0 libcairo-script-interpreter2 libcdparanoia0
verify	Run npx playwright install --with-deps chromium firefox webkit	2026-10-09T07:17:40.5992684Z   libchromaprint1 libcjson1 libcodec2-1.2 libdav1d7 libdc1394-25 libdca0
verify	Run npx playwright install --with-deps chromium firefox webkit	2026-10-09T07:17:40.5993524Z   libde265-0 libdecor-0-0 libdirectfb-1.7-7t64 libdv4t64 libdvdnav4
verify	Run npx playwright install --with-deps chromium firefox webkit	2026-10-09T07:17:40.5994286Z   libdvdread8t64 libegl-mesa0 libegl1 libevent-2.1-7t64 libfaad2 libflac12t64
verify	Run npx playwright install --with-deps chromium firefox webkit	2026-10-09T07:17:40.5995278Z   libflite1 libfluidsynth3 libfreeaptx0 libgav1-1 libgles2 libgme0
verify	Run npx playwright install --with-deps chromium firefox webkit	2026-10-09T07:17:40.5995991Z   libgraphene-1.0-0 libgsm1 libgssdp-1.6-0 libgstreamer-gl1.0-0
verify	Run npx playwright install --with-deps chromium firefox webkit	2026-10-09T07:17:40.5996853Z   libgstreamer-plugins-bad1.0-0 libgstreamer-plugins-base1.0-0
verify	Run npx playwright install --with-deps chromium firefox webkit	2026-10-09T07:17:40.5997791Z   libgstreamer-plugins-good1.0-0 libgtk-4-1 libgtk-4-common libgupnp-1.6-0
verify	Run npx playwright install --with-deps chromium firefox webkit	2026-10-09T07:17:40.5998376Z   libgupnp-igd-1.6-0 libharfbuzz-icu0 libhwy1t64 libhyphen0 libiec61883-0
verify	Run npx playwright install --with-deps chromium firefox webkit	2026-10-09T07:17:40.5998942Z   libimath-3-1-29t64 libinstpatch-1.0-2 libjack-jackd2-0 libjxl0.7 liblapack3
verify	Run npx playwright install --with-deps chromium firefox webkit	2026-10-09T07:17:40.5999491Z   liblc3-1 libldacbt-enc2 liblilv-0-0 liblrdf0 libltc11 libmanette-0.2-0
verify	Run npx playwright install --with-deps chromium firefox webkit	2026-10-09T07:17:40.6000041Z   libmbedcrypto7t64 libmfx1 libmjpegutils-2.1-0t64 libmodplug1 libmp3lame0
verify	Run npx playwright install --with-deps chromium firefox webkit	2026-10-09T07:17:40.6000732Z   libmpcdec6 libmpeg2encpp-2.1-0t64 libmpg123-0t64 libmplex2-2.1-0t64
verify	Run npx playwright install --with-deps chromium firefox webkit	2026-10-09T07:17:40.6001235Z   libmysofa1 libneon27t64 libnice10 libopenal-data libopenal1
verify	Run npx playwright install --with-deps chromium firefox webkit	2026-10-09T07:17:40.6002189Z   libopenexr-3-1-30 libopenh264-7 libopenmpt0t64 libopenni2-0 libopus0
verify	Run npx playwright install --with-deps chromium firefox webkit	2026-10-09T07:17:40.6002733Z   liborc-0.4-0t64 libpipewire-0.3-0t64 libplacebo338 libpocketsphinx3
verify	Run npx playwright install --with-deps chromium firefox webkit	2026-10-09T07:17:40.6003256Z   libpostproc57 libproxy1v5 libpulse0 libqrencode4 libraptor2-0 librav1e0
verify	Run npx playwright install --with-deps chromium firefox webkit	2026-10-09T07:17:40.6003792Z   libraw1394-11 librist4 librsvg2-2 librubberband2 libsamplerate0 libsbc1
verify	Run npx playwright install --with-deps chromium firefox webkit	2026-10-09T07:17:40.6004347Z   libsdl2-2.0-0 libsecret-1-0 libsecret-common libserd-0-0 libshine3 libshout3
verify	Run npx playwright install --with-deps chromium firefox webkit	2026-10-09T07:17:40.6004874Z   libsndfile1 libsndio7.0 libsord-0-0 libsoundtouch1 libsoup-3.0-0
verify	Run npx playwright install --with-deps chromium firefox webkit	2026-10-09T07:17:40.6005384Z   libsoup-3.0-common libsoxr0 libspa-0.2-modules libspandsp2t64 libspeex1
verify	Run npx playwright install --with-deps chromium firefox webkit	2026-10-09T07:17:40.6005953Z   libsphinxbase3t64 libsratom-0-0 libsrt1.5-gnutls libsrtp2-1 libssh-gcrypt-4
verify	Run npx playwright install --with-deps chromium firefox webkit	2026-10-09T07:17:40.6006504Z   libsvtav1enc1d1 libswresample4 libswscale7 libtag1v5 libtag1v5-vanilla
verify	Run npx playwright install --with-deps chromium firefox webkit	2026-10-09T07:17:40.6007007Z   libtheora0 libtwolame0 libudfread0 libunibreak5 libv4l-0t64
verify	Run npx playwright install --with-deps chromium firefox webkit	2026-10-09T07:17:40.6007512Z   libv4lconvert0t64 libva-drm2 libva-x11-2 libva2 libvdpau1 libvidstab1.1
verify	Run npx playwright install --with-deps chromium firefox webkit	2026-10-09T07:17:40.6008059Z   libvisual-0.4-0 libvo-aacenc0 libvo-amrwbenc0 libvorbisenc2 libvpl2 libvpx9
verify	Run npx playwright install --with-deps chromium firefox webkit	2026-10-09T07:17:40.6008624Z   libwavpack1 libwayland-server0 libwebrtc-audio-processing1 libwildmidi2
verify	Run npx playwright install --with-deps chromium firefox webkit	2026-10-09T07:17:40.6009183Z   libwoff1 libx264-164 libx265-199 libxcb-xkb1 libxkbcommon-x11-0 libxvidcore4
verify	Run npx playwright install --with-deps chromium firefox webkit	2026-10-09T07:17:40.6009746Z   libyuv0 libzbar0t64 libzimg2 libzix-0-0 libzvbi-common libzvbi0t64 libzxing3
verify	Run npx playwright install --with-deps chromium firefox webkit	2026-10-09T07:17:40.6010450Z   ocl-icd-libopencl1 session-migration timgm6mb-soundfont xfonts-cyrillic
verify	Run npx playwright install --with-deps chromium firefox webkit	2026-10-09T07:17:40.6010911Z   xfonts-encodings xfonts-scalable xfonts-utils
verify	Run npx playwright install --with-deps chromium firefox webkit	2026-10-09T07:17:40.6011297Z The following packages will be upgraded:
verify	Run npx playwright install --with-deps chromium firefox webkit	2026-10-09T07:17:40.6011656Z   libfreetype6 libpng16-16t64 libxml2 libxml2-dev
verify	Run npx playwright install --with-deps chromium firefox webkit	2026-10-09T07:17:40.6218591Z 4 upgraded, 181 newly installed, 0 to remove and 19 not upgraded.
verify	Run npx playwright install --with-deps chromium firefox webkit	2026-10-09T07:17:40.6219400Z Need to get 116 MB of archives.
verify	Run npx playwright install --with-deps chromium firefox webkit	2026-10-09T07:17:40.6220165Z After this operation, 364 MB of additional disk space will be used.
verify	Run npx playwright install --with-deps chromium firefox webkit	2026-10-09T07:17:40.6221263Z Get:1 file:/etc/apt/apt-mirrors.txt Mirrorlist [144 B]
verify	Run npx playwright install --with-deps chromium firefox webkit	2026-10-09T07:17:40.7752368Z Get:2 http://azure.archive.ubuntu.com/ubuntu noble/universe amd64 fonts-ipafont-gothic all 00303-21ubuntu1 [3513 kB]
verify	Run npx playwright install --with-deps chromium firefox webkit	2026-10-09T07:17:41.9302894Z Get:3 http://azure.archive.ubuntu.com/ubuntu noble-updates/main amd64 libxml2-dev amd64 2.9.14+dfsg-1.3ubuntu3.10 [781 kB]
verify	Run npx playwright install --with-deps chromium firefox webkit	2026-10-09T07:17:42.0797009Z Get:4 http://azure.archive.ubuntu.com/ubuntu noble-updates/main amd64 libxml2 amd64 2.9.14+dfsg-1.3ubuntu3.10 [764 kB]
verify	Run npx playwright install --with-deps chromium firefox webkit	2026-10-09T07:17:42.2289142Z Get:5 http://azure.archive.ubuntu.com/ubuntu noble-updates/main amd64 libpng16-16t64 amd64 1.6.43-5ubuntu0.7 [189 kB]
verify	Run npx playwright install --with-deps chromium firefox webkit	2026-10-09T07:17:42.3692106Z Get:6 http://azure.archive.ubuntu.com/ubuntu noble/main amd64 fonts-freefont-ttf all 20211204+svn4273-2 [5641 kB]
verify	Run npx playwright install --with-deps chromium firefox webkit	2026-10-09T07:17:42.6844836Z Get:7 http://azure.archive.ubuntu.com/ubuntu noble/universe amd64 fonts-tlwg-loma-otf all 1:0.7.3-1 [107 kB]
verify	Run npx playwright install --with-deps chromium firefox webkit	2026-10-09T07:17:42.8286304Z Get:8 http://azure.archive.ubuntu.com/ubuntu noble/universe amd64 fonts-unifont all 1:15.1.01-1build1 [2993 kB]
verify	Run npx playwright install --with-deps chromium firefox webkit	2026-10-09T07:17:43.0989381Z Get:9 http://azure.archive.ubuntu.com/ubuntu noble/universe amd64 fonts-wqy-zenhei all 0.9.45-8 [7472 kB]
verify	Run npx playwright install --with-deps chromium firefox webkit	2026-10-09T07:17:43.5674538Z Get:10 http://azure.archive.ubuntu.com/ubuntu noble/main amd64 libproxy1v5 amd64 0.5.4-4build1 [26.5 kB]
verify	Run npx playwright install --with-deps chromium firefox webkit	2026-10-09T07:17:43.7060402Z Get:11 http://azure.archive.ubuntu.com/ubuntu noble/main amd64 glib-networking-common all 2.80.0-1build1 [6702 B]
verify	Run npx playwright install --with-deps chromium firefox webkit	2026-10-09T07:17:43.8447287Z Get:12 http://azure.archive.ubuntu.com/ubuntu noble/main amd64 glib-networking-services amd64 2.80.0-1build1 [12.8 kB]
verify	Run npx playwright install --with-deps chromium firefox webkit	2026-10-09T07:17:43.9831218Z Get:13 http://azure.archive.ubuntu.com/ubuntu noble/main amd64 session-migration amd64 0.3.9build1 [9034 B]
verify	Run npx playwright install --with-deps chromium firefox webkit	2026-10-09T07:17:44.1215293Z Get:14 http://azure.archive.ubuntu.com/ubuntu noble-updates/main amd64 gsettings-desktop-schemas all 46.1-0ubuntu1 [35.6 kB]
verify	Run npx playwright install --with-deps chromium firefox webkit	2026-10-09T07:17:44.2606987Z Get:15 http://azure.archive.ubuntu.com/ubuntu noble/main amd64 glib-networking amd64 2.80.0-1build1 [64.1 kB]
verify	Run npx playwright install --with-deps chromium firefox webkit	2026-10-09T07:17:44.4031666Z Get:16 http://azure.archive.ubuntu.com/ubuntu noble-updates/universe amd64 libva2 amd64 2.20.0-2ubuntu0.2 [66.4 kB]
verify	Run npx playwright install --with-deps chromium firefox webkit	2026-10-09T07:17:44.5434538Z Get:17 http://azure.archive.ubuntu.com/ubuntu noble-updates/universe amd64 libva-drm2 amd64 2.20.0-2ubuntu0.2 [7124 B]
verify	Run npx playwright install --with-deps chromium firefox webkit	2026-10-09T07:17:44.6819821Z Get:18 http://azure.archive.ubuntu.com/ubuntu noble-updates/universe amd64 libva-x11-2 amd64 2.20.0-2ubuntu0.2 [12.0 kB]
verify	Run npx playwright install --with-deps chromium firefox webkit	2026-10-09T07:17:44.8216839Z Get:19 http://azure.archive.ubuntu.com/ubuntu noble/main amd64 libvdpau1 amd64 1.5-2build1 [27.8 kB]
verify	Run npx playwright install --with-deps chromium firefox webkit	2026-10-09T07:17:44.9607012Z Get:20 http://azure.archive.ubuntu.com/ubuntu noble/universe amd64 libvpl2 amd64 2023.3.0-1build1 [99.8 kB]
verify	Run npx playwright install --with-deps chromium firefox webkit	2026-10-09T07:17:45.1017721Z Get:21 http://azure.archive.ubuntu.com/ubuntu noble/universe amd64 ocl-icd-libopencl1 amd64 2.3.2-1build1 [38.5 kB]
verify	Run npx playwright install --with-deps chromium firefox webkit	2026-10-09T07:17:45.2407809Z Get:22 http://azure.archive.ubuntu.com/ubuntu noble/universe amd64 libavutil58 amd64 7:6.1.1-3ubuntu5 [401 kB]
verify	Run npx playwright install --with-deps chromium firefox webkit	2026-10-09T07:17:45.3976725Z Get:23 http://azure.archive.ubuntu.com/ubuntu noble/universe amd64 libcodec2-1.2 amd64 1.2.0-2build1 [8998 kB]
verify	Run npx playwright install --with-deps chromium firefox webkit	2026-10-09T07:17:45.8646337Z Get:24 http://azure.archive.ubuntu.com/ubuntu noble/universe amd64 libdav1d7 amd64 1.4.1-1build1 [604 kB]
verify	Run npx playwright install --with-deps chromium firefox webkit	2026-10-09T07:17:46.0146642Z Get:25 http://azure.archive.ubuntu.com/ubuntu noble/universe amd64 libgsm1 amd64 1.0.22-1build1 [27.8 kB]
verify	Run npx playwright install --with-deps chromium firefox webkit	2026-10-09T07:17:46.1627205Z Get:26 http://azure.archive.ubuntu.com/ubuntu noble/universe amd64 libhwy1t64 amd64 1.0.7-8.1build1 [584 kB]
verify	Run npx playwright install --with-deps chromium firefox webkit	2026-10-09T07:17:46.3120575Z Get:27 http://azure.archive.ubuntu.com/ubuntu noble-updates/universe amd64 libjxl0.7 amd64 0.7.0-10.2ubuntu6.1 [1001 kB]
verify	Run npx playwright install --with-deps chromium firefox webkit	2026-10-09T07:17:46.4683908Z Get:28 http://azure.archive.ubuntu.com/ubuntu noble/main amd64 libmp3lame0 amd64 3.100-6build1 [142 kB]
verify	Run npx playwright install --with-deps chromium firefox webkit	2026-10-09T07:17:46.6122137Z Get:29 http://azure.archive.ubuntu.com/ubuntu noble/main amd64 libopus0 amd64 1.4-1build1 [208 kB]
verify	Run npx playwright install --with-deps chromium firefox webkit	2026-10-09T07:17:46.7559023Z Get:30 http://azure.archive.ubuntu.com/ubuntu noble/universe amd64 librav1e0 amd64 0.7.1-2 [1022 kB]
verify	Run npx playwright install --with-deps chromium firefox webkit	2026-10-09T07:17:46.9123403Z Get:31 http://azure.archive.ubuntu.com/ubuntu noble-updates/main amd64 librsvg2-2 amd64 2.58.0+dfsg-1ubuntu0.1 [2141 kB]
verify	Run npx playwright install --with-deps chromium firefox webkit	2026-10-09T07:17:47.0868798Z Get:32 http://azure.archive.ubuntu.com/ubuntu noble/universe amd64 libshine3 amd64 3.1.1-2build1 [23.2 kB]
verify	Run npx playwright install --with-deps chromium firefox webkit	2026-10-09T07:17:47.2288584Z Get:33 http://azure.archive.ubuntu.com/ubuntu noble-updates/main amd64 libspeex1 amd64 1.2.1-2ubuntu2.24.04.1 [59.6 kB]
verify	Run npx playwright install --with-deps chromium firefox webkit	2026-10-09T07:17:47.3712828Z Get:34 http://azure.archive.ubuntu.com/ubuntu noble/universe amd64 libsvtav1enc1d1 amd64 1.7.0+dfsg-2build1 [2425 kB]
verify	Run npx playwright install --with-deps chromium firefox webkit	2026-10-09T07:17:47.5502164Z Get:35 http://azure.archive.ubuntu.com/ubuntu noble/universe amd64 libsoxr0 amd64 0.1.3-4build3 [80.0 kB]
verify	Run npx playwright install --with-deps chromium firefox webkit	2026-10-09T07:17:47.6922376Z Get:36 http://azure.archive.ubuntu.com/ubuntu noble/universe amd64 libswresample4 amd64 7:6.1.1-3ubuntu5 [63.8 kB]
verify	Run npx playwright install --with-deps chromium firefox webkit	2026-10-09T07:17:47.8359503Z Get:37 http://azure.archive.ubuntu.com/ubuntu noble/main amd64 libtheora0 amd64 1.1.1+dfsg.1-16.1build3 [211 kB]
verify	Run npx playwright install --with-deps chromium firefox webkit	2026-10-09T07:17:47.9801042Z Get:38 http://azure.archive.ubuntu.com/ubuntu noble/main amd64 libtwolame0 amd64 0.4.0-2build3 [52.3 kB]
verify	Run npx playwright install --with-deps chromium firefox webkit	2026-10-09T07:17:48.1223739Z Get:39 http://azure.archive.ubuntu.com/ubuntu noble/main amd64 libvorbisenc2 amd64 1.3.7-1build3 [80.8 kB]
verify	Run npx playwright install --with-deps chromium firefox webkit	2026-10-09T07:17:48.4106420Z Get:40 http://azure.archive.ubuntu.com/ubuntu noble-updates/main amd64 libvpx9 amd64 1.14.0-1ubuntu2.3 [1143 kB]
verify	Run npx playwright install --with-deps chromium firefox webkit	2026-10-09T07:17:49.4902275Z Get:41 http://azure.archive.ubuntu.com/ubuntu noble/universe amd64 libx264-164 amd64 2:0.164.3108+git31e19f9-1 [604 kB]
verify	Run npx playwright install --with-deps chromium firefox webkit	2026-10-09T07:17:49.6807564Z Get:42 http://azure.archive.ubuntu.com/ubuntu noble/universe amd64 libx265-199 amd64 3.5-2build1 [1226 kB]
verify	Run npx playwright install --with-deps chromium firefox webkit	2026-10-09T07:17:49.9244601Z Get:43 http://azure.archive.ubuntu.com/ubuntu noble/universe amd64 libxvidcore4 amd64 2:1.3.7-1build1 [219 kB]
verify	Run npx playwright install --with-deps chromium firefox webkit	2026-10-09T07:17:50.0789412Z Get:44 http://azure.archive.ubuntu.com/ubuntu noble/universe amd64 libzvbi-common all 0.2.42-2 [42.4 kB]
verify	Run npx playwright install --with-deps chromium firefox webkit	2026-10-09T07:17:50.2204577Z Get:45 http://azure.archive.ubuntu.com/ubuntu noble/universe amd64 libzvbi0t64 amd64 0.2.42-2 [261 kB]
verify	Run npx playwright install --with-deps chromium firefox webkit	2026-10-09T07:17:50.3774373Z Get:46 http://azure.archive.ubuntu.com/ubuntu noble/universe amd64 libavcodec60 amd64 7:6.1.1-3ubuntu5 [5851 kB]
verify	Run npx playwright install --with-deps chromium firefox webkit	2026-10-09T07:17:50.8461471Z Get:47 http://azure.archive.ubuntu.com/ubuntu noble-updates/main amd64 libfreetype6 amd64 2.13.2+dfsg-1ubuntu0.2 [403 kB]
verify	Run npx playwright install --with-deps chromium firefox webkit	2026-10-09T07:17:50.9910929Z Get:48 http://azure.archive.ubuntu.com/ubuntu noble/universe amd64 libunibreak5 amd64 5.1-2build1 [25.0 kB]
verify	Run npx playwright install --with-deps chromium firefox webkit	2026-10-09T07:17:51.1314410Z Get:49 http://azure.archive.ubuntu.com/ubuntu noble/universe amd64 libass9 amd64 1:0.17.1-2build1 [104 kB]
verify	Run npx playwright install --with-deps chromium firefox webkit	2026-10-09T07:17:51.2719597Z Get:50 http://azure.archive.ubuntu.com/ubuntu noble/universe amd64 libudfread0 amd64 1.1.2-1build1 [19.0 kB]
verify	Run npx playwright install --with-deps chromium firefox webkit	2026-10-09T07:17:51.4119382Z Get:51 http://azure.archive.ubuntu.com/ubuntu noble/universe amd64 libbluray2 amd64 1:1.3.4-1build1 [159 kB]
verify	Run npx playwright install --with-deps chromium firefox webkit	2026-10-09T07:17:51.5530943Z Get:52 http://azure.archive.ubuntu.com/ubuntu noble/universe amd64 libchromaprint1 amd64 1.5.1-5 [30.5 kB]
verify	Run npx playwright install --with-deps chromium firefox webkit	2026-10-09T07:17:51.6926867Z Get:53 http://azure.archive.ubuntu.com/ubuntu noble/universe amd64 libgme0 amd64 0.6.3-7build1 [134 kB]
verify	Run npx playwright install --with-deps chromium firefox webkit	2026-10-09T07:17:51.8334413Z Get:54 http://azure.archive.ubuntu.com/ubuntu noble-updates/main amd64 libmpg123-0t64 amd64 1.32.5-1ubuntu1.1 [169 kB]
verify	Run npx playwright install --with-deps chromium firefox webkit	2026-10-09T07:17:51.9744189Z Get:55 http://azure.archive.ubuntu.com/ubuntu noble/universe amd64 libopenmpt0t64 amd64 0.7.3-1.1build3 [647 kB]
verify	Run npx playwright install --with-deps chromium firefox webkit	2026-10-09T07:17:52.1231649Z Get:56 http://azure.archive.ubuntu.com/ubuntu noble/universe amd64 libcjson1 amd64 1.7.17-1 [24.8 kB]
verify	Run npx playwright install --with-deps chromium firefox webkit	2026-10-09T07:17:52.2636031Z Get:57 http://azure.archive.ubuntu.com/ubuntu noble/universe amd64 libmbedcrypto7t64 amd64 2.28.8-1 [209 kB]
verify	Run npx playwright install --with-deps chromium firefox webkit	2026-10-09T07:17:52.4109416Z Get:58 http://azure.archive.ubuntu.com/ubuntu noble/universe amd64 librist4 amd64 0.2.10+dfsg-2 [74.9 kB]
verify	Run npx playwright install --with-deps chromium firefox webkit	2026-10-09T07:17:52.5518745Z Get:59 http://azure.archive.ubuntu.com/ubuntu noble/universe amd64 libsrt1.5-gnutls amd64 1.5.3-1build2 [316 kB]
verify	Run npx playwright install --with-deps chromium firefox webkit	2026-10-09T07:17:52.6950661Z Get:60 http://azure.archive.ubuntu.com/ubuntu noble-updates/main amd64 libssh-gcrypt-4 amd64 0.10.6-2ubuntu0.5 [226 kB]
verify	Run npx playwright install --with-deps chromium firefox webkit	2026-10-09T07:17:52.8371865Z Get:61 http://azure.archive.ubuntu.com/ubuntu noble/universe amd64 libavformat60 amd64 7:6.1.1-3ubuntu5 [1153 kB]
verify	Run npx playwright install --with-deps chromium firefox webkit	2026-10-09T07:17:52.9945733Z Get:62 http://azure.archive.ubuntu.com/ubuntu noble/universe amd64 libbs2b0 amd64 3.1.0+dfsg-7build1 [10.6 kB]
verify	Run npx playwright install --with-deps chromium firefox webkit	2026-10-09T07:17:53.1344145Z Get:63 http://azure.archive.ubuntu.com/ubuntu noble/universe amd64 libflite1 amd64 2.2-6build3 [13.6 MB]
verify	Run npx playwright install --with-deps chromium firefox webkit	2026-10-09T07:17:53.8503987Z Get:64 http://azure.archive.ubuntu.com/ubuntu noble/universe amd64 libserd-0-0 amd64 0.32.2-1 [43.6 kB]
verify	Run npx playwright install --with-deps chromium firefox webkit	2026-10-09T07:17:53.9908271Z Get:65 http://azure.archive.ubuntu.com/ubuntu noble/universe amd64 libzix-0-0 amd64 0.4.2-2build1 [23.6 kB]
verify	Run npx playwright install --with-deps chromium firefox webkit	2026-10-09T07:17:54.1306761Z Get:66 http://azure.archive.ubuntu.com/ubuntu noble/universe amd64 libsord-0-0 amd64 0.16.16-2build1 [15.8 kB]
verify	Run npx playwright install --with-deps chromium firefox webkit	2026-10-09T07:17:54.2706414Z Get:67 http://azure.archive.ubuntu.com/ubuntu noble/universe amd64 libsratom-0-0 amd64 0.6.16-1build1 [17.3 kB]
verify	Run npx playwright install --with-deps chromium firefox webkit	2026-10-09T07:17:54.4121747Z Get:68 http://azure.archive.ubuntu.com/ubuntu noble/universe amd64 liblilv-0-0 amd64 0.24.22-1build1 [41.0 kB]
verify	Run npx playwright install --with-deps chromium firefox webkit	2026-10-09T07:17:54.5525983Z Get:69 http://azure.archive.ubuntu.com/ubuntu noble/universe amd64 libmysofa1 amd64 1.3.2+dfsg-2ubuntu2 [1158 kB]
verify	Run npx playwright install --with-deps chromium firefox webkit	2026-10-09T07:17:54.7434206Z Get:70 http://azure.archive.ubuntu.com/ubuntu noble/universe amd64 libplacebo338 amd64 6.338.2-2build1 [2654 kB]
verify	Run npx playwright install --with-deps chromium firefox webkit	2026-10-09T07:17:54.9992256Z Get:71 http://azure.archive.ubuntu.com/ubuntu noble-updates/main amd64 libblas3 amd64 3.12.0-3build1.1 [238 kB]
verify	Run npx playwright install --with-deps chromium firefox webkit	2026-10-09T07:17:55.1481466Z Get:72 http://azure.archive.ubuntu.com/ubuntu noble-updates/main amd64 liblapack3 amd64 3.12.0-3build1.1 [2646 kB]
verify	Run npx playwright install --with-deps chromium firefox webkit	2026-10-09T07:17:55.4047019Z Get:73 http://azure.archive.ubuntu.com/ubuntu noble/main amd64 libasyncns0 amd64 0.8-6build4 [11.3 kB]
verify	Run npx playwright install --with-deps chromium firefox webkit	2026-10-09T07:17:55.5442277Z Get:74 http://azure.archive.ubuntu.com/ubuntu noble/main amd64 libflac12t64 amd64 1.4.3+ds-2.1ubuntu2 [197 kB]
verify	Run npx playwright install --with-deps chromium firefox webkit	2026-10-09T07:17:55.6917152Z Get:75 http://azure.archive.ubuntu.com/ubuntu noble-updates/main amd64 libsndfile1 amd64 1.2.2-1ubuntu5.24.04.1 [209 kB]
verify	Run npx playwright install --with-deps chromium firefox webkit	2026-10-09T07:17:55.8394940Z Get:76 http://azure.archive.ubuntu.com/ubuntu noble-updates/main amd64 libpulse0 amd64 1:16.1+dfsg1-2ubuntu10.1 [292 kB]
verify	Run npx playwright install --with-deps chromium firefox webkit	2026-10-09T07:17:55.9908527Z Get:77 http://azure.archive.ubuntu.com/ubuntu noble/universe amd64 libsphinxbase3t64 amd64 0.8+5prealpha+1-17build2 [126 kB]
verify	Run npx playwright install --with-deps chromium firefox webkit	2026-10-09T07:17:56.1341797Z Get:78 http://azure.archive.ubuntu.com/ubuntu noble/universe amd64 libpocketsphinx3 amd64 0.8.0+real5prealpha+1-15ubuntu5 [133 kB]
verify	Run npx playwright install --with-deps chromium firefox webkit	2026-10-09T07:17:56.2892032Z Get:79 http://azure.archive.ubuntu.com/ubuntu noble/universe amd64 libpostproc57 amd64 7:6.1.1-3ubuntu5 [49.9 kB]
verify	Run npx playwright install --with-deps chromium firefox webkit	2026-10-09T07:17:56.4299597Z Get:80 http://azure.archive.ubuntu.com/ubuntu noble/main amd64 libsamplerate0 amd64 0.2.2-4build1 [1344 kB]
verify	Run npx playwright install --with-deps chromium firefox webkit	2026-10-09T07:17:56.6281583Z Get:81 http://azure.archive.ubuntu.com/ubuntu noble/universe amd64 librubberband2 amd64 3.3.0+dfsg-2build1 [130 kB]
verify	Run npx playwright install --with-deps chromium firefox webkit	2026-10-09T07:17:56.7726651Z Get:82 http://azure.archive.ubuntu.com/ubuntu noble/universe amd64 libswscale7 amd64 7:6.1.1-3ubuntu5 [193 kB]
verify	Run npx playwright install --with-deps chromium firefox webkit	2026-10-09T07:17:56.9192487Z Get:83 http://azure.archive.ubuntu.com/ubuntu noble/universe amd64 libvidstab1.1 amd64 1.1.0-2build1 [38.5 kB]
verify	Run npx playwright install --with-deps chromium firefox webkit	2026-10-09T07:17:57.0595890Z Get:84 http://azure.archive.ubuntu.com/ubuntu noble/universe amd64 libzimg2 amd64 3.0.5+ds1-1build1 [254 kB]
verify	Run npx playwright install --with-deps chromium firefox webkit	2026-10-09T07:17:57.2087738Z Get:85 http://azure.archive.ubuntu.com/ubuntu noble/universe amd64 libavfilter9 amd64 7:6.1.1-3ubuntu5 [4235 kB]
verify	Run npx playwright install --with-deps chromium firefox webkit	2026-10-09T07:17:57.5363646Z Get:86 http://azure.archive.ubuntu.com/ubuntu noble-updates/main amd64 liborc-0.4-0t64 amd64 1:0.4.38-1ubuntu0.1 [207 kB]
verify	Run npx playwright install --with-deps chromium firefox webkit	2026-10-09T07:17:57.6837761Z Get:87 http://azure.archive.ubuntu.com/ubuntu noble-updates/main amd64 libgstreamer-plugins-base1.0-0 amd64 1.24.2-1ubuntu0.5 [862 kB]
verify	Run npx playwright install --with-deps chromium firefox webkit	2026-10-09T07:17:57.8620608Z Get:88 http://azure.archive.ubuntu.com/ubuntu noble/universe amd64 gstreamer1.0-libav amd64 1.24.1-1build1 [103 kB]
verify	Run npx playwright install --with-deps chromium firefox webkit	2026-10-09T07:17:58.0052558Z Get:89 http://azure.archive.ubuntu.com/ubuntu noble/main amd64 libcdparanoia0 amd64 3.10.2+debian-14build3 [48.5 kB]
verify	Run npx playwright install --with-deps chromium firefox webkit	2026-10-09T07:17:58.1485485Z Get:90 http://azure.archive.ubuntu.com/ubuntu noble/main amd64 libvisual-0.4-0 amd64 0.4.2-2build1 [115 kB]
verify	Run npx playwright install --with-deps chromium firefox webkit	2026-10-09T07:17:58.2894791Z Get:91 http://azure.archive.ubuntu.com/ubuntu noble-updates/main amd64 gstreamer1.0-plugins-base amd64 1.24.2-1ubuntu0.5 [721 kB]
verify	Run npx playwright install --with-deps chromium firefox webkit	2026-10-09T07:17:58.4614122Z Get:92 http://azure.archive.ubuntu.com/ubuntu noble/main amd64 libaa1 amd64 1.4p5-51.1 [49.9 kB]
verify	Run npx playwright install --with-deps chromium firefox webkit	2026-10-09T07:17:58.6051632Z Get:93 http://azure.archive.ubuntu.com/ubuntu noble/main amd64 libraw1394-11 amd64 2.1.2-2build3 [26.2 kB]
verify	Run npx playwright install --with-deps chromium firefox webkit	2026-10-09T07:17:58.7473105Z Get:94 http://azure.archive.ubuntu.com/ubuntu noble/main amd64 libavc1394-0 amd64 0.5.4-5build3 [15.4 kB]
verify	Run npx playwright install --with-deps chromium firefox webkit	2026-10-09T07:17:58.8871072Z Get:95 http://azure.archive.ubuntu.com/ubuntu noble-updates/main amd64 libcaca0 amd64 0.99.beta20-4ubuntu0.2 [209 kB]
verify	Run npx playwright install --with-deps chromium firefox webkit	2026-10-09T07:17:59.0361371Z Get:96 http://azure.archive.ubuntu.com/ubuntu noble/main amd64 libdv4t64 amd64 1.0.0-17.1build1 [63.2 kB]
verify	Run npx playwright install --with-deps chromium firefox webkit	2026-10-09T07:17:59.1776834Z Get:97 http://azure.archive.ubuntu.com/ubuntu noble-updates/main amd64 libgstreamer-plugins-good1.0-0 amd64 1.24.2-1ubuntu1.8 [34.3 kB]
verify	Run npx playwright install --with-deps chromium firefox webkit	2026-10-09T07:17:59.3191116Z Get:98 http://azure.archive.ubuntu.com/ubuntu noble/main amd64 libiec61883-0 amd64 1.2.0-6build1 [24.5 kB]
verify	Run npx playwright install --with-deps chromium firefox webkit	2026-10-09T07:17:59.4588181Z Get:99 http://azure.archive.ubuntu.com/ubuntu noble/main amd64 libshout3 amd64 2.4.6-1build2 [50.3 kB]
verify	Run npx playwright install --with-deps chromium firefox webkit	2026-10-09T07:17:59.5997631Z Get:100 http://azure.archive.ubuntu.com/ubuntu noble/main amd64 libtag1v5-vanilla amd64 1.13.1-1build1 [326 kB]
verify	Run npx playwright install --with-deps chromium firefox webkit	2026-10-09T07:17:59.7526710Z Get:101 http://azure.archive.ubuntu.com/ubuntu noble/main amd64 libtag1v5 amd64 1.13.1-1build1 [11.7 kB]
verify	Run npx playwright install --with-deps chromium firefox webkit	2026-10-09T07:17:59.8934690Z Get:102 http://azure.archive.ubuntu.com/ubuntu noble/main amd64 libv4lconvert0t64 amd64 1.26.1-4build3 [87.6 kB]
verify	Run npx playwright install --with-deps chromium firefox webkit	2026-10-09T07:18:00.0489582Z Get:103 http://azure.archive.ubuntu.com/ubuntu noble/main amd64 libv4l-0t64 amd64 1.26.1-4build3 [46.9 kB]
verify	Run npx playwright install --with-deps chromium firefox webkit	2026-10-09T07:18:00.2795042Z Get:104 http://azure.archive.ubuntu.com/ubuntu noble/main amd64 libwavpack1 amd64 5.6.0-1build1 [84.6 kB]
verify	Run npx playwright install --with-deps chromium firefox webkit	2026-10-09T07:18:00.4509333Z Get:105 http://azure.archive.ubuntu.com/ubuntu noble-updates/main amd64 libsoup-3.0-common all 3.4.4-5ubuntu0.9 [12.3 kB]
verify	Run npx playwright install --with-deps chromium firefox webkit	2026-10-09T07:18:00.6467700Z Get:106 http://azure.archive.ubuntu.com/ubuntu noble-updates/main amd64 libsoup-3.0-0 amd64 3.4.4-5ubuntu0.9 [291 kB]
verify	Run npx playwright install --with-deps chromium firefox webkit	2026-10-09T07:18:00.9038773Z Get:107 http://azure.archive.ubuntu.com/ubuntu noble-updates/main amd64 gstreamer1.0-plugins-good amd64 1.24.2-1ubuntu1.8 [2236 kB]
verify	Run npx playwright install --with-deps chromium firefox webkit	2026-10-09T07:18:01.2578446Z Get:108 http://azure.archive.ubuntu.com/ubuntu noble-updates/main amd64 libabsl20220623t64 amd64 20220623.1-3.1ubuntu3.2 [423 kB]
verify	Run npx playwright install --with-deps chromium firefox webkit	2026-10-09T07:18:01.3437638Z Get:109 http://azure.archive.ubuntu.com/ubuntu noble/universe amd64 libgav1-1 amd64 0.18.0-1build3 [357 kB]
verify	Run npx playwright install --with-deps chromium firefox webkit	2026-10-09T07:18:01.4277877Z Get:110 http://azure.archive.ubuntu.com/ubuntu noble/universe amd64 libyuv0 amd64 0.0~git202401110.af6ac82-1 [178 kB]
verify	Run npx playwright install --with-deps chromium firefox webkit	2026-10-09T07:18:01.5074752Z Get:111 http://azure.archive.ubuntu.com/ubuntu noble/universe amd64 libavif16 amd64 1.0.4-1ubuntu3 [91.2 kB]
verify	Run npx playwright install --with-deps chromium firefox webkit	2026-10-09T07:18:01.5849624Z Get:112 http://azure.archive.ubuntu.com/ubuntu noble/universe amd64 libavtp0 amd64 0.2.0-1build1 [6414 B]
verify	Run npx playwright install --with-deps chromium firefox webkit	2026-10-09T07:18:01.6612672Z Get:113 http://azure.archive.ubuntu.com/ubuntu noble/main amd64 libcairo-script-interpreter2 amd64 1.18.0-3build1 [60.3 kB]
verify	Run npx playwright install --with-deps chromium firefox webkit	2026-10-09T07:18:01.7377611Z Get:114 http://azure.archive.ubuntu.com/ubuntu noble/universe amd64 libdc1394-25 amd64 2.2.6-4build1 [90.1 kB]
verify	Run npx playwright install --with-deps chromium firefox webkit	2026-10-09T07:18:01.8161856Z Get:115 http://azure.archive.ubuntu.com/ubuntu noble-updates/main amd64 libde265-0 amd64 1.0.15-1ubuntu0.2 [167 kB]
verify	Run npx playwright install --with-deps chromium firefox webkit	2026-10-09T07:18:01.8953483Z Get:116 http://azure.archive.ubuntu.com/ubuntu noble/main amd64 libdecor-0-0 amd64 0.2.2-1build2 [16.5 kB]
verify	Run npx playwright install --with-deps chromium firefox webkit	2026-10-09T07:18:01.9715530Z Get:117 http://azure.archive.ubuntu.com/ubuntu noble/main amd64 libgles2 amd64 1.7.0-1build1 [17.1 kB]
verify	Run npx playwright install --with-deps chromium firefox webkit	2026-10-09T07:18:02.0479297Z Get:118 http://azure.archive.ubuntu.com/ubuntu noble/universe amd64 libdirectfb-1.7-7t64 amd64 1.7.7-11.1ubuntu2 [1035 kB]
verify	Run npx playwright install --with-deps chromium firefox webkit	2026-10-09T07:18:02.1473008Z Get:119 http://azure.archive.ubuntu.com/ubuntu noble/universe amd64 libdvdread8t64 amd64 6.1.3-1.1build1 [54.7 kB]
verify	Run npx playwright install --with-deps chromium firefox webkit	2026-10-09T07:18:02.2238716Z Get:120 http://azure.archive.ubuntu.com/ubuntu noble/universe amd64 libdvdnav4 amd64 6.1.1-3build1 [39.5 kB]
verify	Run npx playwright install --with-deps chromium firefox webkit	2026-10-09T07:18:02.3008216Z Get:121 http://azure.archive.ubuntu.com/ubuntu noble-updates/main amd64 libegl-mesa0 amd64 25.2.8-0ubuntu0.24.04.4 [117 kB]
verify	Run npx playwright install --with-deps chromium firefox webkit	2026-10-09T07:18:02.3782099Z Get:122 http://azure.archive.ubuntu.com/ubuntu noble-updates/main amd64 libevent-2.1-7t64 amd64 2.1.12-stable-9ubuntu2.2 [146 kB]
verify	Run npx playwright install --with-deps chromium firefox webkit	2026-10-09T07:18:02.4568232Z Get:123 http://azure.archive.ubuntu.com/ubuntu noble/universe amd64 libfaad2 amd64 2.11.1-1build1 [207 kB]
verify	Run npx playwright install --with-deps chromium firefox webkit	2026-10-09T07:18:02.5367327Z Get:124 http://azure.archive.ubuntu.com/ubuntu noble/universe amd64 libinstpatch-1.0-2 amd64 1.1.6-1build2 [251 kB]
verify	Run npx playwright install --with-deps chromium firefox webkit	2026-10-09T07:18:02.6175095Z Get:125 http://azure.archive.ubuntu.com/ubuntu noble/main amd64 libjack-jackd2-0 amd64 1.9.21~dfsg-3ubuntu3 [289 kB]
verify	Run npx playwright install --with-deps chromium firefox webkit	2026-10-09T07:18:02.6993626Z Get:126 http://azure.archive.ubuntu.com/ubuntu noble/main amd64 libwebrtc-audio-processing1 amd64 0.3.1-0ubuntu6 [290 kB]
verify	Run npx playwright install --with-deps chromium firefox webkit	2026-10-09T07:18:02.7816239Z Get:127 http://azure.archive.ubuntu.com/ubuntu noble-updates/main amd64 libspa-0.2-modules amd64 1.0.5-1ubuntu3.3 [628 kB]
verify	Run npx playwright install --with-deps chromium firefox webkit	2026-10-09T07:18:02.8718714Z Get:128 http://azure.archive.ubuntu.com/ubuntu noble-updates/main amd64 libpipewire-0.3-0t64 amd64 1.0.5-1ubuntu3.3 [252 kB]
verify	Run npx playwright install --with-deps chromium firefox webkit	2026-10-09T07:18:02.9527978Z Get:129 http://azure.archive.ubuntu.com/ubuntu noble-updates/main amd64 libsdl2-2.0-0 amd64 2.30.0+dfsg-1ubuntu3.1 [686 kB]
verify	Run npx playwright install --with-deps chromium firefox webkit	2026-10-09T07:18:03.0443515Z Get:130 http://azure.archive.ubuntu.com/ubuntu noble/universe amd64 timgm6mb-soundfont all 1.3-5 [5427 kB]
verify	Run npx playwright install --with-deps chromium firefox webkit	2026-10-09T07:18:03.2509276Z Get:131 http://azure.archive.ubuntu.com/ubuntu noble/universe amd64 libfluidsynth3 amd64 2.3.4-1build3 [249 kB]
verify	Run npx playwright install --with-deps chromium firefox webkit	2026-10-09T07:18:03.3291836Z Get:132 http://azure.archive.ubuntu.com/ubuntu noble/main amd64 libfreeaptx0 amd64 0.1.1-2build1 [13.5 kB]
verify	Run npx playwright install --with-deps chromium firefox webkit	2026-10-09T07:18:03.4053781Z Get:133 http://azure.archive.ubuntu.com/ubuntu noble/main amd64 libgraphene-1.0-0 amd64 1.10.8-3build2 [46.2 kB]
verify	Run npx playwright install --with-deps chromium firefox webkit	2026-10-09T07:18:03.4819382Z Get:134 http://azure.archive.ubuntu.com/ubuntu noble/main amd64 libgssdp-1.6-0 amd64 1.6.3-1build3 [40.4 kB]
verify	Run npx playwright install --with-deps chromium firefox webkit	2026-10-09T07:18:03.5583728Z Get:135 http://azure.archive.ubuntu.com/ubuntu noble/main amd64 libegl1 amd64 1.7.0-1build1 [28.7 kB]
verify	Run npx playwright install --with-deps chromium firefox webkit	2026-10-09T07:18:03.6345315Z Get:136 http://azure.archive.ubuntu.com/ubuntu noble-updates/main amd64 libgstreamer-gl1.0-0 amd64 1.24.2-1ubuntu0.5 [214 kB]
verify	Run npx playwright install --with-deps chromium firefox webkit	2026-10-09T07:18:03.7118994Z Get:137 http://azure.archive.ubuntu.com/ubuntu noble-updates/main amd64 libgtk-4-common all 4.14.5+ds-0ubuntu0.10 [1497 kB]
verify	Run npx playwright install --with-deps chromium firefox webkit	2026-10-09T07:18:03.8001208Z Get:138 http://azure.archive.ubuntu.com/ubuntu noble-updates/main amd64 libgtk-4-1 amd64 4.14.5+ds-0ubuntu0.10 [3295 kB]
verify	Run npx playwright install --with-deps chromium firefox webkit	2026-10-09T07:18:03.9530747Z Get:139 http://azure.archive.ubuntu.com/ubuntu noble/main amd64 libgupnp-1.6-0 amd64 1.6.6-1build3 [92.7 kB]
verify	Run npx playwright install --with-deps chromium firefox webkit	2026-10-09T07:18:04.0298811Z Get:140 http://azure.archive.ubuntu.com/ubuntu noble/universe amd64 libgupnp-igd-1.6-0 amd64 1.6.0-3build3 [16.5 kB]
verify	Run npx playwright install --with-deps chromium firefox webkit	2026-10-09T07:18:04.1061179Z Get:141 http://azure.archive.ubuntu.com/ubuntu noble/main amd64 libharfbuzz-icu0 amd64 8.3.0-2build2 [13.3 kB]
verify	Run npx playwright install --with-deps chromium firefox webkit	2026-10-09T07:18:04.1821258Z Get:142 http://azure.archive.ubuntu.com/ubuntu noble/main amd64 libhyphen0 amd64 2.8.8-7build3 [26.5 kB]
verify	Run npx playwright install --with-deps chromium firefox webkit	2026-10-09T07:18:04.2584424Z Get:143 http://azure.archive.ubuntu.com/ubuntu noble/universe amd64 libimath-3-1-29t64 amd64 3.1.9-3.1ubuntu2 [72.2 kB]
verify	Run npx playwright install --with-deps chromium firefox webkit	2026-10-09T07:18:04.3354018Z Get:144 http://azure.archive.ubuntu.com/ubuntu noble/main amd64 liblc3-1 amd64 1.0.4-3build1 [69.7 kB]
verify	Run npx playwright install --with-deps chromium firefox webkit	2026-10-09T07:18:04.4121147Z Get:145 http://azure.archive.ubuntu.com/ubuntu noble/main amd64 libldacbt-enc2 amd64 2.0.2.3+git20200429+ed310a0-4ubuntu2 [27.1 kB]
verify	Run npx playwright install --with-deps chromium firefox webkit	2026-10-09T07:18:04.4894552Z Get:146 http://azure.archive.ubuntu.com/ubuntu noble-updates/main amd64 libraptor2-0 amd64 2.0.16-3ubuntu0.1 [165 kB]
verify	Run npx playwright install --with-deps chromium firefox webkit	2026-10-09T07:18:04.5666240Z Get:147 http://azure.archive.ubuntu.com/ubuntu noble/universe amd64 liblrdf0 amd64 0.6.1-4build1 [18.5 kB]
verify	Run npx playwright install --with-deps chromium firefox webkit	2026-10-09T07:18:04.6426961Z Get:148 http://azure.archive.ubuntu.com/ubuntu noble/universe amd64 libltc11 amd64 1.3.2-1build1 [13.0 kB]
verify	Run npx playwright install --with-deps chromium firefox webkit	2026-10-09T07:18:04.7192579Z Get:149 http://azure.archive.ubuntu.com/ubuntu noble/main amd64 libmanette-0.2-0 amd64 0.2.7-1build2 [30.6 kB]
verify	Run npx playwright install --with-deps chromium firefox webkit	2026-10-09T07:18:04.7956917Z Get:150 http://azure.archive.ubuntu.com/ubuntu noble/universe amd64 libmfx1 amd64 22.5.4-1 [3124 kB]
verify	Run npx playwright install --with-deps chromium firefox webkit	2026-10-09T07:18:04.8974661Z Get:151 http://azure.archive.ubuntu.com/ubuntu noble/universe amd64 libmjpegutils-2.1-0t64 amd64 1:2.1.0+debian-8.1build1 [25.5 kB]
verify	Run npx playwright install --with-deps chromium firefox webkit	2026-10-09T07:18:04.9741152Z Get:152 http://azure.archive.ubuntu.com/ubuntu noble/universe amd64 libmodplug1 amd64 1:0.8.9.0-3build1 [166 kB]
verify	Run npx playwright install --with-deps chromium firefox webkit	2026-10-09T07:18:05.0526069Z Get:153 http://azure.archive.ubuntu.com/ubuntu noble/universe amd64 libmpcdec6 amd64 2:0.1~r495-2build1 [32.7 kB]
verify	Run npx playwright install --with-deps chromium firefox webkit	2026-10-09T07:18:05.1291987Z Get:154 http://azure.archive.ubuntu.com/ubuntu noble/universe amd64 libmpeg2encpp-2.1-0t64 amd64 1:2.1.0+debian-8.1build1 [75.6 kB]
verify	Run npx playwright install --with-deps chromium firefox webkit	2026-10-09T07:18:05.2061461Z Get:155 http://azure.archive.ubuntu.com/ubuntu noble/universe amd64 libmplex2-2.1-0t64 amd64 1:2.1.0+debian-8.1build1 [46.1 kB]
verify	Run npx playwright install --with-deps chromium firefox webkit	2026-10-09T07:18:05.2824611Z Get:156 http://azure.archive.ubuntu.com/ubuntu noble/universe amd64 libneon27t64 amd64 0.33.0-1.1build3 [102 kB]
verify	Run npx playwright install --with-deps chromium firefox webkit	2026-10-09T07:18:05.3596068Z Get:157 http://azure.archive.ubuntu.com/ubuntu noble/universe amd64 libnice10 amd64 0.1.21-2build3 [157 kB]
verify	Run npx playwright install --with-deps chromium firefox webkit	2026-10-09T07:18:05.4372092Z Get:158 http://azure.archive.ubuntu.com/ubuntu noble/universe amd64 libopenal-data all 1:1.23.1-4build1 [161 kB]
verify	Run npx playwright install --with-deps chromium firefox webkit	2026-10-09T07:18:05.5143745Z Get:159 http://azure.archive.ubuntu.com/ubuntu noble/universe amd64 libopenexr-3-1-30 amd64 3.1.5-5.1build3 [1004 kB]
verify	Run npx playwright install --with-deps chromium firefox webkit	2026-10-09T07:18:05.5982474Z Get:160 http://azure.archive.ubuntu.com/ubuntu noble/universe amd64 libopenh264-7 amd64 2.4.1+dfsg-1 [409 kB]
verify	Run npx playwright install --with-deps chromium firefox webkit	2026-10-09T07:18:05.6774723Z Get:161 http://azure.archive.ubuntu.com/ubuntu noble/universe amd64 libopenni2-0 amd64 2.2.0.33+dfsg-18 [370 kB]
verify	Run npx playwright install --with-deps chromium firefox webkit	2026-10-09T07:18:05.7562328Z Get:162 http://azure.archive.ubuntu.com/ubuntu noble/universe amd64 libqrencode4 amd64 4.1.1-1build2 [25.0 kB]
verify	Run npx playwright install --with-deps chromium firefox webkit	2026-10-09T07:18:05.8322224Z Get:163 http://azure.archive.ubuntu.com/ubuntu noble/main amd64 libsecret-common all 0.21.4-1build3 [4962 B]
verify	Run npx playwright install --with-deps chromium firefox webkit	2026-10-09T07:18:05.9085346Z Get:164 http://azure.archive.ubuntu.com/ubuntu noble/main amd64 libsecret-1-0 amd64 0.21.4-1build3 [116 kB]
verify	Run npx playwright install --with-deps chromium firefox webkit	2026-10-09T07:18:05.9853384Z Get:165 http://azure.archive.ubuntu.com/ubuntu noble/universe amd64 libsndio7.0 amd64 1.9.0-0.3build3 [29.6 kB]
verify	Run npx playwright install --with-deps chromium firefox webkit	2026-10-09T07:18:06.0616048Z Get:166 http://azure.archive.ubuntu.com/ubuntu noble/universe amd64 libsoundtouch1 amd64 2.3.2+ds1-1build1 [60.5 kB]
verify	Run npx playwright install --with-deps chromium firefox webkit	2026-10-09T07:18:06.1380108Z Get:167 http://azure.archive.ubuntu.com/ubuntu noble/universe amd64 libspandsp2t64 amd64 0.0.6+dfsg-2.1build1 [311 kB]
verify	Run npx playwright install --with-deps chromium firefox webkit	2026-10-09T07:18:06.2163339Z Get:168 http://azure.archive.ubuntu.com/ubuntu noble/universe amd64 libsrtp2-1 amd64 2.5.0-3build1 [41.9 kB]
verify	Run npx playwright install --with-deps chromium firefox webkit	2026-10-09T07:18:06.3259649Z Get:169 http://azure.archive.ubuntu.com/ubuntu noble/main amd64 libwayland-server0 amd64 1.22.0-2.1build1 [33.9 kB]
verify	Run npx playwright install --with-deps chromium firefox webkit	2026-10-09T07:18:06.4024498Z Get:170 http://azure.archive.ubuntu.com/ubuntu noble/universe amd64 libwildmidi2 amd64 0.4.3-1build3 [68.5 kB]
verify	Run npx playwright install --with-deps chromium firefox webkit	2026-10-09T07:18:06.4797846Z Get:171 http://azure.archive.ubuntu.com/ubuntu noble/main amd64 libwoff1 amd64 1.0.2-2build1 [45.3 kB]
verify	Run npx playwright install --with-deps chromium firefox webkit	2026-10-09T07:18:06.5560829Z Get:172 http://azure.archive.ubuntu.com/ubuntu noble/main amd64 libxcb-xkb1 amd64 1.15-1ubuntu2 [32.3 kB]
verify	Run npx playwright install --with-deps chromium firefox webkit	2026-10-09T07:18:06.6333805Z Get:173 http://azure.archive.ubuntu.com/ubuntu noble/main amd64 libxkbcommon-x11-0 amd64 1.6.0-1build1 [14.5 kB]
verify	Run npx playwright install --with-deps chromium firefox webkit	2026-10-09T07:18:06.7095226Z Get:174 http://azure.archive.ubuntu.com/ubuntu noble/universe amd64 libzbar0t64 amd64 0.23.93-4build3 [123 kB]
verify	Run npx playwright install --with-deps chromium firefox webkit	2026-10-09T07:18:06.7866891Z Get:175 http://azure.archive.ubuntu.com/ubuntu noble/universe amd64 libzxing3 amd64 2.2.1-3 [583 kB]
verify	Run npx playwright install --with-deps chromium firefox webkit	2026-10-09T07:18:06.8675405Z Get:176 http://azure.archive.ubuntu.com/ubuntu noble/main amd64 xfonts-encodings all 1:1.0.5-0ubuntu2 [578 kB]
verify	Run npx playwright install --with-deps chromium firefox webkit	2026-10-09T07:18:06.9477565Z Get:177 http://azure.archive.ubuntu.com/ubuntu noble/main amd64 xfonts-utils amd64 1:7.7+6build3 [94.4 kB]
verify	Run npx playwright install --with-deps chromium firefox webkit	2026-10-09T07:18:07.0243367Z Get:178 http://azure.archive.ubuntu.com/ubuntu noble/universe amd64 xfonts-cyrillic all 1:1.0.5+nmu1 [384 kB]
verify	Run npx playwright install --with-deps chromium firefox webkit	2026-10-09T07:18:07.1033862Z Get:179 http://azure.archive.ubuntu.com/ubuntu noble/main amd64 xfonts-scalable all 1:1.0.3-1.3 [304 kB]
verify	Run npx playwright install --with-deps chromium firefox webkit	2026-10-09T07:18:07.1814064Z Get:180 http://azure.archive.ubuntu.com/ubuntu noble/universe amd64 libgstreamer-plugins-bad1.0-0 amd64 1.24.2-1ubuntu4 [797 kB]
verify	Run npx playwright install --with-deps chromium firefox webkit	2026-10-09T07:18:07.2645803Z Get:181 http://azure.archive.ubuntu.com/ubuntu noble/universe amd64 libdca0 amd64 0.0.7-2build1 [93.8 kB]
verify	Run npx playwright install --with-deps chromium firefox webkit	2026-10-09T07:18:07.3414221Z Get:182 http://azure.archive.ubuntu.com/ubuntu noble/universe amd64 libopenal1 amd64 1:1.23.1-4build1 [540 kB]
verify	Run npx playwright install --with-deps chromium firefox webkit	2026-10-09T07:18:07.4215512Z Get:183 http://azure.archive.ubuntu.com/ubuntu noble/main amd64 libsbc1 amd64 2.0-1build1 [33.9 kB]
verify	Run npx playwright install --with-deps chromium firefox webkit	2026-10-09T07:18:07.4980576Z Get:184 http://azure.archive.ubuntu.com/ubuntu noble/universe amd64 libvo-aacenc0 amd64 0.1.3-2build1 [67.8 kB]
verify	Run npx playwright install --with-deps chromium firefox webkit	2026-10-09T07:18:07.5747561Z Get:185 http://azure.archive.ubuntu.com/ubuntu noble/universe amd64 libvo-amrwbenc0 amd64 0.1.3-2build1 [76.7 kB]
verify	Run npx playwright install --with-deps chromium firefox webkit	2026-10-09T07:18:07.6515222Z Get:186 http://azure.archive.ubuntu.com/ubuntu noble/universe amd64 gstreamer1.0-plugins-bad amd64 1.24.2-1ubuntu4 [3081 kB]
verify	Run npx playwright install --with-deps chromium firefox webkit	2026-10-09T07:18:08.0876551Z Fetched 116 MB in 27s (4297 kB/s)
verify	Run npx playwright install --with-deps chromium firefox webkit	2026-10-09T07:18:08.1371773Z Selecting previously unselected package fonts-ipafont-gothic.
verify	Run npx playwright install --with-deps chromium firefox webkit	2026-10-09T07:18:08.2034569Z (Reading database ... 
verify	Run npx playwright install --with-deps chromium firefox webkit	2026-10-09T07:18:08.2035323Z (Reading database ... 5%
verify	Run npx playwright install --with-deps chromium firefox webkit	2026-10-09T07:18:08.2035979Z (Reading database ... 10%
verify	Run npx playwright install --with-deps chromium firefox webkit	2026-10-09T07:18:08.2036541Z (Reading database ... 15%
verify	Run npx playwright install --with-deps chromium firefox webkit	2026-10-09T07:18:08.2037136Z (Reading database ... 20%
verify	Run npx playwright install --with-deps chromium firefox webkit	2026-10-09T07:18:08.2037631Z (Reading database ... 25%
verify	Run npx playwright install --with-deps chromium firefox webkit	2026-10-09T07:18:08.2038597Z (Reading database ... 30%
verify	Run npx playwright install --with-deps chromium firefox webkit	2026-10-09T07:18:08.2039715Z (Reading database ... 35%
verify	Run npx playwright install --with-deps chromium firefox webkit	2026-10-09T07:18:08.2051462Z (Reading database ... 40%
verify	Run npx playwright install --with-deps chromium firefox webkit	2026-10-09T07:18:08.2052438Z (Reading database ... 45%
verify	Run npx playwright install --with-deps chromium firefox webkit	2026-10-09T07:18:08.2053135Z (Reading database ... 50%
verify	Run npx playwright install --with-deps chromium firefox webkit	2026-10-09T07:18:08.2456831Z (Reading database ... 55%
verify	Run npx playwright install --with-deps chromium firefox webkit	2026-10-09T07:18:08.6396230Z (Reading database ... 60%
verify	Run npx playwright install --with-deps chromium firefox webkit	2026-10-09T07:18:08.9453420Z (Reading database ... 65%
verify	Run npx playwright install --with-deps chromium firefox webkit	2026-10-09T07:18:09.2472181Z (Reading database ... 70%
verify	Run npx playwright install --with-deps chromium firefox webkit	2026-10-09T07:18:09.6035141Z (Reading database ... 75%
verify	Run npx playwright install --with-deps chromium firefox webkit	2026-10-09T07:18:10.0000086Z (Reading database ... 80%
verify	Run npx playwright install --with-deps chromium firefox webkit	2026-10-09T07:18:10.7120748Z (Reading database ... 85%
verify	Run npx playwright install --with-deps chromium firefox webkit	2026-10-09T07:18:11.3769150Z (Reading database ... 90%
verify	Run npx playwright install --with-deps chromium firefox webkit	2026-10-09T07:18:12.0770098Z (Reading database ... 95%
verify	Run npx playwright install --with-deps chromium firefox webkit	2026-10-09T07:18:12.0770973Z (Reading database ... 100%
verify	Run npx playwright install --with-deps chromium firefox webkit	2026-10-09T07:18:12.0771777Z (Reading database ... 203191 files and directories currently installed.)
verify	Run npx playwright install --with-deps chromium firefox webkit	2026-10-09T07:18:12.0814331Z Preparing to unpack .../000-fonts-ipafont-gothic_00303-21ubuntu1_all.deb ...
verify	Run npx playwright install --with-deps chromium firefox webkit	2026-10-09T07:18:12.0909883Z Unpacking fonts-ipafont-gothic (00303-21ubuntu1) ...
verify	Run npx playwright install --with-deps chromium firefox webkit	2026-10-09T07:18:12.3256755Z Preparing to unpack .../001-libxml2-dev_2.9.14+dfsg-1.3ubuntu3.10_amd64.deb ...
verify	Run npx playwright install --with-deps chromium firefox webkit	2026-10-09T07:18:12.3275913Z Unpacking libxml2-dev:amd64 (2.9.14+dfsg-1.3ubuntu3.10) over (2.9.14+dfsg-1.3ubuntu3.9) ...
verify	Run npx playwright install --with-deps chromium firefox webkit	2026-10-09T07:18:12.4064820Z Preparing to unpack .../002-libxml2_2.9.14+dfsg-1.3ubuntu3.10_amd64.deb ...
verify	Run npx playwright install --with-deps chromium firefox webkit	2026-10-09T07:18:12.4142608Z Unpacking libxml2:amd64 (2.9.14+dfsg-1.3ubuntu3.10) over (2.9.14+dfsg-1.3ubuntu3.9) ...
verify	Run npx playwright install --with-deps chromium firefox webkit	2026-10-09T07:18:12.4631448Z Preparing to unpack .../003-libpng16-16t64_1.6.43-5ubuntu0.7_amd64.deb ...
verify	Run npx playwright install --with-deps chromium firefox webkit	2026-10-09T07:18:12.4655232Z Unpacking libpng16-16t64:amd64 (1.6.43-5ubuntu0.7) over (1.6.43-5ubuntu0.6) ...
verify	Run npx playwright install --with-deps chromium firefox webkit	2026-10-09T07:18:12.4965606Z Selecting previously unselected package fonts-freefont-ttf.
verify	Run npx playwright install --with-deps chromium firefox webkit	2026-10-09T07:18:12.5090956Z Preparing to unpack .../004-fonts-freefont-ttf_20211204+svn4273-2_all.deb ...
verify	Run npx playwright install --with-deps chromium firefox webkit	2026-10-09T07:18:12.5097408Z Unpacking fonts-freefont-ttf (20211204+svn4273-2) ...
verify	Run npx playwright install --with-deps chromium firefox webkit	2026-10-09T07:18:12.5870854Z Selecting previously unselected package fonts-tlwg-loma-otf.
verify	Run npx playwright install --with-deps chromium firefox webkit	2026-10-09T07:18:12.5998619Z Preparing to unpack .../005-fonts-tlwg-loma-otf_1%3a0.7.3-1_all.deb ...
verify	Run npx playwright install --with-deps chromium firefox webkit	2026-10-09T07:18:12.6005501Z Unpacking fonts-tlwg-loma-otf (1:0.7.3-1) ...
verify	Run npx playwright install --with-deps chromium firefox webkit	2026-10-09T07:18:12.6201835Z Selecting previously unselected package fonts-unifont.
verify	Run npx playwright install --with-deps chromium firefox webkit	2026-10-09T07:18:12.6327801Z Preparing to unpack .../006-fonts-unifont_1%3a15.1.01-1build1_all.deb ...
verify	Run npx playwright install --with-deps chromium firefox webkit	2026-10-09T07:18:12.6334434Z Unpacking fonts-unifont (1:15.1.01-1build1) ...
verify	Run npx playwright install --with-deps chromium firefox webkit	2026-10-09T07:18:12.7449668Z Selecting previously unselected package fonts-wqy-zenhei.
verify	Run npx playwright install --with-deps chromium firefox webkit	2026-10-09T07:18:12.7573659Z Preparing to unpack .../007-fonts-wqy-zenhei_0.9.45-8_all.deb ...
verify	Run npx playwright install --with-deps chromium firefox webkit	2026-10-09T07:18:12.7670633Z Unpacking fonts-wqy-zenhei (0.9.45-8) ...
verify	Run npx playwright install --with-deps chromium firefox webkit	2026-10-09T07:18:13.2252516Z Selecting previously unselected package libproxy1v5:amd64.
verify	Run npx playwright install --with-deps chromium firefox webkit	2026-10-09T07:18:13.2375774Z Preparing to unpack .../008-libproxy1v5_0.5.4-4build1_amd64.deb ...
verify	Run npx playwright install --with-deps chromium firefox webkit	2026-10-09T07:18:13.2382826Z Unpacking libproxy1v5:amd64 (0.5.4-4build1) ...
verify	Run npx playwright install --with-deps chromium firefox webkit	2026-10-09T07:18:13.2575257Z Selecting previously unselected package glib-networking-common.
verify	Run npx playwright install --with-deps chromium firefox webkit	2026-10-09T07:18:13.2722607Z Preparing to unpack .../009-glib-networking-common_2.80.0-1build1_all.deb ...
verify	Run npx playwright install --with-deps chromium firefox webkit	2026-10-09T07:18:13.2729867Z Unpacking glib-networking-common (2.80.0-1build1) ...
verify	Run npx playwright install --with-deps chromium firefox webkit	2026-10-09T07:18:13.2906093Z Selecting previously unselected package glib-networking-services.
verify	Run npx playwright install --with-deps chromium firefox webkit	2026-10-09T07:18:13.3024076Z Preparing to unpack .../010-glib-networking-services_2.80.0-1build1_amd64.deb ...
verify	Run npx playwright install --with-deps chromium firefox webkit	2026-10-09T07:18:13.3031985Z Unpacking glib-networking-services (2.80.0-1build1) ...
verify	Run npx playwright install --with-deps chromium firefox webkit	2026-10-09T07:18:13.3295431Z Selecting previously unselected package session-migration.
verify	Run npx playwright install --with-deps chromium firefox webkit	2026-10-09T07:18:13.3414422Z Preparing to unpack .../011-session-migration_0.3.9build1_amd64.deb ...
verify	Run npx playwright install --with-deps chromium firefox webkit	2026-10-09T07:18:13.3421233Z Unpacking session-migration (0.3.9build1) ...
verify	Run npx playwright install --with-deps chromium firefox webkit	2026-10-09T07:18:13.3617904Z Selecting previously unselected package gsettings-desktop-schemas.
verify	Run npx playwright install --with-deps chromium firefox webkit	2026-10-09T07:18:13.3735273Z Preparing to unpack .../012-gsettings-desktop-schemas_46.1-0ubuntu1_all.deb ...
verify	Run npx playwright install --with-deps chromium firefox webkit	2026-10-09T07:18:13.3742202Z Unpacking gsettings-desktop-schemas (46.1-0ubuntu1) ...
verify	Run npx playwright install --with-deps chromium firefox webkit	2026-10-09T07:18:13.4089870Z Selecting previously unselected package glib-networking:amd64.
verify	Run npx playwright install --with-deps chromium firefox webkit	2026-10-09T07:18:13.4206533Z Preparing to unpack .../013-glib-networking_2.80.0-1build1_amd64.deb ...
verify	Run npx playwright install --with-deps chromium firefox webkit	2026-10-09T07:18:13.4213666Z Unpacking glib-networking:amd64 (2.80.0-1build1) ...
verify	Run npx playwright install --with-deps chromium firefox webkit	2026-10-09T07:18:13.4453921Z Selecting previously unselected package libva2:amd64.
verify	Run npx playwright install --with-deps chromium firefox webkit	2026-10-09T07:18:13.4569509Z Preparing to unpack .../014-libva2_2.20.0-2ubuntu0.2_amd64.deb ...
verify	Run npx playwright install --with-deps chromium firefox webkit	2026-10-09T07:18:13.4576722Z Unpacking libva2:amd64 (2.20.0-2ubuntu0.2) ...
verify	Run npx playwright install --with-deps chromium firefox webkit	2026-10-09T07:18:13.4774800Z Selecting previously unselected package libva-drm2:amd64.
verify	Run npx playwright install --with-deps chromium firefox webkit	2026-10-09T07:18:13.4890228Z Preparing to unpack .../015-libva-drm2_2.20.0-2ubuntu0.2_amd64.deb ...
verify	Run npx playwright install --with-deps chromium firefox webkit	2026-10-09T07:18:13.4897708Z Unpacking libva-drm2:amd64 (2.20.0-2ubuntu0.2) ...
verify	Run npx playwright install --with-deps chromium firefox webkit	2026-10-09T07:18:13.5091155Z Selecting previously unselected package libva-x11-2:amd64.
verify	Run npx playwright install --with-deps chromium firefox webkit	2026-10-09T07:18:13.5206300Z Preparing to unpack .../016-libva-x11-2_2.20.0-2ubuntu0.2_amd64.deb ...
verify	Run npx playwright install --with-deps chromium firefox webkit	2026-10-09T07:18:13.5214288Z Unpacking libva-x11-2:amd64 (2.20.0-2ubuntu0.2) ...
verify	Run npx playwright install --with-deps chromium firefox webkit	2026-10-09T07:18:13.5412841Z Selecting previously unselected package libvdpau1:amd64.
verify	Run npx playwright install --with-deps chromium firefox webkit	2026-10-09T07:18:13.5527627Z Preparing to unpack .../017-libvdpau1_1.5-2build1_amd64.deb ...
verify	Run npx playwright install --with-deps chromium firefox webkit	2026-10-09T07:18:13.5535470Z Unpacking libvdpau1:amd64 (1.5-2build1) ...
verify	Run npx playwright install --with-deps chromium firefox webkit	2026-10-09T07:18:13.5767541Z Selecting previously unselected package libvpl2.
verify	Run npx playwright install --with-deps chromium firefox webkit	2026-10-09T07:18:13.5881702Z Preparing to unpack .../018-libvpl2_2023.3.0-1build1_amd64.deb ...
verify	Run npx playwright install --with-deps chromium firefox webkit	2026-10-09T07:18:13.5896906Z Unpacking libvpl2 (2023.3.0-1build1) ...
verify	Run npx playwright install --with-deps chromium firefox webkit	2026-10-09T07:18:13.6106114Z Selecting previously unselected package ocl-icd-libopencl1:amd64.
verify	Run npx playwright install --with-deps chromium firefox webkit	2026-10-09T07:18:13.6222268Z Preparing to unpack .../019-ocl-icd-libopencl1_2.3.2-1build1_amd64.deb ...
verify	Run npx playwright install --with-deps chromium firefox webkit	2026-10-09T07:18:13.6229068Z Unpacking ocl-icd-libopencl1:amd64 (2.3.2-1build1) ...
verify	Run npx playwright install --with-deps chromium firefox webkit	2026-10-09T07:18:13.6447348Z Selecting previously unselected package libavutil58:amd64.
verify	Run npx playwright install --with-deps chromium firefox webkit	2026-10-09T07:18:13.6561286Z Preparing to unpack .../020-libavutil58_7%3a6.1.1-3ubuntu5_amd64.deb ...
verify	Run npx playwright install --with-deps chromium firefox webkit	2026-10-09T07:18:13.6568591Z Unpacking libavutil58:amd64 (7:6.1.1-3ubuntu5) ...
verify	Run npx playwright install --with-deps chromium firefox webkit	2026-10-09T07:18:13.6797040Z Selecting previously unselected package libcodec2-1.2:amd64.
verify	Run npx playwright install --with-deps chromium firefox webkit	2026-10-09T07:18:13.6912316Z Preparing to unpack .../021-libcodec2-1.2_1.2.0-2build1_amd64.deb ...
verify	Run npx playwright install --with-deps chromium firefox webkit	2026-10-09T07:18:13.6919347Z Unpacking libcodec2-1.2:amd64 (1.2.0-2build1) ...
verify	Run npx playwright install --with-deps chromium firefox webkit	2026-10-09T07:18:13.7694239Z Selecting previously unselected package libdav1d7:amd64.
verify	Run npx playwright install --with-deps chromium firefox webkit	2026-10-09T07:18:13.7820087Z Preparing to unpack .../022-libdav1d7_1.4.1-1build1_amd64.deb ...
verify	Run npx playwright install --with-deps chromium firefox webkit	2026-10-09T07:18:13.7827016Z Unpacking libdav1d7:amd64 (1.4.1-1build1) ...
verify	Run npx playwright install --with-deps chromium firefox webkit	2026-10-09T07:18:13.8090420Z Selecting previously unselected package libgsm1:amd64.
verify	Run npx playwright install --with-deps chromium firefox webkit	2026-10-09T07:18:13.8217236Z Preparing to unpack .../023-libgsm1_1.0.22-1build1_amd64.deb ...
verify	Run npx playwright install --with-deps chromium firefox webkit	2026-10-09T07:18:13.8224803Z Unpacking libgsm1:amd64 (1.0.22-1build1) ...
verify	Run npx playwright install --with-deps chromium firefox webkit	2026-10-09T07:18:13.8431310Z Selecting previously unselected package libhwy1t64:amd64.
verify	Run npx playwright install --with-deps chromium firefox webkit	2026-10-09T07:18:13.8556903Z Preparing to unpack .../024-libhwy1t64_1.0.7-8.1build1_amd64.deb ...
verify	Run npx playwright install --with-deps chromium firefox webkit	2026-10-09T07:18:13.8564100Z Unpacking libhwy1t64:amd64 (1.0.7-8.1build1) ...
verify	Run npx playwright install --with-deps chromium firefox webkit	2026-10-09T07:18:13.8866849Z Selecting previously unselected package libjxl0.7:amd64.
verify	Run npx playwright install --with-deps chromium firefox webkit	2026-10-09T07:18:13.8989549Z Preparing to unpack .../025-libjxl0.7_0.7.0-10.2ubuntu6.1_amd64.deb ...
verify	Run npx playwright install --with-deps chromium firefox webkit	2026-10-09T07:18:13.8996146Z Unpacking libjxl0.7:amd64 (0.7.0-10.2ubuntu6.1) ...
verify	Run npx playwright install --with-deps chromium firefox webkit	2026-10-09T07:18:13.9306633Z Selecting previously unselected package libmp3lame0:amd64.
verify	Run npx playwright install --with-deps chromium firefox webkit	2026-10-09T07:18:13.9427028Z Preparing to unpack .../026-libmp3lame0_3.100-6build1_amd64.deb ...
verify	Run npx playwright install --with-deps chromium firefox webkit	2026-10-09T07:18:13.9434140Z Unpacking libmp3lame0:amd64 (3.100-6build1) ...
verify	Run npx playwright install --with-deps chromium firefox webkit	2026-10-09T07:18:13.9636642Z Selecting previously unselected package libopus0:amd64.
verify	Run npx playwright install --with-deps chromium firefox webkit	2026-10-09T07:18:13.9755542Z Preparing to unpack .../027-libopus0_1.4-1build1_amd64.deb ...
verify	Run npx playwright install --with-deps chromium firefox webkit	2026-10-09T07:18:13.9765085Z Unpacking libopus0:amd64 (1.4-1build1) ...
verify	Run npx playwright install --with-deps chromium firefox webkit	2026-10-09T07:18:13.9968074Z Selecting previously unselected package librav1e0:amd64.
verify	Run npx playwright install --with-deps chromium firefox webkit	2026-10-09T07:18:14.0086350Z Preparing to unpack .../028-librav1e0_0.7.1-2_amd64.deb ...
verify	Run npx playwright install --with-deps chromium firefox webkit	2026-10-09T07:18:14.0092603Z Unpacking librav1e0:amd64 (0.7.1-2) ...
verify	Run npx playwright install --with-deps chromium firefox webkit	2026-10-09T07:18:14.0392039Z Selecting previously unselected package librsvg2-2:amd64.
verify	Run npx playwright install --with-deps chromium firefox webkit	2026-10-09T07:18:14.0510668Z Preparing to unpack .../029-librsvg2-2_2.58.0+dfsg-1ubuntu0.1_amd64.deb ...
verify	Run npx playwright install --with-deps chromium firefox webkit	2026-10-09T07:18:14.0517951Z Unpacking librsvg2-2:amd64 (2.58.0+dfsg-1ubuntu0.1) ...
verify	Run npx playwright install --with-deps chromium firefox webkit	2026-10-09T07:18:14.0977604Z Selecting previously unselected package libshine3:amd64.
verify	Run npx playwright install --with-deps chromium firefox webkit	2026-10-09T07:18:14.1100476Z Preparing to unpack .../030-libshine3_3.1.1-2build1_amd64.deb ...
verify	Run npx playwright install --with-deps chromium firefox webkit	2026-10-09T07:18:14.1107358Z Unpacking libshine3:amd64 (3.1.1-2build1) ...
verify	Run npx playwright install --with-deps chromium firefox webkit	2026-10-09T07:18:14.1294880Z Selecting previously unselected package libspeex1:amd64.
verify	Run npx playwright install --with-deps chromium firefox webkit	2026-10-09T07:18:14.1416030Z Preparing to unpack .../031-libspeex1_1.2.1-2ubuntu2.24.04.1_amd64.deb ...
verify	Run npx playwright install --with-deps chromium firefox webkit	2026-10-09T07:18:14.1424181Z Unpacking libspeex1:amd64 (1.2.1-2ubuntu2.24.04.1) ...
verify	Run npx playwright install --with-deps chromium firefox webkit	2026-10-09T07:18:14.1616524Z Selecting previously unselected package libsvtav1enc1d1:amd64.
verify	Run npx playwright install --with-deps chromium firefox webkit	2026-10-09T07:18:14.1735273Z Preparing to unpack .../032-libsvtav1enc1d1_1.7.0+dfsg-2build1_amd64.deb ...
verify	Run npx playwright install --with-deps chromium firefox webkit	2026-10-09T07:18:14.1743051Z Unpacking libsvtav1enc1d1:amd64 (1.7.0+dfsg-2build1) ...
verify	Run npx playwright install --with-deps chromium firefox webkit	2026-10-09T07:18:14.2215720Z Selecting previously unselected package libsoxr0:amd64.
verify	Run npx playwright install --with-deps chromium firefox webkit	2026-10-09T07:18:14.2337511Z Preparing to unpack .../033-libsoxr0_0.1.3-4build3_amd64.deb ...
verify	Run npx playwright install --with-deps chromium firefox webkit	2026-10-09T07:18:14.2348274Z Unpacking libsoxr0:amd64 (0.1.3-4build3) ...
verify	Run npx playwright install --with-deps chromium firefox webkit	2026-10-09T07:18:14.2561166Z Selecting previously unselected package libswresample4:amd64.
verify	Run npx playwright install --with-deps chromium firefox webkit	2026-10-09T07:18:14.2681899Z Preparing to unpack .../034-libswresample4_7%3a6.1.1-3ubuntu5_amd64.deb ...
verify	Run npx playwright install --with-deps chromium firefox webkit	2026-10-09T07:18:14.2690156Z Unpacking libswresample4:amd64 (7:6.1.1-3ubuntu5) ...
verify	Run npx playwright install --with-deps chromium firefox webkit	2026-10-09T07:18:14.2891285Z Selecting previously unselected package libtheora0:amd64.
verify	Run npx playwright install --with-deps chromium firefox webkit	2026-10-09T07:18:14.3010716Z Preparing to unpack .../035-libtheora0_1.1.1+dfsg.1-16.1build3_amd64.deb ...
verify	Run npx playwright install --with-deps chromium firefox webkit	2026-10-09T07:18:14.3017946Z Unpacking libtheora0:amd64 (1.1.1+dfsg.1-16.1build3) ...
verify	Run npx playwright install --with-deps chromium firefox webkit	2026-10-09T07:18:14.3250788Z Selecting previously unselected package libtwolame0:amd64.
verify	Run npx playwright install --with-deps chromium firefox webkit	2026-10-09T07:18:14.3368476Z Preparing to unpack .../036-libtwolame0_0.4.0-2build3_amd64.deb ...
verify	Run npx playwright install --with-deps chromium firefox webkit	2026-10-09T07:18:14.3375676Z Unpacking libtwolame0:amd64 (0.4.0-2build3) ...
verify	Run npx playwright install --with-deps chromium firefox webkit	2026-10-09T07:18:14.3581478Z Selecting previously unselected package libvorbisenc2:amd64.
verify	Run npx playwright install --with-deps chromium firefox webkit	2026-10-09T07:18:14.3697471Z Preparing to unpack .../037-libvorbisenc2_1.3.7-1build3_amd64.deb ...
verify	Run npx playwright install --with-deps chromium firefox webkit	2026-10-09T07:18:14.3704825Z Unpacking libvorbisenc2:amd64 (1.3.7-1build3) ...
verify	Run npx playwright install --with-deps chromium firefox webkit	2026-10-09T07:18:14.3914386Z Selecting previously unselected package libvpx9:amd64.
verify	Run npx playwright install --with-deps chromium firefox webkit	2026-10-09T07:18:14.4030331Z Preparing to unpack .../038-libvpx9_1.14.0-1ubuntu2.3_amd64.deb ...
verify	Run npx playwright install --with-deps chromium firefox webkit	2026-10-09T07:18:14.4037675Z Unpacking libvpx9:amd64 (1.14.0-1ubuntu2.3) ...
verify	Run npx playwright install --with-deps chromium firefox webkit	2026-10-09T07:18:14.4372050Z Selecting previously unselected package libx264-164:amd64.
verify	Run npx playwright install --with-deps chromium firefox webkit	2026-10-09T07:18:14.4491977Z Preparing to unpack .../039-libx264-164_2%3a0.164.3108+git31e19f9-1_amd64.deb ...
verify	Run npx playwright install --with-deps chromium firefox webkit	2026-10-09T07:18:14.4499835Z Unpacking libx264-164:amd64 (2:0.164.3108+git31e19f9-1) ...
verify	Run npx playwright install --with-deps chromium firefox webkit	2026-10-09T07:18:14.4756269Z Selecting previously unselected package libx265-199:amd64.
verify	Run npx playwright install --with-deps chromium firefox webkit	2026-10-09T07:18:14.4873496Z Preparing to unpack .../040-libx265-199_3.5-2build1_amd64.deb ...
verify	Run npx playwright install --with-deps chromium firefox webkit	2026-10-09T07:18:14.4882494Z Unpacking libx265-199:amd64 (3.5-2build1) ...
verify	Run npx playwright install --with-deps chromium firefox webkit	2026-10-09T07:18:14.5513450Z Selecting previously unselected package libxvidcore4:amd64.
verify	Run npx playwright install --with-deps chromium firefox webkit	2026-10-09T07:18:14.5635670Z Preparing to unpack .../041-libxvidcore4_2%3a1.3.7-1build1_amd64.deb ...
verify	Run npx playwright install --with-deps chromium firefox webkit	2026-10-09T07:18:14.5643187Z Unpacking libxvidcore4:amd64 (2:1.3.7-1build1) ...
verify	Run npx playwright install --with-deps chromium firefox webkit	2026-10-09T07:18:14.5855519Z Selecting previously unselected package libzvbi-common.
verify	Run npx playwright install --with-deps chromium firefox webkit	2026-10-09T07:18:14.5976000Z Preparing to unpack .../042-libzvbi-common_0.2.42-2_all.deb ...
verify	Run npx playwright install --with-deps chromium firefox webkit	2026-10-09T07:18:14.5984300Z Unpacking libzvbi-common (0.2.42-2) ...
verify	Run npx playwright install --with-deps chromium firefox webkit	2026-10-09T07:18:14.6561686Z Selecting previously unselected package libzvbi0t64:amd64.
verify	Run npx playwright install --with-deps chromium firefox webkit	2026-10-09T07:18:14.6681581Z Preparing to unpack .../043-libzvbi0t64_0.2.42-2_amd64.deb ...
verify	Run npx playwright install --with-deps chromium firefox webkit	2026-10-09T07:18:14.6688734Z Unpacking libzvbi0t64:amd64 (0.2.42-2) ...
verify	Run npx playwright install --with-deps chromium firefox webkit	2026-10-09T07:18:14.6937414Z Selecting previously unselected package libavcodec60:amd64.
verify	Run npx playwright install --with-deps chromium firefox webkit	2026-10-09T07:18:14.7056104Z Preparing to unpack .../044-libavcodec60_7%3a6.1.1-3ubuntu5_amd64.deb ...
verify	Run npx playwright install --with-deps chromium firefox webkit	2026-10-09T07:18:14.7064108Z Unpacking libavcodec60:amd64 (7:6.1.1-3ubuntu5) ...
verify	Run npx playwright install --with-deps chromium firefox webkit	2026-10-09T07:18:14.7964438Z Preparing to unpack .../045-libfreetype6_2.13.2+dfsg-1ubuntu0.2_amd64.deb ...
verify	Run npx playwright install --with-deps chromium firefox webkit	2026-10-09T07:18:14.7988889Z Unpacking libfreetype6:amd64 (2.13.2+dfsg-1ubuntu0.2) over (2.13.2+dfsg-1ubuntu0.1) ...
verify	Run npx playwright install --with-deps chromium firefox webkit	2026-10-09T07:18:14.8239702Z Selecting previously unselected package libunibreak5:amd64.
verify	Run npx playwright install --with-deps chromium firefox webkit	2026-10-09T07:18:14.8365705Z Preparing to unpack .../046-libunibreak5_5.1-2build1_amd64.deb ...
verify	Run npx playwright install --with-deps chromium firefox webkit	2026-10-09T07:18:14.8373133Z Unpacking libunibreak5:amd64 (5.1-2build1) ...
verify	Run npx playwright install --with-deps chromium firefox webkit	2026-10-09T07:18:14.8568956Z Selecting previously unselected package libass9:amd64.
verify	Run npx playwright install --with-deps chromium firefox webkit	2026-10-09T07:18:14.8691142Z Preparing to unpack .../047-libass9_1%3a0.17.1-2build1_amd64.deb ...
verify	Run npx playwright install --with-deps chromium firefox webkit	2026-10-09T07:18:14.8698329Z Unpacking libass9:amd64 (1:0.17.1-2build1) ...
verify	Run npx playwright install --with-deps chromium firefox webkit	2026-10-09T07:18:14.8896000Z Selecting previously unselected package libudfread0:amd64.
verify	Run npx playwright install --with-deps chromium firefox webkit	2026-10-09T07:18:14.9017033Z Preparing to unpack .../048-libudfread0_1.1.2-1build1_amd64.deb ...
verify	Run npx playwright install --with-deps chromium firefox webkit	2026-10-09T07:18:14.9023628Z Unpacking libudfread0:amd64 (1.1.2-1build1) ...
verify	Run npx playwright install --with-deps chromium firefox webkit	2026-10-09T07:18:14.9213295Z Selecting previously unselected package libbluray2:amd64.
verify	Run npx playwright install --with-deps chromium firefox webkit	2026-10-09T07:18:14.9331762Z Preparing to unpack .../049-libbluray2_1%3a1.3.4-1build1_amd64.deb ...
verify	Run npx playwright install --with-deps chromium firefox webkit	2026-10-09T07:18:14.9339253Z Unpacking libbluray2:amd64 (1:1.3.4-1build1) ...
verify	Run npx playwright install --with-deps chromium firefox webkit	2026-10-09T07:18:14.9622401Z Selecting previously unselected package libchromaprint1:amd64.
verify	Run npx playwright install --with-deps chromium firefox webkit	2026-10-09T07:18:14.9739549Z Preparing to unpack .../050-libchromaprint1_1.5.1-5_amd64.deb ...
verify	Run npx playwright install --with-deps chromium firefox webkit	2026-10-09T07:18:14.9749916Z Unpacking libchromaprint1:amd64 (1.5.1-5) ...
verify	Run npx playwright install --with-deps chromium firefox webkit	2026-10-09T07:18:14.9939211Z Selecting previously unselected package libgme0:amd64.
verify	Run npx playwright install --with-deps chromium firefox webkit	2026-10-09T07:18:15.0056476Z Preparing to unpack .../051-libgme0_0.6.3-7build1_amd64.deb ...
verify	Run npx playwright install --with-deps chromium firefox webkit	2026-10-09T07:18:15.0062706Z Unpacking libgme0:amd64 (0.6.3-7build1) ...
verify	Run npx playwright install --with-deps chromium firefox webkit	2026-10-09T07:18:15.0265409Z Selecting previously unselected package libmpg123-0t64:amd64.
verify	Run npx playwright install --with-deps chromium firefox webkit	2026-10-09T07:18:15.0381225Z Preparing to unpack .../052-libmpg123-0t64_1.32.5-1ubuntu1.1_amd64.deb ...
verify	Run npx playwright install --with-deps chromium firefox webkit	2026-10-09T07:18:15.0388274Z Unpacking libmpg123-0t64:amd64 (1.32.5-1ubuntu1.1) ...
verify	Run npx playwright install --with-deps chromium firefox webkit	2026-10-09T07:18:15.0601653Z Selecting previously unselected package libopenmpt0t64:amd64.
verify	Run npx playwright install --with-deps chromium firefox webkit	2026-10-09T07:18:15.0718612Z Preparing to unpack .../053-libopenmpt0t64_0.7.3-1.1build3_amd64.deb ...
verify	Run npx playwright install --with-deps chromium firefox webkit	2026-10-09T07:18:15.0725534Z Unpacking libopenmpt0t64:amd64 (0.7.3-1.1build3) ...
verify	Run npx playwright install --with-deps chromium firefox webkit	2026-10-09T07:18:15.0981769Z Selecting previously unselected package libcjson1:amd64.
verify	Run npx playwright install --with-deps chromium firefox webkit	2026-10-09T07:18:15.1099232Z Preparing to unpack .../054-libcjson1_1.7.17-1_amd64.deb ...
verify	Run npx playwright install --with-deps chromium firefox webkit	2026-10-09T07:18:15.1107502Z Unpacking libcjson1:amd64 (1.7.17-1) ...
verify	Run npx playwright install --with-deps chromium firefox webkit	2026-10-09T07:18:15.1303054Z Selecting previously unselected package libmbedcrypto7t64:amd64.
verify	Run npx playwright install --with-deps chromium firefox webkit	2026-10-09T07:18:15.1419266Z Preparing to unpack .../055-libmbedcrypto7t64_2.28.8-1_amd64.deb ...
verify	Run npx playwright install --with-deps chromium firefox webkit	2026-10-09T07:18:15.1426384Z Unpacking libmbedcrypto7t64:amd64 (2.28.8-1) ...
verify	Run npx playwright install --with-deps chromium firefox webkit	2026-10-09T07:18:15.1647089Z Selecting previously unselected package librist4:amd64.
verify	Run npx playwright install --with-deps chromium firefox webkit	2026-10-09T07:18:15.1763171Z Preparing to unpack .../056-librist4_0.2.10+dfsg-2_amd64.deb ...
verify	Run npx playwright install --with-deps chromium firefox webkit	2026-10-09T07:18:15.1769486Z Unpacking librist4:amd64 (0.2.10+dfsg-2) ...
verify	Run npx playwright install --with-deps chromium firefox webkit	2026-10-09T07:18:15.1980759Z Selecting previously unselected package libsrt1.5-gnutls:amd64.
verify	Run npx playwright install --with-deps chromium firefox webkit	2026-10-09T07:18:15.2097454Z Preparing to unpack .../057-libsrt1.5-gnutls_1.5.3-1build2_amd64.deb ...
verify	Run npx playwright install --with-deps chromium firefox webkit	2026-10-09T07:18:15.2104671Z Unpacking libsrt1.5-gnutls:amd64 (1.5.3-1build2) ...
verify	Run npx playwright install --with-deps chromium firefox webkit	2026-10-09T07:18:15.2329386Z Selecting previously unselected package libssh-gcrypt-4:amd64.
verify	Run npx playwright install --with-deps chromium firefox webkit	2026-10-09T07:18:15.2446096Z Preparing to unpack .../058-libssh-gcrypt-4_0.10.6-2ubuntu0.5_amd64.deb ...
verify	Run npx playwright install --with-deps chromium firefox webkit	2026-10-09T07:18:15.2454069Z Unpacking libssh-gcrypt-4:amd64 (0.10.6-2ubuntu0.5) ...
verify	Run npx playwright install --with-deps chromium firefox webkit	2026-10-09T07:18:15.2669856Z Selecting previously unselected package libavformat60:amd64.
verify	Run npx playwright install --with-deps chromium firefox webkit	2026-10-09T07:18:15.2786583Z Preparing to unpack .../059-libavformat60_7%3a6.1.1-3ubuntu5_amd64.deb ...
verify	Run npx playwright install --with-deps chromium firefox webkit	2026-10-09T07:18:15.2794355Z Unpacking libavformat60:amd64 (7:6.1.1-3ubuntu5) ...
verify	Run npx playwright install --with-deps chromium firefox webkit	2026-10-09T07:18:15.3092227Z Selecting previously unselected package libbs2b0:amd64.
verify	Run npx playwright install --with-deps chromium firefox webkit	2026-10-09T07:18:15.3208916Z Preparing to unpack .../060-libbs2b0_3.1.0+dfsg-7build1_amd64.deb ...
verify	Run npx playwright install --with-deps chromium firefox webkit	2026-10-09T07:18:15.3218128Z Unpacking libbs2b0:amd64 (3.1.0+dfsg-7build1) ...
verify	Run npx playwright install --with-deps chromium firefox webkit	2026-10-09T07:18:15.3429478Z Selecting previously unselected package libflite1:amd64.
verify	Run npx playwright install --with-deps chromium firefox webkit	2026-10-09T07:18:15.3546122Z Preparing to unpack .../061-libflite1_2.2-6build3_amd64.deb ...
verify	Run npx playwright install --with-deps chromium firefox webkit	2026-10-09T07:18:15.3553897Z Unpacking libflite1:amd64 (2.2-6build3) ...
verify	Run npx playwright install --with-deps chromium firefox webkit	2026-10-09T07:18:15.4594092Z Selecting previously unselected package libserd-0-0:amd64.
verify	Run npx playwright install --with-deps chromium firefox webkit	2026-10-09T07:18:15.4720913Z Preparing to unpack .../062-libserd-0-0_0.32.2-1_amd64.deb ...
verify	Run npx playwright install --with-deps chromium firefox webkit	2026-10-09T07:18:15.4727901Z Unpacking libserd-0-0:amd64 (0.32.2-1) ...
verify	Run npx playwright install --with-deps chromium firefox webkit	2026-10-09T07:18:15.4925195Z Selecting previously unselected package libzix-0-0:amd64.
verify	Run npx playwright install --with-deps chromium firefox webkit	2026-10-09T07:18:15.5044612Z Preparing to unpack .../063-libzix-0-0_0.4.2-2build1_amd64.deb ...
verify	Run npx playwright install --with-deps chromium firefox webkit	2026-10-09T07:18:15.5052644Z Unpacking libzix-0-0:amd64 (0.4.2-2build1) ...
verify	Run npx playwright install --with-deps chromium firefox webkit	2026-10-09T07:18:15.5247774Z Selecting previously unselected package libsord-0-0:amd64.
verify	Run npx playwright install --with-deps chromium firefox webkit	2026-10-09T07:18:15.5368480Z Preparing to unpack .../064-libsord-0-0_0.16.16-2build1_amd64.deb ...
verify	Run npx playwright install --with-deps chromium firefox webkit	2026-10-09T07:18:15.5376336Z Unpacking libsord-0-0:amd64 (0.16.16-2build1) ...
verify	Run npx playwright install --with-deps chromium firefox webkit	2026-10-09T07:18:15.5574722Z Selecting previously unselected package libsratom-0-0:amd64.
verify	Run npx playwright install --with-deps chromium firefox webkit	2026-10-09T07:18:15.5692388Z Preparing to unpack .../065-libsratom-0-0_0.6.16-1build1_amd64.deb ...
verify	Run npx playwright install --with-deps chromium firefox webkit	2026-10-09T07:18:15.5699864Z Unpacking libsratom-0-0:amd64 (0.6.16-1build1) ...
verify	Run npx playwright install --with-deps chromium firefox webkit	2026-10-09T07:18:15.5901724Z Selecting previously unselected package liblilv-0-0:amd64.
verify	Run npx playwright install --with-deps chromium firefox webkit	2026-10-09T07:18:15.6025195Z Preparing to unpack .../066-liblilv-0-0_0.24.22-1build1_amd64.deb ...
verify	Run npx playwright install --with-deps chromium firefox webkit	2026-10-09T07:18:15.6032899Z Unpacking liblilv-0-0:amd64 (0.24.22-1build1) ...
verify	Run npx playwright install --with-deps chromium firefox webkit	2026-10-09T07:18:15.6232833Z Selecting previously unselected package libmysofa1:amd64.
verify	Run npx playwright install --with-deps chromium firefox webkit	2026-10-09T07:18:15.6353970Z Preparing to unpack .../067-libmysofa1_1.3.2+dfsg-2ubuntu2_amd64.deb ...
verify	Run npx playwright install --with-deps chromium firefox webkit	2026-10-09T07:18:15.6360681Z Unpacking libmysofa1:amd64 (1.3.2+dfsg-2ubuntu2) ...
verify	Run npx playwright install --with-deps chromium firefox webkit	2026-10-09T07:18:15.6594452Z Selecting previously unselected package libplacebo338:amd64.
verify	Run npx playwright install --with-deps chromium firefox webkit	2026-10-09T07:18:15.6716576Z Preparing to unpack .../068-libplacebo338_6.338.2-2build1_amd64.deb ...
verify	Run npx playwright install --with-deps chromium firefox webkit	2026-10-09T07:18:15.6725037Z Unpacking libplacebo338:amd64 (6.338.2-2build1) ...
verify	Run npx playwright install --with-deps chromium firefox webkit	2026-10-09T07:18:15.7275200Z Selecting previously unselected package libblas3:amd64.
verify	Run npx playwright install --with-deps chromium firefox webkit	2026-10-09T07:18:15.7406854Z Preparing to unpack .../069-libblas3_3.12.0-3build1.1_amd64.deb ...
verify	Run npx playwright install --with-deps chromium firefox webkit	2026-10-09T07:18:15.7436827Z Unpacking libblas3:amd64 (3.12.0-3build1.1) ...
verify	Run npx playwright install --with-deps chromium firefox webkit	2026-10-09T07:18:15.7669180Z Selecting previously unselected package liblapack3:amd64.
verify	Run npx playwright install --with-deps chromium firefox webkit	2026-10-09T07:18:15.7797925Z Preparing to unpack .../070-liblapack3_3.12.0-3build1.1_amd64.deb ...
verify	Run npx playwright install --with-deps chromium firefox webkit	2026-10-09T07:18:15.7865468Z Unpacking liblapack3:amd64 (3.12.0-3build1.1) ...
verify	Run npx playwright install --with-deps chromium firefox webkit	2026-10-09T07:18:15.8343275Z Selecting previously unselected package libasyncns0:amd64.
verify	Run npx playwright install --with-deps chromium firefox webkit	2026-10-09T07:18:15.8473249Z Preparing to unpack .../071-libasyncns0_0.8-6build4_amd64.deb ...
verify	Run npx playwright install --with-deps chromium firefox webkit	2026-10-09T07:18:15.8480497Z Unpacking libasyncns0:amd64 (0.8-6build4) ...
verify	Run npx playwright install --with-deps chromium firefox webkit	2026-10-09T07:18:15.8673065Z Selecting previously unselected package libflac12t64:amd64.
verify	Run npx playwright install --with-deps chromium firefox webkit	2026-10-09T07:18:15.8801252Z Preparing to unpack .../072-libflac12t64_1.4.3+ds-2.1ubuntu2_amd64.deb ...
verify	Run npx playwright install --with-deps chromium firefox webkit	2026-10-09T07:18:15.8809388Z Unpacking libflac12t64:amd64 (1.4.3+ds-2.1ubuntu2) ...
verify	Run npx playwright install --with-deps chromium firefox webkit	2026-10-09T07:18:15.9033283Z Selecting previously unselected package libsndfile1:amd64.
verify	Run npx playwright install --with-deps chromium firefox webkit	2026-10-09T07:18:15.9159611Z Preparing to unpack .../073-libsndfile1_1.2.2-1ubuntu5.24.04.1_amd64.deb ...
verify	Run npx playwright install --with-deps chromium firefox webkit	2026-10-09T07:18:15.9168256Z Unpacking libsndfile1:amd64 (1.2.2-1ubuntu5.24.04.1) ...
verify	Run npx playwright install --with-deps chromium firefox webkit	2026-10-09T07:18:15.9405159Z Selecting previously unselected package libpulse0:amd64.
verify	Run npx playwright install --with-deps chromium firefox webkit	2026-10-09T07:18:15.9528693Z Preparing to unpack .../074-libpulse0_1%3a16.1+dfsg1-2ubuntu10.1_amd64.deb ...
verify	Run npx playwright install --with-deps chromium firefox webkit	2026-10-09T07:18:15.9592663Z Unpacking libpulse0:amd64 (1:16.1+dfsg1-2ubuntu10.1) ...
verify	Run npx playwright install --with-deps chromium firefox webkit	2026-10-09T07:18:15.9834559Z Selecting previously unselected package libsphinxbase3t64:amd64.
verify	Run npx playwright install --with-deps chromium firefox webkit	2026-10-09T07:18:15.9954585Z Preparing to unpack .../075-libsphinxbase3t64_0.8+5prealpha+1-17build2_amd64.deb ...
verify	Run npx playwright install --with-deps chromium firefox webkit	2026-10-09T07:18:15.9962111Z Unpacking libsphinxbase3t64:amd64 (0.8+5prealpha+1-17build2) ...
verify	Run npx playwright install --with-deps chromium firefox webkit	2026-10-09T07:18:16.0172655Z Selecting previously unselected package libpocketsphinx3:amd64.
verify	Run npx playwright install --with-deps chromium firefox webkit	2026-10-09T07:18:16.0289902Z Preparing to unpack .../076-libpocketsphinx3_0.8.0+real5prealpha+1-15ubuntu5_amd64.deb ...
verify	Run npx playwright install --with-deps chromium firefox webkit	2026-10-09T07:18:16.0309729Z Unpacking libpocketsphinx3:amd64 (0.8.0+real5prealpha+1-15ubuntu5) ...
verify	Run npx playwright install --with-deps chromium firefox webkit	2026-10-09T07:18:16.0518562Z Selecting previously unselected package libpostproc57:amd64.
verify	Run npx playwright install --with-deps chromium firefox webkit	2026-10-09T07:18:16.0634923Z Preparing to unpack .../077-libpostproc57_7%3a6.1.1-3ubuntu5_amd64.deb ...
verify	Run npx playwright install --with-deps chromium firefox webkit	2026-10-09T07:18:16.0648584Z Unpacking libpostproc57:amd64 (7:6.1.1-3ubuntu5) ...
verify	Run npx playwright install --with-deps chromium firefox webkit	2026-10-09T07:18:16.1094050Z Selecting previously unselected package libsamplerate0:amd64.
verify	Run npx playwright install --with-deps chromium firefox webkit	2026-10-09T07:18:16.1217246Z Preparing to unpack .../078-libsamplerate0_0.2.2-4build1_amd64.deb ...
verify	Run npx playwright install --with-deps chromium firefox webkit	2026-10-09T07:18:16.1243606Z Unpacking libsamplerate0:amd64 (0.2.2-4build1) ...
verify	Run npx playwright install --with-deps chromium firefox webkit	2026-10-09T07:18:16.1490881Z Selecting previously unselected package librubberband2:amd64.
verify	Run npx playwright install --with-deps chromium firefox webkit	2026-10-09T07:18:16.1613157Z Preparing to unpack .../079-librubberband2_3.3.0+dfsg-2build1_amd64.deb ...
verify	Run npx playwright install --with-deps chromium firefox webkit	2026-10-09T07:18:16.1622659Z Unpacking librubberband2:amd64 (3.3.0+dfsg-2build1) ...
verify	Run npx playwright install --with-deps chromium firefox webkit	2026-10-09T07:18:16.1827064Z Selecting previously unselected package libswscale7:amd64.
verify	Run npx playwright install --with-deps chromium firefox webkit	2026-10-09T07:18:16.1945369Z Preparing to unpack .../080-libswscale7_7%3a6.1.1-3ubuntu5_amd64.deb ...
verify	Run npx playwright install --with-deps chromium firefox webkit	2026-10-09T07:18:16.1953005Z Unpacking libswscale7:amd64 (7:6.1.1-3ubuntu5) ...
verify	Run npx playwright install --with-deps chromium firefox webkit	2026-10-09T07:18:16.2211859Z Selecting previously unselected package libvidstab1.1:amd64.
verify	Run npx playwright install --with-deps chromium firefox webkit	2026-10-09T07:18:16.2329949Z Preparing to unpack .../081-libvidstab1.1_1.1.0-2build1_amd64.deb ...
verify	Run npx playwright install --with-deps chromium firefox webkit	2026-10-09T07:18:16.2337798Z Unpacking libvidstab1.1:amd64 (1.1.0-2build1) ...
verify	Run npx playwright install --with-deps chromium firefox webkit	2026-10-09T07:18:16.2529733Z Selecting previously unselected package libzimg2:amd64.
verify	Run npx playwright install --with-deps chromium firefox webkit	2026-10-09T07:18:16.2647965Z Preparing to unpack .../082-libzimg2_3.0.5+ds1-1build1_amd64.deb ...
verify	Run npx playwright install --with-deps chromium firefox webkit	2026-10-09T07:18:16.2654032Z Unpacking libzimg2:amd64 (3.0.5+ds1-1build1) ...
verify	Run npx playwright install --with-deps chromium firefox webkit	2026-10-09T07:18:16.2879439Z Selecting previously unselected package libavfilter9:amd64.
verify	Run npx playwright install --with-deps chromium firefox webkit	2026-10-09T07:18:16.2996934Z Preparing to unpack .../083-libavfilter9_7%3a6.1.1-3ubuntu5_amd64.deb ...
verify	Run npx playwright install --with-deps chromium firefox webkit	2026-10-09T07:18:16.3004703Z Unpacking libavfilter9:amd64 (7:6.1.1-3ubuntu5) ...
verify	Run npx playwright install --with-deps chromium firefox webkit	2026-10-09T07:18:16.3671102Z Selecting previously unselected package liborc-0.4-0t64:amd64.
verify	Run npx playwright install --with-deps chromium firefox webkit	2026-10-09T07:18:16.3794847Z Preparing to unpack .../084-liborc-0.4-0t64_1%3a0.4.38-1ubuntu0.1_amd64.deb ...
verify	Run npx playwright install --with-deps chromium firefox webkit	2026-10-09T07:18:16.3801784Z Unpacking liborc-0.4-0t64:amd64 (1:0.4.38-1ubuntu0.1) ...
verify	Run npx playwright install --with-deps chromium firefox webkit	2026-10-09T07:18:16.4039056Z Selecting previously unselected package libgstreamer-plugins-base1.0-0:amd64.
verify	Run npx playwright install --with-deps chromium firefox webkit	2026-10-09T07:18:16.4162739Z Preparing to unpack .../085-libgstreamer-plugins-base1.0-0_1.24.2-1ubuntu0.5_amd64.deb ...
verify	Run npx playwright install --with-deps chromium firefox webkit	2026-10-09T07:18:16.4171233Z Unpacking libgstreamer-plugins-base1.0-0:amd64 (1.24.2-1ubuntu0.5) ...
verify	Run npx playwright install --with-deps chromium firefox webkit	2026-10-09T07:18:16.4488693Z Selecting previously unselected package gstreamer1.0-libav:amd64.
verify	Run npx playwright install --with-deps chromium firefox webkit	2026-10-09T07:18:16.4609187Z Preparing to unpack .../086-gstreamer1.0-libav_1.24.1-1build1_amd64.deb ...
verify	Run npx playwright install --with-deps chromium firefox webkit	2026-10-09T07:18:16.4618931Z Unpacking gstreamer1.0-libav:amd64 (1.24.1-1build1) ...
verify	Run npx playwright install --with-deps chromium firefox webkit	2026-10-09T07:18:16.4838639Z Selecting previously unselected package libcdparanoia0:amd64.
verify	Run npx playwright install --with-deps chromium firefox webkit	2026-10-09T07:18:16.4958472Z Preparing to unpack .../087-libcdparanoia0_3.10.2+debian-14build3_amd64.deb ...
verify	Run npx playwright install --with-deps chromium firefox webkit	2026-10-09T07:18:16.4965135Z Unpacking libcdparanoia0:amd64 (3.10.2+debian-14build3) ...
verify	Run npx playwright install --with-deps chromium firefox webkit	2026-10-09T07:18:16.5188380Z Selecting previously unselected package libvisual-0.4-0:amd64.
verify	Run npx playwright install --with-deps chromium firefox webkit	2026-10-09T07:18:16.5307063Z Preparing to unpack .../088-libvisual-0.4-0_0.4.2-2build1_amd64.deb ...
verify	Run npx playwright install --with-deps chromium firefox webkit	2026-10-09T07:18:16.5316016Z Unpacking libvisual-0.4-0:amd64 (0.4.2-2build1) ...
verify	Run npx playwright install --with-deps chromium firefox webkit	2026-10-09T07:18:16.5525111Z Selecting previously unselected package gstreamer1.0-plugins-base:amd64.
verify	Run npx playwright install --with-deps chromium firefox webkit	2026-10-09T07:18:16.5642596Z Preparing to unpack .../089-gstreamer1.0-plugins-base_1.24.2-1ubuntu0.5_amd64.deb ...
verify	Run npx playwright install --with-deps chromium firefox webkit	2026-10-09T07:18:16.5654018Z Unpacking gstreamer1.0-plugins-base:amd64 (1.24.2-1ubuntu0.5) ...
verify	Run npx playwright install --with-deps chromium firefox webkit	2026-10-09T07:18:16.5979456Z Selecting previously unselected package libaa1:amd64.
verify	Run npx playwright install --with-deps chromium firefox webkit	2026-10-09T07:18:16.6098683Z Preparing to unpack .../090-libaa1_1.4p5-51.1_amd64.deb ...
verify	Run npx playwright install --with-deps chromium firefox webkit	2026-10-09T07:18:16.6106325Z Unpacking libaa1:amd64 (1.4p5-51.1) ...
verify	Run npx playwright install --with-deps chromium firefox webkit	2026-10-09T07:18:16.6311503Z Selecting previously unselected package libraw1394-11:amd64.
verify	Run npx playwright install --with-deps chromium firefox webkit	2026-10-09T07:18:16.6430745Z Preparing to unpack .../091-libraw1394-11_2.1.2-2build3_amd64.deb ...
verify	Run npx playwright install --with-deps chromium firefox webkit	2026-10-09T07:18:16.6444047Z Unpacking libraw1394-11:amd64 (2.1.2-2build3) ...
verify	Run npx playwright install --with-deps chromium firefox webkit	2026-10-09T07:18:16.6647502Z Selecting previously unselected package libavc1394-0:amd64.
verify	Run npx playwright install --with-deps chromium firefox webkit	2026-10-09T07:18:16.6764032Z Preparing to unpack .../092-libavc1394-0_0.5.4-5build3_amd64.deb ...
verify	Run npx playwright install --with-deps chromium firefox webkit	2026-10-09T07:18:16.6771801Z Unpacking libavc1394-0:amd64 (0.5.4-5build3) ...
verify	Run npx playwright install --with-deps chromium firefox webkit	2026-10-09T07:18:16.6968801Z Selecting previously unselected package libcaca0:amd64.
verify	Run npx playwright install --with-deps chromium firefox webkit	2026-10-09T07:18:16.7083960Z Preparing to unpack .../093-libcaca0_0.99.beta20-4ubuntu0.2_amd64.deb ...
verify	Run npx playwright install --with-deps chromium firefox webkit	2026-10-09T07:18:16.7092677Z Unpacking libcaca0:amd64 (0.99.beta20-4ubuntu0.2) ...
verify	Run npx playwright install --with-deps chromium firefox webkit	2026-10-09T07:18:16.7338389Z Selecting previously unselected package libdv4t64:amd64.
verify	Run npx playwright install --with-deps chromium firefox webkit	2026-10-09T07:18:16.7455100Z Preparing to unpack .../094-libdv4t64_1.0.0-17.1build1_amd64.deb ...
verify	Run npx playwright install --with-deps chromium firefox webkit	2026-10-09T07:18:16.7462662Z Unpacking libdv4t64:amd64 (1.0.0-17.1build1) ...
verify	Run npx playwright install --with-deps chromium firefox webkit	2026-10-09T07:18:16.7674549Z Selecting previously unselected package libgstreamer-plugins-good1.0-0:amd64.
verify	Run npx playwright install --with-deps chromium firefox webkit	2026-10-09T07:18:16.7790065Z Preparing to unpack .../095-libgstreamer-plugins-good1.0-0_1.24.2-1ubuntu1.8_amd64.deb ...
verify	Run npx playwright install --with-deps chromium firefox webkit	2026-10-09T07:18:16.7798735Z Unpacking libgstreamer-plugins-good1.0-0:amd64 (1.24.2-1ubuntu1.8) ...
verify	Run npx playwright install --with-deps chromium firefox webkit	2026-10-09T07:18:16.8001463Z Selecting previously unselected package libiec61883-0:amd64.
verify	Run npx playwright install --with-deps chromium firefox webkit	2026-10-09T07:18:16.8115139Z Preparing to unpack .../096-libiec61883-0_1.2.0-6build1_amd64.deb ...
verify	Run npx playwright install --with-deps chromium firefox webkit	2026-10-09T07:18:16.8124109Z Unpacking libiec61883-0:amd64 (1.2.0-6build1) ...
verify	Run npx playwright install --with-deps chromium firefox webkit	2026-10-09T07:18:16.8325507Z Selecting previously unselected package libshout3:amd64.
verify	Run npx playwright install --with-deps chromium firefox webkit	2026-10-09T07:18:16.8440657Z Preparing to unpack .../097-libshout3_2.4.6-1build2_amd64.deb ...
verify	Run npx playwright install --with-deps chromium firefox webkit	2026-10-09T07:18:16.8448022Z Unpacking libshout3:amd64 (2.4.6-1build2) ...
verify	Run npx playwright install --with-deps chromium firefox webkit	2026-10-09T07:18:16.8656822Z Selecting previously unselected package libtag1v5-vanilla:amd64.
verify	Run npx playwright install --with-deps chromium firefox webkit	2026-10-09T07:18:16.8773767Z Preparing to unpack .../098-libtag1v5-vanilla_1.13.1-1build1_amd64.deb ...
verify	Run npx playwright install --with-deps chromium firefox webkit	2026-10-09T07:18:16.8781005Z Unpacking libtag1v5-vanilla:amd64 (1.13.1-1build1) ...
verify	Run npx playwright install --with-deps chromium firefox webkit	2026-10-09T07:18:16.9014555Z Selecting previously unselected package libtag1v5:amd64.
verify	Run npx playwright install --with-deps chromium firefox webkit	2026-10-09T07:18:16.9131036Z Preparing to unpack .../099-libtag1v5_1.13.1-1build1_amd64.deb ...
verify	Run npx playwright install --with-deps chromium firefox webkit	2026-10-09T07:18:16.9139099Z Unpacking libtag1v5:amd64 (1.13.1-1build1) ...
verify	Run npx playwright install --with-deps chromium firefox webkit	2026-10-09T07:18:16.9339698Z Selecting previously unselected package libv4lconvert0t64:amd64.
verify	Run npx playwright install --with-deps chromium firefox webkit	2026-10-09T07:18:16.9456121Z Preparing to unpack .../100-libv4lconvert0t64_1.26.1-4build3_amd64.deb ...
verify	Run npx playwright install --with-deps chromium firefox webkit	2026-10-09T07:18:16.9464611Z Unpacking libv4lconvert0t64:amd64 (1.26.1-4build3) ...
verify	Run npx playwright install --with-deps chromium firefox webkit	2026-10-09T07:18:16.9684968Z Selecting previously unselected package libv4l-0t64:amd64.
verify	Run npx playwright install --with-deps chromium firefox webkit	2026-10-09T07:18:16.9799728Z Preparing to unpack .../101-libv4l-0t64_1.26.1-4build3_amd64.deb ...
verify	Run npx playwright install --with-deps chromium firefox webkit	2026-10-09T07:18:16.9807436Z Unpacking libv4l-0t64:amd64 (1.26.1-4build3) ...
verify	Run npx playwright install --with-deps chromium firefox webkit	2026-10-09T07:18:17.0026753Z Selecting previously unselected package libwavpack1:amd64.
verify	Run npx playwright install --with-deps chromium firefox webkit	2026-10-09T07:18:17.0141172Z Preparing to unpack .../102-libwavpack1_5.6.0-1build1_amd64.deb ...
verify	Run npx playwright install --with-deps chromium firefox webkit	2026-10-09T07:18:17.0148718Z Unpacking libwavpack1:amd64 (5.6.0-1build1) ...
verify	Run npx playwright install --with-deps chromium firefox webkit	2026-10-09T07:18:17.0358336Z Selecting previously unselected package libsoup-3.0-common.
verify	Run npx playwright install --with-deps chromium firefox webkit	2026-10-09T07:18:17.0471676Z Preparing to unpack .../103-libsoup-3.0-common_3.4.4-5ubuntu0.9_all.deb ...
verify	Run npx playwright install --with-deps chromium firefox webkit	2026-10-09T07:18:17.0480225Z Unpacking libsoup-3.0-common (3.4.4-5ubuntu0.9) ...
verify	Run npx playwright install --with-deps chromium firefox webkit	2026-10-09T07:18:17.0672192Z Selecting previously unselected package libsoup-3.0-0:amd64.
verify	Run npx playwright install --with-deps chromium firefox webkit	2026-10-09T07:18:17.0787381Z Preparing to unpack .../104-libsoup-3.0-0_3.4.4-5ubuntu0.9_amd64.deb ...
verify	Run npx playwright install --with-deps chromium firefox webkit	2026-10-09T07:18:17.0794778Z Unpacking libsoup-3.0-0:amd64 (3.4.4-5ubuntu0.9) ...
verify	Run npx playwright install --with-deps chromium firefox webkit	2026-10-09T07:18:17.1019456Z Selecting previously unselected package gstreamer1.0-plugins-good:amd64.
verify	Run npx playwright install --with-deps chromium firefox webkit	2026-10-09T07:18:17.1135030Z Preparing to unpack .../105-gstreamer1.0-plugins-good_1.24.2-1ubuntu1.8_amd64.deb ...
verify	Run npx playwright install --with-deps chromium firefox webkit	2026-10-09T07:18:17.1146400Z Unpacking gstreamer1.0-plugins-good:amd64 (1.24.2-1ubuntu1.8) ...
verify	Run npx playwright install --with-deps chromium firefox webkit	2026-10-09T07:18:17.1680973Z Selecting previously unselected package libabsl20220623t64:amd64.
verify	Run npx playwright install --with-deps chromium firefox webkit	2026-10-09T07:18:17.1802111Z Preparing to unpack .../106-libabsl20220623t64_20220623.1-3.1ubuntu3.2_amd64.deb ...
verify	Run npx playwright install --with-deps chromium firefox webkit	2026-10-09T07:18:17.1808978Z Unpacking libabsl20220623t64:amd64 (20220623.1-3.1ubuntu3.2) ...
verify	Run npx playwright install --with-deps chromium firefox webkit	2026-10-09T07:18:17.2219387Z Selecting previously unselected package libgav1-1:amd64.
verify	Run npx playwright install --with-deps chromium firefox webkit	2026-10-09T07:18:17.2340888Z Preparing to unpack .../107-libgav1-1_0.18.0-1build3_amd64.deb ...
verify	Run npx playwright install --with-deps chromium firefox webkit	2026-10-09T07:18:17.2347400Z Unpacking libgav1-1:amd64 (0.18.0-1build3) ...
verify	Run npx playwright install --with-deps chromium firefox webkit	2026-10-09T07:18:17.2577336Z Selecting previously unselected package libyuv0:amd64.
verify	Run npx playwright install --with-deps chromium firefox webkit	2026-10-09T07:18:17.2699103Z Preparing to unpack .../108-libyuv0_0.0~git202401110.af6ac82-1_amd64.deb ...
verify	Run npx playwright install --with-deps chromium firefox webkit	2026-10-09T07:18:17.2706987Z Unpacking libyuv0:amd64 (0.0~git202401110.af6ac82-1) ...
verify	Run npx playwright install --with-deps chromium firefox webkit	2026-10-09T07:18:17.2924485Z Selecting previously unselected package libavif16:amd64.
verify	Run npx playwright install --with-deps chromium firefox webkit	2026-10-09T07:18:17.3044687Z Preparing to unpack .../109-libavif16_1.0.4-1ubuntu3_amd64.deb ...
verify	Run npx playwright install --with-deps chromium firefox webkit	2026-10-09T07:18:17.3052819Z Unpacking libavif16:amd64 (1.0.4-1ubuntu3) ...
verify	Run npx playwright install --with-deps chromium firefox webkit	2026-10-09T07:18:17.3254264Z Selecting previously unselected package libavtp0:amd64.
verify	Run npx playwright install --with-deps chromium firefox webkit	2026-10-09T07:18:17.3374927Z Preparing to unpack .../110-libavtp0_0.2.0-1build1_amd64.deb ...
verify	Run npx playwright install --with-deps chromium firefox webkit	2026-10-09T07:18:17.3382846Z Unpacking libavtp0:amd64 (0.2.0-1build1) ...
verify	Run npx playwright install --with-deps chromium firefox webkit	2026-10-09T07:18:17.3575702Z Selecting previously unselected package libcairo-script-interpreter2:amd64.
verify	Run npx playwright install --with-deps chromium firefox webkit	2026-10-09T07:18:17.3695949Z Preparing to unpack .../111-libcairo-script-interpreter2_1.18.0-3build1_amd64.deb ...
verify	Run npx playwright install --with-deps chromium firefox webkit	2026-10-09T07:18:17.3703681Z Unpacking libcairo-script-interpreter2:amd64 (1.18.0-3build1) ...
verify	Run npx playwright install --with-deps chromium firefox webkit	2026-10-09T07:18:17.3904741Z Selecting previously unselected package libdc1394-25:amd64.
verify	Run npx playwright install --with-deps chromium firefox webkit	2026-10-09T07:18:17.4023683Z Preparing to unpack .../112-libdc1394-25_2.2.6-4build1_amd64.deb ...
verify	Run npx playwright install --with-deps chromium firefox webkit	2026-10-09T07:18:17.4032298Z Unpacking libdc1394-25:amd64 (2.2.6-4build1) ...
verify	Run npx playwright install --with-deps chromium firefox webkit	2026-10-09T07:18:17.4243227Z Selecting previously unselected package libde265-0:amd64.
verify	Run npx playwright install --with-deps chromium firefox webkit	2026-10-09T07:18:17.4358901Z Preparing to unpack .../113-libde265-0_1.0.15-1ubuntu0.2_amd64.deb ...
verify	Run npx playwright install --with-deps chromium firefox webkit	2026-10-09T07:18:17.4369073Z Unpacking libde265-0:amd64 (1.0.15-1ubuntu0.2) ...
verify	Run npx playwright install --with-deps chromium firefox webkit	2026-10-09T07:18:17.4587717Z Selecting previously unselected package libdecor-0-0:amd64.
verify	Run npx playwright install --with-deps chromium firefox webkit	2026-10-09T07:18:17.4701615Z Preparing to unpack .../114-libdecor-0-0_0.2.2-1build2_amd64.deb ...
verify	Run npx playwright install --with-deps chromium firefox webkit	2026-10-09T07:18:17.4708963Z Unpacking libdecor-0-0:amd64 (0.2.2-1build2) ...
verify	Run npx playwright install --with-deps chromium firefox webkit	2026-10-09T07:18:17.4906694Z Selecting previously unselected package libgles2:amd64.
verify	Run npx playwright install --with-deps chromium firefox webkit	2026-10-09T07:18:17.5019859Z Preparing to unpack .../115-libgles2_1.7.0-1build1_amd64.deb ...
verify	Run npx playwright install --with-deps chromium firefox webkit	2026-10-09T07:18:17.5027731Z Unpacking libgles2:amd64 (1.7.0-1build1) ...
verify	Run npx playwright install --with-deps chromium firefox webkit	2026-10-09T07:18:17.5293859Z Selecting previously unselected package libdirectfb-1.7-7t64:amd64.
verify	Run npx playwright install --with-deps chromium firefox webkit	2026-10-09T07:18:17.5407365Z Preparing to unpack .../116-libdirectfb-1.7-7t64_1.7.7-11.1ubuntu2_amd64.deb ...
verify	Run npx playwright install --with-deps chromium firefox webkit	2026-10-09T07:18:17.5421100Z Unpacking libdirectfb-1.7-7t64:amd64 (1.7.7-11.1ubuntu2) ...
verify	Run npx playwright install --with-deps chromium firefox webkit	2026-10-09T07:18:17.5816141Z Selecting previously unselected package libdvdread8t64:amd64.
verify	Run npx playwright install --with-deps chromium firefox webkit	2026-10-09T07:18:17.5934309Z Preparing to unpack .../117-libdvdread8t64_6.1.3-1.1build1_amd64.deb ...
verify	Run npx playwright install --with-deps chromium firefox webkit	2026-10-09T07:18:17.5941742Z Unpacking libdvdread8t64:amd64 (6.1.3-1.1build1) ...
verify	Run npx playwright install --with-deps chromium firefox webkit	2026-10-09T07:18:17.6156756Z Selecting previously unselected package libdvdnav4:amd64.
verify	Run npx playwright install --with-deps chromium firefox webkit	2026-10-09T07:18:17.6273466Z Preparing to unpack .../118-libdvdnav4_6.1.1-3build1_amd64.deb ...
verify	Run npx playwright install --with-deps chromium firefox webkit	2026-10-09T07:18:17.6281729Z Unpacking libdvdnav4:amd64 (6.1.1-3build1) ...
verify	Run npx playwright install --with-deps chromium firefox webkit	2026-10-09T07:18:17.6529961Z Selecting previously unselected package libegl-mesa0:amd64.
verify	Run npx playwright install --with-deps chromium firefox webkit	2026-10-09T07:18:17.6645692Z Preparing to unpack .../119-libegl-mesa0_25.2.8-0ubuntu0.24.04.4_amd64.deb ...
verify	Run npx playwright install --with-deps chromium firefox webkit	2026-10-09T07:18:17.6654765Z Unpacking libegl-mesa0:amd64 (25.2.8-0ubuntu0.24.04.4) ...
verify	Run npx playwright install --with-deps chromium firefox webkit	2026-10-09T07:18:17.6882515Z Selecting previously unselected package libevent-2.1-7t64:amd64.
verify	Run npx playwright install --with-deps chromium firefox webkit	2026-10-09T07:18:17.7002844Z Preparing to unpack .../120-libevent-2.1-7t64_2.1.12-stable-9ubuntu2.2_amd64.deb ...
verify	Run npx playwright install --with-deps chromium firefox webkit	2026-10-09T07:18:17.7010681Z Unpacking libevent-2.1-7t64:amd64 (2.1.12-stable-9ubuntu2.2) ...
verify	Run npx playwright install --with-deps chromium firefox webkit	2026-10-09T07:18:17.7224207Z Selecting previously unselected package libfaad2:amd64.
verify	Run npx playwright install --with-deps chromium firefox webkit	2026-10-09T07:18:17.7343385Z Preparing to unpack .../121-libfaad2_2.11.1-1build1_amd64.deb ...
verify	Run npx playwright install --with-deps chromium firefox webkit	2026-10-09T07:18:17.7350687Z Unpacking libfaad2:amd64 (2.11.1-1build1) ...
verify	Run npx playwright install --with-deps chromium firefox webkit	2026-10-09T07:18:17.7572769Z Selecting previously unselected package libinstpatch-1.0-2:amd64.
verify	Run npx playwright install --with-deps chromium firefox webkit	2026-10-09T07:18:17.7693928Z Preparing to unpack .../122-libinstpatch-1.0-2_1.1.6-1build2_amd64.deb ...
verify	Run npx playwright install --with-deps chromium firefox webkit	2026-10-09T07:18:17.7701461Z Unpacking libinstpatch-1.0-2:amd64 (1.1.6-1build2) ...
verify	Run npx playwright install --with-deps chromium firefox webkit	2026-10-09T07:18:17.7930087Z Selecting previously unselected package libjack-jackd2-0:amd64.
verify	Run npx playwright install --with-deps chromium firefox webkit	2026-10-09T07:18:17.8049365Z Preparing to unpack .../123-libjack-jackd2-0_1.9.21~dfsg-3ubuntu3_amd64.deb ...
verify	Run npx playwright install --with-deps chromium firefox webkit	2026-10-09T07:18:17.8057165Z Unpacking libjack-jackd2-0:amd64 (1.9.21~dfsg-3ubuntu3) ...
verify	Run npx playwright install --with-deps chromium firefox webkit	2026-10-09T07:18:17.8300621Z Selecting previously unselected package libwebrtc-audio-processing1:amd64.
verify	Run npx playwright install --with-deps chromium firefox webkit	2026-10-09T07:18:17.8424540Z Preparing to unpack .../124-libwebrtc-audio-processing1_0.3.1-0ubuntu6_amd64.deb ...
verify	Run npx playwright install --with-deps chromium firefox webkit	2026-10-09T07:18:17.8432704Z Unpacking libwebrtc-audio-processing1:amd64 (0.3.1-0ubuntu6) ...
verify	Run npx playwright install --with-deps chromium firefox webkit	2026-10-09T07:18:17.8739701Z Selecting previously unselected package libspa-0.2-modules:amd64.
verify	Run npx playwright install --with-deps chromium firefox webkit	2026-10-09T07:18:17.8859884Z Preparing to unpack .../125-libspa-0.2-modules_1.0.5-1ubuntu3.3_amd64.deb ...
verify	Run npx playwright install --with-deps chromium firefox webkit	2026-10-09T07:18:17.8866724Z Unpacking libspa-0.2-modules:amd64 (1.0.5-1ubuntu3.3) ...
verify	Run npx playwright install --with-deps chromium firefox webkit	2026-10-09T07:18:17.9170924Z Selecting previously unselected package libpipewire-0.3-0t64:amd64.
verify	Run npx playwright install --with-deps chromium firefox webkit	2026-10-09T07:18:17.9289852Z Preparing to unpack .../126-libpipewire-0.3-0t64_1.0.5-1ubuntu3.3_amd64.deb ...
verify	Run npx playwright install --with-deps chromium firefox webkit	2026-10-09T07:18:17.9296838Z Unpacking libpipewire-0.3-0t64:amd64 (1.0.5-1ubuntu3.3) ...
verify	Run npx playwright install --with-deps chromium firefox webkit	2026-10-09T07:18:17.9533955Z Selecting previously unselected package libsdl2-2.0-0:amd64.
verify	Run npx playwright install --with-deps chromium firefox webkit	2026-10-09T07:18:17.9652690Z Preparing to unpack .../127-libsdl2-2.0-0_2.30.0+dfsg-1ubuntu3.1_amd64.deb ...
verify	Run npx playwright install --with-deps chromium firefox webkit	2026-10-09T07:18:17.9660546Z Unpacking libsdl2-2.0-0:amd64 (2.30.0+dfsg-1ubuntu3.1) ...
verify	Run npx playwright install --with-deps chromium firefox webkit	2026-10-09T07:18:17.9938955Z Selecting previously unselected package timgm6mb-soundfont.
verify	Run npx playwright install --with-deps chromium firefox webkit	2026-10-09T07:18:18.0057895Z Preparing to unpack .../128-timgm6mb-soundfont_1.3-5_all.deb ...
verify	Run npx playwright install --with-deps chromium firefox webkit	2026-10-09T07:18:18.0065199Z Unpacking timgm6mb-soundfont (1.3-5) ...
verify	Run npx playwright install --with-deps chromium firefox webkit	2026-10-09T07:18:18.3439837Z Selecting previously unselected package libfluidsynth3:amd64.
verify	Run npx playwright install --with-deps chromium firefox webkit	2026-10-09T07:18:18.3564790Z Preparing to unpack .../129-libfluidsynth3_2.3.4-1build3_amd64.deb ...
verify	Run npx playwright install --with-deps chromium firefox webkit	2026-10-09T07:18:18.3572400Z Unpacking libfluidsynth3:amd64 (2.3.4-1build3) ...
verify	Run npx playwright install --with-deps chromium firefox webkit	2026-10-09T07:18:18.3820019Z Selecting previously unselected package libfreeaptx0:amd64.
verify	Run npx playwright install --with-deps chromium firefox webkit	2026-10-09T07:18:18.3942181Z Preparing to unpack .../130-libfreeaptx0_0.1.1-2build1_amd64.deb ...
verify	Run npx playwright install --with-deps chromium firefox webkit	2026-10-09T07:18:18.3950840Z Unpacking libfreeaptx0:amd64 (0.1.1-2build1) ...
verify	Run npx playwright install --with-deps chromium firefox webkit	2026-10-09T07:18:18.4150530Z Selecting previously unselected package libgraphene-1.0-0:amd64.
verify	Run npx playwright install --with-deps chromium firefox webkit	2026-10-09T07:18:18.4271859Z Preparing to unpack .../131-libgraphene-1.0-0_1.10.8-3build2_amd64.deb ...
verify	Run npx playwright install --with-deps chromium firefox webkit	2026-10-09T07:18:18.4279412Z Unpacking libgraphene-1.0-0:amd64 (1.10.8-3build2) ...
verify	Run npx playwright install --with-deps chromium firefox webkit	2026-10-09T07:18:18.4479105Z Selecting previously unselected package libgssdp-1.6-0:amd64.
verify	Run npx playwright install --with-deps chromium firefox webkit	2026-10-09T07:18:18.4597928Z Preparing to unpack .../132-libgssdp-1.6-0_1.6.3-1build3_amd64.deb ...
verify	Run npx playwright install --with-deps chromium firefox webkit	2026-10-09T07:18:18.4605483Z Unpacking libgssdp-1.6-0:amd64 (1.6.3-1build3) ...
verify	Run npx playwright install --with-deps chromium firefox webkit	2026-10-09T07:18:18.4804765Z Selecting previously unselected package libegl1:amd64.
verify	Run npx playwright install --with-deps chromium firefox webkit	2026-10-09T07:18:18.4924662Z Preparing to unpack .../133-libegl1_1.7.0-1build1_amd64.deb ...
verify	Run npx playwright install --with-deps chromium firefox webkit	2026-10-09T07:18:18.4933385Z Unpacking libegl1:amd64 (1.7.0-1build1) ...
verify	Run npx playwright install --with-deps chromium firefox webkit	2026-10-09T07:18:18.5138482Z Selecting previously unselected package libgstreamer-gl1.0-0:amd64.
verify	Run npx playwright install --with-deps chromium firefox webkit	2026-10-09T07:18:18.5255759Z Preparing to unpack .../134-libgstreamer-gl1.0-0_1.24.2-1ubuntu0.5_amd64.deb ...
verify	Run npx playwright install --with-deps chromium firefox webkit	2026-10-09T07:18:18.5264674Z Unpacking libgstreamer-gl1.0-0:amd64 (1.24.2-1ubuntu0.5) ...
verify	Run npx playwright install --with-deps chromium firefox webkit	2026-10-09T07:18:18.5477285Z Selecting previously unselected package libgtk-4-common.
verify	Run npx playwright install --with-deps chromium firefox webkit	2026-10-09T07:18:18.5593400Z Preparing to unpack .../135-libgtk-4-common_4.14.5+ds-0ubuntu0.10_all.deb ...
verify	Run npx playwright install --with-deps chromium firefox webkit	2026-10-09T07:18:18.5602526Z Unpacking libgtk-4-common (4.14.5+ds-0ubuntu0.10) ...
verify	Run npx playwright install --with-deps chromium firefox webkit	2026-10-09T07:18:18.6068353Z Selecting previously unselected package libgtk-4-1:amd64.
verify	Run npx playwright install --with-deps chromium firefox webkit	2026-10-09T07:18:18.6189386Z Preparing to unpack .../136-libgtk-4-1_4.14.5+ds-0ubuntu0.10_amd64.deb ...
verify	Run npx playwright install --with-deps chromium firefox webkit	2026-10-09T07:18:18.6198946Z Unpacking libgtk-4-1:amd64 (4.14.5+ds-0ubuntu0.10) ...
verify	Run npx playwright install --with-deps chromium firefox webkit	2026-10-09T07:18:18.6807822Z Selecting previously unselected package libgupnp-1.6-0:amd64.
verify	Run npx playwright install --with-deps chromium firefox webkit	2026-10-09T07:18:18.6932992Z Preparing to unpack .../137-libgupnp-1.6-0_1.6.6-1build3_amd64.deb ...
verify	Run npx playwright install --with-deps chromium firefox webkit	2026-10-09T07:18:18.6940684Z Unpacking libgupnp-1.6-0:amd64 (1.6.6-1build3) ...
verify	Run npx playwright install --with-deps chromium firefox webkit	2026-10-09T07:18:18.7154185Z Selecting previously unselected package libgupnp-igd-1.6-0:amd64.
verify	Run npx playwright install --with-deps chromium firefox webkit	2026-10-09T07:18:18.7278600Z Preparing to unpack .../138-libgupnp-igd-1.6-0_1.6.0-3build3_amd64.deb ...
verify	Run npx playwright install --with-deps chromium firefox webkit	2026-10-09T07:18:18.7287293Z Unpacking libgupnp-igd-1.6-0:amd64 (1.6.0-3build3) ...
verify	Run npx playwright install --with-deps chromium firefox webkit	2026-10-09T07:18:18.7480828Z Selecting previously unselected package libharfbuzz-icu0:amd64.
verify	Run npx playwright install --with-deps chromium firefox webkit	2026-10-09T07:18:18.7600148Z Preparing to unpack .../139-libharfbuzz-icu0_8.3.0-2build2_amd64.deb ...
verify	Run npx playwright install --with-deps chromium firefox webkit	2026-10-09T07:18:18.7606786Z Unpacking libharfbuzz-icu0:amd64 (8.3.0-2build2) ...
verify	Run npx playwright install --with-deps chromium firefox webkit	2026-10-09T07:18:18.7802039Z Selecting previously unselected package libhyphen0:amd64.
verify	Run npx playwright install --with-deps chromium firefox webkit	2026-10-09T07:18:18.7920596Z Preparing to unpack .../140-libhyphen0_2.8.8-7build3_amd64.deb ...
verify	Run npx playwright install --with-deps chromium firefox webkit	2026-10-09T07:18:18.7927154Z Unpacking libhyphen0:amd64 (2.8.8-7build3) ...
verify	Run npx playwright install --with-deps chromium firefox webkit	2026-10-09T07:18:18.8122095Z Selecting previously unselected package libimath-3-1-29t64:amd64.
verify	Run npx playwright install --with-deps chromium firefox webkit	2026-10-09T07:18:18.8238923Z Preparing to unpack .../141-libimath-3-1-29t64_3.1.9-3.1ubuntu2_amd64.deb ...
verify	Run npx playwright install --with-deps chromium firefox webkit	2026-10-09T07:18:18.8245860Z Unpacking libimath-3-1-29t64:amd64 (3.1.9-3.1ubuntu2) ...
verify	Run npx playwright install --with-deps chromium firefox webkit	2026-10-09T07:18:18.8456274Z Selecting previously unselected package liblc3-1:amd64.
verify	Run npx playwright install --with-deps chromium firefox webkit	2026-10-09T07:18:18.8573611Z Preparing to unpack .../142-liblc3-1_1.0.4-3build1_amd64.deb ...
verify	Run npx playwright install --with-deps chromium firefox webkit	2026-10-09T07:18:18.8581918Z Unpacking liblc3-1:amd64 (1.0.4-3build1) ...
verify	Run npx playwright install --with-deps chromium firefox webkit	2026-10-09T07:18:18.8782710Z Selecting previously unselected package libldacbt-enc2:amd64.
verify	Run npx playwright install --with-deps chromium firefox webkit	2026-10-09T07:18:18.8898780Z Preparing to unpack .../143-libldacbt-enc2_2.0.2.3+git20200429+ed310a0-4ubuntu2_amd64.deb ...
verify	Run npx playwright install --with-deps chromium firefox webkit	2026-10-09T07:18:18.8905949Z Unpacking libldacbt-enc2:amd64 (2.0.2.3+git20200429+ed310a0-4ubuntu2) ...
verify	Run npx playwright install --with-deps chromium firefox webkit	2026-10-09T07:18:18.9103946Z Selecting previously unselected package libraptor2-0:amd64.
verify	Run npx playwright install --with-deps chromium firefox webkit	2026-10-09T07:18:18.9220481Z Preparing to unpack .../144-libraptor2-0_2.0.16-3ubuntu0.1_amd64.deb ...
verify	Run npx playwright install --with-deps chromium firefox webkit	2026-10-09T07:18:18.9228314Z Unpacking libraptor2-0:amd64 (2.0.16-3ubuntu0.1) ...
verify	Run npx playwright install --with-deps chromium firefox webkit	2026-10-09T07:18:18.9445857Z Selecting previously unselected package liblrdf0:amd64.
verify	Run npx playwright install --with-deps chromium firefox webkit	2026-10-09T07:18:18.9560378Z Preparing to unpack .../145-liblrdf0_0.6.1-4build1_amd64.deb ...
verify	Run npx playwright install --with-deps chromium firefox webkit	2026-10-09T07:18:18.9568793Z Unpacking liblrdf0:amd64 (0.6.1-4build1) ...
verify	Run npx playwright install --with-deps chromium firefox webkit	2026-10-09T07:18:18.9789744Z Selecting previously unselected package libltc11:amd64.
verify	Run npx playwright install --with-deps chromium firefox webkit	2026-10-09T07:18:18.9904059Z Preparing to unpack .../146-libltc11_1.3.2-1build1_amd64.deb ...
verify	Run npx playwright install --with-deps chromium firefox webkit	2026-10-09T07:18:18.9911133Z Unpacking libltc11:amd64 (1.3.2-1build1) ...
verify	Run npx playwright install --with-deps chromium firefox webkit	2026-10-09T07:18:19.0107393Z Selecting previously unselected package libmanette-0.2-0:amd64.
verify	Run npx playwright install --with-deps chromium firefox webkit	2026-10-09T07:18:19.0221045Z Preparing to unpack .../147-libmanette-0.2-0_0.2.7-1build2_amd64.deb ...
verify	Run npx playwright install --with-deps chromium firefox webkit	2026-10-09T07:18:19.0228229Z Unpacking libmanette-0.2-0:amd64 (0.2.7-1build2) ...
verify	Run npx playwright install --with-deps chromium firefox webkit	2026-10-09T07:18:19.0430928Z Selecting previously unselected package libmfx1:amd64.
verify	Run npx playwright install --with-deps chromium firefox webkit	2026-10-09T07:18:19.0545768Z Preparing to unpack .../148-libmfx1_22.5.4-1_amd64.deb ...
verify	Run npx playwright install --with-deps chromium firefox webkit	2026-10-09T07:18:19.0552909Z Unpacking libmfx1:amd64 (22.5.4-1) ...
verify	Run npx playwright install --with-deps chromium firefox webkit	2026-10-09T07:18:19.1438249Z Selecting previously unselected package libmjpegutils-2.1-0t64:amd64.
verify	Run npx playwright install --with-deps chromium firefox webkit	2026-10-09T07:18:19.1566842Z Preparing to unpack .../149-libmjpegutils-2.1-0t64_1%3a2.1.0+debian-8.1build1_amd64.deb ...
verify	Run npx playwright install --with-deps chromium firefox webkit	2026-10-09T07:18:19.1575157Z Unpacking libmjpegutils-2.1-0t64:amd64 (1:2.1.0+debian-8.1build1) ...
verify	Run npx playwright install --with-deps chromium firefox webkit	2026-10-09T07:18:19.1782021Z Selecting previously unselected package libmodplug1:amd64.
verify	Run npx playwright install --with-deps chromium firefox webkit	2026-10-09T07:18:19.1905015Z Preparing to unpack .../150-libmodplug1_1%3a0.8.9.0-3build1_amd64.deb ...
verify	Run npx playwright install --with-deps chromium firefox webkit	2026-10-09T07:18:19.1912374Z Unpacking libmodplug1:amd64 (1:0.8.9.0-3build1) ...
verify	Run npx playwright install --with-deps chromium firefox webkit	2026-10-09T07:18:19.2167842Z Selecting previously unselected package libmpcdec6:amd64.
verify	Run npx playwright install --with-deps chromium firefox webkit	2026-10-09T07:18:19.2290079Z Preparing to unpack .../151-libmpcdec6_2%3a0.1~r495-2build1_amd64.deb ...
verify	Run npx playwright install --with-deps chromium firefox webkit	2026-10-09T07:18:19.2297497Z Unpacking libmpcdec6:amd64 (2:0.1~r495-2build1) ...
verify	Run npx playwright install --with-deps chromium firefox webkit	2026-10-09T07:18:19.2496041Z Selecting previously unselected package libmpeg2encpp-2.1-0t64:amd64.
verify	Run npx playwright install --with-deps chromium firefox webkit	2026-10-09T07:18:19.2615651Z Preparing to unpack .../152-libmpeg2encpp-2.1-0t64_1%3a2.1.0+debian-8.1build1_amd64.deb ...
verify	Run npx playwright install --with-deps chromium firefox webkit	2026-10-09T07:18:19.2622536Z Unpacking libmpeg2encpp-2.1-0t64:amd64 (1:2.1.0+debian-8.1build1) ...
verify	Run npx playwright install --with-deps chromium firefox webkit	2026-10-09T07:18:19.2826163Z Selecting previously unselected package libmplex2-2.1-0t64:amd64.
verify	Run npx playwright install --with-deps chromium firefox webkit	2026-10-09T07:18:19.2945631Z Preparing to unpack .../153-libmplex2-2.1-0t64_1%3a2.1.0+debian-8.1build1_amd64.deb ...
verify	Run npx playwright install --with-deps chromium firefox webkit	2026-10-09T07:18:19.2954497Z Unpacking libmplex2-2.1-0t64:amd64 (1:2.1.0+debian-8.1build1) ...
verify	Run npx playwright install --with-deps chromium firefox webkit	2026-10-09T07:18:19.3159066Z Selecting previously unselected package libneon27t64:amd64.
verify	Run npx playwright install --with-deps chromium firefox webkit	2026-10-09T07:18:19.3276590Z Preparing to unpack .../154-libneon27t64_0.33.0-1.1build3_amd64.deb ...
verify	Run npx playwright install --with-deps chromium firefox webkit	2026-10-09T07:18:19.3326809Z Unpacking libneon27t64:amd64 (0.33.0-1.1build3) ...
verify	Run npx playwright install --with-deps chromium firefox webkit	2026-10-09T07:18:19.3543468Z Selecting previously unselected package libnice10:amd64.
verify	Run npx playwright install --with-deps chromium firefox webkit	2026-10-09T07:18:19.3660870Z Preparing to unpack .../155-libnice10_0.1.21-2build3_amd64.deb ...
verify	Run npx playwright install --with-deps chromium firefox webkit	2026-10-09T07:18:19.3667479Z Unpacking libnice10:amd64 (0.1.21-2build3) ...
verify	Run npx playwright install --with-deps chromium firefox webkit	2026-10-09T07:18:19.3873035Z Selecting previously unselected package libopenal-data.
verify	Run npx playwright install --with-deps chromium firefox webkit	2026-10-09T07:18:19.3990012Z Preparing to unpack .../156-libopenal-data_1%3a1.23.1-4build1_all.deb ...
verify	Run npx playwright install --with-deps chromium firefox webkit	2026-10-09T07:18:19.3998617Z Unpacking libopenal-data (1:1.23.1-4build1) ...
verify	Run npx playwright install --with-deps chromium firefox webkit	2026-10-09T07:18:19.4219642Z Selecting previously unselected package libopenexr-3-1-30:amd64.
verify	Run npx playwright install --with-deps chromium firefox webkit	2026-10-09T07:18:19.4335054Z Preparing to unpack .../157-libopenexr-3-1-30_3.1.5-5.1build3_amd64.deb ...
verify	Run npx playwright install --with-deps chromium firefox webkit	2026-10-09T07:18:19.4342645Z Unpacking libopenexr-3-1-30:amd64 (3.1.5-5.1build3) ...
verify	Run npx playwright install --with-deps chromium firefox webkit	2026-10-09T07:18:19.4711562Z Selecting previously unselected package libopenh264-7:amd64.
verify	Run npx playwright install --with-deps chromium firefox webkit	2026-10-09T07:18:19.4828812Z Preparing to unpack .../158-libopenh264-7_2.4.1+dfsg-1_amd64.deb ...
verify	Run npx playwright install --with-deps chromium firefox webkit	2026-10-09T07:18:19.4839023Z Unpacking libopenh264-7:amd64 (2.4.1+dfsg-1) ...
verify	Run npx playwright install --with-deps chromium firefox webkit	2026-10-09T07:18:19.5087753Z Selecting previously unselected package libopenni2-0:amd64.
verify	Run npx playwright install --with-deps chromium firefox webkit	2026-10-09T07:18:19.5203403Z Preparing to unpack .../159-libopenni2-0_2.2.0.33+dfsg-18_amd64.deb ...
verify	Run npx playwright install --with-deps chromium firefox webkit	2026-10-09T07:18:19.5231397Z Unpacking libopenni2-0:amd64 (2.2.0.33+dfsg-18) ...
verify	Run npx playwright install --with-deps chromium firefox webkit	2026-10-09T07:18:19.5496914Z Selecting previously unselected package libqrencode4:amd64.
verify	Run npx playwright install --with-deps chromium firefox webkit	2026-10-09T07:18:19.5614898Z Preparing to unpack .../160-libqrencode4_4.1.1-1build2_amd64.deb ...
verify	Run npx playwright install --with-deps chromium firefox webkit	2026-10-09T07:18:19.5622042Z Unpacking libqrencode4:amd64 (4.1.1-1build2) ...
verify	Run npx playwright install --with-deps chromium firefox webkit	2026-10-09T07:18:19.6128867Z Selecting previously unselected package libsecret-common.
verify	Run npx playwright install --with-deps chromium firefox webkit	2026-10-09T07:18:19.6246590Z Preparing to unpack .../161-libsecret-common_0.21.4-1build3_all.deb ...
verify	Run npx playwright install --with-deps chromium firefox webkit	2026-10-09T07:18:19.6254282Z Unpacking libsecret-common (0.21.4-1build3) ...
verify	Run npx playwright install --with-deps chromium firefox webkit	2026-10-09T07:18:19.6450347Z Selecting previously unselected package libsecret-1-0:amd64.
verify	Run npx playwright install --with-deps chromium firefox webkit	2026-10-09T07:18:19.6566994Z Preparing to unpack .../162-libsecret-1-0_0.21.4-1build3_amd64.deb ...
verify	Run npx playwright install --with-deps chromium firefox webkit	2026-10-09T07:18:19.6574159Z Unpacking libsecret-1-0:amd64 (0.21.4-1build3) ...
verify	Run npx playwright install --with-deps chromium firefox webkit	2026-10-09T07:18:19.6785095Z Selecting previously unselected package libsndio7.0:amd64.
verify	Run npx playwright install --with-deps chromium firefox webkit	2026-10-09T07:18:19.6901009Z Preparing to unpack .../163-libsndio7.0_1.9.0-0.3build3_amd64.deb ...
verify	Run npx playwright install --with-deps chromium firefox webkit	2026-10-09T07:18:19.6907932Z Unpacking libsndio7.0:amd64 (1.9.0-0.3build3) ...
verify	Run npx playwright install --with-deps chromium firefox webkit	2026-10-09T07:18:19.7106230Z Selecting previously unselected package libsoundtouch1:amd64.
verify	Run npx playwright install --with-deps chromium firefox webkit	2026-10-09T07:18:19.7221063Z Preparing to unpack .../164-libsoundtouch1_2.3.2+ds1-1build1_amd64.deb ...
verify	Run npx playwright install --with-deps chromium firefox webkit	2026-10-09T07:18:19.7228183Z Unpacking libsoundtouch1:amd64 (2.3.2+ds1-1build1) ...
verify	Run npx playwright install --with-deps chromium firefox webkit	2026-10-09T07:18:19.7435752Z Selecting previously unselected package libspandsp2t64:amd64.
verify	Run npx playwright install --with-deps chromium firefox webkit	2026-10-09T07:18:19.7551948Z Preparing to unpack .../165-libspandsp2t64_0.0.6+dfsg-2.1build1_amd64.deb ...
verify	Run npx playwright install --with-deps chromium firefox webkit	2026-10-09T07:18:19.7559865Z Unpacking libspandsp2t64:amd64 (0.0.6+dfsg-2.1build1) ...
verify	Run npx playwright install --with-deps chromium firefox webkit	2026-10-09T07:18:19.7798751Z Selecting previously unselected package libsrtp2-1:amd64.
verify	Run npx playwright install --with-deps chromium firefox webkit	2026-10-09T07:18:19.7914749Z Preparing to unpack .../166-libsrtp2-1_2.5.0-3build1_amd64.deb ...
verify	Run npx playwright install --with-deps chromium firefox webkit	2026-10-09T07:18:19.7921953Z Unpacking libsrtp2-1:amd64 (2.5.0-3build1) ...
verify	Run npx playwright install --with-deps chromium firefox webkit	2026-10-09T07:18:19.8119697Z Selecting previously unselected package libwayland-server0:amd64.
verify	Run npx playwright install --with-deps chromium firefox webkit	2026-10-09T07:18:19.8235469Z Preparing to unpack .../167-libwayland-server0_1.22.0-2.1build1_amd64.deb ...
verify	Run npx playwright install --with-deps chromium firefox webkit	2026-10-09T07:18:19.8243725Z Unpacking libwayland-server0:amd64 (1.22.0-2.1build1) ...
verify	Run npx playwright install --with-deps chromium firefox webkit	2026-10-09T07:18:19.8442409Z Selecting previously unselected package libwildmidi2:amd64.
verify	Run npx playwright install --with-deps chromium firefox webkit	2026-10-09T07:18:19.8556650Z Preparing to unpack .../168-libwildmidi2_0.4.3-1build3_amd64.deb ...
verify	Run npx playwright install --with-deps chromium firefox webkit	2026-10-09T07:18:19.8563428Z Unpacking libwildmidi2:amd64 (0.4.3-1build3) ...
verify	Run npx playwright install --with-deps chromium firefox webkit	2026-10-09T07:18:19.8766232Z Selecting previously unselected package libwoff1:amd64.
verify	Run npx playwright install --with-deps chromium firefox webkit	2026-10-09T07:18:19.8882077Z Preparing to unpack .../169-libwoff1_1.0.2-2build1_amd64.deb ...
verify	Run npx playwright install --with-deps chromium firefox webkit	2026-10-09T07:18:19.8890527Z Unpacking libwoff1:amd64 (1.0.2-2build1) ...
verify	Run npx playwright install --with-deps chromium firefox webkit	2026-10-09T07:18:19.9094783Z Selecting previously unselected package libxcb-xkb1:amd64.
verify	Run npx playwright install --with-deps chromium firefox webkit	2026-10-09T07:18:19.9209802Z Preparing to unpack .../170-libxcb-xkb1_1.15-1ubuntu2_amd64.deb ...
verify	Run npx playwright install --with-deps chromium firefox webkit	2026-10-09T07:18:19.9217015Z Unpacking libxcb-xkb1:amd64 (1.15-1ubuntu2) ...
verify	Run npx playwright install --with-deps chromium firefox webkit	2026-10-09T07:18:19.9457934Z Selecting previously unselected package libxkbcommon-x11-0:amd64.
verify	Run npx playwright install --with-deps chromium firefox webkit	2026-10-09T07:18:19.9573173Z Preparing to unpack .../171-libxkbcommon-x11-0_1.6.0-1build1_amd64.deb ...
verify	Run npx playwright install --with-deps chromium firefox webkit	2026-10-09T07:18:19.9582453Z Unpacking libxkbcommon-x11-0:amd64 (1.6.0-1build1) ...
verify	Run npx playwright install --with-deps chromium firefox webkit	2026-10-09T07:18:19.9778620Z Selecting previously unselected package libzbar0t64:amd64.
verify	Run npx playwright install --with-deps chromium firefox webkit	2026-10-09T07:18:19.9892393Z Preparing to unpack .../172-libzbar0t64_0.23.93-4build3_amd64.deb ...
verify	Run npx playwright install --with-deps chromium firefox webkit	2026-10-09T07:18:19.9898918Z Unpacking libzbar0t64:amd64 (0.23.93-4build3) ...
verify	Run npx playwright install --with-deps chromium firefox webkit	2026-10-09T07:18:20.0108991Z Selecting previously unselected package libzxing3:amd64.
verify	Run npx playwright install --with-deps chromium firefox webkit	2026-10-09T07:18:20.0223782Z Preparing to unpack .../173-libzxing3_2.2.1-3_amd64.deb ...
verify	Run npx playwright install --with-deps chromium firefox webkit	2026-10-09T07:18:20.0231077Z Unpacking libzxing3:amd64 (2.2.1-3) ...
verify	Run npx playwright install --with-deps chromium firefox webkit	2026-10-09T07:18:20.0473546Z Selecting previously unselected package xfonts-encodings.
verify	Run npx playwright install --with-deps chromium firefox webkit	2026-10-09T07:18:20.0590861Z Preparing to unpack .../174-xfonts-encodings_1%3a1.0.5-0ubuntu2_all.deb ...
verify	Run npx playwright install --with-deps chromium firefox webkit	2026-10-09T07:18:20.0597956Z Unpacking xfonts-encodings (1:1.0.5-0ubuntu2) ...
verify	Run npx playwright install --with-deps chromium firefox webkit	2026-10-09T07:18:20.0879172Z Selecting previously unselected package xfonts-utils.
verify	Run npx playwright install --with-deps chromium firefox webkit	2026-10-09T07:18:20.0995558Z Preparing to unpack .../175-xfonts-utils_1%3a7.7+6build3_amd64.deb ...
verify	Run npx playwright install --with-deps chromium firefox webkit	2026-10-09T07:18:20.1002856Z Unpacking xfonts-utils (1:7.7+6build3) ...
verify	Run npx playwright install --with-deps chromium firefox webkit	2026-10-09T07:18:20.1651929Z Selecting previously unselected package xfonts-cyrillic.
verify	Run npx playwright install --with-deps chromium firefox webkit	2026-10-09T07:18:20.1767732Z Preparing to unpack .../176-xfonts-cyrillic_1%3a1.0.5+nmu1_all.deb ...
verify	Run npx playwright install --with-deps chromium firefox webkit	2026-10-09T07:18:20.1774786Z Unpacking xfonts-cyrillic (1:1.0.5+nmu1) ...
verify	Run npx playwright install --with-deps chromium firefox webkit	2026-10-09T07:18:20.2124115Z Selecting previously unselected package xfonts-scalable.
verify	Run npx playwright install --with-deps chromium firefox webkit	2026-10-09T07:18:20.2239705Z Preparing to unpack .../177-xfonts-scalable_1%3a1.0.3-1.3_all.deb ...
verify	Run npx playwright install --with-deps chromium firefox webkit	2026-10-09T07:18:20.2246736Z Unpacking xfonts-scalable (1:1.0.3-1.3) ...
verify	Run npx playwright install --with-deps chromium firefox webkit	2026-10-09T07:18:20.2481398Z Selecting previously unselected package libgstreamer-plugins-bad1.0-0:amd64.
verify	Run npx playwright install --with-deps chromium firefox webkit	2026-10-09T07:18:20.2597999Z Preparing to unpack .../178-libgstreamer-plugins-bad1.0-0_1.24.2-1ubuntu4_amd64.deb ...
verify	Run npx playwright install --with-deps chromium firefox webkit	2026-10-09T07:18:20.2604694Z Unpacking libgstreamer-plugins-bad1.0-0:amd64 (1.24.2-1ubuntu4) ...
verify	Run npx playwright install --with-deps chromium firefox webkit	2026-10-09T07:18:20.2969471Z Selecting previously unselected package libdca0:amd64.
verify	Run npx playwright install --with-deps chromium firefox webkit	2026-10-09T07:18:20.3087173Z Preparing to unpack .../179-libdca0_0.0.7-2build1_amd64.deb ...
verify	Run npx playwright install --with-deps chromium firefox webkit	2026-10-09T07:18:20.3095677Z Unpacking libdca0:amd64 (0.0.7-2build1) ...
verify	Run npx playwright install --with-deps chromium firefox webkit	2026-10-09T07:18:20.3331758Z Selecting previously unselected package libopenal1:amd64.
verify	Run npx playwright install --with-deps chromium firefox webkit	2026-10-09T07:18:20.3448141Z Preparing to unpack .../180-libopenal1_1%3a1.23.1-4build1_amd64.deb ...
verify	Run npx playwright install --with-deps chromium firefox webkit	2026-10-09T07:18:20.3455322Z Unpacking libopenal1:amd64 (1:1.23.1-4build1) ...
verify	Run npx playwright install --with-deps chromium firefox webkit	2026-10-09T07:18:20.3700530Z Selecting previously unselected package libsbc1:amd64.
verify	Run npx playwright install --with-deps chromium firefox webkit	2026-10-09T07:18:20.3817841Z Preparing to unpack .../181-libsbc1_2.0-1build1_amd64.deb ...
verify	Run npx playwright install --with-deps chromium firefox webkit	2026-10-09T07:18:20.3827595Z Unpacking libsbc1:amd64 (2.0-1build1) ...
verify	Run npx playwright install --with-deps chromium firefox webkit	2026-10-09T07:18:20.4024014Z Selecting previously unselected package libvo-aacenc0:amd64.
verify	Run npx playwright install --with-deps chromium firefox webkit	2026-10-09T07:18:20.4140390Z Preparing to unpack .../182-libvo-aacenc0_0.1.3-2build1_amd64.deb ...
verify	Run npx playwright install --with-deps chromium firefox webkit	2026-10-09T07:18:20.4147639Z Unpacking libvo-aacenc0:amd64 (0.1.3-2build1) ...
verify	Run npx playwright install --with-deps chromium firefox webkit	2026-10-09T07:18:20.4343995Z Selecting previously unselected package libvo-amrwbenc0:amd64.
verify	Run npx playwright install --with-deps chromium firefox webkit	2026-10-09T07:18:20.4460969Z Preparing to unpack .../183-libvo-amrwbenc0_0.1.3-2build1_amd64.deb ...
verify	Run npx playwright install --with-deps chromium firefox webkit	2026-10-09T07:18:20.4470055Z Unpacking libvo-amrwbenc0:amd64 (0.1.3-2build1) ...
verify	Run npx playwright install --with-deps chromium firefox webkit	2026-10-09T07:18:20.4668572Z Selecting previously unselected package gstreamer1.0-plugins-bad:amd64.
verify	Run npx playwright install --with-deps chromium firefox webkit	2026-10-09T07:18:20.4783069Z Preparing to unpack .../184-gstreamer1.0-plugins-bad_1.24.2-1ubuntu4_amd64.deb ...
verify	Run npx playwright install --with-deps chromium firefox webkit	2026-10-09T07:18:20.4791823Z Unpacking gstreamer1.0-plugins-bad:amd64 (1.24.2-1ubuntu4) ...
verify	Run npx playwright install --with-deps chromium firefox webkit	2026-10-09T07:18:20.6933393Z Setting up libgme0:amd64 (0.6.3-7build1) ...
verify	Run npx playwright install --with-deps chromium firefox webkit	2026-10-09T07:18:20.6953928Z Setting up libchromaprint1:amd64 (1.5.1-5) ...
verify	Run npx playwright install --with-deps chromium firefox webkit	2026-10-09T07:18:20.7005699Z Setting up libssh-gcrypt-4:amd64 (0.10.6-2ubuntu0.5) ...
verify	Run npx playwright install --with-deps chromium firefox webkit	2026-10-09T07:18:20.7023404Z Setting up libhwy1t64:amd64 (1.0.7-8.1build1) ...
verify	Run npx playwright install --with-deps chromium firefox webkit	2026-10-09T07:18:20.7041235Z Setting up libfreeaptx0:amd64 (0.1.1-2build1) ...
verify	Run npx playwright install --with-deps chromium firefox webkit	2026-10-09T07:18:20.7059115Z Setting up libdvdread8t64:amd64 (6.1.3-1.1build1) ...
verify	Run npx playwright install --with-deps chromium firefox webkit	2026-10-09T07:18:20.7086958Z Setting up libudfread0:amd64 (1.1.2-1build1) ...
verify	Run npx playwright install --with-deps chromium firefox webkit	2026-10-09T07:18:20.7095724Z Setting up libmodplug1:amd64 (1:0.8.9.0-3build1) ...
verify	Run npx playwright install --with-deps chromium firefox webkit	2026-10-09T07:18:20.7117520Z Setting up libcdparanoia0:amd64 (3.10.2+debian-14build3) ...
verify	Run npx playwright install --with-deps chromium firefox webkit	2026-10-09T07:18:20.7142559Z Setting up libwayland-server0:amd64 (1.22.0-2.1build1) ...
verify	Run npx playwright install --with-deps chromium firefox webkit	2026-10-09T07:18:20.7170604Z Setting up libvo-amrwbenc0:amd64 (0.1.3-2build1) ...
verify	Run npx playwright install --with-deps chromium firefox webkit	2026-10-09T07:18:20.7189333Z Setting up session-migration (0.3.9build1) ...
verify	Run npx playwright install --with-deps chromium firefox webkit	2026-10-09T07:18:20.8667505Z Created symlink /etc/systemd/user/graphical-session-pre.target.wants/session-migration.service → /usr/lib/systemd/user/session-migration.service.
verify	Run npx playwright install --with-deps chromium firefox webkit	2026-10-09T07:18:20.8668728Z 
verify	Run npx playwright install --with-deps chromium firefox webkit	2026-10-09T07:18:20.8695522Z Setting up libraw1394-11:amd64 (2.1.2-2build3) ...
verify	Run npx playwright install --with-deps chromium firefox webkit	2026-10-09T07:18:20.8717846Z Setting up libsbc1:amd64 (2.0-1build1) ...
verify	Run npx playwright install --with-deps chromium firefox webkit	2026-10-09T07:18:20.8741347Z Setting up libproxy1v5:amd64 (0.5.4-4build1) ...
verify	Run npx playwright install --with-deps chromium firefox webkit	2026-10-09T07:18:20.8765622Z Setting up libtag1v5-vanilla:amd64 (1.13.1-1build1) ...
verify	Run npx playwright install --with-deps chromium firefox webkit	2026-10-09T07:18:20.8788460Z Setting up libharfbuzz-icu0:amd64 (8.3.0-2build2) ...
verify	Run npx playwright install --with-deps chromium firefox webkit	2026-10-09T07:18:20.8807797Z Setting up libopenni2-0:amd64 (2.2.0.33+dfsg-18) ...
verify	Run npx playwright install --with-deps chromium firefox webkit	2026-10-09T07:18:20.9067395Z Setting up libspeex1:amd64 (1.2.1-2ubuntu2.24.04.1) ...
verify	Run npx playwright install --with-deps chromium firefox webkit	2026-10-09T07:18:20.9086112Z Setting up libshine3:amd64 (3.1.1-2build1) ...
verify	Run npx playwright install --with-deps chromium firefox webkit	2026-10-09T07:18:20.9103765Z Setting up libcaca0:amd64 (0.99.beta20-4ubuntu0.2) ...
verify	Run npx playwright install --with-deps chromium firefox webkit	2026-10-09T07:18:20.9123413Z Setting up libvpl2 (2023.3.0-1build1) ...
verify	Run npx playwright install --with-deps chromium firefox webkit	2026-10-09T07:18:20.9140655Z Setting up libv4lconvert0t64:amd64 (1.26.1-4build3) ...
verify	Run npx playwright install --with-deps chromium firefox webkit	2026-10-09T07:18:20.9158801Z Setting up libx264-164:amd64 (2:0.164.3108+git31e19f9-1) ...
verify	Run npx playwright install --with-deps chromium firefox webkit	2026-10-09T07:18:20.9180033Z Setting up libtwolame0:amd64 (0.4.0-2build3) ...
verify	Run npx playwright install --with-deps chromium firefox webkit	2026-10-09T07:18:20.9198724Z Setting up libmbedcrypto7t64:amd64 (2.28.8-1) ...
verify	Run npx playwright install --with-deps chromium firefox webkit	2026-10-09T07:18:20.9222077Z Setting up libwoff1:amd64 (1.0.2-2build1) ...
verify	Run npx playwright install --with-deps chromium firefox webkit	2026-10-09T07:18:20.9240528Z Setting up liblc3-1:amd64 (1.0.4-3build1) ...
verify	Run npx playwright install --with-deps chromium firefox webkit	2026-10-09T07:18:20.9262113Z Setting up libqrencode4:amd64 (4.1.1-1build2) ...
verify	Run npx playwright install --with-deps chromium firefox webkit	2026-10-09T07:18:20.9280579Z Setting up libhyphen0:amd64 (2.8.8-7build3) ...
verify	Run npx playwright install --with-deps chromium firefox webkit	2026-10-09T07:18:20.9299015Z Setting up libgsm1:amd64 (1.0.22-1build1) ...
verify	Run npx playwright install --with-deps chromium firefox webkit	2026-10-09T07:18:20.9320052Z Setting up libvisual-0.4-0:amd64 (0.4.2-2build1) ...
verify	Run npx playwright install --with-deps chromium firefox webkit	2026-10-09T07:18:20.9340786Z Setting up libsoxr0:amd64 (0.1.3-4build3) ...
verify	Run npx playwright install --with-deps chromium firefox webkit	2026-10-09T07:18:20.9360433Z Setting up libzix-0-0:amd64 (0.4.2-2build1) ...
verify	Run npx playwright install --with-deps chromium firefox webkit	2026-10-09T07:18:20.9379538Z Setting up libcodec2-1.2:amd64 (1.2.0-2build1) ...
verify	Run npx playwright install --with-deps chromium firefox webkit	2026-10-09T07:18:20.9398826Z Setting up libmanette-0.2-0:amd64 (0.2.7-1build2) ...
verify	Run npx playwright install --with-deps chromium firefox webkit	2026-10-09T07:18:20.9420303Z Setting up libsrtp2-1:amd64 (2.5.0-3build1) ...
verify	Run npx playwright install --with-deps chromium firefox webkit	2026-10-09T07:18:20.9441688Z Setting up libmysofa1:amd64 (1.3.2+dfsg-2ubuntu2) ...
verify	Run npx playwright install --with-deps chromium firefox webkit	2026-10-09T07:18:20.9460321Z Setting up libldacbt-enc2:amd64 (2.0.2.3+git20200429+ed310a0-4ubuntu2) ...
verify	Run npx playwright install --with-deps chromium firefox webkit	2026-10-09T07:18:20.9480763Z Setting up fonts-wqy-zenhei (0.9.45-8) ...
verify	Run npx playwright install --with-deps chromium firefox webkit	2026-10-09T07:18:20.9624577Z Setting up libwebrtc-audio-processing1:amd64 (0.3.1-0ubuntu6) ...
verify	Run npx playwright install --with-deps chromium firefox webkit	2026-10-09T07:18:20.9651824Z Setting up fonts-freefont-ttf (20211204+svn4273-2) ...
verify	Run npx playwright install --with-deps chromium firefox webkit	2026-10-09T07:18:20.9671503Z Setting up libevent-2.1-7t64:amd64 (2.1.12-stable-9ubuntu2.2) ...
verify	Run npx playwright install --with-deps chromium firefox webkit	2026-10-09T07:18:20.9694710Z Setting up libsvtav1enc1d1:amd64 (1.7.0+dfsg-2build1) ...
verify	Run npx playwright install --with-deps chromium firefox webkit	2026-10-09T07:18:20.9716248Z Setting up libsoup-3.0-common (3.4.4-5ubuntu0.9) ...
verify	Run npx playwright install --with-deps chromium firefox webkit	2026-10-09T07:18:20.9734924Z Setting up libmpg123-0t64:amd64 (1.32.5-1ubuntu1.1) ...
verify	Run npx playwright install --with-deps chromium firefox webkit	2026-10-09T07:18:20.9755818Z Setting up libcjson1:amd64 (1.7.17-1) ...
verify	Run npx playwright install --with-deps chromium firefox webkit	2026-10-09T07:18:20.9778942Z Setting up libxvidcore4:amd64 (2:1.3.7-1build1) ...
verify	Run npx playwright install --with-deps chromium firefox webkit	2026-10-09T07:18:20.9797770Z Setting up libmpcdec6:amd64 (2:0.1~r495-2build1) ...
verify	Run npx playwright install --with-deps chromium firefox webkit	2026-10-09T07:18:20.9820735Z Setting up libmjpegutils-2.1-0t64:amd64 (1:2.1.0+debian-8.1build1) ...
verify	Run npx playwright install --with-deps chromium firefox webkit	2026-10-09T07:18:20.9839738Z Setting up librav1e0:amd64 (0.7.1-2) ...
verify	Run npx playwright install --with-deps chromium firefox webkit	2026-10-09T07:18:20.9861481Z Setting up liborc-0.4-0t64:amd64 (1:0.4.38-1ubuntu0.1) ...
verify	Run npx playwright install --with-deps chromium firefox webkit	2026-10-09T07:18:20.9882198Z Setting up libxcb-xkb1:amd64 (1.15-1ubuntu2) ...
verify	Run npx playwright install --with-deps chromium firefox webkit	2026-10-09T07:18:20.9900157Z Setting up libvo-aacenc0:amd64 (0.1.3-2build1) ...
verify	Run npx playwright install --with-deps chromium firefox webkit	2026-10-09T07:18:20.9921737Z Setting up librist4:amd64 (0.2.10+dfsg-2) ...
verify	Run npx playwright install --with-deps chromium firefox webkit	2026-10-09T07:18:20.9942730Z Setting up libblas3:amd64 (3.12.0-3build1.1) ...
verify	Run npx playwright install --with-deps chromium firefox webkit	2026-10-09T07:18:21.0001924Z update-alternatives: using /usr/lib/x86_64-linux-gnu/blas/libblas.so.3 to provide /usr/lib/x86_64-linux-gnu/libblas.so.3 (libblas.so.3-x86_64-linux-gnu) in auto mode
verify	Run npx playwright install --with-deps chromium firefox webkit	2026-10-09T07:18:21.0018727Z Setting up libegl-mesa0:amd64 (25.2.8-0ubuntu0.24.04.4) ...
verify	Run npx playwright install --with-deps chromium firefox webkit	2026-10-09T07:18:21.0038819Z Setting up libsoundtouch1:amd64 (2.3.2+ds1-1build1) ...
verify	Run npx playwright install --with-deps chromium firefox webkit	2026-10-09T07:18:21.0057263Z Setting up libplacebo338:amd64 (6.338.2-2build1) ...
verify	Run npx playwright install --with-deps chromium firefox webkit	2026-10-09T07:18:21.0081207Z Setting up libgles2:amd64 (1.7.0-1build1) ...
verify	Run npx playwright install --with-deps chromium firefox webkit	2026-10-09T07:18:21.0100467Z Setting up fonts-tlwg-loma-otf (1:0.7.3-1) ...
verify	Run npx playwright install --with-deps chromium firefox webkit	2026-10-09T07:18:21.0121091Z Setting up libva2:amd64 (2.20.0-2ubuntu0.2) ...
verify	Run npx playwright install --with-deps chromium firefox webkit	2026-10-09T07:18:21.0147982Z Setting up libspa-0.2-modules:amd64 (1.0.5-1ubuntu3.3) ...
verify	Run npx playwright install --with-deps chromium firefox webkit	2026-10-09T07:18:21.0170912Z Setting up libzxing3:amd64 (2.2.1-3) ...
verify	Run npx playwright install --with-deps chromium firefox webkit	2026-10-09T07:18:21.0192799Z Setting up xfonts-encodings (1:1.0.5-0ubuntu2) ...
verify	Run npx playwright install --with-deps chromium firefox webkit	2026-10-09T07:18:21.0211921Z Setting up libopus0:amd64 (1.4-1build1) ...
verify	Run npx playwright install --with-deps chromium firefox webkit	2026-10-09T07:18:21.0236185Z Setting up libfaad2:amd64 (2.11.1-1build1) ...
verify	Run npx playwright install --with-deps chromium firefox webkit	2026-10-09T07:18:21.0256756Z Setting up libxkbcommon-x11-0:amd64 (1.6.0-1build1) ...
verify	Run npx playwright install --with-deps chromium firefox webkit	2026-10-09T07:18:21.0276239Z Setting up libdc1394-25:amd64 (2.2.6-4build1) ...
verify	Run npx playwright install --with-deps chromium firefox webkit	2026-10-09T07:18:21.0299139Z Setting up libpng16-16t64:amd64 (1.6.43-5ubuntu0.7) ...
verify	Run npx playwright install --with-deps chromium firefox webkit	2026-10-09T07:18:21.0318301Z Setting up libimath-3-1-29t64:amd64 (3.1.9-3.1ubuntu2) ...
verify	Run npx playwright install --with-deps chromium firefox webkit	2026-10-09T07:18:21.0343102Z Setting up libunibreak5:amd64 (5.1-2build1) ...
verify	Run npx playwright install --with-deps chromium firefox webkit	2026-10-09T07:18:21.0365693Z Setting up libdv4t64:amd64 (1.0.0-17.1build1) ...
verify	Run npx playwright install --with-deps chromium firefox webkit	2026-10-09T07:18:21.0389986Z Setting up libjxl0.7:amd64 (0.7.0-10.2ubuntu6.1) ...
verify	Run npx playwright install --with-deps chromium firefox webkit	2026-10-09T07:18:21.0411730Z Setting up libopenh264-7:amd64 (2.4.1+dfsg-1) ...
verify	Run npx playwright install --with-deps chromium firefox webkit	2026-10-09T07:18:21.0437086Z Setting up libltc11:amd64 (1.3.2-1build1) ...
verify	Run npx playwright install --with-deps chromium firefox webkit	2026-10-09T07:18:21.0461176Z Setting up libx265-199:amd64 (3.5-2build1) ...
verify	Run npx playwright install --with-deps chromium firefox webkit	2026-10-09T07:18:21.0481356Z Setting up libv4l-0t64:amd64 (1.26.1-4build3) ...
verify	Run npx playwright install --with-deps chromium firefox webkit	2026-10-09T07:18:21.0505264Z Setting up libavtp0:amd64 (0.2.0-1build1) ...
verify	Run npx playwright install --with-deps chromium firefox webkit	2026-10-09T07:18:21.0532719Z Setting up libsndio7.0:amd64 (1.9.0-0.3build3) ...
verify	Run npx playwright install --with-deps chromium firefox webkit	2026-10-09T07:18:21.0554895Z Setting up libdirectfb-1.7-7t64:amd64 (1.7.7-11.1ubuntu2) ...
verify	Run npx playwright install --with-deps chromium firefox webkit	2026-10-09T07:18:21.0579278Z Setting up libspandsp2t64:amd64 (0.0.6+dfsg-2.1build1) ...
verify	Run npx playwright install --with-deps chromium firefox webkit	2026-10-09T07:18:21.0607912Z Setting up libvidstab1.1:amd64 (1.1.0-2build1) ...
verify	Run npx playwright install --with-deps chromium firefox webkit	2026-10-09T07:18:21.0938865Z Setting up libvpx9:amd64 (1.14.0-1ubuntu2.3) ...
verify	Run npx playwright install --with-deps chromium firefox webkit	2026-10-09T07:18:21.0965745Z Setting up libsrt1.5-gnutls:amd64 (1.5.3-1build2) ...
verify	Run npx playwright install --with-deps chromium firefox webkit	2026-10-09T07:18:21.0991724Z Setting up libtag1v5:amd64 (1.13.1-1build1) ...
verify	Run npx playwright install --with-deps chromium firefox webkit	2026-10-09T07:18:21.1010031Z Setting up libflite1:amd64 (2.2-6build3) ...
verify	Run npx playwright install --with-deps chromium firefox webkit	2026-10-09T07:18:21.1031614Z Setting up libdav1d7:amd64 (1.4.1-1build1) ...
verify	Run npx playwright install --with-deps chromium firefox webkit	2026-10-09T07:18:21.1050443Z Setting up libva-drm2:amd64 (2.20.0-2ubuntu0.2) ...
verify	Run npx playwright install --with-deps chromium firefox webkit	2026-10-09T07:18:21.1075724Z Setting up fonts-ipafont-gothic (00303-21ubuntu1) ...
verify	Run npx playwright install --with-deps chromium firefox webkit	2026-10-09T07:18:21.1148943Z update-alternatives: using /usr/share/fonts/opentype/ipafont-gothic/ipag.ttf to provide /usr/share/fonts/truetype/fonts-japanese-gothic.ttf (fonts-japanese-gothic.ttf) in auto mode
verify	Run npx playwright install --with-deps chromium firefox webkit	2026-10-09T07:18:21.1164599Z Setting up ocl-icd-libopencl1:amd64 (2.3.2-1build1) ...
verify	Run npx playwright install --with-deps chromium firefox webkit	2026-10-09T07:18:21.1187696Z Setting up libasyncns0:amd64 (0.8-6build4) ...
verify	Run npx playwright install --with-deps chromium firefox webkit	2026-10-09T07:18:21.1211531Z Setting up libwildmidi2:amd64 (0.4.3-1build3) ...
verify	Run npx playwright install --with-deps chromium firefox webkit	2026-10-09T07:18:21.1236028Z Setting up libvdpau1:amd64 (1.5-2build1) ...
verify	Run npx playwright install --with-deps chromium firefox webkit	2026-10-09T07:18:21.1269072Z Setting up libwavpack1:amd64 (5.6.0-1build1) ...
verify	Run npx playwright install --with-deps chromium firefox webkit	2026-10-09T07:18:21.1289516Z Setting up libbs2b0:amd64 (3.1.0+dfsg-7build1) ...
verify	Run npx playwright install --with-deps chromium firefox webkit	2026-10-09T07:18:21.1309425Z Setting up libtheora0:amd64 (1.1.1+dfsg.1-16.1build3) ...
verify	Run npx playwright install --with-deps chromium firefox webkit	2026-10-09T07:18:21.1329104Z Setting up libegl1:amd64 (1.7.0-1build1) ...
verify	Run npx playwright install --with-deps chromium firefox webkit	2026-10-09T07:18:21.1348436Z Setting up libdecor-0-0:amd64 (0.2.2-1build2) ...
verify	Run npx playwright install --with-deps chromium firefox webkit	2026-10-09T07:18:21.1371104Z Setting up libdca0:amd64 (0.0.7-2build1) ...
verify	Run npx playwright install --with-deps chromium firefox webkit	2026-10-09T07:18:21.1393933Z Setting up libzimg2:amd64 (3.0.5+ds1-1build1) ...
verify	Run npx playwright install --with-deps chromium firefox webkit	2026-10-09T07:18:21.1417622Z Setting up libopenal-data (1:1.23.1-4build1) ...
verify	Run npx playwright install --with-deps chromium firefox webkit	2026-10-09T07:18:21.1447316Z Setting up libabsl20220623t64:amd64 (20220623.1-3.1ubuntu3.2) ...
verify	Run npx playwright install --with-deps chromium firefox webkit	2026-10-09T07:18:21.1468364Z Setting up libflac12t64:amd64 (1.4.3+ds-2.1ubuntu2) ...
verify	Run npx playwright install --with-deps chromium firefox webkit	2026-10-09T07:18:21.1486181Z Setting up libgtk-4-common (4.14.5+ds-0ubuntu0.10) ...
verify	Run npx playwright install --with-deps chromium firefox webkit	2026-10-09T07:18:21.1505713Z Setting up libmpeg2encpp-2.1-0t64:amd64 (1:2.1.0+debian-8.1build1) ...
verify	Run npx playwright install --with-deps chromium firefox webkit	2026-10-09T07:18:21.1523724Z Setting up glib-networking-common (2.80.0-1build1) ...
verify	Run npx playwright install --with-deps chromium firefox webkit	2026-10-09T07:18:21.1545680Z Setting up libmfx1:amd64 (22.5.4-1) ...
verify	Run npx playwright install --with-deps chromium firefox webkit	2026-10-09T07:18:21.1569444Z Setting up libde265-0:amd64 (1.0.15-1ubuntu0.2) ...
verify	Run npx playwright install --with-deps chromium firefox webkit	2026-10-09T07:18:21.1589604Z Setting up libsamplerate0:amd64 (0.2.2-4build1) ...
verify	Run npx playwright install --with-deps chromium firefox webkit	2026-10-09T07:18:21.1609939Z Setting up timgm6mb-soundfont (1.3-5) ...
verify	Run npx playwright install --with-deps chromium firefox webkit	2026-10-09T07:18:21.1687343Z update-alternatives: using /usr/share/sounds/sf2/TimGM6mb.sf2 to provide /usr/share/sounds/sf2/default-GM.sf2 (default-GM.sf2) in auto mode
verify	Run npx playwright install --with-deps chromium firefox webkit	2026-10-09T07:18:21.1731922Z update-alternatives: using /usr/share/sounds/sf2/TimGM6mb.sf2 to provide /usr/share/sounds/sf3/default-GM.sf3 (default-GM.sf3) in auto mode
verify	Run npx playwright install --with-deps chromium firefox webkit	2026-10-09T07:18:21.1748792Z Setting up libva-x11-2:amd64 (2.20.0-2ubuntu0.2) ...
verify	Run npx playwright install --with-deps chromium firefox webkit	2026-10-09T07:18:21.1768396Z Setting up libyuv0:amd64 (0.0~git202401110.af6ac82-1) ...
verify	Run npx playwright install --with-deps chromium firefox webkit	2026-10-09T07:18:21.1786031Z Setting up libmplex2-2.1-0t64:amd64 (1:2.1.0+debian-8.1build1) ...
verify	Run npx playwright install --with-deps chromium firefox webkit	2026-10-09T07:18:21.1804279Z Setting up libpipewire-0.3-0t64:amd64 (1.0.5-1ubuntu3.3) ...
verify	Run npx playwright install --with-deps chromium firefox webkit	2026-10-09T07:18:21.1824398Z Setting up libxml2:amd64 (2.9.14+dfsg-1.3ubuntu3.10) ...
verify	Run npx playwright install --with-deps chromium firefox webkit	2026-10-09T07:18:21.1847772Z Setting up libopenmpt0t64:amd64 (0.7.3-1.1build3) ...
verify	Run npx playwright install --with-deps chromium firefox webkit	2026-10-09T07:18:21.1865606Z Setting up libzvbi-common (0.2.42-2) ...
verify	Run npx playwright install --with-deps chromium firefox webkit	2026-10-09T07:18:21.1885972Z Setting up libsecret-common (0.21.4-1build3) ...
verify	Run npx playwright install --with-deps chromium firefox webkit	2026-10-09T07:18:21.1906160Z Setting up libmp3lame0:amd64 (3.100-6build1) ...
verify	Run npx playwright install --with-deps chromium firefox webkit	2026-10-09T07:18:21.1926825Z Setting up libgraphene-1.0-0:amd64 (1.10.8-3build2) ...
verify	Run npx playwright install --with-deps chromium firefox webkit	2026-10-09T07:18:21.1944032Z Setting up libvorbisenc2:amd64 (1.3.7-1build3) ...
verify	Run npx playwright install --with-deps chromium firefox webkit	2026-10-09T07:18:21.1964765Z Setting up libdvdnav4:amd64 (6.1.1-3build1) ...
verify	Run npx playwright install --with-deps chromium firefox webkit	2026-10-09T07:18:21.1982532Z Setting up fonts-unifont (1:15.1.01-1build1) ...
verify	Run npx playwright install --with-deps chromium firefox webkit	2026-10-09T07:18:21.2053062Z Setting up libaa1:amd64 (1.4p5-51.1) ...
verify	Run npx playwright install --with-deps chromium firefox webkit	2026-10-09T07:18:21.2074188Z Setting up libiec61883-0:amd64 (1.2.0-6build1) ...
verify	Run npx playwright install --with-deps chromium firefox webkit	2026-10-09T07:18:21.2094651Z Setting up libserd-0-0:amd64 (0.32.2-1) ...
verify	Run npx playwright install --with-deps chromium firefox webkit	2026-10-09T07:18:21.2116418Z Setting up libavc1394-0:amd64 (0.5.4-5build3) ...
verify	Run npx playwright install --with-deps chromium firefox webkit	2026-10-09T07:18:21.2138405Z Setting up gsettings-desktop-schemas (46.1-0ubuntu1) ...
verify	Run npx playwright install --with-deps chromium firefox webkit	2026-10-09T07:18:21.2161554Z Setting up glib-networking-services (2.80.0-1build1) ...
verify	Run npx playwright install --with-deps chromium firefox webkit	2026-10-09T07:18:21.2178514Z Setting up liblapack3:amd64 (3.12.0-3build1.1) ...
verify	Run npx playwright install --with-deps chromium firefox webkit	2026-10-09T07:18:21.2237239Z update-alternatives: using /usr/lib/x86_64-linux-gnu/lapack/liblapack.so.3 to provide /usr/lib/x86_64-linux-gnu/liblapack.so.3 (liblapack.so.3-x86_64-linux-gnu) in auto mode
verify	Run npx playwright install --with-deps chromium firefox webkit	2026-10-09T07:18:21.2255606Z Setting up libneon27t64:amd64 (0.33.0-1.1build3) ...
verify	Run npx playwright install --with-deps chromium firefox webkit	2026-10-09T07:18:21.2275101Z Setting up libzvbi0t64:amd64 (0.2.42-2) ...
verify	Run npx playwright install --with-deps chromium firefox webkit	2026-10-09T07:18:21.2298029Z Setting up libraptor2-0:amd64 (2.0.16-3ubuntu0.1) ...
verify	Run npx playwright install --with-deps chromium firefox webkit	2026-10-09T07:18:21.2322175Z Setting up libzbar0t64:amd64 (0.23.93-4build3) ...
verify	Run npx playwright install --with-deps chromium firefox webkit	2026-10-09T07:18:21.2341581Z Setting up libgstreamer-plugins-base1.0-0:amd64 (1.24.2-1ubuntu0.5) ...
verify	Run npx playwright install --with-deps chromium firefox webkit	2026-10-09T07:18:21.2366891Z Setting up libavutil58:amd64 (7:6.1.1-3ubuntu5) ...
verify	Run npx playwright install --with-deps chromium firefox webkit	2026-10-09T07:18:21.2385731Z Setting up libopenal1:amd64 (1:1.23.1-4build1) ...
verify	Run npx playwright install --with-deps chromium firefox webkit	2026-10-09T07:18:21.2407470Z Setting up librsvg2-2:amd64 (2.58.0+dfsg-1ubuntu0.1) ...
verify	Run npx playwright install --with-deps chromium firefox webkit	2026-10-09T07:18:21.2425291Z Setting up libxml2-dev:amd64 (2.9.14+dfsg-1.3ubuntu3.10) ...
verify	Run npx playwright install --with-deps chromium firefox webkit	2026-10-09T07:18:21.2445000Z Setting up libsecret-1-0:amd64 (0.21.4-1build3) ...
verify	Run npx playwright install --with-deps chromium firefox webkit	2026-10-09T07:18:21.2463041Z Setting up libgstreamer-plugins-good1.0-0:amd64 (1.24.2-1ubuntu1.8) ...
verify	Run npx playwright install --with-deps chromium firefox webkit	2026-10-09T07:18:21.2485761Z Setting up libgstreamer-gl1.0-0:amd64 (1.24.2-1ubuntu0.5) ...
verify	Run npx playwright install --with-deps chromium firefox webkit	2026-10-09T07:18:21.2507248Z Setting up gstreamer1.0-plugins-base:amd64 (1.24.2-1ubuntu0.5) ...
verify	Run npx playwright install --with-deps chromium firefox webkit	2026-10-09T07:18:21.2526525Z Setting up libfreetype6:amd64 (2.13.2+dfsg-1ubuntu0.2) ...
verify	Run npx playwright install --with-deps chromium firefox webkit	2026-10-09T07:18:21.2546901Z Setting up libswresample4:amd64 (7:6.1.1-3ubuntu5) ...
verify	Run npx playwright install --with-deps chromium firefox webkit	2026-10-09T07:18:21.2573267Z Setting up libopenexr-3-1-30:amd64 (3.1.5-5.1build3) ...
verify	Run npx playwright install --with-deps chromium firefox webkit	2026-10-09T07:18:21.2590048Z Setting up libshout3:amd64 (2.4.6-1build2) ...
verify	Run npx playwright install --with-deps chromium firefox webkit	2026-10-09T07:18:21.2611165Z Setting up libgav1-1:amd64 (0.18.0-1build3) ...
verify	Run npx playwright install --with-deps chromium firefox webkit	2026-10-09T07:18:21.2634830Z Setting up libavcodec60:amd64 (7:6.1.1-3ubuntu5) ...
verify	Run npx playwright install --with-deps chromium firefox webkit	2026-10-09T07:18:21.2658923Z Setting up librubberband2:amd64 (3.3.0+dfsg-2build1) ...
verify	Run npx playwright install --with-deps chromium firefox webkit	2026-10-09T07:18:21.2678957Z Setting up libjack-jackd2-0:amd64 (1.9.21~dfsg-3ubuntu3) ...
verify	Run npx playwright install --with-deps chromium firefox webkit	2026-10-09T07:18:21.2701684Z Setting up libsord-0-0:amd64 (0.16.16-2build1) ...
verify	Run npx playwright install --with-deps chromium firefox webkit	2026-10-09T07:18:21.2720719Z Setting up libpostproc57:amd64 (7:6.1.1-3ubuntu5) ...
verify	Run npx playwright install --with-deps chromium firefox webkit	2026-10-09T07:18:21.2742234Z Setting up libsratom-0-0:amd64 (0.6.16-1build1) ...
verify	Run npx playwright install --with-deps chromium firefox webkit	2026-10-09T07:18:21.2761557Z Setting up libsndfile1:amd64 (1.2.2-1ubuntu5.24.04.1) ...
verify	Run npx playwright install --with-deps chromium firefox webkit	2026-10-09T07:18:21.2782894Z Setting up libbluray2:amd64 (1:1.3.4-1build1) ...
verify	Run npx playwright install --with-deps chromium firefox webkit	2026-10-09T07:18:21.2810043Z Setting up liblilv-0-0:amd64 (0.24.22-1build1) ...
verify	Run npx playwright install --with-deps chromium firefox webkit	2026-10-09T07:18:21.2831483Z Setting up libinstpatch-1.0-2:amd64 (1.1.6-1build2) ...
verify	Run npx playwright install --with-deps chromium firefox webkit	2026-10-09T07:18:21.2857307Z Setting up libswscale7:amd64 (7:6.1.1-3ubuntu5) ...
verify	Run npx playwright install --with-deps chromium firefox webkit	2026-10-09T07:18:21.2879034Z Setting up libcairo-script-interpreter2:amd64 (1.18.0-3build1) ...
verify	Run npx playwright install --with-deps chromium firefox webkit	2026-10-09T07:18:21.2898406Z Setting up libavif16:amd64 (1.0.4-1ubuntu3) ...
verify	Run npx playwright install --with-deps chromium firefox webkit	2026-10-09T07:18:21.2919711Z Setting up libpulse0:amd64 (1:16.1+dfsg1-2ubuntu10.1) ...
verify	Run npx playwright install --with-deps chromium firefox webkit	2026-10-09T07:18:21.2997034Z Setting up liblrdf0:amd64 (0.6.1-4build1) ...
verify	Run npx playwright install --with-deps chromium firefox webkit	2026-10-09T07:18:21.3022516Z Setting up libavformat60:amd64 (7:6.1.1-3ubuntu5) ...
verify	Run npx playwright install --with-deps chromium firefox webkit	2026-10-09T07:18:21.3353953Z Setting up xfonts-utils (1:7.7+6build3) ...
verify	Run npx playwright install --with-deps chromium firefox webkit	2026-10-09T07:18:21.3395158Z Setting up libsphinxbase3t64:amd64 (0.8+5prealpha+1-17build2) ...
verify	Run npx playwright install --with-deps chromium firefox webkit	2026-10-09T07:18:21.3417579Z Setting up libass9:amd64 (1:0.17.1-2build1) ...
verify	Run npx playwright install --with-deps chromium firefox webkit	2026-10-09T07:18:21.3440866Z Setting up xfonts-cyrillic (1:1.0.5+nmu1) ...
verify	Run npx playwright install --with-deps chromium firefox webkit	2026-10-09T07:18:21.3771776Z Setting up libsdl2-2.0-0:amd64 (2.30.0+dfsg-1ubuntu3.1) ...
verify	Run npx playwright install --with-deps chromium firefox webkit	2026-10-09T07:18:21.3789425Z Setting up xfonts-scalable (1:1.0.3-1.3) ...
verify	Run npx playwright install --with-deps chromium firefox webkit	2026-10-09T07:18:21.4096803Z Setting up libfluidsynth3:amd64 (2.3.4-1build3) ...
verify	Run npx playwright install --with-deps chromium firefox webkit	2026-10-09T07:18:21.4115670Z Setting up libpocketsphinx3:amd64 (0.8.0+real5prealpha+1-15ubuntu5) ...
verify	Run npx playwright install --with-deps chromium firefox webkit	2026-10-09T07:18:21.4135078Z Setting up libavfilter9:amd64 (7:6.1.1-3ubuntu5) ...
verify	Run npx playwright install --with-deps chromium firefox webkit	2026-10-09T07:18:21.4156116Z Setting up gstreamer1.0-libav:amd64 (1.24.1-1build1) ...
verify	Run npx playwright install --with-deps chromium firefox webkit	2026-10-09T07:18:21.4455010Z Processing triggers for fontconfig (2.15.0-1.1ubuntu2) ...
verify	Run npx playwright install --with-deps chromium firefox webkit	2026-10-09T07:18:21.5532977Z Processing triggers for libc-bin (2.39-0ubuntu8.9) ...
verify	Run npx playwright install --with-deps chromium firefox webkit	2026-10-09T07:18:21.6334021Z Processing triggers for man-db (2.12.0-4build2) ...
verify	Run npx playwright install --with-deps chromium firefox webkit	2026-10-09T07:18:21.6356557Z Not building database; man-db/auto-update is not 'true'.
verify	Run npx playwright install --with-deps chromium firefox webkit	2026-10-09T07:18:21.6386874Z Processing triggers for libglib2.0-0t64:amd64 (2.80.0-6ubuntu3.9) ...
verify	Run npx playwright install --with-deps chromium firefox webkit	2026-10-09T07:18:21.6818400Z Setting up libgtk-4-1:amd64 (4.14.5+ds-0ubuntu0.10) ...
verify	Run npx playwright install --with-deps chromium firefox webkit	2026-10-09T07:18:21.8688485Z Setting up glib-networking:amd64 (2.80.0-1build1) ...
verify	Run npx playwright install --with-deps chromium firefox webkit	2026-10-09T07:18:21.8734133Z Setting up libsoup-3.0-0:amd64 (3.4.4-5ubuntu0.9) ...
verify	Run npx playwright install --with-deps chromium firefox webkit	2026-10-09T07:18:21.8767033Z Setting up libgssdp-1.6-0:amd64 (1.6.3-1build3) ...
verify	Run npx playwright install --with-deps chromium firefox webkit	2026-10-09T07:18:21.8841213Z Setting up gstreamer1.0-plugins-good:amd64 (1.24.2-1ubuntu1.8) ...
verify	Run npx playwright install --with-deps chromium firefox webkit	2026-10-09T07:18:21.8867388Z Setting up libgupnp-1.6-0:amd64 (1.6.6-1build3) ...
verify	Run npx playwright install --with-deps chromium firefox webkit	2026-10-09T07:18:21.8928378Z Setting up libgupnp-igd-1.6-0:amd64 (1.6.0-3build3) ...
verify	Run npx playwright install --with-deps chromium firefox webkit	2026-10-09T07:18:21.8967002Z Setting up libnice10:amd64 (0.1.21-2build3) ...
verify	Run npx playwright install --with-deps chromium firefox webkit	2026-10-09T07:18:21.9018709Z Setting up libgstreamer-plugins-bad1.0-0:amd64 (1.24.2-1ubuntu4) ...
verify	Run npx playwright install --with-deps chromium firefox webkit	2026-10-09T07:18:21.9059284Z Setting up gstreamer1.0-plugins-bad:amd64 (1.24.2-1ubuntu4) ...
verify	Run npx playwright install --with-deps chromium firefox webkit	2026-10-09T07:18:21.9088573Z Processing triggers for libc-bin (2.39-0ubuntu8.9) ...
verify	Run npx playwright install --with-deps chromium firefox webkit	2026-10-09T07:18:23.2109516Z 
verify	Run npx playwright install --with-deps chromium firefox webkit	2026-10-09T07:18:23.2110358Z Running kernel seems to be up-to-date.
verify	Run npx playwright install --with-deps chromium firefox webkit	2026-10-09T07:18:23.2111395Z 
verify	Run npx playwright install --with-deps chromium firefox webkit	2026-10-09T07:18:23.2111650Z Restarting services...
verify	Run npx playwright install --with-deps chromium firefox webkit	2026-10-09T07:18:23.2291910Z  systemctl restart packagekit.service php8.3-fpm.service
verify	Run npx playwright install --with-deps chromium firefox webkit	2026-10-09T07:18:23.3363888Z 
verify	Run npx playwright install --with-deps chromium firefox webkit	2026-10-09T07:18:23.3371493Z No containers need to be restarted.
verify	Run npx playwright install --with-deps chromium firefox webkit	2026-10-09T07:18:23.3371901Z 
verify	Run npx playwright install --with-deps chromium firefox webkit	2026-10-09T07:18:23.3372122Z No user sessions are running outdated binaries.
verify	Run npx playwright install --with-deps chromium firefox webkit	2026-10-09T07:18:23.3372376Z 
verify	Run npx playwright install --with-deps chromium firefox webkit	2026-10-09T07:18:23.3372683Z No VM guests are running outdated hypervisor (qemu) binaries on this host.
verify	Run npx playwright install --with-deps chromium firefox webkit	2026-10-09T07:18:24.1309901Z Downloading Chrome for Testing 153.0.8010.12 (playwright chromium v1243) from https://cdn.playwright.dev/builds/cft/153.0.8010.12/linux64/chrome-linux64.zip
verify	Run npx playwright install --with-deps chromium firefox webkit	2026-10-09T07:18:24.5548147Z |                                                                                |   0% of 186.8 MiB
verify	Run npx playwright install --with-deps chromium firefox webkit	2026-10-09T07:18:24.7170980Z |■■■■■■■■                                                                        |  10% of 186.8 MiB
verify	Run npx playwright install --with-deps chromium firefox webkit	2026-10-09T07:18:24.8086189Z |■■■■■■■■■■■■■■■■                                                                |  20% of 186.8 MiB
verify	Run npx playwright install --with-deps chromium firefox webkit	2026-10-09T07:18:24.9137951Z |■■■■■■■■■■■■■■■■■■■■■■■■                                                        |  30% of 186.8 MiB
verify	Run npx playwright install --with-deps chromium firefox webkit	2026-10-09T07:18:25.0272998Z |■■■■■■■■■■■■■■■■■■■■■■■■■■■■■■■■                                                |  40% of 186.8 MiB
verify	Run npx playwright install --with-deps chromium firefox webkit	2026-10-09T07:18:25.1244869Z |■■■■■■■■■■■■■■■■■■■■■■■■■■■■■■■■■■■■■■■■                                        |  50% of 186.8 MiB
verify	Run npx playwright install --with-deps chromium firefox webkit	2026-10-09T07:18:25.2192332Z |■■■■■■■■■■■■■■■■■■■■■■■■■■■■■■■■■■■■■■■■■■■■■■■■                                |  60% of 186.8 MiB
verify	Run npx playwright install --with-deps chromium firefox webkit	2026-10-09T07:18:25.3042734Z |■■■■■■■■■■■■■■■■■■■■■■■■■■■■■■■■■■■■■■■■■■■■■■■■■■■■■■■■                        |  70% of 186.8 MiB
verify	Run npx playwright install --with-deps chromium firefox webkit	2026-10-09T07:18:25.4062078Z |■■■■■■■■■■■■■■■■■■■■■■■■■■■■■■■■■■■■■■■■■■■■■■■■■■■■■■■■■■■■■■■■                |  80% of 186.8 MiB
verify	Run npx playwright install --with-deps chromium firefox webkit	2026-10-09T07:18:25.5186634Z |■■■■■■■■■■■■■■■■■■■■■■■■■■■■■■■■■■■■■■■■■■■■■■■■■■■■■■■■■■■■■■■■■■■■■■■■        |  90% of 186.8 MiB
verify	Run npx playwright install --with-deps chromium firefox webkit	2026-10-09T07:18:25.6237219Z |■■■■■■■■■■■■■■■■■■■■■■■■■■■■■■■■■■■■■■■■■■■■■■■■■■■■■■■■■■■■■■■■■■■■■■■■■■■■■■■■| 100% of 186.8 MiB
verify	Run npx playwright install --with-deps chromium firefox webkit	2026-10-09T07:18:28.7688709Z Chrome for Testing 153.0.8010.12 (playwright chromium v1243) downloaded to /home/runner/.cache/ms-playwright/chromium-1243
verify	Run npx playwright install --with-deps chromium firefox webkit	2026-10-09T07:18:28.7693053Z Downloading FFmpeg (playwright ffmpeg v1011) from https://cdn.playwright.dev/dbazure/download/playwright/builds/ffmpeg/1011/ffmpeg-linux.zip
verify	Run npx playwright install --with-deps chromium firefox webkit	2026-10-09T07:18:29.1101258Z |                                                                                |   0% of 2.3 MiB
verify	Run npx playwright install --with-deps chromium firefox webkit	2026-10-09T07:18:29.1133895Z |■■■■■■■■                                                                        |  10% of 2.3 MiB
verify	Run npx playwright install --with-deps chromium firefox webkit	2026-10-09T07:18:29.1155509Z |■■■■■■■■■■■■■■■■                                                                |  20% of 2.3 MiB
verify	Run npx playwright install --with-deps chromium firefox webkit	2026-10-09T07:18:29.1173986Z |■■■■■■■■■■■■■■■■■■■■■■■■                                                        |  30% of 2.3 MiB
verify	Run npx playwright install --with-deps chromium firefox webkit	2026-10-09T07:18:29.1189625Z |■■■■■■■■■■■■■■■■■■■■■■■■■■■■■■■■                                                |  40% of 2.3 MiB
verify	Run npx playwright install --with-deps chromium firefox webkit	2026-10-09T07:18:29.1206218Z |■■■■■■■■■■■■■■■■■■■■■■■■■■■■■■■■■■■■■■■■                                        |  50% of 2.3 MiB
verify	Run npx playwright install --with-deps chromium firefox webkit	2026-10-09T07:18:29.1217258Z |■■■■■■■■■■■■■■■■■■■■■■■■■■■■■■■■■■■■■■■■■■■■■■■■                                |  60% of 2.3 MiB
verify	Run npx playwright install --with-deps chromium firefox webkit	2026-10-09T07:18:29.1233256Z |■■■■■■■■■■■■■■■■■■■■■■■■■■■■■■■■■■■■■■■■■■■■■■■■■■■■■■■■                        |  70% of 2.3 MiB
verify	Run npx playwright install --with-deps chromium firefox webkit	2026-10-09T07:18:29.1259939Z |■■■■■■■■■■■■■■■■■■■■■■■■■■■■■■■■■■■■■■■■■■■■■■■■■■■■■■■■■■■■■■■■                |  80% of 2.3 MiB
verify	Run npx playwright install --with-deps chromium firefox webkit	2026-10-09T07:18:29.1264297Z |■■■■■■■■■■■■■■■■■■■■■■■■■■■■■■■■■■■■■■■■■■■■■■■■■■■■■■■■■■■■■■■■■■■■■■■■        |  90% of 2.3 MiB
verify	Run npx playwright install --with-deps chromium firefox webkit	2026-10-09T07:18:29.1281927Z |■■■■■■■■■■■■■■■■■■■■■■■■■■■■■■■■■■■■■■■■■■■■■■■■■■■■■■■■■■■■■■■■■■■■■■■■■■■■■■■■| 100% of 2.3 MiB
verify	Run npx playwright install --with-deps chromium firefox webkit	2026-10-09T07:18:29.1892574Z FFmpeg (playwright ffmpeg v1011) downloaded to /home/runner/.cache/ms-playwright/ffmpeg-1011
verify	Run npx playwright install --with-deps chromium firefox webkit	2026-10-09T07:18:29.1895904Z Downloading Chrome Headless Shell 153.0.8010.12 (playwright chromium-headless-shell v1243) from https://cdn.playwright.dev/builds/cft/153.0.8010.12/linux64/chrome-headless-shell-linux64.zip
verify	Run npx playwright install --with-deps chromium firefox webkit	2026-10-09T07:18:29.6003530Z |                                                                                |   0% of 114.3 MiB
verify	Run npx playwright install --with-deps chromium firefox webkit	2026-10-09T07:18:29.6951045Z |■■■■■■■■                                                                        |  10% of 114.3 MiB
verify	Run npx playwright install --with-deps chromium firefox webkit	2026-10-09T07:18:29.7637187Z |■■■■■■■■■■■■■■■■                                                                |  20% of 114.3 MiB
verify	Run npx playwright install --with-deps chromium firefox webkit	2026-10-09T07:18:29.8252308Z |■■■■■■■■■■■■■■■■■■■■■■■■                                                        |  30% of 114.3 MiB
verify	Run npx playwright install --with-deps chromium firefox webkit	2026-10-09T07:18:29.8826460Z |■■■■■■■■■■■■■■■■■■■■■■■■■■■■■■■■                                                |  40% of 114.3 MiB
verify	Run npx playwright install --with-deps chromium firefox webkit	2026-10-09T07:18:29.9569212Z |■■■■■■■■■■■■■■■■■■■■■■■■■■■■■■■■■■■■■■■■                                        |  50% of 114.3 MiB
verify	Run npx playwright install --with-deps chromium firefox webkit	2026-10-09T07:18:30.0154231Z |■■■■■■■■■■■■■■■■■■■■■■■■■■■■■■■■■■■■■■■■■■■■■■■■                                |  60% of 114.3 MiB
verify	Run npx playwright install --with-deps chromium firefox webkit	2026-10-09T07:18:30.0707272Z |■■■■■■■■■■■■■■■■■■■■■■■■■■■■■■■■■■■■■■■■■■■■■■■■■■■■■■■■                        |  70% of 114.3 MiB
verify	Run npx playwright install --with-deps chromium firefox webkit	2026-10-09T07:18:30.1386454Z |■■■■■■■■■■■■■■■■■■■■■■■■■■■■■■■■■■■■■■■■■■■■■■■■■■■■■■■■■■■■■■■■                |  80% of 114.3 MiB
verify	Run npx playwright install --with-deps chromium firefox webkit	2026-10-09T07:18:30.1980678Z |■■■■■■■■■■■■■■■■■■■■■■■■■■■■■■■■■■■■■■■■■■■■■■■■■■■■■■■■■■■■■■■■■■■■■■■■        |  90% of 114.3 MiB
verify	Run npx playwright install --with-deps chromium firefox webkit	2026-10-09T07:18:30.2792095Z |■■■■■■■■■■■■■■■■■■■■■■■■■■■■■■■■■■■■■■■■■■■■■■■■■■■■■■■■■■■■■■■■■■■■■■■■■■■■■■■■| 100% of 114.3 MiB
verify	Run npx playwright install --with-deps chromium firefox webkit	2026-10-09T07:18:32.4894337Z Chrome Headless Shell 153.0.8010.12 (playwright chromium-headless-shell v1243) downloaded to /home/runner/.cache/ms-playwright/chromium_headless_shell-1243
verify	Run npx playwright install --with-deps chromium firefox webkit	2026-10-09T07:18:32.4896925Z Downloading Firefox 155.0 (playwright firefox v1543) from https://cdn.playwright.dev/dbazure/download/playwright/builds/firefox/1543/firefox-ubuntu-24.04.zip
verify	Run npx playwright install --with-deps chromium firefox webkit	2026-10-09T07:18:32.8322356Z |                                                                                |   0% of 109.5 MiB
verify	Run npx playwright install --with-deps chromium firefox webkit	2026-10-09T07:18:32.9004125Z |■■■■■■■■                                                                        |  10% of 109.5 MiB
verify	Run npx playwright install --with-deps chromium firefox webkit	2026-10-09T07:18:32.9917316Z |■■■■■■■■■■■■■■■■                                                                |  20% of 109.5 MiB
verify	Run npx playwright install --with-deps chromium firefox webkit	2026-10-09T07:18:33.0393443Z |■■■■■■■■■■■■■■■■■■■■■■■■                                                        |  30% of 109.5 MiB
verify	Run npx playwright install --with-deps chromium firefox webkit	2026-10-09T07:18:33.0932585Z |■■■■■■■■■■■■■■■■■■■■■■■■■■■■■■■■                                                |  40% of 109.5 MiB
verify	Run npx playwright install --with-deps chromium firefox webkit	2026-10-09T07:18:33.1579985Z |■■■■■■■■■■■■■■■■■■■■■■■■■■■■■■■■■■■■■■■■                                        |  50% of 109.5 MiB
verify	Run npx playwright install --with-deps chromium firefox webkit	2026-10-09T07:18:33.1975616Z |■■■■■■■■■■■■■■■■■■■■■■■■■■■■■■■■■■■■■■■■■■■■■■■■                                |  60% of 109.5 MiB
verify	Run npx playwright install --with-deps chromium firefox webkit	2026-10-09T07:18:33.2357333Z |■■■■■■■■■■■■■■■■■■■■■■■■■■■■■■■■■■■■■■■■■■■■■■■■■■■■■■■■                        |  70% of 109.5 MiB
verify	Run npx playwright install --with-deps chromium firefox webkit	2026-10-09T07:18:33.2996667Z |■■■■■■■■■■■■■■■■■■■■■■■■■■■■■■■■■■■■■■■■■■■■■■■■■■■■■■■■■■■■■■■■                |  80% of 109.5 MiB
verify	Run npx playwright install --with-deps chromium firefox webkit	2026-10-09T07:18:33.3513452Z |■■■■■■■■■■■■■■■■■■■■■■■■■■■■■■■■■■■■■■■■■■■■■■■■■■■■■■■■■■■■■■■■■■■■■■■■        |  90% of 109.5 MiB
verify	Run npx playwright install --with-deps chromium firefox webkit	2026-10-09T07:18:33.3941088Z |■■■■■■■■■■■■■■■■■■■■■■■■■■■■■■■■■■■■■■■■■■■■■■■■■■■■■■■■■■■■■■■■■■■■■■■■■■■■■■■■| 100% of 109.5 MiB
verify	Run npx playwright install --with-deps chromium firefox webkit	2026-10-09T07:18:35.6050106Z Firefox 155.0 (playwright firefox v1543) downloaded to /home/runner/.cache/ms-playwright/firefox-1543
verify	Run npx playwright install --with-deps chromium firefox webkit	2026-10-09T07:18:35.6054460Z Downloading WebKit 26.6 (playwright webkit v2359) from https://cdn.playwright.dev/dbazure/download/playwright/builds/webkit/2359/webkit-ubuntu-24.04.zip
verify	Run npx playwright install --with-deps chromium firefox webkit	2026-10-09T07:18:35.9532279Z |                                                                                |   0% of 102.3 MiB
verify	Run npx playwright install --with-deps chromium firefox webkit	2026-10-09T07:18:36.0334777Z |■■■■■■■■                                                                        |  10% of 102.3 MiB
verify	Run npx playwright install --with-deps chromium firefox webkit	2026-10-09T07:18:36.1149724Z |■■■■■■■■■■■■■■■■                                                                |  20% of 102.3 MiB
verify	Run npx playwright install --with-deps chromium firefox webkit	2026-10-09T07:18:36.1667171Z |■■■■■■■■■■■■■■■■■■■■■■■■                                                        |  30% of 102.3 MiB
verify	Run npx playwright install --with-deps chromium firefox webkit	2026-10-09T07:18:36.2279521Z |■■■■■■■■■■■■■■■■■■■■■■■■■■■■■■■■                                                |  40% of 102.3 MiB
verify	Run npx playwright install --with-deps chromium firefox webkit	2026-10-09T07:18:36.3211643Z |■■■■■■■■■■■■■■■■■■■■■■■■■■■■■■■■■■■■■■■■                                        |  50% of 102.3 MiB
verify	Run npx playwright install --with-deps chromium firefox webkit	2026-10-09T07:18:36.3677495Z |■■■■■■■■■■■■■■■■■■■■■■■■■■■■■■■■■■■■■■■■■■■■■■■■                                |  60% of 102.3 MiB
verify	Run npx playwright install --with-deps chromium firefox webkit	2026-10-09T07:18:36.4120532Z |■■■■■■■■■■■■■■■■■■■■■■■■■■■■■■■■■■■■■■■■■■■■■■■■■■■■■■■■                        |  70% of 102.3 MiB
verify	Run npx playwright install --with-deps chromium firefox webkit	2026-10-09T07:18:36.4783025Z |■■■■■■■■■■■■■■■■■■■■■■■■■■■■■■■■■■■■■■■■■■■■■■■■■■■■■■■■■■■■■■■■                |  80% of 102.3 MiB
verify	Run npx playwright install --with-deps chromium firefox webkit	2026-10-09T07:18:36.5201282Z |■■■■■■■■■■■■■■■■■■■■■■■■■■■■■■■■■■■■■■■■■■■■■■■■■■■■■■■■■■■■■■■■■■■■■■■■        |  90% of 102.3 MiB
verify	Run npx playwright install --with-deps chromium firefox webkit	2026-10-09T07:18:36.5776551Z |■■■■■■■■■■■■■■■■■■■■■■■■■■■■■■■■■■■■■■■■■■■■■■■■■■■■■■■■■■■■■■■■■■■■■■■■■■■■■■■■| 100% of 102.3 MiB
verify	Run npx playwright install --with-deps chromium firefox webkit	2026-10-09T07:18:38.9383914Z WebKit 26.6 (playwright webkit v2359) downloaded to /home/runner/.cache/ms-playwright/webkit-2359
verify	Run node -e 'require("fs").appendFileSync(process.env.GITHUB_ENV, "CHROMIUM_PATH=" + require("playwright").chromium.executablePath() + "\n")'	﻿2026-10-09T07:18:39.3476509Z ##[group]Run node -e 'require("fs").appendFileSync(process.env.GITHUB_ENV, "CHROMIUM_PATH=" + require("playwright").chromium.executablePath() + "\n")'
verify	Run node -e 'require("fs").appendFileSync(process.env.GITHUB_ENV, "CHROMIUM_PATH=" + require("playwright").chromium.executablePath() + "\n")'	2026-10-09T07:18:39.3478653Z [36;1mnode -e 'require("fs").appendFileSync(process.env.GITHUB_ENV, "CHROMIUM_PATH=" + require("playwright").chromium.executablePath() + "\n")'[0m
verify	Run node -e 'require("fs").appendFileSync(process.env.GITHUB_ENV, "CHROMIUM_PATH=" + require("playwright").chromium.executablePath() + "\n")'	2026-10-09T07:18:39.3563281Z shell: /usr/bin/bash -e {0}
verify	Run node -e 'require("fs").appendFileSync(process.env.GITHUB_ENV, "CHROMIUM_PATH=" + require("playwright").chromium.executablePath() + "\n")'	2026-10-09T07:18:39.3563759Z ##[endgroup]
verify	Run npm test	﻿2026-10-09T07:18:39.6990016Z ##[group]Run npm test
verify	Run npm test	2026-10-09T07:18:39.6990640Z [36;1mnpm test[0m
verify	Run npm test	2026-10-09T07:18:39.7052151Z shell: /usr/bin/bash -e {0}
verify	Run npm test	2026-10-09T07:18:39.7052429Z env:
verify	Run npm test	2026-10-09T07:18:39.7052814Z   CHROMIUM_PATH: /home/runner/.cache/ms-playwright/chromium-1243/chrome-linux64/chrome
verify	Run npm test	2026-10-09T07:18:39.7053279Z ##[endgroup]
verify	Run npm test	2026-10-09T07:18:39.8231779Z 
verify	Run npm test	2026-10-09T07:18:39.8232385Z > shinariokanri@0.1.0 pretest
verify	Run npm test	2026-10-09T07:18:39.8233083Z > node scripts/build/portable-runtime.mjs
verify	Run npm test	2026-10-09T07:18:39.8233500Z 
verify	Run npm test	2026-10-09T07:18:39.9441979Z Production portable runtime generated: 144514 characters
verify	Run npm test	2026-10-09T07:18:39.9981153Z 
verify	Run npm test	2026-10-09T07:18:39.9981902Z > shinariokanri@0.1.0 test
verify	Run npm test	2026-10-09T07:18:39.9982688Z > vitest run
verify	Run npm test	2026-10-09T07:18:39.9983134Z 
verify	Run npm test	2026-10-09T07:18:40.3070763Z 
verify	Run npm test	2026-10-09T07:18:40.3072144Z [1m[30m[46m RUN [49m[39m[22m [36mv5.0.3 [39m[90m/home/runner/work/shinariokanri/shinariokanri[39m
verify	Run npm test	2026-10-09T07:18:40.3072889Z 
verify	Run npm test	2026-10-09T07:18:41.9569022Z  [32m✓[39m tests/runtime.test.ts [2m([22m[2m35 tests[22m[2m)[22m[33m 570[2mms[22m[39m
verify	Run npm test	2026-10-09T07:18:41.9572903Z    [32m✓[39m pure reading runtime [2m(22)[22m
verify	Run npm test	2026-10-09T07:18:41.9574930Z      [33m[2m✓[22m[39m replays pinned evidence after saving and a full ZIP round trip regardless of object key order[33m 332[2mms[22m[39m
verify	Run npm test	2026-10-09T07:18:42.2687571Z [90mstderr[2m | src/storage/rb07Production.test.ts[2m > [22m[2mRB07 authored production workflow and complete recovery[2m > [22m[2mkeeps production input and material bytes across reopening; rejects damaged drafts and oversized/active attachments without touching saved author data
verify	Run npm test	2026-10-09T07:18:42.2722155Z [22m[39mAnother connection wants to delete database 'rb07-draft-83f8d212-5297-42f4-8cb0-c49fecda109d'. Closing db now to resume the delete request.
verify	Run npm test	2026-10-09T07:18:42.2733344Z 
verify	Run npm test	2026-10-09T07:18:42.8632393Z  [32m✓[39m src/storage/rb07Production.test.ts [2m([22m[2m22 tests[22m[2m)[22m[33m 1494[2mms[22m[39m
verify	Run npm test	2026-10-09T07:18:42.8634288Z    [32m✓[39m RB07 authored production workflow and complete recovery [2m(12)[22m
verify	Run npm test	2026-10-09T07:18:42.8636926Z      [33m[2m✓[22m[39m splits Unicode text with ruby, links and positional cue once; atomically retains old IDs, deliverables and immutable editions through empty/clone roundtrips[33m 583[2mms[22m[39m
verify	Run npm test	2026-10-09T07:18:43.5225824Z [90mstderr[2m | src/storage/storage.test.ts[2m > [22m[2matomic IndexedDB commands[2m > [22m[2mretains committed header order on a cold range read and refuses missing or foreign rows without changing durable data
verify	Run npm test	2026-10-09T07:18:43.5229434Z [22m[39mAnother connection wants to delete database 'range-integrity-57fd319e-324c-4dd8-975c-daf56d39938d'. Closing db now to resume the delete request.
verify	Run npm test	2026-10-09T07:18:43.5231642Z 
verify	Run npm test	2026-10-09T07:18:43.5233820Z [90mstderr[2m | src/storage/storage.test.ts[2m > [22m[2matomic IndexedDB commands[2m > [22m[2mretains committed header order on a cold range read and refuses missing or foreign rows without changing durable data
verify	Run npm test	2026-10-09T07:18:43.5239175Z [22m[39mAnother connection wants to delete database 'range-integrity-57fd319e-324c-4dd8-975c-daf56d39938d'. Closing db now to resume the delete request.
verify	Run npm test	2026-10-09T07:18:43.5240822Z 
verify	Run npm test	2026-10-09T07:18:43.6493751Z [90mstderr[2m | src/storage/storage.test.ts[2m > [22m[2matomic IndexedDB commands[2m > [22m[2mhydrates private cold rows without changing stored blocks, drafts or fixed snapshots
verify	Run npm test	2026-10-09T07:18:43.6512504Z [22m[39mAnother connection wants to delete database 'private-hydration-b082fdbb-a0c2-4119-8956-beceabf3314e'. Closing db now to resume the delete request.
verify	Run npm test	2026-10-09T07:18:43.6513718Z 
verify	Run npm test	2026-10-09T07:18:43.7477322Z [90mstderr[2m | src/storage/storage.test.ts[2m > [22m[2matomic IndexedDB commands[2m > [22m[2mpersists stable IDs, links, original text and huge negative ticks across restart; undo appends history
verify	Run npm test	2026-10-09T07:18:43.7480413Z [22m[39mAnother connection wants to delete database 'restart-bcba3cc4-105f-4e37-8db9-89c57bc10e84'. Closing db now to resume the delete request.
verify	Run npm test	2026-10-09T07:18:43.7496818Z 
verify	Run npm test	2026-10-09T07:18:44.2754625Z  [32m✓[39m src/domain/domain.test.ts [2m([22m[2m96 tests[22m[2m)[22m[33m 1966[2mms[22m[39m
verify	Run npm test	2026-10-09T07:18:44.2803125Z    [32m✓[39m versioned entity and reference contracts [2m(65)[22m
verify	Run npm test	2026-10-09T07:18:44.2823125Z      [33m[2m✓[22m[39m compiles the actual JSON Schema and accepts all-kind/condition/query fixtures while rejecting unknown payloads[33m 1573[2mms[22m[39m
verify	Run npm test	2026-10-09T07:18:44.8485724Z  [32m✓[39m src/storage/storage.test.ts [2m([22m[2m45 tests[22m[2m)[22m[33m 1582[2mms[22m[39m
verify	Run npm test	2026-10-09T07:18:45.7380583Z  [32m✓[39m tests/rb09Features.test.ts [2m([22m[2m27 tests[22m[2m)[22m[33m 1019[2mms[22m[39m
verify	Run npm test	2026-10-09T07:18:45.7383403Z    [33m[2m✓[22m[39m round-trips native confirmed base, prepared batch, history and raw original IDs into a cold new and clone recovery without automatically sending[33m 384[2mms[22m[39m
verify	Run npm test	2026-10-09T07:18:46.1700439Z  [32m✓[39m src/storage/rb08Handoff.test.ts [2m([22m[2m17 tests[22m[2m)[22m[33m 4810[2mms[22m[39m
verify	Run npm test	2026-10-09T07:18:46.1716210Z    [32m✓[39m RB08 production handoff and independent portable engine [2m(6)[22m
verify	Run npm test	2026-10-09T07:18:46.1719697Z      [33m[2m✓[22m[39m counts reference reuse once, independent clones separately, preserves route occurrences and atomically reloads speed/assumption/unknown estimates[33m 364[2mms[22m[39m
verify	Run npm test	2026-10-09T07:18:46.1722726Z      [33m[2m✓[22m[39m imports consultation text only into a sealed author alternative with source/edition and independent paragraph IDs, then roundtrips without applying canonical text[33m 559[2mms[22m[39m
verify	Run npm test	2026-10-09T07:18:46.1724688Z    [33m[2m✓[22m[39m receives explicit game-owned contracts and stable dialogue/asset IDs, verifies actual mechanics and replay, then atomically saves/reloads/empty-clones the receipt without executing a game from trials[33m 836[2mms[22m[39m
verify	Run npm test	2026-10-09T07:18:46.1726507Z    [33m[2m✓[22m[39m exports independently approved old citations with Unicode positions and distinct old/new asset bytes, verifies receipt, and empty-restores native policies[33m 1298[2mms[22m[39m
verify	Run npm test	2026-10-09T07:18:46.1728034Z    [33m[2m✓[22m[39m keeps an explicitly approved world citation on its verified old edition after adoption advances, and refuses absent hashes/cyclic approval[33m 787[2mms[22m[39m
verify	Run npm test	2026-10-09T07:18:46.5243675Z [90mstderr[2m | src/storage/authorAlternativesDurability.test.ts[2m > [22m[2mnative author alternative durability[2m > [22m[2mkeeps branch-only attachment bytes through save, close/reopen, full backup, and restore
verify	Run npm test	2026-10-09T07:18:46.5262565Z [22m[39mAnother connection wants to delete database 'alternative-asset-1a556a32-453e-4304-aa87-a18c356a505c'. Closing db now to resume the delete request.
verify	Run npm test	2026-10-09T07:18:46.5291101Z 
verify	Run npm test	2026-10-09T07:18:46.6831451Z  [32m✓[39m tests/sync.test.ts [2m([22m[2m40 tests[22m[2m)[22m[32m 283[2mms[22m[39m
verify	Run npm test	2026-10-09T07:18:47.2886023Z  [32m✓[39m tests/world.test.ts [2m([22m[2m17 tests[22m[2m)[22m[32m 102[2mms[22m[39m
verify	Run npm test	2026-10-09T07:18:48.1323258Z [90mstderr[2m | src/storage/authorAlternativesDurability.test.ts[2m > [22m[2mnative author alternative durability[2m > [22m[2mkeeps reference-valued adoption receipts valid through full backup, clone, reopen, and re-export
verify	Run npm test	2026-10-09T07:18:48.1327629Z [22m[39mAnother connection wants to delete database 'alternative-clone-4ae94be1-4eab-48a0-96f2-ed7b4bd26ab3'. Closing db now to resume the delete request.
verify	Run npm test	2026-10-09T07:18:48.1370957Z 
verify	Run npm test	2026-10-09T07:18:48.3119332Z [90mstderr[2m | src/storage/authorAlternativesDurability.test.ts[2m > [22m[2mnative author alternative durability[2m > [22m[2mrecords removed entities and relations as logically absent across native reopen and full backup
verify	Run npm test	2026-10-09T07:18:48.3163928Z [22m[39mAnother connection wants to delete database 'alternative-removal-f6e1f9ac-a00f-4ae1-9422-e04b0beace90'. Closing db now to resume the delete request.
verify	Run npm test	2026-10-09T07:18:48.3165468Z 
verify	Run npm test	2026-10-09T07:18:48.4982912Z  [32m✓[39m tests/exports.test.ts [2m([22m[2m21 tests[22m[2m)[22m[33m 2915[2mms[22m[39m
verify	Run npm test	2026-10-09T07:18:48.4984978Z    [32m✓[39m purpose-specific export [2m(21)[22m
verify	Run npm test	2026-10-09T07:18:48.4987900Z      [33m[2m✓[22m[39m runs the exported HTML in Chromium, renders active text safely, and restores the complete state[33m 1435[2mms[22m[39m
verify	Run npm test	2026-10-09T07:18:48.4990076Z      [33m[2m✓[22m[39m rolls back every exported effect when a later effect violates an integer bound[33m 956[2mms[22m[39m
verify	Run npm test	2026-10-09T07:18:48.5252195Z  [32m✓[39m src/storage/authorAlternativesDurability.test.ts [2m([22m[2m14 tests[22m[2m)[22m[33m 2370[2mms[22m[39m
verify	Run npm test	2026-10-09T07:18:48.5253696Z    [32m✓[39m native author alternative durability [2m(14)[22m
verify	Run npm test	2026-10-09T07:18:48.5254583Z      [33m[2m✓[22m[39m keeps branch-only attachment bytes through save, close/reopen, full backup, and restore[33m 367[2mms[22m[39m
verify	Run npm test	2026-10-09T07:18:48.5256505Z      [33m[2m✓[22m[39m merges new alternative IDs without dropping destination branches and blocks same-ID replacement[33m 348[2mms[22m[39m
verify	Run npm test	2026-10-09T07:18:48.5258567Z      [33m[2m✓[22m[39m keeps reference-valued adoption receipts valid through full backup, clone, reopen, and re-export[33m 960[2mms[22m[39m
verify	Run npm test	2026-10-09T07:18:48.8689513Z  [32m✓[39m src/domain/writingWorkspace.test.ts [2m([22m[2m11 tests[22m[2m)[22m[32m 80[2mms[22m[39m
verify	Run npm test	2026-10-09T07:18:49.3278942Z  [32m✓[39m tests/textEditing.test.ts [2m([22m[2m17 tests[22m[2m)[22m[32m 162[2mms[22m[39m
verify	Run npm test	2026-10-09T07:18:49.5626680Z  [32m✓[39m tests/runtime-regressions.test.ts [2m([22m[2m26 tests[22m[2m)[22m[33m 361[2mms[22m[39m
verify	Run npm test	2026-10-09T07:18:50.0953130Z  [32m✓[39m tests/templates.test.ts [2m([22m[2m34 tests[22m[2m)[22m[33m 356[2mms[22m[39m
verify	Run npm test	2026-10-09T07:18:50.3702708Z  [32m✓[39m tests/projection.test.ts [2m([22m[2m14 tests[22m[2m)[22m[32m 52[2mms[22m[39m
verify	Run npm test	2026-10-09T07:18:50.4493315Z [90mstderr[2m | src/storage/performance.test.ts[2m > [22m[2mR06 changed-record saves and portable recovery[2m > [22m[2mloads current editing rows after restart without reading history; retains all history on save/export/empty recovery
verify	Run npm test	2026-10-09T07:18:50.4496688Z [22m[39mAnother connection wants to delete database 'lazy-c9dcd9aa-786a-4290-9e02-b0d7adc13613'. Closing db now to resume the delete request.
verify	Run npm test	2026-10-09T07:18:50.4498068Z 
verify	Run npm test	2026-10-09T07:18:50.8481451Z [90mstderr[2m | src/storage/performance.test.ts[2m > [22m[2mR06 changed-record saves and portable recovery[2m > [22m[2mretains checkpoints, old revisions and undo across more than 64 compact commands
verify	Run npm test	2026-10-09T07:18:50.8502604Z [22m[39mAnother connection wants to delete database 'checkpoints-fa3e0448-1879-4671-838d-ec1bf0f9d850'. Closing db now to resume the delete request.
verify	Run npm test	2026-10-09T07:18:50.8509224Z 
verify	Run npm test	2026-10-09T07:18:50.8853193Z [90mstderr[2m | src/storage/performance.test.ts[2m > [22m[2mR06 changed-record saves and portable recovery[2m > [22m[2mrejects stale editing tokens, replaced tokens and tampered full history without committing
verify	Run npm test	2026-10-09T07:18:50.8862430Z [22m[39mAnother connection wants to delete database 'tokens-68ffee7a-97a4-4094-a665-34740e1ed978'. Closing db now to resume the delete request.
verify	Run npm test	2026-10-09T07:18:50.8863731Z 
verify	Run npm test	2026-10-09T07:18:50.9957000Z [90mstderr[2m | src/storage/performance.test.ts[2m > [22m[2mR06 changed-record saves and portable recovery[2m > [22m[2mpreserves an imported revision-zero header in the first compact edit, including after restart
verify	Run npm test	2026-10-09T07:18:50.9962106Z [22m[39mAnother connection wants to delete database 'import-zero-a103ef19-059c-426a-ad7f-b822948874d7'. Closing db now to resume the delete request.
verify	Run npm test	2026-10-09T07:18:50.9963542Z 
verify	Run npm test	2026-10-09T07:18:51.3648490Z  [32m✓[39m tests/rb05-reuse.test.ts [2m([22m[2m7 tests[22m[2m)[22m[33m 595[2mms[22m[39m
verify	Run npm test	2026-10-09T07:18:51.4423635Z [90mstderr[2m | src/storage/performance.test.ts[2m > [22m[2mR06 changed-record saves and portable recovery[2m > [22m[2mreads legacy v1 full rows/outbox and replays original hashes before adding new deltas
verify	Run npm test	2026-10-09T07:18:51.4428546Z [22m[39mAnother connection wants to delete database 'legacy-b599aca4-589b-4e71-ab0c-d8890054e6d1'. Closing db now to resume the delete request.
verify	Run npm test	2026-10-09T07:18:51.4430091Z 
verify	Run npm test	2026-10-09T07:18:51.4885982Z [90mstderr[2m | src/storage/performance.test.ts[2m > [22m[2mR06 changed-record saves and portable recovery[2m > [22m[2mrejects a missing delta base and duplicate immutable snapshot IDs
verify	Run npm test	2026-10-09T07:18:51.4887306Z  [32m✓[39m src/storage/performance.test.ts [2m([22m[2m11 tests[22m[2m)[22m[33m 1567[2mms[22m[39m
verify	Run npm test	2026-10-09T07:18:51.4888440Z    [32m✓[39m R06 changed-record saves and portable recovery [2m(11)[22m
verify	Run npm test	2026-10-09T07:18:51.4889510Z      [33m[2m✓[22m[39m retains checkpoints, old revisions and undo across more than 64 compact commands[33m 398[2mms[22m[39m
verify	Run npm test	2026-10-09T07:18:51.4891469Z      [33m[2m✓[22m[39m remaps live entity/relation anchors on single text restore while retaining pinned emoji positions and archive recovery[33m 362[2mms[22m[39m
verify	Run npm test	2026-10-09T07:18:51.4894131Z [22m[39mAnother connection wants to delete database 'corrupt-1e4fa214-909c-4b0b-aefe-2287f7c637a3'. Closing db now to resume the delete request.
verify	Run npm test	2026-10-09T07:18:51.4902358Z 
verify	Run npm test	2026-10-09T07:18:52.0323614Z  [32m✓[39m src/ui/StructuredDataField.test.ts [2m([22m[2m11 tests[22m[2m)[22m[32m 219[2mms[22m[39m
verify	Run npm test	2026-10-09T07:18:52.1452202Z  [32m✓[39m tests/rb05-reviewed-regressions.test.ts [2m([22m[2m9 tests[22m[2m)[22m[33m 371[2mms[22m[39m
verify	Run npm test	2026-10-09T07:18:52.3556572Z  [32m✓[39m src/domain/maintenance.test.ts [2m([22m[2m5 tests[22m[2m)[22m[32m 97[2mms[22m[39m
verify	Run npm test	2026-10-09T07:18:52.8039514Z  [32m✓[39m tests/rb05-narrative-boundaries.test.ts [2m([22m[2m14 tests[22m[2m)[22m[32m 173[2mms[22m[39m
verify	Run npm test	2026-10-09T07:18:52.8642117Z  [32m✓[39m tests/rb05-reuse-boundaries.test.ts [2m([22m[2m11 tests[22m[2m)[22m[33m 366[2mms[22m[39m
verify	Run npm test	2026-10-09T07:18:53.3327284Z  [32m✓[39m tests/timeEditing.test.ts [2m([22m[2m11 tests[22m[2m)[22m[32m 246[2mms[22m[39m
verify	Run npm test	2026-10-09T07:18:54.0222459Z  [32m✓[39m tests/rb05-edition-extra.test.ts [2m([22m[2m9 tests[22m[2m)[22m[33m 839[2mms[22m[39m
verify	Run npm test	2026-10-09T07:18:54.2905652Z  [32m✓[39m tests/rb05-reconfirmation.test.ts [2m([22m[2m7 tests[22m[2m)[22m[33m 528[2mms[22m[39m
verify	Run npm test	2026-10-09T07:18:54.3533991Z  [32m✓[39m tests/review-runtime-regressions.test.ts [2m([22m[2m10 tests[22m[2m)[22m[32m 65[2mms[22m[39m
verify	Run npm test	2026-10-09T07:18:54.5868736Z  [32m✓[39m src/domain/catalog.test.ts [2m([22m[2m10 tests[22m[2m)[22m[32m 24[2mms[22m[39m
verify	Run npm test	2026-10-09T07:18:55.1567480Z  [32m✓[39m tests/rb05-persistence-boundaries.test.ts [2m([22m[2m9 tests[22m[2m)[22m[32m 236[2mms[22m[39m
verify	Run npm test	2026-10-09T07:18:55.3112740Z  [32m✓[39m src/storage/worldPins.test.ts [2m([22m[2m8 tests[22m[2m)[22m[33m 641[2mms[22m[39m
verify	Run npm test	2026-10-09T07:18:55.8598502Z  [32m✓[39m tests/rb05-structure-reading.test.ts [2m([22m[2m6 tests[22m[2m)[22m[33m 316[2mms[22m[39m
verify	Run npm test	2026-10-09T07:18:55.9524808Z  [32m✓[39m tests/rb05-edition-boundaries.test.ts [2m([22m[2m6 tests[22m[2m)[22m[33m 338[2mms[22m[39m
verify	Run npm test	2026-10-09T07:18:56.0684690Z [90mstderr[2m | src/storage/rb06Recovery.test.ts[2m > [22m[2mRB06 complete recovery and arbitrary historical selection[2m > [22m[2mretains native file and mapping drafts across restart, and freezes migration restore-point approval
verify	Run npm test	2026-10-09T07:18:56.0686402Z [22m[39mAnother connection wants to delete database 'draft-11750a71-7864-42b3-8208-585a2928929e'. Closing db now to resume the delete request.
verify	Run npm test	2026-10-09T07:18:56.0687198Z 
verify	Run npm test	2026-10-09T07:18:56.1258093Z [90mstderr[2m | src/storage/rb06Recovery.test.ts[2m > [22m[2mRB06 complete recovery and arbitrary historical selection[2m > [22m[2mupgrades a v1 database with genuine old native content by appending operational tables without changing saved IDs or replay
verify	Run npm test	2026-10-09T07:18:56.1261643Z [22m[39mAnother connection wants to delete database 'v1-upgrade-88414308-e2ce-4fbb-94d3-efcf8f1953c9'. Closing db now to resume the delete request.
verify	Run npm test	2026-10-09T07:18:56.1263475Z 
verify	Run npm test	2026-10-09T07:18:56.1268414Z  [32m✓[39m src/storage/rb06Recovery.test.ts [2m([22m[2m13 tests[22m[2m)[22m[33m 8366[2mms[22m[39m
verify	Run npm test	2026-10-09T07:18:56.1273953Z    [32m✓[39m RB06 complete recovery and arbitrary historical selection [2m(13)[22m
verify	Run npm test	2026-10-09T07:18:56.1276034Z      [33m[2m✓[22m[39m preserves a declared item ID shared with runtime inventories through enumeration and clone recovery[33m 1477[2mms[22m[39m
verify	Run npm test	2026-10-09T07:18:56.1278521Z      [33m[2m✓[22m[39m selects history older than fifty, distinguishes unit from whole, freezes approval and retains immutable editions[33m 1187[2mms[22m[39m
verify	Run npm test	2026-10-09T07:18:56.1281277Z      [33m[2m✓[22m[39m atomically maps all source IDs into another project while preserving source timelines and portable pending origins[33m 456[2mms[22m[39m
verify	Run npm test	2026-10-09T07:18:56.1283822Z      [33m[2m✓[22m[39m restores every kind, stable body IDs, selected immutable edition, transitive worlds, author receipts, bytes and ordered pending to empty and clone environments[33m 4394[2mms[22m[39m
verify	Run npm test	2026-10-09T07:18:56.2492114Z  [32m✓[39m src/domain/changeReviews.test.ts [2m([22m[2m6 tests[22m[2m)[22m[32m 105[2mms[22m[39m
verify	Run npm test	2026-10-09T07:18:56.5594084Z  [32m✓[39m tests/rb05-narrative.test.ts [2m([22m[2m6 tests[22m[2m)[22m[32m 82[2mms[22m[39m
verify	Run npm test	2026-10-09T07:18:56.5701940Z  [32m✓[39m tests/rb05-native-roundtrip.test.ts [2m([22m[2m4 tests[22m[2m)[22m[32m 296[2mms[22m[39m
verify	Run npm test	2026-10-09T07:18:56.7453719Z [90mstderr[2m | src/storage/rb09Sync.test.ts[2m > [22m[2mnative prepared synchronization (contract server, not real Auth/RLS/Storage)[2m > [22m[2mprepares from confirmed common base rather than the last local command, merges separate fields, persists ack and reopens the same native edition
verify	Run npm test	2026-10-09T07:18:56.7457497Z [22m[39mAnother connection wants to delete database 'rb09-51f7bd28-bf11-479e-baf2-1a858ad63017'. Closing db now to resume the delete request.
verify	Run npm test	2026-10-09T07:18:56.7459010Z 
verify	Run npm test	2026-10-09T07:18:56.9152941Z  [32m✓[39m tests/presentation.test.ts [2m([22m[2m13 tests[22m[2m)[22m[32m 112[2mms[22m[39m
verify	Run npm test	2026-10-09T07:18:57.0344227Z [90mstderr[2m | src/storage/rb09Sync.test.ts[2m > [22m[2mnative prepared synchronization (contract server, not real Auth/RLS/Storage)[2m > [22m[2mkeeps the entire rejected batch and base/local/server alternatives across cold reopen, rejects changed approval, and confirms an explicit server resolution
verify	Run npm test	2026-10-09T07:18:57.0352328Z [22m[39mAnother connection wants to delete database 'rb09-e97798a8-6344-4113-9e9d-137d972e9991'. Closing db now to resume the delete request.
verify	Run npm test	2026-10-09T07:18:57.0371402Z 
verify	Run npm test	2026-10-09T07:18:57.1787010Z  [32m✓[39m src/domain/linkCandidates.test.ts [2m([22m[2m7 tests[22m[2m)[22m[32m 42[2mms[22m[39m
verify	Run npm test	2026-10-09T07:18:57.1937250Z  [32m✓[39m src/storage/rb09Sync.test.ts [2m([22m[2m5 tests[22m[2m)[22m[33m 722[2mms[22m[39m
verify	Run npm test	2026-10-09T07:18:57.5004223Z  [32m✓[39m tests/rb05-state-exploration.test.ts [2m([22m[2m5 tests[22m[2m)[22m[32m 83[2mms[22m[39m
verify	Run npm test	2026-10-09T07:18:57.5853804Z [90mstderr[2m | src/storage/flowWorldDurability.test.ts[2m > [22m[2mRV04 exact fixed world across native save, restore and clone (fake IndexedDB)[2m > [22m[2mkeeps gate, borrowed values, saved replay and hashes tied to the old edition after world revision
verify	Run npm test	2026-10-09T07:18:57.5862082Z [22m[39mAnother connection wants to delete database 'flow-world-afbb90b2-0764-4afd-afb4-ff76b4833f44'. Closing db now to resume the delete request.
verify	Run npm test	2026-10-09T07:18:57.5863273Z 
verify	Run npm test	2026-10-09T07:18:57.5865849Z  [32m✓[39m src/storage/flowWorldDurability.test.ts [2m([22m[2m2 tests[22m[2m)[22m[33m 624[2mms[22m[39m
verify	Run npm test	2026-10-09T07:18:57.5867603Z    [32m✓[39m RV04 exact fixed world across native save, restore and clone (fake IndexedDB) [2m(2)[22m
verify	Run npm test	2026-10-09T07:18:57.5888533Z      [33m[2m✓[22m[39m keeps gate, borrowed values, saved replay and hashes tied to the old edition after world revision[33m 425[2mms[22m[39m
verify	Run npm test	2026-10-09T07:18:57.7466629Z [90mstderr[2m | src/storage/cacheConcurrency.test.ts[2m > [22m[2mdoes not repopulate caches when an initial uncached read resumes after close
verify	Run npm test	2026-10-09T07:18:57.7469574Z [22m[39mAnother connection wants to delete database 'cache-close-cff58df3-cce3-4a5c-a4f3-6350cf819054'. Closing db now to resume the delete request.
verify	Run npm test	2026-10-09T07:18:57.7471265Z 
verify	Run npm test	2026-10-09T07:18:57.8064123Z  [32m✓[39m src/ui/viewPreferences.test.ts [2m([22m[2m8 tests[22m[2m)[22m[32m 13[2mms[22m[39m
verify	Run npm test	2026-10-09T07:18:57.8297340Z  [32m✓[39m src/storage/cacheConcurrency.test.ts [2m([22m[2m4 tests[22m[2m)[22m[32m 290[2mms[22m[39m
verify	Run npm test	2026-10-09T07:18:58.0207327Z  [32m✓[39m src/domain/publicCatalog.test.ts [2m([22m[2m2 tests[22m[2m)[22m[32m 16[2mms[22m[39m
verify	Run npm test	2026-10-09T07:18:58.8275159Z [90mstderr[2m | src/storage/rb10Reviews.test.ts[2m > [22m[2mAT-F29 preserves the original version, Unicode quotation and production task through failure, deletion, stages, cold reload and complete clone restoration
verify	Run npm test	2026-10-09T07:18:58.8283258Z [22m[39mAnother connection wants to delete database 'rb10-review-1591b08a-71fd-4f00-9004-7e447ee9ac03'. Closing db now to resume the delete request.
verify	Run npm test	2026-10-09T07:18:58.8284727Z 
verify	Run npm test	2026-10-09T07:18:58.8551740Z  [32m✓[39m src/storage/rb10Reviews.test.ts [2m([22m[2m3 tests[22m[2m)[22m[33m 473[2mms[22m[39m
verify	Run npm test	2026-10-09T07:18:58.8582782Z    [33m[2m✓[22m[39m AT-F29 preserves the original version, Unicode quotation and production task through failure, deletion, stages, cold reload and complete clone restoration[33m 447[2mms[22m[39m
verify	Run npm test	2026-10-09T07:18:59.5453460Z [90mstderr[2m | src/storage/authorAlternativeAdoptionGuard.test.ts[2m > [22m[2mrejects unrelated adoption content and forged generated-review metadata atomically, then persists the exact derived review
verify	Run npm test	2026-10-09T07:18:59.5456933Z [22m[39mAnother connection wants to delete database 'independent-adoption-guard-7a7132eb-91af-4932-bcf3-dc6e16aa98ef'. Closing db now to resume the delete request.
verify	Run npm test	2026-10-09T07:18:59.5458709Z 
verify	Run npm test	2026-10-09T07:18:59.5475673Z  [32m✓[39m src/storage/authorAlternativeAdoptionGuard.test.ts [2m([22m[2m1 test[22m[2m)[22m[33m 381[2mms[22m[39m
verify	Run npm test	2026-10-09T07:18:59.5478152Z    [33m[2m✓[22m[39m rejects unrelated adoption content and forged generated-review metadata atomically, then persists the exact derived review[33m 380[2mms[22m[39m
verify	Run npm test	2026-10-09T07:18:59.8605144Z  [32m✓[39m src/storage/recordParts.test.ts [2m([22m[2m6 tests[22m[2m)[22m[33m 2076[2mms[22m[39m
verify	Run npm test	2026-10-09T07:18:59.8651530Z    [33m[2m✓[22m[39m refuses missing, altered, wrong-scope and repeated parts, cyclic graphs, sparse arrays and cancelled work[33m 1892[2mms[22m[39m
verify	Run npm test	2026-10-09T07:19:00.1460518Z  [32m✓[39m src/storage/rb10Diagnostics.test.ts [2m([22m[2m4 tests[22m[2m)[22m[32m 238[2mms[22m[39m
verify	Run npm test	2026-10-09T07:19:00.3895066Z  [32m✓[39m src/domain/authorAlternativeIntegrity.test.ts [2m([22m[2m3 tests[22m[2m)[22m[32m 51[2mms[22m[39m
verify	Run npm test	2026-10-09T07:19:00.8600969Z  [32m✓[39m tests/conditionEditing.test.ts [2m([22m[2m6 tests[22m[2m)[22m[32m 107[2mms[22m[39m
verify	Run npm test	2026-10-09T07:19:01.0652495Z  [32m✓[39m src/domain/catalogEdits.test.ts [2m([22m[2m4 tests[22m[2m)[22m[32m 24[2mms[22m[39m
verify	Run npm test	2026-10-09T07:19:02.4134496Z  [32m✓[39m src/domain/catalogPerformance.test.ts [2m([22m[2m4 tests[22m[2m)[22m[33m 1158[2mms[22m[39m
verify	Run npm test	2026-10-09T07:19:02.4171369Z    [32m✓[39m catalog batch evaluation cost and dependencies [2m(4)[22m
verify	Run npm test	2026-10-09T07:19:02.4211793Z      [33m[2m✓[22m[39m reads Standard records at most twice for production, foreshadow, participant and compound queries[33m 683[2mms[22m[39m
verify	Run npm test	2026-10-09T07:19:02.4241357Z      [33m[2m✓[22m[39m uses the same linear batch path for a saved dynamic collection[33m 470[2mms[22m[39m
verify	Run npm test	2026-10-09T07:19:02.5488646Z  [32m✓[39m tests/timelineLayout.test.ts [2m([22m[2m5 tests[22m[2m)[22m[33m 2445[2mms[22m[39m
verify	Run npm test	2026-10-09T07:19:02.5490649Z    [32m✓[39m timeline lanes preserve references and all overlapping events [2m(5)[22m
verify	Run npm test	2026-10-09T07:19:02.5492015Z      [33m[2m✓[22m[39m represents every resolved ID in the large seeded fixture and every ID is reachable in virtual windows[33m 2118[2mms[22m[39m
verify	Run npm test	2026-10-09T07:19:02.7060140Z  [32m✓[39m src/storage/recordDictionary.test.ts [2m([22m[2m4 tests[22m[2m)[22m[32m 26[2mms[22m[39m
verify	Run npm test	2026-10-09T07:19:02.9600139Z  [32m✓[39m tests/reader-fallback.test.ts [2m([22m[2m5 tests[22m[2m)[22m[32m 31[2mms[22m[39m
verify	Run npm test	2026-10-09T07:19:03.0520531Z  [32m✓[39m src/ui/SnapshotAnchorPreview.test.ts [2m([22m[2m2 tests[22m[2m)[22m[32m 54[2mms[22m[39m
verify	Run npm test	2026-10-09T07:19:03.2778162Z  [32m✓[39m src/domain/referenceChoices.test.ts [2m([22m[2m3 tests[22m[2m)[22m[32m 27[2mms[22m[39m
verify	Run npm test	2026-10-09T07:19:03.3192598Z  [32m✓[39m src/ui/referenceIndex.test.ts [2m([22m[2m3 tests[22m[2m)[22m[32m 145[2mms[22m[39m
verify	Run npm test	2026-10-09T07:19:03.8951215Z  [32m✓[39m src/ui/WritingWorkspace.test.ts [2m([22m[2m3 tests[22m[2m)[22m[32m 53[2mms[22m[39m
verify	Run npm test	2026-10-09T07:19:03.8964589Z  [32m✓[39m src/storage/rb05StateDurability.test.ts [2m([22m[2m1 test[22m[2m)[22m[32m 257[2mms[22m[39m
verify	Run npm test	2026-10-09T07:19:04.1045029Z  [32m✓[39m tests/editorNavigation.test.ts [2m([22m[2m5 tests[22m[2m)[22m[32m 12[2mms[22m[39m
verify	Run npm test	2026-10-09T07:19:04.5647542Z  [32m✓[39m src/ui/Fields.test.ts [2m([22m[2m3 tests[22m[2m)[22m[32m 58[2mms[22m[39m
verify	Run npm test	2026-10-09T07:19:04.7852543Z  [32m✓[39m tests/production.test.ts [2m([22m[2m3 tests[22m[2m)[22m[32m 27[2mms[22m[39m
verify	Run npm test	2026-10-09T07:19:05.0191681Z  [32m✓[39m src/domain/notes.test.ts [2m([22m[2m5 tests[22m[2m)[22m[32m 31[2mms[22m[39m
verify	Run npm test	2026-10-09T07:19:05.4911111Z  [32m✓[39m src/ui/AuthorAlternativeDraft.test.ts [2m([22m[2m2 tests[22m[2m)[22m[32m 7[2mms[22m[39m
verify	Run npm test	2026-10-09T07:19:05.8244860Z  [32m✓[39m tests/rb05-reuse-nested.test.ts [2m([22m[2m1 test[22m[2m)[22m[32m 97[2mms[22m[39m
verify	Run npm test	2026-10-09T07:19:06.1337830Z  [32m✓[39m tests/readingExportOrder.test.ts [2m([22m[2m1 test[22m[2m)[22m[32m 62[2mms[22m[39m
verify	Run npm test	2026-10-09T07:19:06.3985022Z  [32m✓[39m tests/rb05-reuse-hierarchy.test.ts [2m([22m[2m1 test[22m[2m)[22m[32m 58[2mms[22m[39m
verify	Run npm test	2026-10-09T07:19:06.6309341Z  [32m✓[39m tests/stateMeaning.test.ts [2m([22m[2m1 test[22m[2m)[22m[32m 27[2mms[22m[39m
verify	Run npm test	2026-10-09T07:19:06.8091510Z  [32m✓[39m src/ui/structuredNumberDrafts.test.ts [2m([22m[2m3 tests[22m[2m)[22m[32m 7[2mms[22m[39m
verify	Run npm test	2026-10-09T07:19:07.2162025Z  [32m✓[39m src/ui/TextAnnotations.test.ts [2m([22m[2m1 test[22m[2m)[22m[32m 38[2mms[22m[39m
verify	Run npm test	2026-10-09T07:19:07.4573137Z  [32m✓[39m src/ui/draftState.test.ts [2m([22m[2m2 tests[22m[2m)[22m[32m 12[2mms[22m[39m
verify	Run npm test	2026-10-09T07:19:07.6422273Z  [32m✓[39m tests/editorState.test.ts [2m([22m[2m2 tests[22m[2m)[22m[32m 7[2mms[22m[39m
verify	Run npm test	2026-10-09T07:19:07.8598579Z  [32m✓[39m src/domain/catalogPositions.test.ts [2m([22m[2m3 tests[22m[2m)[22m[32m 14[2mms[22m[39m
verify	Run npm test	2026-10-09T07:19:08.0508001Z  [32m✓[39m src/ui/linkCandidatePreferences.test.ts [2m([22m[2m2 tests[22m[2m)[22m[32m 7[2mms[22m[39m
verify	Run npm test	2026-10-09T07:19:08.2689722Z  [32m✓[39m tests/maintenance.test.ts [2m([22m[2m1 test[22m[2m)[22m[32m 22[2mms[22m[39m
verify	Run npm test	2026-10-09T07:19:08.4543608Z  [32m✓[39m src/storage/jsonValidation.test.ts [2m([22m[2m2 tests[22m[2m)[22m[32m 7[2mms[22m[39m
verify	Run npm test	2026-10-09T07:19:08.7052985Z  [32m✓[39m src/domain/worldSources.test.ts [2m([22m[2m2 tests[22m[2m)[22m[32m 12[2mms[22m[39m
verify	Run npm test	2026-10-09T07:19:08.8855513Z  [32m✓[39m tests/attachments.test.ts [2m([22m[2m3 tests[22m[2m)[22m[32m 14[2mms[22m[39m
verify	Run npm test	2026-10-09T07:19:09.0368057Z  [32m✓[39m tests/diagnostics.test.ts [2m([22m[2m1 test[22m[2m)[22m[32m 5[2mms[22m[39m
verify	Run npm test	2026-10-09T07:19:10.2604166Z  [32m✓[39m tests/timeResolver.test.ts [2m([22m[2m5 tests[22m[2m)[22m[33m 12124[2mms[22m[39m
verify	Run npm test	2026-10-09T07:19:10.2605796Z    [32m✓[39m canonical iterative time resolution [2m(5)[22m
verify	Run npm test	2026-10-09T07:19:10.2607190Z      [33m[2m✓[22m[39m validates, saves, reloads and restores a real 5,001-event relative chain[33m 12118[2mms[22m[39m
verify	Run npm test	2026-10-09T07:21:28.0772072Z  [32m✓[39m tests/performanceFixture.test.ts [2m([22m[2m2 tests[22m[2m)[22m[33m 143906[2mms[22m[39m
verify	Run npm test	2026-10-09T07:21:28.0801053Z    [32m✓[39m performance dataset provenance [2m(2)[22m
verify	Run npm test	2026-10-09T07:21:28.0831497Z      [33m[2m✓[22m[39m produces a deterministic, populated standard fixture with explicit unmeasured asset bytes[33m 377[2mms[22m[39m
verify	Run npm test	2026-10-09T07:21:28.0842650Z      [33m[2m✓[22m[39m includes actual bounded Large materials and restores every byte from a complete file[33m 143526[2mms[22m[39m
verify	Run npm test	2026-10-09T07:21:28.0846437Z 
verify	Run npm test	2026-10-09T07:21:28.0871225Z [2m Test Files [22m [1m[32m81 passed[39m[22m[90m (81)[39m
verify	Run npm test	2026-10-09T07:21:28.0872502Z [2m      Tests [22m [1m[32m763 passed[39m[22m[90m (763)[39m
verify	Run npm test	2026-10-09T07:21:28.0873453Z [2m   Start at [22m 07:18:40
verify	Run npm test	2026-10-09T07:21:28.0874653Z [2m   Duration [22m 167.76s[2m (tests 93%, import 5%, transform 2%)[22m
verify	Run npm test	2026-10-09T07:21:28.0883590Z 
verify	Run npm run build	﻿2026-10-09T07:21:28.2278462Z ##[group]Run npm run build
verify	Run npm run build	2026-10-09T07:21:28.2278769Z [36;1mnpm run build[0m
verify	Run npm run build	2026-10-09T07:21:28.2340734Z shell: /usr/bin/bash -e {0}
verify	Run npm run build	2026-10-09T07:21:28.2341010Z env:
verify	Run npm run build	2026-10-09T07:21:28.2341378Z   CHROMIUM_PATH: /home/runner/.cache/ms-playwright/chromium-1243/chrome-linux64/chrome
verify	Run npm run build	2026-10-09T07:21:28.2341827Z ##[endgroup]
verify	Run npm run build	2026-10-09T07:21:28.3344550Z 
verify	Run npm run build	2026-10-09T07:21:28.3345424Z > shinariokanri@0.1.0 prebuild
verify	Run npm run build	2026-10-09T07:21:28.3346009Z > node scripts/build/portable-runtime.mjs
verify	Run npm run build	2026-10-09T07:21:28.3346304Z 
verify	Run npm run build	2026-10-09T07:21:28.4491970Z Production portable runtime generated: 144514 characters
verify	Run npm run build	2026-10-09T07:21:28.5025217Z 
verify	Run npm run build	2026-10-09T07:21:28.5025941Z > shinariokanri@0.1.0 build
verify	Run npm run build	2026-10-09T07:21:28.5026834Z > tsc -b && vite build && node scripts/build/service-worker.mjs
verify	Run npm run build	2026-10-09T07:21:28.5027301Z 
verify	Run npm run build	2026-10-09T07:21:31.1105656Z [36mvite v8.3.2 [32mbuilding client environment for production...[36m[39m
verify	Run npm run build	2026-10-09T07:21:31.1203867Z transforming...
verify	Run npm run build	2026-10-09T07:21:31.4968000Z ✓ 188 modules transformed.
verify	Run npm run build	2026-10-09T07:21:31.5743825Z rendering chunks...
verify	Run npm run build	2026-10-09T07:21:31.8023431Z computing gzip size...
verify	Run npm run build	2026-10-09T07:21:31.8293172Z dist/index.html                                    0.65 kB │ gzip:   0.44 kB
verify	Run npm run build	2026-10-09T07:21:31.8294205Z dist/assets/recordParts.worker-T_qEKL4N.js         8.33 kB
verify	Run npm run build	2026-10-09T07:21:31.8295084Z dist/assets/readValidation.worker-ml078vLf.js    283.35 kB
verify	Run npm run build	2026-10-09T07:21:31.8296389Z dist/assets/archiveExport.worker-BGcKFGSj.js     318.30 kB
verify	Run npm run build	2026-10-09T07:21:31.8297271Z dist/assets/archive.worker-Db8yCkQz.js           322.55 kB
verify	Run npm run build	2026-10-09T07:21:31.8298396Z dist/assets/index-sh31W3vc.css                    76.06 kB │ gzip:  15.11 kB
verify	Run npm run build	2026-10-09T07:21:31.8299688Z dist/assets/presentation-p0FcZTIj.js             213.26 kB │ gzip:  66.30 kB
verify	Run npm run build	2026-10-09T07:21:31.8301268Z dist/assets/index-Ck-fSMM5.js                  1,822.58 kB │ gzip: 537.58 kB
verify	Run npm run build	2026-10-09T07:21:31.8301838Z 
verify	Run npm run build	2026-10-09T07:21:31.8304083Z [33m[33m[INEFFECTIVE_DYNAMIC_IMPORT] [0msrc/sync/publicShare.ts is dynamically imported by src/storage/store.ts but also statically imported by src/ui/SharedPortal.tsx, dynamic import will not move module into another chunk.
verify	Run npm run build	2026-10-09T07:21:31.8305893Z [39m
verify	Run npm run build	2026-10-09T07:21:31.8306396Z [33m[plugin builtin:vite-reporter] 
verify	Run npm run build	2026-10-09T07:21:31.8307118Z (!) Some chunks are larger than 500 kB after minification. Consider:
verify	Run npm run build	2026-10-09T07:21:31.8307884Z - Using dynamic import() to code-split the application
verify	Run npm run build	2026-10-09T07:21:31.8309239Z - Use build.rolldownOptions.output.codeSplitting to improve chunking: https://rolldown.rs/reference/OutputOptions.codeSplitting
verify	Run npm run build	2026-10-09T07:21:31.8310633Z - Adjust chunk size limit for this warning via build.chunkSizeWarningLimit.[39m
verify	Run npm run build	2026-10-09T07:21:31.8314255Z [33m[33m[INEFFECTIVE_DYNAMIC_IMPORT] [0msrc/domain/runtime.ts is dynamically imported by src/domain/projectRecordValidation.ts but also statically imported by src/domain/gameProtocol.ts, src/domain/runtimeVerified.ts, src/domain/traceReconfirmation.ts, src/ui/Reader.tsx, dynamic import will not move module into another chunk.
verify	Run npm run build	2026-10-09T07:21:31.8316714Z [39m
verify	Run npm run build	2026-10-09T07:21:31.8320043Z [33m[33m[INEFFECTIVE_DYNAMIC_IMPORT] [0msrc/domain/runtimeVerified.ts is dynamically imported by src/domain/checkpoints.ts but also statically imported by src/domain/gameProtocol.ts, src/domain/productionPlanning.ts, src/domain/traceReconfirmation.ts, src/ui/ProductionReviewPanel.tsx, src/ui/Reader.tsx, dynamic import will not move module into another chunk.
verify	Run npm run build	2026-10-09T07:21:31.8322933Z [39m
verify	Run npm run build	2026-10-09T07:21:31.8325220Z [33m[33m[INEFFECTIVE_DYNAMIC_IMPORT] [0msrc/domain/gameProtocol.ts is dynamically imported by src/domain/projectRecordValidation.ts but also statically imported by src/domain/gameHandoff.ts, dynamic import will not move module into another chunk.
verify	Run npm run build	2026-10-09T07:21:31.8327001Z [39m
verify	Run npm run build	2026-10-09T07:21:31.8327484Z [32m✓ built in 720ms[39m
verify	Run npm run build	2026-10-09T07:21:31.9247503Z Offline shell generated: be879b2428d83c1519e3, /shinariokanri/
verify	Run BROWSER_ENGINES=all npm run test:e2e	﻿2026-10-09T07:21:31.9389748Z ##[group]Run BROWSER_ENGINES=all npm run test:e2e
verify	Run BROWSER_ENGINES=all npm run test:e2e	2026-10-09T07:21:31.9390668Z [36;1mBROWSER_ENGINES=all npm run test:e2e[0m
verify	Run BROWSER_ENGINES=all npm run test:e2e	2026-10-09T07:21:31.9452763Z shell: /usr/bin/bash -e {0}
verify	Run BROWSER_ENGINES=all npm run test:e2e	2026-10-09T07:21:31.9453026Z env:
verify	Run BROWSER_ENGINES=all npm run test:e2e	2026-10-09T07:21:31.9453399Z   CHROMIUM_PATH: /home/runner/.cache/ms-playwright/chromium-1243/chrome-linux64/chrome
verify	Run BROWSER_ENGINES=all npm run test:e2e	2026-10-09T07:21:31.9453896Z ##[endgroup]
verify	Run BROWSER_ENGINES=all npm run test:e2e	2026-10-09T07:21:32.0467749Z 
verify	Run BROWSER_ENGINES=all npm run test:e2e	2026-10-09T07:21:32.0468400Z > shinariokanri@0.1.0 test:e2e
verify	Run BROWSER_ENGINES=all npm run test:e2e	2026-10-09T07:21:32.0469015Z > playwright test
verify	Run BROWSER_ENGINES=all npm run test:e2e	2026-10-09T07:21:32.0469347Z 
verify	Run BROWSER_ENGINES=all npm run test:e2e	2026-10-09T07:21:35.5760873Z 
verify	Run BROWSER_ENGINES=all npm run test:e2e	2026-10-09T07:21:35.5761540Z Running 261 tests using 1 worker
verify	Run BROWSER_ENGINES=all npm run test:e2e	2026-10-09T07:21:35.5761927Z 
verify	Run BROWSER_ENGINES=all npm run test:e2e	2026-10-09T07:21:39.2679269Z   ✓    1 [chromium] › tests/e2e/catalog-notes.spec.ts:24:1 › 保存した複合一覧の再適用、一括変更、索引分類を通常フォームで行う (3.0s)
verify	Run BROWSER_ENGINES=all npm run test:e2e	2026-10-09T07:21:41.6073668Z   ✓    2 [chromium] › tests/e2e/catalog-notes.spec.ts:48:1 › 狭い画面で文章メモを場面へ変換し元メモと履歴を保持する (2.3s)
verify	Run BROWSER_ENGINES=all npm run test:e2e	2026-10-09T07:21:43.8142727Z   ✓    3 [chromium] › tests/e2e/catalog-notes.spec.ts:64:1 › 短い文章メモの未保存入力を詳細パネルの閉じ直し後も保持する (2.2s)
verify	Run BROWSER_ENGINES=all npm run test:e2e	2026-10-09T07:21:47.2391539Z   ✓    4 [chromium] › tests/e2e/catalog-notes.spec.ts:75:1 › 録音許可の拒否を説明し、文章と画像メモを保存ファイルまで保持する (3.4s)
verify	Run BROWSER_ENGINES=all npm run test:e2e	2026-10-09T07:21:50.3512242Z   ✓    5 [chromium] › tests/e2e/catalog-notes.spec.ts:104:1 › 日本語索引の表記候補を連続入力して保存・再表示しても文字と焦点を保つ (3.1s)
verify	Run BROWSER_ENGINES=all npm run test:e2e	2026-10-09T07:21:52.8103127Z   ✓    6 [chromium] › tests/e2e/editor-navigation.spec.ts:37:1 › B10/F27 本文リンクから戻り、逆参照でも同じ段落の絵文字後の語句を正確に開く (2.4s)
verify	Run BROWSER_ENGINES=all npm run test:e2e	2026-10-09T07:21:54.4758058Z   ✓    7 [chromium] › tests/e2e/editor-navigation.spec.ts:63:1 › B01 参照元と固定版の影響を示して参照中のアーカイブを止め、未参照の保持指定も個別に確認する (1.7s)
verify	Run BROWSER_ENGINES=all npm run test:e2e	2026-10-09T07:21:57.4875587Z   ✓    8 [chromium] › tests/e2e/editor-regressions.spec.ts:45:1 › RG-R01 本文の注記と提示位置が絵文字を含む前方挿入に追従し、再読込後も人物を開ける (3.0s)
verify	Run BROWSER_ENGINES=all npm run test:e2e	2026-10-09T07:22:00.4986025Z   ✓    9 [chromium] › tests/e2e/editor-regressions.spec.ts:67:61 › RG-R05 booleanの複数値をフォームで追加し、演算切替を取り消して保存・再読込・試読する (3.0s)
verify	Run BROWSER_ENGINES=all npm run test:e2e	2026-10-09T07:22:04.3161165Z   ✓   10 [chromium] › tests/e2e/editor-regressions.spec.ts:67:61 › RG-R05 integerの複数値をフォームで追加し、演算切替を取り消して保存・再読込・試読する (3.8s)
verify	Run BROWSER_ENGINES=all npm run test:e2e	2026-10-09T07:22:08.1143184Z   ✓   11 [chromium] › tests/e2e/editor-regressions.spec.ts:67:61 › RG-R05 enumの複数値をフォームで追加し、演算切替を取り消して保存・再読込・試読する (3.8s)
verify	Run BROWSER_ENGINES=all npm run test:e2e	2026-10-09T07:22:11.7811664Z   ✓   12 [chromium] › tests/e2e/editor.spec.ts:21:1 › 人物の日本語入力を保存し再読み込みして完全保存・別端末領域へ復元できる (3.6s)
verify	Run BROWSER_ENGINES=all npm run test:e2e	2026-10-09T07:22:12.7783837Z   ✓   13 [chromium] › tests/e2e/editor.spec.ts:57:3 › 幅320pxで作品作成と資料の操作が画面内に収まる (976ms)
verify	Run BROWSER_ENGINES=all npm run test:e2e	2026-10-09T07:22:13.7612090Z   ✓   14 [chromium] › tests/e2e/editor.spec.ts:57:3 › 幅390pxで作品作成と資料の操作が画面内に収まる (971ms)
verify	Run BROWSER_ENGINES=all npm run test:e2e	2026-10-09T07:22:14.8182775Z   ✓   15 [chromium] › tests/e2e/editor.spec.ts:57:3 › 幅768pxで作品作成と資料の操作が画面内に収まる (1.0s)
verify	Run BROWSER_ENGINES=all npm run test:e2e	2026-10-09T07:22:15.8911008Z   ✓   16 [chromium] › tests/e2e/editor.spec.ts:57:3 › 幅1024pxで作品作成と資料の操作が画面内に収まる (1.1s)
verify	Run BROWSER_ENGINES=all npm run test:e2e	2026-10-09T07:22:16.8897751Z   ✓   17 [chromium] › tests/e2e/editor.spec.ts:57:3 › 幅1440pxで作品作成と資料の操作が画面内に収まる (983ms)
verify	Run BROWSER_ENGINES=all npm run test:e2e	2026-10-09T07:22:18.1159490Z   ✓   18 [chromium] › tests/e2e/editor.spec.ts:67:1 › 初期画面の自動アクセシビリティ検査 (1.2s)
verify	Run BROWSER_ENGINES=all npm run test:e2e	2026-10-09T07:22:19.6202811Z   ✓   19 [chromium] › tests/e2e/editor.spec.ts:74:1 › 配信サーバー停止後にキャッシュ取得済みの作品を再開する (1.5s)
verify	Run BROWSER_ENGINES=all npm run test:e2e	2026-10-09T07:22:20.9515931Z   ✓   20 [chromium] › tests/e2e/editor.spec.ts:121:1 › サンプルの条件付き選択肢と巻き戻しを操作できる (1.3s)
verify	Run BROWSER_ENGINES=all npm run test:e2e	2026-10-09T07:22:23.0527086Z   ✓   21 [chromium] › tests/e2e/editor.spec.ts:143:1 › 不正JSONの未保存入力を画面移動後も保持する (2.1s)
verify	Run BROWSER_ENGINES=all npm run test:e2e	2026-10-09T07:22:25.3733331Z   ✓   22 [chromium] › tests/e2e/editor.spec.ts:162:1 › 保存に失敗した名前を二回の画面移動後も未保存として保持する (2.3s)
verify	Run BROWSER_ENGINES=all npm run test:e2e	2026-10-09T07:22:27.4922949Z   ✓   23 [chromium] › tests/e2e/project-drafts.spec.ts:18:1 › 同じ情報IDを持つ別作品でも未保存の雛形入力を作品ごとに保持する (2.1s)
verify	Run BROWSER_ENGINES=all npm run test:e2e	2026-10-09T07:22:29.8108841Z   ✓   24 [chromium] › tests/e2e/rb05-reconfirmation.spec.ts:19:1 › 別版の途中開始を差分確認・原子保存・再読込し、移行した状態から試読する (2.3s)
verify	Run BROWSER_ENGINES=all npm run test:e2e	2026-10-09T07:22:31.8780383Z   ✓   25 [chromium] › tests/e2e/rb05-reconfirmation.spec.ts:26:1 › 改訂稿の経路を再実行・別証跡保存・再読込し、旧金額3と新金額7をそれぞれ再生する (2.0s)
verify	Run BROWSER_ENGINES=all npm run test:e2e	2026-10-09T07:22:33.5935063Z   ✓   26 [chromium] › tests/e2e/rb05-reconfirmation.spec.ts:33:1 › 保存失敗で移行差分を保持し、再試行後にだけ保存完了を表示する (1.7s)
verify	Run BROWSER_ENGINES=all npm run test:e2e	2026-10-09T07:22:35.1048571Z   ✓   27 [chromium] › tests/e2e/rb05-reconfirmation.spec.ts:41:1 › 移行差分確認後に入口を切り替えると保存を止め、固定した入口を表示する (1.5s)
verify	Run BROWSER_ENGINES=all npm run test:e2e	2026-10-09T07:22:38.4873530Z   ✓   28 [chromium] › tests/e2e/rb05-reconfirmation.spec.ts:51:1 › 個別章開始を明示移行し、通常画面で再確認・原子保存・再読込・完全保存する (3.4s)
verify	Run BROWSER_ENGINES=all npm run test:e2e	2026-10-09T07:22:40.6653243Z   ✓   29 [chromium] › tests/e2e/rb05-reconfirmation.spec.ts:63:1 › 章の移行で提示時点と選択範囲を画面移動・再起動後も保持し、変更時は再確認する (2.2s)
verify	Run BROWSER_ENGINES=all npm run test:e2e	2026-10-09T07:22:43.0058505Z   ✓   30 [chromium] › tests/e2e/rb05-reuse.spec.ts:11:1 › 固定callの内部graphから通常ボタンで呼出元へ戻り、経路を保存・cold再生する (2.3s)
verify	Run BROWSER_ENGINES=all npm run test:e2e	2026-10-09T07:22:45.4572329Z   ✓   31 [chromium] › tests/e2e/rb05-reuse.spec.ts:20:35 › 子出口の経路保存待ちを画面移動から保持し、最新propsの確認後に復帰する (2.4s)
verify	Run BROWSER_ENGINES=all npm run test:e2e	2026-10-09T07:22:48.0399812Z   ✓   32 [chromium] › tests/e2e/rb05-reuse.spec.ts:20:35 › 子出口の経路保存待ちを画面移動から保持し、失敗後の同じ経路を再試行する (2.6s)
verify	Run BROWSER_ENGINES=all npm run test:e2e	2026-10-09T07:22:50.0366882Z   ✓   33 [chromium] › tests/e2e/rb05-reuse.spec.ts:28:1 › 経路再生待ちの再入へ保存版を反映し、次回の明示版選択を別画面往復から保持する (2.0s)
verify	Run BROWSER_ENGINES=all npm run test:e2e	2026-10-09T07:22:55.3244726Z   ✓   34 [chromium] › tests/e2e/rb05-reuse.spec.ts:35:1 › RB05 共通元を固定参照・独立複製・部分上書きで原子保存し、共通元改稿後の本文と再読込を確認する (5.3s)
verify	Run BROWSER_ENGINES=all npm run test:e2e	2026-10-09T07:22:57.1806558Z   ✓   35 [chromium] › tests/e2e/rb05-reuse.spec.ts:55:1 › 多重固定参照を完全保存から再読込し、旧本文の固定リンクと元のUnicode位置へ戻る (1.8s)
verify	Run BROWSER_ENGINES=all npm run test:e2e	2026-10-09T07:23:00.0132575Z   ✓   36 [chromium] › tests/e2e/rb05-structure-reading.spec.ts:11:1 › RB05 途中開始の状態値を通常フォームで編集し、画面移動・再読込・試読・巻戻へ接続する (2.8s)
verify	Run BROWSER_ENGINES=all npm run test:e2e	2026-10-09T07:23:02.6557212Z   ✓   37 [chromium] › tests/e2e/rb05-structure-reading.spec.ts:31:1 › RB05 反応系列の下書きを移動から再開し、作成・保存・再読込・初回／再訪を通常試読する (2.6s)
verify	Run BROWSER_ENGINES=all npm run test:e2e	2026-10-09T07:23:05.2811562Z   ✓   38 [chromium] › tests/e2e/rb05-structure-reading.spec.ts:48:1 › RB05 折りたたんだ章の未完成出口を掘り下げ、通常接続編集と再読込で集計へ反映する (2.6s)
verify	Run BROWSER_ENGINES=all npm run test:e2e	2026-10-09T07:23:09.2624869Z   ✓   39 [chromium] › tests/e2e/rb06-recovery.spec.ts:11:1 › 50件より古い版を通常検索し、単体復元と作品全体復元を区別して保存失敗・再入・cold再生する (4.0s)
verify	Run BROWSER_ENGINES=all npm run test:e2e	2026-10-09T07:23:12.2017574Z   ✓   40 [chromium] › tests/e2e/rb06-recovery.spec.ts:19:1 › 別作品の全ID対応を画面移動・cold再起動から再開し、失敗後に原子統合して元履歴・段落を完全保存する (2.9s)
verify	Run BROWSER_ENGINES=all npm run test:e2e	2026-10-09T07:23:14.0242862Z   ✓   41 [chromium] › tests/e2e/rb06-recovery.spec.ts:27:1 › 復元保存待ちの後に選んだ資料と作品を保持し、新規復元だけを一覧へ追加する (1.8s)
verify	Run BROWSER_ENGINES=all npm run test:e2e	2026-10-09T07:23:15.9595487Z   ✓   42 [chromium] › tests/e2e/rb06-recovery.spec.ts:35:1 › native保存ack待ちに届いた後続ファイルを保持し、先の新規復元が確認画面を開き直さない (1.9s)
verify	Run BROWSER_ENGINES=all npm run test:e2e	2026-10-09T07:23:19.2484642Z   ✓   43 [chromium] › tests/e2e/rb07-production.spec.ts:12:1 › 台詞分割の入力と差分を移動・失敗から再開し、旧新ID・翻訳確認待ちをcold保存と完全ファイルで確認する (3.3s)
verify	Run BROWSER_ENGINES=all npm run test:e2e	2026-10-09T07:23:21.4243198Z   ✓   44 [chromium] › tests/e2e/rb07-production.spec.ts:18:1 › 資料の取得日時と実動画bytesを通常保存し、再読込で安全な動画表示と不足状態を区別する (2.2s)
verify	Run BROWSER_ENGINES=all npm run test:e2e	2026-10-09T07:23:23.7847217Z   ✓   45 [chromium] › tests/e2e/rb07-production.spec.ts:22:1 › 現在原文を選び直した翻訳をhash承認し、期限外・没用語を除いたUnicode候補を指摘版ごと原子保存する (2.3s)
verify	Run BROWSER_ENGINES=all npm run test:e2e	2026-10-09T07:23:26.3398076Z   ✓   46 [chromium] › tests/e2e/rb08-handoff.spec.ts:24:1 › 制作見積の入力を移動とcold再開から保持し、quota拒否後の原子保存を完全ファイルへつなぐ (2.5s)
verify	Run BROWSER_ENGINES=all npm run test:e2e	2026-10-09T07:23:29.0392380Z   ✓   47 [chromium] › tests/e2e/rb08-handoff.spec.ts:26:1 › 旧媒体と元pinを保持し、未保存候補を再開して独立改訂・予定日・完全復元を確認する (2.7s)
verify	Run BROWSER_ENGINES=all npm run test:e2e	2026-10-09T07:23:32.4183737Z   ✓   48 [chromium] › tests/e2e/rb08-handoff.spec.ts:28:1 › 相談MDの出所と対象版をcold再開し、作者別案へ保存・選択採用して正本と採用記録を復元する (3.4s)
verify	Run BROWSER_ENGINES=all npm run test:e2e	2026-10-09T07:23:35.4162185Z   ✓   49 [chromium] › tests/e2e/rb08-handoff.spec.ts:30:1 › 通常出力を独立ゲームへ渡し、実勝利・経路・受領証跡を戻して原子保存・cold・完全復元する (3.0s)
verify	Run BROWSER_ENGINES=all npm run test:e2e	2026-10-09T07:23:41.2701363Z   ✓   50 [chromium] › tests/e2e/rb08-handoff.spec.ts:32:1 › 通常画面で旧版と現稿の公開範囲を作り、固定引用のUnicode位置を試遊ZIPから開いて戻り、承認をcold復元する (5.8s)
verify	Run BROWSER_ENGINES=all npm run test:e2e	2026-10-09T07:23:43.2873526Z   ✓   51 [chromium] › tests/e2e/rb08-handoff.spec.ts:38:1 › 通常画面で企画・プレイ行動・実装作業を照合し、容量失敗後に対象版付き確認を保存しcold完全復元する (2.0s)
verify	Run BROWSER_ENGINES=all npm run test:e2e	2026-10-09T07:23:45.6333314Z   ✓   52 [chromium] › tests/e2e/rb08-handoff.spec.ts:43:1 › 通常出力の試遊ZIPが同じ素材IDの旧動画decodeと新音声bytesを別々に検証して固定参照から戻る (2.3s)
verify	Run BROWSER_ENGINES=all npm run test:e2e	2026-10-09T07:23:46.6729934Z   ✓   53 [chromium] › tests/e2e/rb09-inputs.spec.ts:35:1 › active author screen keeps account controls reachable at PC and phone widths (1.0s)
verify	Run BROWSER_ENGINES=all npm run test:e2e	2026-10-09T07:23:48.6540707Z   ✓   54 [chromium] › tests/e2e/rb09-inputs.spec.ts:37:1 › input DB commit resumes all A despite a cache quota fault and cold reauthentication (2.0s)
verify	Run BROWSER_ENGINES=all npm run test:e2e	2026-10-09T07:23:50.0053232Z   ✓   55 [chromium] › tests/e2e/rb09-inputs.spec.ts:39:1 › input TX failure leaves tool and workspace B intact and preserves visible input for retry (1.3s)
verify	Run BROWSER_ENGINES=all npm run test:e2e	2026-10-09T07:23:53.0067478Z   ✓   56 [chromium] › tests/e2e/rb09-inputs.spec.ts:41:1 › delayed complete archive and base commit preserve a later shared-screen navigation (3.0s)
verify	Run BROWSER_ENGINES=all npm run test:e2e	2026-10-09T07:23:54.8383075Z   ✓   57 [chromium] › tests/e2e/rb09-sharing.spec.ts:12:1 › approved fixed reference retains Unicode position, source return, comment version and cold cache without persisting Auth (1.8s)
verify	Run BROWSER_ENGINES=all npm run test:e2e	2026-10-09T07:23:55.9956680Z   ✓   58 [chromium] › tests/e2e/rb09-sharing.spec.ts:14:1 › revocation refuses a new snapshot and clears the cached displayed edition (1.1s)
verify	Run BROWSER_ENGINES=all npm run test:e2e	2026-10-09T07:23:57.7609770Z   ✓   59 [chromium] › tests/e2e/rb09-sharing.spec.ts:16:1 › a requested fixed snapshot opens after a delayed metadata listing instead of being dropped by the initial busy lock (1.8s)
verify	Run BROWSER_ENGINES=all npm run test:e2e	2026-10-09T07:24:00.4261611Z   ✓   60 [chromium] › tests/e2e/rb10-completion.spec.ts:12:1 › paged chapter tail keeps original move indices, selection and cold return position through a complete save (2.6s)
verify	Run BROWSER_ENGINES=all npm run test:e2e	2026-10-09T07:24:02.4207350Z   ✓   61 [chromium] › tests/e2e/rb10-completion.spec.ts:18:1 › paged branch and production searches reach tail items without creating all DOM records (2.0s)
verify	Run BROWSER_ENGINES=all npm run test:e2e	2026-10-09T07:24:04.6097637Z   ✓   62 [chromium] › tests/e2e/rb10-completion.spec.ts:21:1 › an actual failed atomic save retains input and exports only optional diagnostic metadata (2.2s)
verify	Run BROWSER_ENGINES=all npm run test:e2e	2026-10-09T07:24:07.6566098Z   ✓   63 [chromium] › tests/e2e/rb10-completion.spec.ts:24:1 › cancelling an in-flight command keeps the draft, revision, history and outbox until explicit retry (3.0s)
verify	Run BROWSER_ENGINES=all npm run test:e2e	2026-10-09T07:24:08.5797348Z   ✓   64 [chromium] › tests/e2e/rb10-completion.spec.ts:32:1 › a handled authentication failure records only optional identifiers and never exports credentials or the remote message (906ms)
verify	Run BROWSER_ENGINES=all npm run test:e2e	2026-10-09T07:24:15.1873210Z   ✓   65 [chromium] › tests/e2e/rb10-completion.spec.ts:37:1 › AT-F29 normal author operation imports frozen shared quotation and task atomically, retains a failed preview, records both stages and reloads the old edition (6.6s)
verify	Run BROWSER_ENGINES=all npm run test:e2e	2026-10-09T07:24:16.4407217Z   ✓   66 [chromium] › tests/e2e/rb10-completion.spec.ts:51:1 › F29 public old-version deep link carries only public IDs and Unicode offsets without private identifiers (1.2s)
verify	Run BROWSER_ENGINES=all npm run test:e2e	2026-10-09T07:24:18.3221092Z   ✓   67 [chromium] › tests/e2e/rb10-completion.spec.ts:55:1 › F37 normal state editor shows enum meaning candidates while keeping an unknown initial value through a complete file and reload (1.9s)
verify	Run BROWSER_ENGINES=all npm run test:e2e	2026-10-09T07:24:27.1573071Z   ✓   68 [chromium] › tests/e2e/rb10-completion.spec.ts:59:1 › real native IndexedDB cancels a worker while a full import transaction contains parts, then explicitly retries and cold-loads every body (8.8s)
verify	Run BROWSER_ENGINES=all npm run test:e2e	2026-10-09T07:24:30.7427485Z   ✓   69 [chromium] › tests/e2e/rb10-graph.spec.ts:10:1 › graph movement keeps connected lines, device layout and live semantic edits consistent through cold reload (3.6s)
verify	Run BROWSER_ENGINES=all npm run test:e2e	2026-10-09T07:24:39.6651692Z   ✓   70 [chromium] › tests/e2e/rb10-library-reopen.spec.ts:52:1 › library selection keeps canonical projects clean and resumes a failed draft across another project, cold reload and empty new/clone restoration (8.9s)
verify	Run BROWSER_ENGINES=all npm run test:e2e	2026-10-09T07:26:26.3449036Z   ✓   71 [chromium] › tests/e2e/rb10-reference-index.spec.ts:11:1 › Large references can be cancelled and retried while the current editor stays writable, with no partial or stale rows (1.8m)
verify	Run BROWSER_ENGINES=all npm run test:e2e	2026-10-09T07:26:30.7672942Z   ✓   72 [chromium] › tests/e2e/reader-fallback.spec.ts:15:1 › 幅390pxの手動試読で候補がない場合の代替進行を確認・巻戻・記録再生できる (4.4s)
verify	Run BROWSER_ENGINES=all npm run test:e2e	2026-10-09T07:26:32.9274392Z   ✓   73 [chromium] › tests/e2e/review-runtime.spec.ts:21:1 › RV08 作品設定の未保存入力と不正暦入力を画面移動から再開し、設定を原子保存・再読込する (2.1s)
verify	Run BROWSER_ENGINES=all npm run test:e2e	2026-10-09T07:26:34.9267675Z   ✓   74 [chromium] › tests/e2e/review-runtime.spec.ts:39:1 › RV05/RV06 旧版の入口と固定リンクを通常画面で開き、経路保存・再読込・再実行する (2.0s)
verify	Run BROWSER_ENGINES=all npm run test:e2e	2026-10-09T07:26:37.5675760Z   ✓   75 [chromium] › tests/e2e/review-runtime.spec.ts:61:1 › RB05 相互排他を金額・物品と原子拒否し、二入口の台詞・経路を再読込して合流比較する (2.6s)
verify	Run BROWSER_ENGINES=all npm run test:e2e	2026-10-09T07:26:43.9461443Z   ✓   76 [chromium] › tests/e2e/structured-forms.spec.ts:38:1 › 別名の不正な子項目を削除・種類切替・任意項目解除で修正すると保存でき、切替取消は入力を保つ (6.4s)
verify	Run BROWSER_ENGINES=all npm run test:e2e	2026-10-09T07:26:48.5262694Z   ✓   77 [chromium] › tests/e2e/structured-forms.spec.ts:75:1 › 未完成の数値を未保存入力として再表示し、非表示でも保存を止め、修正と配列削除後の値を再読込する (4.6s)
verify	Run BROWSER_ENGINES=all npm run test:e2e	2026-10-09T07:26:52.7989779Z   ✓   78 [chromium] › tests/e2e/structured-forms.spec.ts:107:1 › 状態値の記録キーは状態変数から選択でき、不正な数値を含む記録項目を削除して保存する (4.3s)
verify	Run BROWSER_ENGINES=all npm run test:e2e	2026-10-09T07:26:56.2912491Z   ✓   79 [chromium] › tests/e2e/structured-forms.spec.ts:137:1 › 公開用の辞書の先頭キーをキーボードで変更しても位置・フォーカス・値を保ち、一時重複は復元後に修正できる (3.5s)
verify	Run BROWSER_ENGINES=all npm run test:e2e	2026-10-09T07:27:00.3650522Z   ✓   80 [chromium] › tests/e2e/structured-forms.spec.ts:174:1 › 固定版の人物と段落が現在版からなくても、別名と試読状態の通常フォームから無関係な変更を保存する (4.1s)
verify	Run BROWSER_ENGINES=all npm run test:e2e	2026-10-09T07:27:11.3192583Z   ✓   81 [chromium] › tests/e2e/templates.spec.ts:25:1 › AT-F02/F56 雛形の通常フォームを差分確認して適用し、非表示・型変更の取消・明示置換を再読込まで保持する (10.9s)
verify	Run BROWSER_ENGINES=all npm run test:e2e	2026-10-09T07:27:13.6408581Z   ✓   82 [chromium] › tests/e2e/templates.spec.ts:133:1 › 雛形の保存キーが一時的に重複しても各項目の初期値を保ち、再表示・改名・差分適用後も両方の値を保持する (2.3s)
verify	Run BROWSER_ENGINES=all npm run test:e2e	2026-10-09T07:27:16.7279314Z   ✓   83 [chromium] › tests/e2e/world-workspace.spec.ts:17:1 › 世界版の選択・借用参照・固定表示を通常画面で保存し、完全保存にも同じ版を保持する (3.1s)
verify	Run BROWSER_ENGINES=all npm run test:e2e	2026-10-09T07:27:20.7889903Z   ✓   84 [chromium] › tests/e2e/writing-workspace.spec.ts:32:1 › 作者別案の未保存入力を画面移動から保持し、版保存・再読込・完全保存へ接続する (4.0s)
verify	Run BROWSER_ENGINES=all npm run test:e2e	2026-10-09T07:27:22.6355990Z   ✓   85 [chromium] › tests/e2e/writing-workspace.spec.ts:95:1 › 章試読は固定版の本文を提示して開始状態と経路を通常保存する (1.8s)
verify	Run BROWSER_ENGINES=all npm run test:e2e	2026-10-09T07:27:25.1802522Z   ✓   86 [chromium] › tests/e2e/writing-workspace.spec.ts:117:1 › 参照値を変えた別案の採用を通常保存し、確認依頼と採用記録を再読込・完全保存する (2.5s)
verify	Run BROWSER_ENGINES=all npm run test:e2e	2026-10-09T07:27:27.0665172Z   ✓   87 [chromium] › tests/e2e/writing-workspace.spec.ts:149:1 › 章と場面の順序・所属・筋の変更を通常保存して再読込する (1.9s)
verify	Run BROWSER_ENGINES=all npm run test:e2e	2026-10-09T07:27:32.7816023Z   ✓   88 [firefox] › tests/e2e/catalog-notes.spec.ts:24:1 › 保存した複合一覧の再適用、一括変更、索引分類を通常フォームで行う (4.3s)
verify	Run BROWSER_ENGINES=all npm run test:e2e	2026-10-09T07:27:35.4780620Z   ✓   89 [firefox] › tests/e2e/catalog-notes.spec.ts:48:1 › 狭い画面で文章メモを場面へ変換し元メモと履歴を保持する (2.7s)
verify	Run BROWSER_ENGINES=all npm run test:e2e	2026-10-09T07:27:37.6936644Z   ✓   90 [firefox] › tests/e2e/catalog-notes.spec.ts:64:1 › 短い文章メモの未保存入力を詳細パネルの閉じ直し後も保持する (2.2s)
verify	Run BROWSER_ENGINES=all npm run test:e2e	2026-10-09T07:27:41.1589405Z   ✓   91 [firefox] › tests/e2e/catalog-notes.spec.ts:75:1 › 録音許可の拒否を説明し、文章と画像メモを保存ファイルまで保持する (3.5s)
verify	Run BROWSER_ENGINES=all npm run test:e2e	2026-10-09T07:27:44.4385395Z   ✓   92 [firefox] › tests/e2e/catalog-notes.spec.ts:104:1 › 日本語索引の表記候補を連続入力して保存・再表示しても文字と焦点を保つ (3.3s)
verify	Run BROWSER_ENGINES=all npm run test:e2e	2026-10-09T07:27:47.1552815Z   ✓   93 [firefox] › tests/e2e/editor-navigation.spec.ts:37:1 › B10/F27 本文リンクから戻り、逆参照でも同じ段落の絵文字後の語句を正確に開く (2.7s)
verify	Run BROWSER_ENGINES=all npm run test:e2e	2026-10-09T07:27:49.1462893Z   ✓   94 [firefox] › tests/e2e/editor-navigation.spec.ts:63:1 › B01 参照元と固定版の影響を示して参照中のアーカイブを止め、未参照の保持指定も個別に確認する (2.0s)
verify	Run BROWSER_ENGINES=all npm run test:e2e	2026-10-09T07:27:52.4644370Z   ✓   95 [firefox] › tests/e2e/editor-regressions.spec.ts:45:1 › RG-R01 本文の注記と提示位置が絵文字を含む前方挿入に追従し、再読込後も人物を開ける (3.3s)
verify	Run BROWSER_ENGINES=all npm run test:e2e	2026-10-09T07:27:56.0503450Z   ✓   96 [firefox] › tests/e2e/editor-regressions.spec.ts:67:61 › RG-R05 booleanの複数値をフォームで追加し、演算切替を取り消して保存・再読込・試読する (3.6s)
verify	Run BROWSER_ENGINES=all npm run test:e2e	2026-10-09T07:28:00.5880895Z   ✓   97 [firefox] › tests/e2e/editor-regressions.spec.ts:67:61 › RG-R05 integerの複数値をフォームで追加し、演算切替を取り消して保存・再読込・試読する (4.5s)
verify	Run BROWSER_ENGINES=all npm run test:e2e	2026-10-09T07:28:05.0722734Z   ✓   98 [firefox] › tests/e2e/editor-regressions.spec.ts:67:61 › RG-R05 enumの複数値をフォームで追加し、演算切替を取り消して保存・再読込・試読する (4.5s)
verify	Run BROWSER_ENGINES=all npm run test:e2e	2026-10-09T07:28:09.0685271Z   ✓   99 [firefox] › tests/e2e/editor.spec.ts:21:1 › 人物の日本語入力を保存し再読み込みして完全保存・別端末領域へ復元できる (3.9s)
verify	Run BROWSER_ENGINES=all npm run test:e2e	2026-10-09T07:28:10.1060607Z   ✓  100 [firefox] › tests/e2e/editor.spec.ts:57:3 › 幅320pxで作品作成と資料の操作が画面内に収まる (1.0s)
verify	Run BROWSER_ENGINES=all npm run test:e2e	2026-10-09T07:28:11.2644030Z   ✓  101 [firefox] › tests/e2e/editor.spec.ts:57:3 › 幅390pxで作品作成と資料の操作が画面内に収まる (1.1s)
verify	Run BROWSER_ENGINES=all npm run test:e2e	2026-10-09T07:28:12.3338147Z   ✓  102 [firefox] › tests/e2e/editor.spec.ts:57:3 › 幅768pxで作品作成と資料の操作が画面内に収まる (1.1s)
verify	Run BROWSER_ENGINES=all npm run test:e2e	2026-10-09T07:28:13.4276174Z   ✓  103 [firefox] › tests/e2e/editor.spec.ts:57:3 › 幅1024pxで作品作成と資料の操作が画面内に収まる (1.1s)
verify	Run BROWSER_ENGINES=all npm run test:e2e	2026-10-09T07:28:14.4370645Z   ✓  104 [firefox] › tests/e2e/editor.spec.ts:57:3 › 幅1440pxで作品作成と資料の操作が画面内に収まる (997ms)
verify	Run BROWSER_ENGINES=all npm run test:e2e	2026-10-09T07:28:15.7628360Z   ✓  105 [firefox] › tests/e2e/editor.spec.ts:67:1 › 初期画面の自動アクセシビリティ検査 (1.3s)
verify	Run BROWSER_ENGINES=all npm run test:e2e	2026-10-09T07:28:18.5243801Z   ✓  106 [firefox] › tests/e2e/editor.spec.ts:74:1 › 配信サーバー停止後にキャッシュ取得済みの作品を再開する (2.8s)
verify	Run BROWSER_ENGINES=all npm run test:e2e	2026-10-09T07:28:20.3798786Z   ✓  107 [firefox] › tests/e2e/editor.spec.ts:121:1 › サンプルの条件付き選択肢と巻き戻しを操作できる (1.8s)
verify	Run BROWSER_ENGINES=all npm run test:e2e	2026-10-09T07:28:22.6948440Z   ✓  108 [firefox] › tests/e2e/editor.spec.ts:143:1 › 不正JSONの未保存入力を画面移動後も保持する (2.3s)
verify	Run BROWSER_ENGINES=all npm run test:e2e	2026-10-09T07:28:25.2563905Z   ✓  109 [firefox] › tests/e2e/editor.spec.ts:162:1 › 保存に失敗した名前を二回の画面移動後も未保存として保持する (2.6s)
verify	Run BROWSER_ENGINES=all npm run test:e2e	2026-10-09T07:28:27.8721408Z   ✓  110 [firefox] › tests/e2e/project-drafts.spec.ts:18:1 › 同じ情報IDを持つ別作品でも未保存の雛形入力を作品ごとに保持する (2.6s)
verify	Run BROWSER_ENGINES=all npm run test:e2e	2026-10-09T07:28:30.8082620Z   ✓  111 [firefox] › tests/e2e/rb05-reconfirmation.spec.ts:19:1 › 別版の途中開始を差分確認・原子保存・再読込し、移行した状態から試読する (2.9s)
verify	Run BROWSER_ENGINES=all npm run test:e2e	2026-10-09T07:28:33.4788227Z   ✓  112 [firefox] › tests/e2e/rb05-reconfirmation.spec.ts:26:1 › 改訂稿の経路を再実行・別証跡保存・再読込し、旧金額3と新金額7をそれぞれ再生する (2.7s)
verify	Run BROWSER_ENGINES=all npm run test:e2e	2026-10-09T07:28:35.6405449Z   ✓  113 [firefox] › tests/e2e/rb05-reconfirmation.spec.ts:33:1 › 保存失敗で移行差分を保持し、再試行後にだけ保存完了を表示する (2.2s)
verify	Run BROWSER_ENGINES=all npm run test:e2e	2026-10-09T07:28:37.4386140Z   ✓  114 [firefox] › tests/e2e/rb05-reconfirmation.spec.ts:41:1 › 移行差分確認後に入口を切り替えると保存を止め、固定した入口を表示する (1.8s)
verify	Run BROWSER_ENGINES=all npm run test:e2e	2026-10-09T07:28:41.5832027Z   ✓  115 [firefox] › tests/e2e/rb05-reconfirmation.spec.ts:51:1 › 個別章開始を明示移行し、通常画面で再確認・原子保存・再読込・完全保存する (4.1s)
verify	Run BROWSER_ENGINES=all npm run test:e2e	2026-10-09T07:28:45.0640555Z   ✓  116 [firefox] › tests/e2e/rb05-reconfirmation.spec.ts:63:1 › 章の移行で提示時点と選択範囲を画面移動・再起動後も保持し、変更時は再確認する (3.5s)
verify	Run BROWSER_ENGINES=all npm run test:e2e	2026-10-09T07:28:48.1159015Z   ✓  117 [firefox] › tests/e2e/rb05-reuse.spec.ts:11:1 › 固定callの内部graphから通常ボタンで呼出元へ戻り、経路を保存・cold再生する (3.0s)
verify	Run BROWSER_ENGINES=all npm run test:e2e	2026-10-09T07:28:51.3442397Z   ✓  118 [firefox] › tests/e2e/rb05-reuse.spec.ts:20:35 › 子出口の経路保存待ちを画面移動から保持し、最新propsの確認後に復帰する (3.2s)
verify	Run BROWSER_ENGINES=all npm run test:e2e	2026-10-09T07:28:54.9214777Z   ✓  119 [firefox] › tests/e2e/rb05-reuse.spec.ts:20:35 › 子出口の経路保存待ちを画面移動から保持し、失敗後の同じ経路を再試行する (3.6s)
verify	Run BROWSER_ENGINES=all npm run test:e2e	2026-10-09T07:28:57.1831273Z   ✓  120 [firefox] › tests/e2e/rb05-reuse.spec.ts:28:1 › 経路再生待ちの再入へ保存版を反映し、次回の明示版選択を別画面往復から保持する (2.2s)
verify	Run BROWSER_ENGINES=all npm run test:e2e	2026-10-09T07:29:04.1162353Z   ✓  121 [firefox] › tests/e2e/rb05-reuse.spec.ts:35:1 › RB05 共通元を固定参照・独立複製・部分上書きで原子保存し、共通元改稿後の本文と再読込を確認する (6.9s)
verify	Run BROWSER_ENGINES=all npm run test:e2e	2026-10-09T07:29:06.2836943Z   ✓  122 [firefox] › tests/e2e/rb05-reuse.spec.ts:55:1 › 多重固定参照を完全保存から再読込し、旧本文の固定リンクと元のUnicode位置へ戻る (2.2s)
verify	Run BROWSER_ENGINES=all npm run test:e2e	2026-10-09T07:29:09.7569379Z   ✓  123 [firefox] › tests/e2e/rb05-structure-reading.spec.ts:11:1 › RB05 途中開始の状態値を通常フォームで編集し、画面移動・再読込・試読・巻戻へ接続する (3.5s)
verify	Run BROWSER_ENGINES=all npm run test:e2e	2026-10-09T07:29:13.0633224Z   ✓  124 [firefox] › tests/e2e/rb05-structure-reading.spec.ts:31:1 › RB05 反応系列の下書きを移動から再開し、作成・保存・再読込・初回／再訪を通常試読する (3.3s)
verify	Run BROWSER_ENGINES=all npm run test:e2e	2026-10-09T07:29:16.1351988Z   ✓  125 [firefox] › tests/e2e/rb05-structure-reading.spec.ts:48:1 › RB05 折りたたんだ章の未完成出口を掘り下げ、通常接続編集と再読込で集計へ反映する (3.1s)
verify	Run BROWSER_ENGINES=all npm run test:e2e	2026-10-09T07:29:21.8672202Z   ✓  126 [firefox] › tests/e2e/rb06-recovery.spec.ts:11:1 › 50件より古い版を通常検索し、単体復元と作品全体復元を区別して保存失敗・再入・cold再生する (5.7s)
verify	Run BROWSER_ENGINES=all npm run test:e2e	2026-10-09T07:29:25.4748269Z   ✓  127 [firefox] › tests/e2e/rb06-recovery.spec.ts:19:1 › 別作品の全ID対応を画面移動・cold再起動から再開し、失敗後に原子統合して元履歴・段落を完全保存する (3.6s)
verify	Run BROWSER_ENGINES=all npm run test:e2e	2026-10-09T07:29:27.3607638Z   ✓  128 [firefox] › tests/e2e/rb06-recovery.spec.ts:27:1 › 復元保存待ちの後に選んだ資料と作品を保持し、新規復元だけを一覧へ追加する (1.9s)
verify	Run BROWSER_ENGINES=all npm run test:e2e	2026-10-09T07:29:29.5528583Z   ✓  129 [firefox] › tests/e2e/rb06-recovery.spec.ts:35:1 › native保存ack待ちに届いた後続ファイルを保持し、先の新規復元が確認画面を開き直さない (2.2s)
verify	Run BROWSER_ENGINES=all npm run test:e2e	2026-10-09T07:29:33.6231099Z   ✓  130 [firefox] › tests/e2e/rb07-production.spec.ts:12:1 › 台詞分割の入力と差分を移動・失敗から再開し、旧新ID・翻訳確認待ちをcold保存と完全ファイルで確認する (4.1s)
verify	Run BROWSER_ENGINES=all npm run test:e2e	2026-10-09T07:29:36.2485882Z   ✓  131 [firefox] › tests/e2e/rb07-production.spec.ts:18:1 › 資料の取得日時と実動画bytesを通常保存し、再読込で安全な動画表示と不足状態を区別する (2.6s)
verify	Run BROWSER_ENGINES=all npm run test:e2e	2026-10-09T07:29:39.0690666Z   ✓  132 [firefox] › tests/e2e/rb07-production.spec.ts:22:1 › 現在原文を選び直した翻訳をhash承認し、期限外・没用語を除いたUnicode候補を指摘版ごと原子保存する (2.8s)
verify	Run BROWSER_ENGINES=all npm run test:e2e	2026-10-09T07:29:42.2407733Z   ✓  133 [firefox] › tests/e2e/rb08-handoff.spec.ts:24:1 › 制作見積の入力を移動とcold再開から保持し、quota拒否後の原子保存を完全ファイルへつなぐ (3.1s)
verify	Run BROWSER_ENGINES=all npm run test:e2e	2026-10-09T07:29:45.7069486Z   ✓  134 [firefox] › tests/e2e/rb08-handoff.spec.ts:26:1 › 旧媒体と元pinを保持し、未保存候補を再開して独立改訂・予定日・完全復元を確認する (3.5s)
verify	Run BROWSER_ENGINES=all npm run test:e2e	2026-10-09T07:29:50.1545472Z   ✓  135 [firefox] › tests/e2e/rb08-handoff.spec.ts:28:1 › 相談MDの出所と対象版をcold再開し、作者別案へ保存・選択採用して正本と採用記録を復元する (4.4s)
verify	Run BROWSER_ENGINES=all npm run test:e2e	2026-10-09T07:29:54.9055336Z   ✓  136 [firefox] › tests/e2e/rb08-handoff.spec.ts:30:1 › 通常出力を独立ゲームへ渡し、実勝利・経路・受領証跡を戻して原子保存・cold・完全復元する (4.7s)
verify	Run BROWSER_ENGINES=all npm run test:e2e	2026-10-09T07:30:01.9556642Z   ✓  137 [firefox] › tests/e2e/rb08-handoff.spec.ts:32:1 › 通常画面で旧版と現稿の公開範囲を作り、固定引用のUnicode位置を試遊ZIPから開いて戻り、承認をcold復元する (7.0s)
verify	Run BROWSER_ENGINES=all npm run test:e2e	2026-10-09T07:30:04.3682599Z   ✓  138 [firefox] › tests/e2e/rb08-handoff.spec.ts:38:1 › 通常画面で企画・プレイ行動・実装作業を照合し、容量失敗後に対象版付き確認を保存しcold完全復元する (2.4s)
verify	Run BROWSER_ENGINES=all npm run test:e2e	2026-10-09T07:30:07.4054722Z   ✓  139 [firefox] › tests/e2e/rb08-handoff.spec.ts:43:1 › 通常出力の試遊ZIPが同じ素材IDの旧動画decodeと新音声bytesを別々に検証して固定参照から戻る (3.0s)
verify	Run BROWSER_ENGINES=all npm run test:e2e	2026-10-09T07:30:08.6415177Z   ✓  140 [firefox] › tests/e2e/rb09-inputs.spec.ts:35:1 › active author screen keeps account controls reachable at PC and phone widths (1.2s)
verify	Run BROWSER_ENGINES=all npm run test:e2e	2026-10-09T07:30:11.0080756Z   ✓  141 [firefox] › tests/e2e/rb09-inputs.spec.ts:37:1 › input DB commit resumes all A despite a cache quota fault and cold reauthentication (2.4s)
verify	Run BROWSER_ENGINES=all npm run test:e2e	2026-10-09T07:30:12.6224464Z   ✓  142 [firefox] › tests/e2e/rb09-inputs.spec.ts:39:1 › input TX failure leaves tool and workspace B intact and preserves visible input for retry (1.6s)
verify	Run BROWSER_ENGINES=all npm run test:e2e	2026-10-09T07:30:16.0530510Z   ✓  143 [firefox] › tests/e2e/rb09-inputs.spec.ts:41:1 › delayed complete archive and base commit preserve a later shared-screen navigation (3.4s)
verify	Run BROWSER_ENGINES=all npm run test:e2e	2026-10-09T07:30:18.1643160Z   ✓  144 [firefox] › tests/e2e/rb09-sharing.spec.ts:12:1 › approved fixed reference retains Unicode position, source return, comment version and cold cache without persisting Auth (2.1s)
verify	Run BROWSER_ENGINES=all npm run test:e2e	2026-10-09T07:30:19.3960725Z   ✓  145 [firefox] › tests/e2e/rb09-sharing.spec.ts:14:1 › revocation refuses a new snapshot and clears the cached displayed edition (1.2s)
verify	Run BROWSER_ENGINES=all npm run test:e2e	2026-10-09T07:30:21.9546276Z   ✓  146 [firefox] › tests/e2e/rb09-sharing.spec.ts:16:1 › a requested fixed snapshot opens after a delayed metadata listing instead of being dropped by the initial busy lock (2.5s)
verify	Run BROWSER_ENGINES=all npm run test:e2e	2026-10-09T07:30:25.2442582Z   ✓  147 [firefox] › tests/e2e/rb10-completion.spec.ts:12:1 › paged chapter tail keeps original move indices, selection and cold return position through a complete save (3.3s)
verify	Run BROWSER_ENGINES=all npm run test:e2e	2026-10-09T07:30:27.7015614Z   ✓  148 [firefox] › tests/e2e/rb10-completion.spec.ts:18:1 › paged branch and production searches reach tail items without creating all DOM records (2.4s)
verify	Run BROWSER_ENGINES=all npm run test:e2e	2026-10-09T07:30:30.2973537Z   ✓  149 [firefox] › tests/e2e/rb10-completion.spec.ts:21:1 › an actual failed atomic save retains input and exports only optional diagnostic metadata (2.6s)
verify	Run BROWSER_ENGINES=all npm run test:e2e	2026-10-09T07:30:33.6385774Z   ✓  150 [firefox] › tests/e2e/rb10-completion.spec.ts:24:1 › cancelling an in-flight command keeps the draft, revision, history and outbox until explicit retry (3.3s)
verify	Run BROWSER_ENGINES=all npm run test:e2e	2026-10-09T07:30:34.6594470Z   ✓  151 [firefox] › tests/e2e/rb10-completion.spec.ts:32:1 › a handled authentication failure records only optional identifiers and never exports credentials or the remote message (1.0s)
verify	Run BROWSER_ENGINES=all npm run test:e2e	2026-10-09T07:30:42.5352430Z   ✓  152 [firefox] › tests/e2e/rb10-completion.spec.ts:37:1 › AT-F29 normal author operation imports frozen shared quotation and task atomically, retains a failed preview, records both stages and reloads the old edition (7.9s)
verify	Run BROWSER_ENGINES=all npm run test:e2e	2026-10-09T07:30:43.9569945Z   ✓  153 [firefox] › tests/e2e/rb10-completion.spec.ts:51:1 › F29 public old-version deep link carries only public IDs and Unicode offsets without private identifiers (1.4s)
verify	Run BROWSER_ENGINES=all npm run test:e2e	2026-10-09T07:30:46.0226849Z   ✓  154 [firefox] › tests/e2e/rb10-completion.spec.ts:55:1 › F37 normal state editor shows enum meaning candidates while keeping an unknown initial value through a complete file and reload (2.1s)
verify	Run BROWSER_ENGINES=all npm run test:e2e	2026-10-09T07:30:54.1777689Z   ✓  155 [firefox] › tests/e2e/rb10-completion.spec.ts:59:1 › real native IndexedDB cancels a worker while a full import transaction contains parts, then explicitly retries and cold-loads every body (8.1s)
verify	Run BROWSER_ENGINES=all npm run test:e2e	2026-10-09T07:30:59.5267875Z   ✓  156 [firefox] › tests/e2e/rb10-graph.spec.ts:10:1 › graph movement keeps connected lines, device layout and live semantic edits consistent through cold reload (5.3s)
verify	Run BROWSER_ENGINES=all npm run test:e2e	2026-10-09T07:31:10.4978583Z   ✓  157 [firefox] › tests/e2e/rb10-library-reopen.spec.ts:52:1 › library selection keeps canonical projects clean and resumes a failed draft across another project, cold reload and empty new/clone restoration (11.0s)
verify	Run BROWSER_ENGINES=all npm run test:e2e	2026-10-09T07:33:13.7599049Z   ✓  158 [firefox] › tests/e2e/rb10-reference-index.spec.ts:11:1 › Large references can be cancelled and retried while the current editor stays writable, with no partial or stale rows (2.1m)
verify	Run BROWSER_ENGINES=all npm run test:e2e	2026-10-09T07:33:18.9650866Z   ✓  159 [firefox] › tests/e2e/reader-fallback.spec.ts:15:1 › 幅390pxの手動試読で候補がない場合の代替進行を確認・巻戻・記録再生できる (5.2s)
verify	Run BROWSER_ENGINES=all npm run test:e2e	2026-10-09T07:33:21.6008102Z   ✓  160 [firefox] › tests/e2e/review-runtime.spec.ts:21:1 › RV08 作品設定の未保存入力と不正暦入力を画面移動から再開し、設定を原子保存・再読込する (2.6s)
verify	Run BROWSER_ENGINES=all npm run test:e2e	2026-10-09T07:33:24.1468050Z   ✓  161 [firefox] › tests/e2e/review-runtime.spec.ts:39:1 › RV05/RV06 旧版の入口と固定リンクを通常画面で開き、経路保存・再読込・再実行する (2.5s)
verify	Run BROWSER_ENGINES=all npm run test:e2e	2026-10-09T07:33:27.4258024Z   ✓  162 [firefox] › tests/e2e/review-runtime.spec.ts:61:1 › RB05 相互排他を金額・物品と原子拒否し、二入口の台詞・経路を再読込して合流比較する (3.3s)
verify	Run BROWSER_ENGINES=all npm run test:e2e	2026-10-09T07:33:34.4152560Z   ✓  163 [firefox] › tests/e2e/structured-forms.spec.ts:38:1 › 別名の不正な子項目を削除・種類切替・任意項目解除で修正すると保存でき、切替取消は入力を保つ (7.0s)
verify	Run BROWSER_ENGINES=all npm run test:e2e	2026-10-09T07:33:40.0183014Z   ✓  164 [firefox] › tests/e2e/structured-forms.spec.ts:75:1 › 未完成の数値を未保存入力として再表示し、非表示でも保存を止め、修正と配列削除後の値を再読込する (5.6s)
verify	Run BROWSER_ENGINES=all npm run test:e2e	2026-10-09T07:33:44.7108238Z   ✓  165 [firefox] › tests/e2e/structured-forms.spec.ts:107:1 › 状態値の記録キーは状態変数から選択でき、不正な数値を含む記録項目を削除して保存する (4.7s)
verify	Run BROWSER_ENGINES=all npm run test:e2e	2026-10-09T07:33:48.5367339Z   ✓  166 [firefox] › tests/e2e/structured-forms.spec.ts:137:1 › 公開用の辞書の先頭キーをキーボードで変更しても位置・フォーカス・値を保ち、一時重複は復元後に修正できる (3.8s)
verify	Run BROWSER_ENGINES=all npm run test:e2e	2026-10-09T07:33:53.0079929Z   ✓  167 [firefox] › tests/e2e/structured-forms.spec.ts:174:1 › 固定版の人物と段落が現在版からなくても、別名と試読状態の通常フォームから無関係な変更を保存する (4.5s)
verify	Run BROWSER_ENGINES=all npm run test:e2e	2026-10-09T07:34:06.1275320Z   ✓  168 [firefox] › tests/e2e/templates.spec.ts:25:1 › AT-F02/F56 雛形の通常フォームを差分確認して適用し、非表示・型変更の取消・明示置換を再読込まで保持する (13.1s)
verify	Run BROWSER_ENGINES=all npm run test:e2e	2026-10-09T07:34:08.7791503Z   ✓  169 [firefox] › tests/e2e/templates.spec.ts:133:1 › 雛形の保存キーが一時的に重複しても各項目の初期値を保ち、再表示・改名・差分適用後も両方の値を保持する (2.6s)
verify	Run BROWSER_ENGINES=all npm run test:e2e	2026-10-09T07:34:12.7901166Z   ✓  170 [firefox] › tests/e2e/world-workspace.spec.ts:17:1 › 世界版の選択・借用参照・固定表示を通常画面で保存し、完全保存にも同じ版を保持する (4.0s)
verify	Run BROWSER_ENGINES=all npm run test:e2e	2026-10-09T07:34:18.0519779Z   ✓  171 [firefox] › tests/e2e/writing-workspace.spec.ts:32:1 › 作者別案の未保存入力を画面移動から保持し、版保存・再読込・完全保存へ接続する (5.2s)
verify	Run BROWSER_ENGINES=all npm run test:e2e	2026-10-09T07:34:20.3525027Z   ✓  172 [firefox] › tests/e2e/writing-workspace.spec.ts:95:1 › 章試読は固定版の本文を提示して開始状態と経路を通常保存する (2.3s)
verify	Run BROWSER_ENGINES=all npm run test:e2e	2026-10-09T07:34:23.7618089Z   ✓  173 [firefox] › tests/e2e/writing-workspace.spec.ts:117:1 › 参照値を変えた別案の採用を通常保存し、確認依頼と採用記録を再読込・完全保存する (3.4s)
verify	Run BROWSER_ENGINES=all npm run test:e2e	2026-10-09T07:34:26.7625445Z   ✓  174 [firefox] › tests/e2e/writing-workspace.spec.ts:149:1 › 章と場面の順序・所属・筋の変更を通常保存して再読込する (3.0s)
verify	Run BROWSER_ENGINES=all npm run test:e2e	2026-10-09T07:34:43.9036151Z   ✓  175 [webkit] › tests/e2e/catalog-notes.spec.ts:24:1 › 保存した複合一覧の再適用、一括変更、索引分類を通常フォームで行う (15.4s)
verify	Run BROWSER_ENGINES=all npm run test:e2e	2026-10-09T07:34:48.3975357Z   ✓  176 [webkit] › tests/e2e/catalog-notes.spec.ts:48:1 › 狭い画面で文章メモを場面へ変換し元メモと履歴を保持する (4.5s)
verify	Run BROWSER_ENGINES=all npm run test:e2e	2026-10-09T07:34:52.5942088Z   ✓  177 [webkit] › tests/e2e/catalog-notes.spec.ts:64:1 › 短い文章メモの未保存入力を詳細パネルの閉じ直し後も保持する (4.2s)
verify	Run BROWSER_ENGINES=all npm run test:e2e	2026-10-09T07:34:57.4119308Z   ✓  178 [webkit] › tests/e2e/catalog-notes.spec.ts:75:1 › 録音許可の拒否を説明し、文章と画像メモを保存ファイルまで保持する (4.8s)
verify	Run BROWSER_ENGINES=all npm run test:e2e	2026-10-09T07:35:02.7008327Z   ✓  179 [webkit] › tests/e2e/catalog-notes.spec.ts:104:1 › 日本語索引の表記候補を連続入力して保存・再表示しても文字と焦点を保つ (5.3s)
verify	Run BROWSER_ENGINES=all npm run test:e2e	2026-10-09T07:35:08.9091922Z   ✓  180 [webkit] › tests/e2e/editor-navigation.spec.ts:37:1 › B10/F27 本文リンクから戻り、逆参照でも同じ段落の絵文字後の語句を正確に開く (6.2s)
verify	Run BROWSER_ENGINES=all npm run test:e2e	2026-10-09T07:35:13.9163124Z   ✓  181 [webkit] › tests/e2e/editor-navigation.spec.ts:63:1 › B01 参照元と固定版の影響を示して参照中のアーカイブを止め、未参照の保持指定も個別に確認する (5.0s)
verify	Run BROWSER_ENGINES=all npm run test:e2e	2026-10-09T07:35:19.5342136Z   ✓  182 [webkit] › tests/e2e/editor-regressions.spec.ts:45:1 › RG-R01 本文の注記と提示位置が絵文字を含む前方挿入に追従し、再読込後も人物を開ける (5.6s)
verify	Run BROWSER_ENGINES=all npm run test:e2e	2026-10-09T07:35:23.9876897Z   ✓  183 [webkit] › tests/e2e/editor-regressions.spec.ts:67:61 › RG-R05 booleanの複数値をフォームで追加し、演算切替を取り消して保存・再読込・試読する (4.4s)
verify	Run BROWSER_ENGINES=all npm run test:e2e	2026-10-09T07:35:29.2987043Z   ✓  184 [webkit] › tests/e2e/editor-regressions.spec.ts:67:61 › RG-R05 integerの複数値をフォームで追加し、演算切替を取り消して保存・再読込・試読する (5.3s)
verify	Run BROWSER_ENGINES=all npm run test:e2e	2026-10-09T07:35:34.6278928Z   ✓  185 [webkit] › tests/e2e/editor-regressions.spec.ts:67:61 › RG-R05 enumの複数値をフォームで追加し、演算切替を取り消して保存・再読込・試読する (5.3s)
verify	Run BROWSER_ENGINES=all npm run test:e2e	2026-10-09T07:35:41.4198201Z   ✓  186 [webkit] › tests/e2e/editor.spec.ts:21:1 › 人物の日本語入力を保存し再読み込みして完全保存・別端末領域へ復元できる (6.7s)
verify	Run BROWSER_ENGINES=all npm run test:e2e	2026-10-09T07:35:43.2022824Z   ✓  187 [webkit] › tests/e2e/editor.spec.ts:57:3 › 幅320pxで作品作成と資料の操作が画面内に収まる (1.8s)
verify	Run BROWSER_ENGINES=all npm run test:e2e	2026-10-09T07:35:44.6105567Z   ✓  188 [webkit] › tests/e2e/editor.spec.ts:57:3 › 幅390pxで作品作成と資料の操作が画面内に収まる (1.4s)
verify	Run BROWSER_ENGINES=all npm run test:e2e	2026-10-09T07:35:46.1821497Z   ✓  189 [webkit] › tests/e2e/editor.spec.ts:57:3 › 幅768pxで作品作成と資料の操作が画面内に収まる (1.6s)
verify	Run BROWSER_ENGINES=all npm run test:e2e	2026-10-09T07:35:47.8115148Z   ✓  190 [webkit] › tests/e2e/editor.spec.ts:57:3 › 幅1024pxで作品作成と資料の操作が画面内に収まる (1.6s)
verify	Run BROWSER_ENGINES=all npm run test:e2e	2026-10-09T07:35:49.5065265Z   ✓  191 [webkit] › tests/e2e/editor.spec.ts:57:3 › 幅1440pxで作品作成と資料の操作が画面内に収まる (1.7s)
verify	Run BROWSER_ENGINES=all npm run test:e2e	2026-10-09T07:35:50.9958814Z   ✓  192 [webkit] › tests/e2e/editor.spec.ts:67:1 › 初期画面の自動アクセシビリティ検査 (1.5s)
verify	Run BROWSER_ENGINES=all npm run test:e2e	2026-10-09T07:35:53.0720044Z   ✓  193 [webkit] › tests/e2e/editor.spec.ts:74:1 › 配信サーバー停止後にキャッシュ取得済みの作品を再開する (2.1s)
verify	Run BROWSER_ENGINES=all npm run test:e2e	2026-10-09T07:35:55.9714982Z   ✓  194 [webkit] › tests/e2e/editor.spec.ts:121:1 › サンプルの条件付き選択肢と巻き戻しを操作できる (2.9s)
verify	Run BROWSER_ENGINES=all npm run test:e2e	2026-10-09T07:35:59.6266579Z   ✓  195 [webkit] › tests/e2e/editor.spec.ts:143:1 › 不正JSONの未保存入力を画面移動後も保持する (3.6s)
verify	Run BROWSER_ENGINES=all npm run test:e2e	2026-10-09T07:36:03.5694517Z   ✓  196 [webkit] › tests/e2e/editor.spec.ts:162:1 › 保存に失敗した名前を二回の画面移動後も未保存として保持する (3.9s)
verify	Run BROWSER_ENGINES=all npm run test:e2e	2026-10-09T07:36:09.9948358Z   ✓  197 [webkit] › tests/e2e/project-drafts.spec.ts:18:1 › 同じ情報IDを持つ別作品でも未保存の雛形入力を作品ごとに保持する (6.4s)
verify	Run BROWSER_ENGINES=all npm run test:e2e	2026-10-09T07:36:14.9024686Z   ✓  198 [webkit] › tests/e2e/rb05-reconfirmation.spec.ts:19:1 › 別版の途中開始を差分確認・原子保存・再読込し、移行した状態から試読する (4.9s)
verify	Run BROWSER_ENGINES=all npm run test:e2e	2026-10-09T07:36:19.3412476Z   ✓  199 [webkit] › tests/e2e/rb05-reconfirmation.spec.ts:26:1 › 改訂稿の経路を再実行・別証跡保存・再読込し、旧金額3と新金額7をそれぞれ再生する (4.4s)
verify	Run BROWSER_ENGINES=all npm run test:e2e	2026-10-09T07:36:23.3161878Z   ✓  200 [webkit] › tests/e2e/rb05-reconfirmation.spec.ts:33:1 › 保存失敗で移行差分を保持し、再試行後にだけ保存完了を表示する (4.0s)
verify	Run BROWSER_ENGINES=all npm run test:e2e	2026-10-09T07:36:26.8960998Z   ✓  201 [webkit] › tests/e2e/rb05-reconfirmation.spec.ts:41:1 › 移行差分確認後に入口を切り替えると保存を止め、固定した入口を表示する (3.6s)
verify	Run BROWSER_ENGINES=all npm run test:e2e	2026-10-09T07:36:33.4244698Z   ✓  202 [webkit] › tests/e2e/rb05-reconfirmation.spec.ts:51:1 › 個別章開始を明示移行し、通常画面で再確認・原子保存・再読込・完全保存する (6.5s)
verify	Run BROWSER_ENGINES=all npm run test:e2e	2026-10-09T07:36:37.9250022Z   ✓  203 [webkit] › tests/e2e/rb05-reconfirmation.spec.ts:63:1 › 章の移行で提示時点と選択範囲を画面移動・再起動後も保持し、変更時は再確認する (4.5s)
verify	Run BROWSER_ENGINES=all npm run test:e2e	2026-10-09T07:36:43.2207667Z   ✓  204 [webkit] › tests/e2e/rb05-reuse.spec.ts:11:1 › 固定callの内部graphから通常ボタンで呼出元へ戻り、経路を保存・cold再生する (5.3s)
verify	Run BROWSER_ENGINES=all npm run test:e2e	2026-10-09T07:36:48.7126367Z   ✓  205 [webkit] › tests/e2e/rb05-reuse.spec.ts:20:35 › 子出口の経路保存待ちを画面移動から保持し、最新propsの確認後に復帰する (5.5s)
verify	Run BROWSER_ENGINES=all npm run test:e2e	2026-10-09T07:36:54.4736362Z   ✓  206 [webkit] › tests/e2e/rb05-reuse.spec.ts:20:35 › 子出口の経路保存待ちを画面移動から保持し、失敗後の同じ経路を再試行する (5.8s)
verify	Run BROWSER_ENGINES=all npm run test:e2e	2026-10-09T07:36:59.3027775Z   ✓  207 [webkit] › tests/e2e/rb05-reuse.spec.ts:28:1 › 経路再生待ちの再入へ保存版を反映し、次回の明示版選択を別画面往復から保持する (4.8s)
verify	Run BROWSER_ENGINES=all npm run test:e2e	2026-10-09T07:37:10.4549196Z   ✓  208 [webkit] › tests/e2e/rb05-reuse.spec.ts:35:1 › RB05 共通元を固定参照・独立複製・部分上書きで原子保存し、共通元改稿後の本文と再読込を確認する (11.1s)
verify	Run BROWSER_ENGINES=all npm run test:e2e	2026-10-09T07:37:15.4545214Z   ✓  209 [webkit] › tests/e2e/rb05-reuse.spec.ts:55:1 › 多重固定参照を完全保存から再読込し、旧本文の固定リンクと元のUnicode位置へ戻る (5.0s)
verify	Run BROWSER_ENGINES=all npm run test:e2e	2026-10-09T07:37:20.8411287Z   ✓  210 [webkit] › tests/e2e/rb05-structure-reading.spec.ts:11:1 › RB05 途中開始の状態値を通常フォームで編集し、画面移動・再読込・試読・巻戻へ接続する (5.4s)
verify	Run BROWSER_ENGINES=all npm run test:e2e	2026-10-09T07:37:26.4898592Z   ✓  211 [webkit] › tests/e2e/rb05-structure-reading.spec.ts:31:1 › RB05 反応系列の下書きを移動から再開し、作成・保存・再読込・初回／再訪を通常試読する (5.6s)
verify	Run BROWSER_ENGINES=all npm run test:e2e	2026-10-09T07:37:31.3207279Z   ✓  212 [webkit] › tests/e2e/rb05-structure-reading.spec.ts:48:1 › RB05 折りたたんだ章の未完成出口を掘り下げ、通常接続編集と再読込で集計へ反映する (4.8s)
verify	Run BROWSER_ENGINES=all npm run test:e2e	2026-10-09T07:37:38.9833254Z   ✓  213 [webkit] › tests/e2e/rb06-recovery.spec.ts:11:1 › 50件より古い版を通常検索し、単体復元と作品全体復元を区別して保存失敗・再入・cold再生する (7.6s)
verify	Run BROWSER_ENGINES=all npm run test:e2e	2026-10-09T07:37:44.7552582Z   ✓  214 [webkit] › tests/e2e/rb06-recovery.spec.ts:19:1 › 別作品の全ID対応を画面移動・cold再起動から再開し、失敗後に原子統合して元履歴・段落を完全保存する (5.8s)
verify	Run BROWSER_ENGINES=all npm run test:e2e	2026-10-09T07:37:48.3380111Z   ✓  215 [webkit] › tests/e2e/rb06-recovery.spec.ts:27:1 › 復元保存待ちの後に選んだ資料と作品を保持し、新規復元だけを一覧へ追加する (3.6s)
verify	Run BROWSER_ENGINES=all npm run test:e2e	2026-10-09T07:37:51.9263237Z   ✓  216 [webkit] › tests/e2e/rb06-recovery.spec.ts:35:1 › native保存ack待ちに届いた後続ファイルを保持し、先の新規復元が確認画面を開き直さない (3.6s)
verify	Run BROWSER_ENGINES=all npm run test:e2e	2026-10-09T07:37:58.3752228Z   ✓  217 [webkit] › tests/e2e/rb07-production.spec.ts:12:1 › 台詞分割の入力と差分を移動・失敗から再開し、旧新ID・翻訳確認待ちをcold保存と完全ファイルで確認する (6.4s)
verify	Run BROWSER_ENGINES=all npm run test:e2e	2026-10-09T07:38:03.2792525Z   ✓  218 [webkit] › tests/e2e/rb07-production.spec.ts:18:1 › 資料の取得日時と実動画bytesを通常保存し、再読込で安全な動画表示と不足状態を区別する (4.9s)
verify	Run BROWSER_ENGINES=all npm run test:e2e	2026-10-09T07:38:08.4286195Z   ✓  219 [webkit] › tests/e2e/rb07-production.spec.ts:22:1 › 現在原文を選び直した翻訳をhash承認し、期限外・没用語を除いたUnicode候補を指摘版ごと原子保存する (5.1s)
verify	Run BROWSER_ENGINES=all npm run test:e2e	2026-10-09T07:38:13.6442559Z   ✓  220 [webkit] › tests/e2e/rb08-handoff.spec.ts:24:1 › 制作見積の入力を移動とcold再開から保持し、quota拒否後の原子保存を完全ファイルへつなぐ (5.2s)
verify	Run BROWSER_ENGINES=all npm run test:e2e	2026-10-09T07:38:19.2416126Z   ✓  221 [webkit] › tests/e2e/rb08-handoff.spec.ts:26:1 › 旧媒体と元pinを保持し、未保存候補を再開して独立改訂・予定日・完全復元を確認する (5.6s)
verify	Run BROWSER_ENGINES=all npm run test:e2e	2026-10-09T07:38:25.9191643Z   ✓  222 [webkit] › tests/e2e/rb08-handoff.spec.ts:28:1 › 相談MDの出所と対象版をcold再開し、作者別案へ保存・選択採用して正本と採用記録を復元する (6.7s)
verify	Run BROWSER_ENGINES=all npm run test:e2e	2026-10-09T07:38:32.2277033Z   ✓  223 [webkit] › tests/e2e/rb08-handoff.spec.ts:30:1 › 通常出力を独立ゲームへ渡し、実勝利・経路・受領証跡を戻して原子保存・cold・完全復元する (6.3s)
verify	Run BROWSER_ENGINES=all npm run test:e2e	2026-10-09T07:38:43.1373552Z   ✓  224 [webkit] › tests/e2e/rb08-handoff.spec.ts:32:1 › 通常画面で旧版と現稿の公開範囲を作り、固定引用のUnicode位置を試遊ZIPから開いて戻り、承認をcold復元する (10.9s)
verify	Run BROWSER_ENGINES=all npm run test:e2e	2026-10-09T07:38:47.3142830Z   ✓  225 [webkit] › tests/e2e/rb08-handoff.spec.ts:38:1 › 通常画面で企画・プレイ行動・実装作業を照合し、容量失敗後に対象版付き確認を保存しcold完全復元する (4.2s)
verify	Run BROWSER_ENGINES=all npm run test:e2e	2026-10-09T07:38:52.1142787Z   ✓  226 [webkit] › tests/e2e/rb08-handoff.spec.ts:43:1 › 通常出力の試遊ZIPが同じ素材IDの旧動画decodeと新音声bytesを別々に検証して固定参照から戻る (4.8s)
verify	Run BROWSER_ENGINES=all npm run test:e2e	2026-10-09T07:38:53.8478767Z   ✓  227 [webkit] › tests/e2e/rb09-inputs.spec.ts:35:1 › active author screen keeps account controls reachable at PC and phone widths (1.7s)
verify	Run BROWSER_ENGINES=all npm run test:e2e	2026-10-09T07:38:56.9024686Z   ✓  228 [webkit] › tests/e2e/rb09-inputs.spec.ts:37:1 › input DB commit resumes all A despite a cache quota fault and cold reauthentication (3.0s)
verify	Run BROWSER_ENGINES=all npm run test:e2e	2026-10-09T07:38:59.0824343Z   ✓  229 [webkit] › tests/e2e/rb09-inputs.spec.ts:39:1 › input TX failure leaves tool and workspace B intact and preserves visible input for retry (2.2s)
verify	Run BROWSER_ENGINES=all npm run test:e2e	2026-10-09T07:39:02.5970039Z   ✓  230 [webkit] › tests/e2e/rb09-inputs.spec.ts:41:1 › delayed complete archive and base commit preserve a later shared-screen navigation (3.5s)
verify	Run BROWSER_ENGINES=all npm run test:e2e	2026-10-09T07:39:05.4911510Z   ✓  231 [webkit] › tests/e2e/rb09-sharing.spec.ts:12:1 › approved fixed reference retains Unicode position, source return, comment version and cold cache without persisting Auth (2.9s)
verify	Run BROWSER_ENGINES=all npm run test:e2e	2026-10-09T07:39:07.1719211Z   ✓  232 [webkit] › tests/e2e/rb09-sharing.spec.ts:14:1 › revocation refuses a new snapshot and clears the cached displayed edition (1.7s)
verify	Run BROWSER_ENGINES=all npm run test:e2e	2026-10-09T07:39:09.5152602Z   ✓  233 [webkit] › tests/e2e/rb09-sharing.spec.ts:16:1 › a requested fixed snapshot opens after a delayed metadata listing instead of being dropped by the initial busy lock (2.3s)
verify	Run BROWSER_ENGINES=all npm run test:e2e	2026-10-09T07:39:14.5868192Z   ✓  234 [webkit] › tests/e2e/rb10-completion.spec.ts:12:1 › paged chapter tail keeps original move indices, selection and cold return position through a complete save (5.0s)
verify	Run BROWSER_ENGINES=all npm run test:e2e	2026-10-09T07:39:18.7075593Z   ✓  235 [webkit] › tests/e2e/rb10-completion.spec.ts:18:1 › paged branch and production searches reach tail items without creating all DOM records (4.1s)
verify	Run BROWSER_ENGINES=all npm run test:e2e	2026-10-09T07:39:22.8982873Z   ✓  236 [webkit] › tests/e2e/rb10-completion.spec.ts:21:1 › an actual failed atomic save retains input and exports only optional diagnostic metadata (4.2s)
verify	Run BROWSER_ENGINES=all npm run test:e2e	2026-10-09T07:39:27.9923664Z   ✓  237 [webkit] › tests/e2e/rb10-completion.spec.ts:24:1 › cancelling an in-flight command keeps the draft, revision, history and outbox until explicit retry (5.1s)
verify	Run BROWSER_ENGINES=all npm run test:e2e	2026-10-09T07:39:29.5393610Z   ✓  238 [webkit] › tests/e2e/rb10-completion.spec.ts:32:1 › a handled authentication failure records only optional identifiers and never exports credentials or the remote message (1.5s)
verify	Run BROWSER_ENGINES=all npm run test:e2e	2026-10-09T07:39:41.5609075Z   ✓  239 [webkit] › tests/e2e/rb10-completion.spec.ts:37:1 › AT-F29 normal author operation imports frozen shared quotation and task atomically, retains a failed preview, records both stages and reloads the old edition (12.0s)
verify	Run BROWSER_ENGINES=all npm run test:e2e	2026-10-09T07:39:44.9510603Z   ✓  240 [webkit] › tests/e2e/rb10-completion.spec.ts:51:1 › F29 public old-version deep link carries only public IDs and Unicode offsets without private identifiers (3.4s)
verify	Run BROWSER_ENGINES=all npm run test:e2e	2026-10-09T07:39:49.0434231Z   ✓  241 [webkit] › tests/e2e/rb10-completion.spec.ts:55:1 › F37 normal state editor shows enum meaning candidates while keeping an unknown initial value through a complete file and reload (4.1s)
verify	Run BROWSER_ENGINES=all npm run test:e2e	2026-10-09T07:40:00.6016722Z   ✓  242 [webkit] › tests/e2e/rb10-completion.spec.ts:59:1 › real native IndexedDB cancels a worker while a full import transaction contains parts, then explicitly retries and cold-loads every body (11.5s)
verify	Run BROWSER_ENGINES=all npm run test:e2e	2026-10-09T07:40:09.5073066Z   ✓  243 [webkit] › tests/e2e/rb10-graph.spec.ts:10:1 › graph movement keeps connected lines, device layout and live semantic edits consistent through cold reload (8.9s)
verify	Run BROWSER_ENGINES=all npm run test:e2e	2026-10-09T07:40:24.9764011Z   ✓  244 [webkit] › tests/e2e/rb10-library-reopen.spec.ts:52:1 › library selection keeps canonical projects clean and resumes a failed draft across another project, cold reload and empty new/clone restoration (15.5s)
verify	Run BROWSER_ENGINES=all npm run test:e2e	2026-10-09T07:42:24.9940869Z   ✓  245 [webkit] › tests/e2e/rb10-reference-index.spec.ts:11:1 › Large references can be cancelled and retried while the current editor stays writable, with no partial or stale rows (2.0m)
verify	Run BROWSER_ENGINES=all npm run test:e2e	2026-10-09T07:42:30.9782866Z   ✓  246 [webkit] › tests/e2e/reader-fallback.spec.ts:15:1 › 幅390pxの手動試読で候補がない場合の代替進行を確認・巻戻・記録再生できる (6.0s)
verify	Run BROWSER_ENGINES=all npm run test:e2e	2026-10-09T07:42:35.9192407Z   ✓  247 [webkit] › tests/e2e/review-runtime.spec.ts:21:1 › RV08 作品設定の未保存入力と不正暦入力を画面移動から再開し、設定を原子保存・再読込する (4.9s)
verify	Run BROWSER_ENGINES=all npm run test:e2e	2026-10-09T07:42:40.8835628Z   ✓  248 [webkit] › tests/e2e/review-runtime.spec.ts:39:1 › RV05/RV06 旧版の入口と固定リンクを通常画面で開き、経路保存・再読込・再実行する (4.9s)
verify	Run BROWSER_ENGINES=all npm run test:e2e	2026-10-09T07:42:46.2263339Z   ✓  249 [webkit] › tests/e2e/review-runtime.spec.ts:61:1 › RB05 相互排他を金額・物品と原子拒否し、二入口の台詞・経路を再読込して合流比較する (5.3s)
verify	Run BROWSER_ENGINES=all npm run test:e2e	2026-10-09T07:42:55.6466323Z   ✓  250 [webkit] › tests/e2e/structured-forms.spec.ts:38:1 › 別名の不正な子項目を削除・種類切替・任意項目解除で修正すると保存でき、切替取消は入力を保つ (9.4s)
verify	Run BROWSER_ENGINES=all npm run test:e2e	2026-10-09T07:43:03.7637932Z   ✓  251 [webkit] › tests/e2e/structured-forms.spec.ts:75:1 › 未完成の数値を未保存入力として再表示し、非表示でも保存を止め、修正と配列削除後の値を再読込する (8.1s)
verify	Run BROWSER_ENGINES=all npm run test:e2e	2026-10-09T07:43:10.7902591Z   ✓  252 [webkit] › tests/e2e/structured-forms.spec.ts:107:1 › 状態値の記録キーは状態変数から選択でき、不正な数値を含む記録項目を削除して保存する (7.0s)
verify	Run BROWSER_ENGINES=all npm run test:e2e	2026-10-09T07:43:16.7111626Z   ✓  253 [webkit] › tests/e2e/structured-forms.spec.ts:137:1 › 公開用の辞書の先頭キーをキーボードで変更しても位置・フォーカス・値を保ち、一時重複は復元後に修正できる (5.9s)
verify	Run BROWSER_ENGINES=all npm run test:e2e	2026-10-09T07:43:23.3781414Z   ✓  254 [webkit] › tests/e2e/structured-forms.spec.ts:174:1 › 固定版の人物と段落が現在版からなくても、別名と試読状態の通常フォームから無関係な変更を保存する (6.7s)
verify	Run BROWSER_ENGINES=all npm run test:e2e	2026-10-09T07:43:39.4161582Z   ✓  255 [webkit] › tests/e2e/templates.spec.ts:25:1 › AT-F02/F56 雛形の通常フォームを差分確認して適用し、非表示・型変更の取消・明示置換を再読込まで保持する (16.0s)
verify	Run BROWSER_ENGINES=all npm run test:e2e	2026-10-09T07:43:45.1544429Z   ✓  256 [webkit] › tests/e2e/templates.spec.ts:133:1 › 雛形の保存キーが一時的に重複しても各項目の初期値を保ち、再表示・改名・差分適用後も両方の値を保持する (5.8s)
verify	Run BROWSER_ENGINES=all npm run test:e2e	2026-10-09T07:43:54.9792174Z   ✓  257 [webkit] › tests/e2e/world-workspace.spec.ts:17:1 › 世界版の選択・借用参照・固定表示を通常画面で保存し、完全保存にも同じ版を保持する (9.8s)
verify	Run BROWSER_ENGINES=all npm run test:e2e	2026-10-09T07:44:04.4602690Z   ✓  258 [webkit] › tests/e2e/writing-workspace.spec.ts:32:1 › 作者別案の未保存入力を画面移動から保持し、版保存・再読込・完全保存へ接続する (9.5s)
verify	Run BROWSER_ENGINES=all npm run test:e2e	2026-10-09T07:44:08.4387503Z   ✓  259 [webkit] › tests/e2e/writing-workspace.spec.ts:95:1 › 章試読は固定版の本文を提示して開始状態と経路を通常保存する (4.0s)
verify	Run BROWSER_ENGINES=all npm run test:e2e	2026-10-09T07:44:13.9129641Z   ✓  260 [webkit] › tests/e2e/writing-workspace.spec.ts:117:1 › 参照値を変えた別案の採用を通常保存し、確認依頼と採用記録を再読込・完全保存する (5.5s)
verify	Run BROWSER_ENGINES=all npm run test:e2e	2026-10-09T07:44:18.1145832Z   ✓  261 [webkit] › tests/e2e/writing-workspace.spec.ts:149:1 › 章と場面の順序・所属・筋の変更を通常保存して再読込する (4.2s)
verify	Run BROWSER_ENGINES=all npm run test:e2e	2026-10-09T07:44:18.5457441Z 
verify	Run BROWSER_ENGINES=all npm run test:e2e	2026-10-09T07:44:18.5466010Z   261 passed (22.8m)
verify	Run RB03_ENGINES=chromium,firefox,webkit node tests/browser/run-rb03-components.mjs	﻿2026-10-09T07:44:19.1754456Z ##[group]Run RB03_ENGINES=chromium,firefox,webkit node tests/browser/run-rb03-components.mjs
verify	Run RB03_ENGINES=chromium,firefox,webkit node tests/browser/run-rb03-components.mjs	2026-10-09T07:44:19.1755202Z [36;1mRB03_ENGINES=chromium,firefox,webkit node tests/browser/run-rb03-components.mjs[0m
verify	Run RB03_ENGINES=chromium,firefox,webkit node tests/browser/run-rb03-components.mjs	2026-10-09T07:44:19.1819659Z shell: /usr/bin/bash -e {0}
verify	Run RB03_ENGINES=chromium,firefox,webkit node tests/browser/run-rb03-components.mjs	2026-10-09T07:44:19.1819953Z env:
verify	Run RB03_ENGINES=chromium,firefox,webkit node tests/browser/run-rb03-components.mjs	2026-10-09T07:44:19.1820604Z   CHROMIUM_PATH: /home/runner/.cache/ms-playwright/chromium-1243/chrome-linux64/chrome
verify	Run RB03_ENGINES=chromium,firefox,webkit node tests/browser/run-rb03-components.mjs	2026-10-09T07:44:19.1821116Z ##[endgroup]
verify	Run RB03_ENGINES=chromium,firefox,webkit node tests/browser/run-rb03-components.mjs	2026-10-09T07:44:28.6471145Z RB03 chromium: 5 component regression groups passed.
verify	Run RB03_ENGINES=chromium,firefox,webkit node tests/browser/run-rb03-components.mjs	2026-10-09T07:44:32.3005844Z RB03 chromium timeline smoke passed
verify	Run RB03_ENGINES=chromium,firefox,webkit node tests/browser/run-rb03-components.mjs	2026-10-09T07:44:36.7384491Z RB03 chromium world smoke passed
verify	Run RB03_ENGINES=chromium,firefox,webkit node tests/browser/run-rb03-components.mjs	2026-10-09T07:44:46.2806142Z RB03 firefox: 5 component regression groups passed.
verify	Run RB03_ENGINES=chromium,firefox,webkit node tests/browser/run-rb03-components.mjs	2026-10-09T07:44:52.1903430Z RB03 firefox timeline smoke passed
verify	Run RB03_ENGINES=chromium,firefox,webkit node tests/browser/run-rb03-components.mjs	2026-10-09T07:44:59.0635645Z RB03 firefox world smoke passed
verify	Run RB03_ENGINES=chromium,firefox,webkit node tests/browser/run-rb03-components.mjs	2026-10-09T07:45:08.8976018Z RB03 webkit: 5 component regression groups passed.
verify	Run RB03_ENGINES=chromium,firefox,webkit node tests/browser/run-rb03-components.mjs	2026-10-09T07:45:13.2808121Z RB03 webkit timeline smoke passed
verify	Run RB03_ENGINES=chromium,firefox,webkit node tests/browser/run-rb03-components.mjs	2026-10-09T07:45:18.3572840Z RB03 webkit world smoke passed
verify	Run for engine in chromium firefox webkit; do	﻿2026-10-09T07:45:18.4993889Z ##[group]Run for engine in chromium firefox webkit; do
verify	Run for engine in chromium firefox webkit; do	2026-10-09T07:45:18.4994344Z [36;1mfor engine in chromium firefox webkit; do[0m
verify	Run for engine in chromium firefox webkit; do	2026-10-09T07:45:18.4994916Z [36;1m  RB04_ENGINE="$engine" RB04_OUTPUT_DIR=test-results/rb04 node tests/browser/rb04-author-regressions.mjs[0m
verify	Run for engine in chromium firefox webkit; do	2026-10-09T07:45:18.4995431Z [36;1mdone[0m
verify	Run for engine in chromium firefox webkit; do	2026-10-09T07:45:18.5059326Z shell: /usr/bin/bash -e {0}
verify	Run for engine in chromium firefox webkit; do	2026-10-09T07:45:18.5059640Z env:
verify	Run for engine in chromium firefox webkit; do	2026-10-09T07:45:18.5060036Z   CHROMIUM_PATH: /home/runner/.cache/ms-playwright/chromium-1243/chrome-linux64/chrome
verify	Run for engine in chromium firefox webkit; do	2026-10-09T07:45:18.5060831Z ##[endgroup]
verify	Run for engine in chromium firefox webkit; do	2026-10-09T07:45:26.4657368Z {"engine":"chromium","checksPassed":12,"output":"/home/runner/work/shinariokanri/shinariokanri/test-results/rb04/rb04-author-regressions-chromium-U7S0HO"}
verify	Run for engine in chromium firefox webkit; do	2026-10-09T07:45:35.9471252Z {"engine":"firefox","checksPassed":12,"output":"/home/runner/work/shinariokanri/shinariokanri/test-results/rb04/rb04-author-regressions-firefox-RoqFSJ"}
verify	Run for engine in chromium firefox webkit; do	2026-10-09T07:45:43.5539579Z {"engine":"webkit","checksPassed":12,"output":"/home/runner/work/shinariokanri/shinariokanri/test-results/rb04/rb04-author-regressions-webkit-gcWt5z"}
verify	Run npx playwright test -c tests/rb04/playwright.config.ts --project=chromium --output=test-results/rb04-writing-chromium	﻿2026-10-09T07:45:43.6039448Z ##[group]Run npx playwright test -c tests/rb04/playwright.config.ts --project=chromium --output=test-results/rb04-writing-chromium
verify	Run npx playwright test -c tests/rb04/playwright.config.ts --project=chromium --output=test-results/rb04-writing-chromium	2026-10-09T07:45:43.6040827Z [36;1mnpx playwright test -c tests/rb04/playwright.config.ts --project=chromium --output=test-results/rb04-writing-chromium[0m
verify	Run npx playwright test -c tests/rb04/playwright.config.ts --project=chromium --output=test-results/rb04-writing-chromium	2026-10-09T07:45:43.6104032Z shell: /usr/bin/bash -e {0}
verify	Run npx playwright test -c tests/rb04/playwright.config.ts --project=chromium --output=test-results/rb04-writing-chromium	2026-10-09T07:45:43.6104321Z env:
verify	Run npx playwright test -c tests/rb04/playwright.config.ts --project=chromium --output=test-results/rb04-writing-chromium	2026-10-09T07:45:43.6104704Z   CHROMIUM_PATH: /home/runner/.cache/ms-playwright/chromium-1243/chrome-linux64/chrome
verify	Run npx playwright test -c tests/rb04/playwright.config.ts --project=chromium --output=test-results/rb04-writing-chromium	2026-10-09T07:45:43.6105151Z ##[endgroup]
verify	Run npx playwright test -c tests/rb04/playwright.config.ts --project=chromium --output=test-results/rb04-writing-chromium	2026-10-09T07:45:45.7640880Z 
verify	Run npx playwright test -c tests/rb04/playwright.config.ts --project=chromium --output=test-results/rb04-writing-chromium	2026-10-09T07:45:45.7641812Z Running 4 tests using 1 worker
verify	Run npx playwright test -c tests/rb04/playwright.config.ts --project=chromium --output=test-results/rb04-writing-chromium	2026-10-09T07:45:45.7642248Z 
verify	Run npx playwright test -c tests/rb04/playwright.config.ts --project=chromium --output=test-results/rb04-writing-chromium	2026-10-09T07:45:48.6608829Z   ✓  1 [chromium] › tests/rb04/workspace.spec.ts:38:1 › 章・筋・人物の見せ方が共有scene IDを保ち、回想順を世界時点と分離する (2.1s)
verify	Run npx playwright test -c tests/rb04/playwright.config.ts --project=chromium --output=test-results/rb04-writing-chromium	2026-10-09T07:45:50.6392436Z   ✓  2 [chromium] › tests/rb04/workspace.spec.ts:83:1 › 通読は章を絞り、選んだ経路を編集して再訪し実際の提示だけ記録する (2.0s)
verify	Run npx playwright test -c tests/rb04/playwright.config.ts --project=chromium --output=test-results/rb04-writing-chromium	2026-10-09T07:45:53.7008874Z   ✓  3 [chromium] › tests/rb04/workspace.spec.ts:141:1 › 別案の作成・編集・版戻し・採用・取消は正本と公開snapshotを分けて保つ (3.0s)
verify	Run npx playwright test -c tests/rb04/playwright.config.ts --project=chromium --output=test-results/rb04-writing-chromium	2026-10-09T07:45:55.6921613Z   ✓  4 [chromium] › tests/rb04/workspace.spec.ts:197:1 › 構成プレビューは取消では本文順を変えず、適用後の別案版だけに順序を保存する (2.0s)
verify	Run npx playwright test -c tests/rb04/playwright.config.ts --project=chromium --output=test-results/rb04-writing-chromium	2026-10-09T07:45:55.8393920Z 
verify	Run npx playwright test -c tests/rb04/playwright.config.ts --project=chromium --output=test-results/rb04-writing-chromium	2026-10-09T07:45:55.8398676Z   4 passed (11.4s)
verify	Run npx playwright test -c tests/rb04/playwright.config.ts --project=webkit --output=test-results/rb04-writing-webkit	﻿2026-10-09T07:45:55.8807360Z ##[group]Run npx playwright test -c tests/rb04/playwright.config.ts --project=webkit --output=test-results/rb04-writing-webkit
verify	Run npx playwright test -c tests/rb04/playwright.config.ts --project=webkit --output=test-results/rb04-writing-webkit	2026-10-09T07:45:55.8809022Z [36;1mnpx playwright test -c tests/rb04/playwright.config.ts --project=webkit --output=test-results/rb04-writing-webkit[0m
verify	Run npx playwright test -c tests/rb04/playwright.config.ts --project=webkit --output=test-results/rb04-writing-webkit	2026-10-09T07:45:55.8879155Z shell: /usr/bin/bash -e {0}
verify	Run npx playwright test -c tests/rb04/playwright.config.ts --project=webkit --output=test-results/rb04-writing-webkit	2026-10-09T07:45:55.8879429Z env:
verify	Run npx playwright test -c tests/rb04/playwright.config.ts --project=webkit --output=test-results/rb04-writing-webkit	2026-10-09T07:45:55.8879798Z   CHROMIUM_PATH: /home/runner/.cache/ms-playwright/chromium-1243/chrome-linux64/chrome
verify	Run npx playwright test -c tests/rb04/playwright.config.ts --project=webkit --output=test-results/rb04-writing-webkit	2026-10-09T07:45:55.8880564Z ##[endgroup]
verify	Run npx playwright test -c tests/rb04/playwright.config.ts --project=webkit --output=test-results/rb04-writing-webkit	2026-10-09T07:45:57.9333427Z 
verify	Run npx playwright test -c tests/rb04/playwright.config.ts --project=webkit --output=test-results/rb04-writing-webkit	2026-10-09T07:45:57.9334368Z Running 4 tests using 1 worker
verify	Run npx playwright test -c tests/rb04/playwright.config.ts --project=webkit --output=test-results/rb04-writing-webkit	2026-10-09T07:45:57.9335019Z 
verify	Run npx playwright test -c tests/rb04/playwright.config.ts --project=webkit --output=test-results/rb04-writing-webkit	2026-10-09T07:46:00.4436319Z   ✓  1 [webkit] › tests/rb04/workspace.spec.ts:38:1 › 章・筋・人物の見せ方が共有scene IDを保ち、回想順を世界時点と分離する (1.9s)
verify	Run npx playwright test -c tests/rb04/playwright.config.ts --project=webkit --output=test-results/rb04-writing-webkit	2026-10-09T07:46:02.9216847Z   ✓  2 [webkit] › tests/rb04/workspace.spec.ts:83:1 › 通読は章を絞り、選んだ経路を編集して再訪し実際の提示だけ記録する (2.5s)
verify	Run npx playwright test -c tests/rb04/playwright.config.ts --project=webkit --output=test-results/rb04-writing-webkit	2026-10-09T07:46:06.2286734Z   ✓  3 [webkit] › tests/rb04/workspace.spec.ts:141:1 › 別案の作成・編集・版戻し・採用・取消は正本と公開snapshotを分けて保つ (3.3s)
verify	Run npx playwright test -c tests/rb04/playwright.config.ts --project=webkit --output=test-results/rb04-writing-webkit	2026-10-09T07:46:08.4233519Z   ✓  4 [webkit] › tests/rb04/workspace.spec.ts:197:1 › 構成プレビューは取消では本文順を変えず、適用後の別案版だけに順序を保存する (2.2s)
verify	Run npx playwright test -c tests/rb04/playwright.config.ts --project=webkit --output=test-results/rb04-writing-webkit	2026-10-09T07:46:08.5944492Z 
verify	Run npx playwright test -c tests/rb04/playwright.config.ts --project=webkit --output=test-results/rb04-writing-webkit	2026-10-09T07:46:08.5949476Z   4 passed (11.9s)
verify	Run actions/upload-artifact@v4	﻿2026-10-09T07:46:08.6344302Z ##[group]Run actions/upload-artifact@v4
verify	Run actions/upload-artifact@v4	2026-10-09T07:46:08.6344626Z with:
verify	Run actions/upload-artifact@v4	2026-10-09T07:46:08.6344825Z   name: browser-evidence
verify	Run actions/upload-artifact@v4	2026-10-09T07:46:08.6345083Z   path: playwright-report/
verify	Run actions/upload-artifact@v4	test-results/
verify	Run actions/upload-artifact@v4	
verify	Run actions/upload-artifact@v4	2026-10-09T07:46:08.6345374Z   if-no-files-found: warn
verify	Run actions/upload-artifact@v4	2026-10-09T07:46:08.6345617Z   compression-level: 6
verify	Run actions/upload-artifact@v4	2026-10-09T07:46:08.6345857Z   overwrite: false
verify	Run actions/upload-artifact@v4	2026-10-09T07:46:08.6346072Z   include-hidden-files: false
verify	Run actions/upload-artifact@v4	2026-10-09T07:46:08.6346300Z env:
verify	Run actions/upload-artifact@v4	2026-10-09T07:46:08.6346640Z   CHROMIUM_PATH: /home/runner/.cache/ms-playwright/chromium-1243/chrome-linux64/chrome
verify	Run actions/upload-artifact@v4	2026-10-09T07:46:08.6347076Z ##[endgroup]
verify	Run actions/upload-artifact@v4	2026-10-09T07:46:08.8054711Z (node:23439) [DEP0040] DeprecationWarning: The `punycode` module is deprecated. Please use a userland alternative instead.
verify	Run actions/upload-artifact@v4	2026-10-09T07:46:08.8055859Z (Use `node --trace-deprecation ...` to show where the warning was created)
verify	Run actions/upload-artifact@v4	2026-10-09T07:46:08.8261482Z Multiple search paths detected. Calculating the least common ancestor of all paths
verify	Run actions/upload-artifact@v4	2026-10-09T07:46:08.8263684Z The least common ancestor is /home/runner/work/shinariokanri/shinariokanri. This will be the root directory of the artifact
verify	Run actions/upload-artifact@v4	2026-10-09T07:46:08.8264735Z With the provided path, there will be 43 files uploaded
verify	Run actions/upload-artifact@v4	2026-10-09T07:46:08.8265276Z Artifact name is valid!
verify	Run actions/upload-artifact@v4	2026-10-09T07:46:08.8265560Z Root directory input is valid!
verify	Run actions/upload-artifact@v4	2026-10-09T07:46:09.2168367Z Beginning upload of artifact content to blob storage
verify	Run actions/upload-artifact@v4	2026-10-09T07:46:09.4258898Z (node:23439) [DEP0169] DeprecationWarning: `url.parse()` behavior is not standardized and prone to errors that have security implications. Use the WHATWG URL API instead. CVEs are not issued for `url.parse()` vulnerabilities.
verify	Run actions/upload-artifact@v4	2026-10-09T07:46:10.2857467Z Uploaded bytes 3911315
verify	Run actions/upload-artifact@v4	2026-10-09T07:46:10.3616106Z Finished uploading artifact content to blob storage!
verify	Run actions/upload-artifact@v4	2026-10-09T07:46:10.3617635Z SHA256 digest of uploaded artifact zip is 5e7e5979117a08b1fc4218733a333175dd74c21b322375bc965e849f1f653ec8
verify	Run actions/upload-artifact@v4	2026-10-09T07:46:10.3618764Z Finalizing artifact upload
verify	Run actions/upload-artifact@v4	2026-10-09T07:46:10.6350812Z Artifact browser-evidence.zip successfully finalized. Artifact ID 11602387131
verify	Run actions/upload-artifact@v4	2026-10-09T07:46:10.6352547Z Artifact browser-evidence has been successfully uploaded! Final size is 3911315 bytes. Artifact ID is 11602387131
verify	Run actions/upload-artifact@v4	2026-10-09T07:46:10.6358394Z Artifact download URL: https://github.com/chameleonjp-lab/shinariokanri/actions/runs/37898131383/artifacts/11602387131
verify	Post Run actions/setup-node@v4	﻿2026-10-09T07:46:10.6549276Z Post job cleanup.
verify	Post Run actions/setup-node@v4	2026-10-09T07:46:10.7839745Z (node:23453) [DEP0040] DeprecationWarning: The `punycode` module is deprecated. Please use a userland alternative instead.
verify	Post Run actions/setup-node@v4	2026-10-09T07:46:10.7840946Z (Use `node --trace-deprecation ...` to show where the warning was created)
verify	Post Run actions/setup-node@v4	2026-10-09T07:46:10.7844828Z Cache hit occurred on the primary key node-cache-Linux-x64-npm-6d82bbc41af669d666d011c5fca070c497082ca77603293ec8c70d28ba98cc31, not saving cache.
verify	Post Run actions/checkout@v4	﻿2026-10-09T07:46:10.7982698Z Post job cleanup.
verify	Post Run actions/checkout@v4	2026-10-09T07:46:10.8921447Z [command]/usr/bin/git version
verify	Post Run actions/checkout@v4	2026-10-09T07:46:10.8959429Z git version 2.55.0
verify	Post Run actions/checkout@v4	2026-10-09T07:46:10.9009989Z Temporarily overriding HOME='/home/runner/work/_temp/54462a2d-16a2-4fd7-986c-ffc1b28b6e0d' before making global git config changes
verify	Post Run actions/checkout@v4	2026-10-09T07:46:10.9012365Z Adding repository directory to the temporary git global config as a safe directory
verify	Post Run actions/checkout@v4	2026-10-09T07:46:10.9017407Z [command]/usr/bin/git config --global --add safe.directory /home/runner/work/shinariokanri/shinariokanri
verify	Post Run actions/checkout@v4	2026-10-09T07:46:10.9067155Z [command]/usr/bin/git config --local --name-only --get-regexp core\.sshCommand
verify	Post Run actions/checkout@v4	2026-10-09T07:46:10.9111233Z [command]/usr/bin/git submodule foreach --recursive sh -c "git config --local --name-only --get-regexp 'core\.sshCommand' && git config --local --unset-all 'core.sshCommand' || :"
verify	Post Run actions/checkout@v4	2026-10-09T07:46:10.9398979Z [command]/usr/bin/git config --local --name-only --get-regexp http\.https\:\/\/github\.com\/\.extraheader
verify	Post Run actions/checkout@v4	2026-10-09T07:46:10.9431995Z http.https://github.com/.extraheader
verify	Post Run actions/checkout@v4	2026-10-09T07:46:10.9453638Z [command]/usr/bin/git config --local --unset-all http.https://github.com/.extraheader
verify	Post Run actions/checkout@v4	2026-10-09T07:46:10.9499888Z [command]/usr/bin/git submodule foreach --recursive sh -c "git config --local --name-only --get-regexp 'http\.https\:\/\/github\.com\/\.extraheader' && git config --local --unset-all 'http.https://github.com/.extraheader' || :"
verify	Post Run actions/checkout@v4	2026-10-09T07:46:10.9803593Z [command]/usr/bin/git config --local --name-only --get-regexp ^includeIf\.gitdir:
verify	Post Run actions/checkout@v4	2026-10-09T07:46:10.9848167Z [command]/usr/bin/git submodule foreach --recursive git config --local --show-origin --name-only --get-regexp remote.origin.url
verify	Complete job	﻿2026-10-09T07:46:11.0285001Z Cleaning up orphan processes
verify	Complete job	2026-10-09T07:46:11.0755966Z ##[warning]Node.js 20 is deprecated. The following actions target Node.js 20 but are being forced to run on Node.js 24: actions/checkout@v4, actions/setup-node@v4, actions/upload-artifact@v4. For more information see: https://github.blog/changelog/2025-09-19-deprecation-of-node-20-on-github-actions-runners/
