verify	Set up job	﻿2026-10-09T09:40:11.0703888Z Current runner version: '2.337.0'
verify	Set up job	2026-10-09T09:40:11.0724873Z ##[group]Runner Image Provisioner
verify	Set up job	2026-10-09T09:40:11.0725754Z Hosted Compute Agent
verify	Set up job	2026-10-09T09:40:11.0726303Z Version: 20261002.596
verify	Set up job	2026-10-09T09:40:11.0726942Z Commit: c3d12f3313a95f25162a1503be624f3b0617f8c0
verify	Set up job	2026-10-09T09:40:11.0727819Z Build Date: 2026-10-02T22:28:27Z
verify	Set up job	2026-10-09T09:40:11.0728461Z Worker ID: {3bbbe549-fa58-49c4-96ce-c05917ca6e92}
verify	Set up job	2026-10-09T09:40:11.0729146Z Region: westus3
verify	Set up job	2026-10-09T09:40:11.0729654Z Cloud: Azure
verify	Set up job	2026-10-09T09:40:11.0730162Z ##[endgroup]
verify	Set up job	2026-10-09T09:40:11.0731355Z ##[group]Operating System
verify	Set up job	2026-10-09T09:40:11.0731905Z Ubuntu
verify	Set up job	2026-10-09T09:40:11.0732434Z 24.04.5
verify	Set up job	2026-10-09T09:40:11.0732913Z LTS
verify	Set up job	2026-10-09T09:40:11.0733451Z ##[endgroup]
verify	Set up job	2026-10-09T09:40:11.0733968Z ##[group]Runner Image
verify	Set up job	2026-10-09T09:40:11.0734516Z Image: ubuntu-24.04
verify	Set up job	2026-10-09T09:40:11.0735107Z Version: 20261004.327.1
verify	Set up job	2026-10-09T09:40:11.0736042Z Included Software: https://github.com/actions/runner-images/blob/ubuntu24/20261004.327/images/ubuntu/Ubuntu2404-Readme.md
verify	Set up job	2026-10-09T09:40:11.0737594Z Image Release: https://github.com/actions/runner-images/releases/tag/ubuntu24%2F20261004.327
verify	Set up job	2026-10-09T09:40:11.0738394Z ##[endgroup]
verify	Set up job	2026-10-09T09:40:11.0739354Z ##[group]GITHUB_TOKEN Permissions
verify	Set up job	2026-10-09T09:40:11.0741285Z Contents: read
verify	Set up job	2026-10-09T09:40:11.0741835Z Metadata: read
verify	Set up job	2026-10-09T09:40:11.0742311Z ##[endgroup]
verify	Set up job	2026-10-09T09:40:11.0744002Z Secret source: Actions
verify	Set up job	2026-10-09T09:40:11.0744803Z Cache mode: write
verify	Set up job	2026-10-09T09:40:11.0745404Z Prepare workflow directory
verify	Set up job	2026-10-09T09:40:11.1010228Z Prepare all required actions
verify	Set up job	2026-10-09T09:40:11.1058001Z Getting action download info
verify	Set up job	2026-10-09T09:40:11.4142623Z Download action repository 'actions/checkout@v4' (SHA:11d5960a326750d5838078e36cf38b85af677262)
verify	Set up job	2026-10-09T09:40:11.4935662Z Download action repository 'actions/setup-node@v4' (SHA:49933ea5288caeca8642d1e84afbd3f7d6820020)
verify	Set up job	2026-10-09T09:40:11.5932220Z Download action repository 'actions/upload-artifact@v4' (SHA:ea165f8d65b6e75b540449e92b4886f43607fa02)
verify	Set up job	2026-10-09T09:40:11.8697005Z Complete job name: verify
verify	Run actions/checkout@v4	﻿2026-10-09T09:40:11.9390411Z ##[group]Run actions/checkout@v4
verify	Run actions/checkout@v4	2026-10-09T09:40:11.9391117Z with:
verify	Run actions/checkout@v4	2026-10-09T09:40:11.9391606Z   repository: chameleonjp-lab/shinariokanri
verify	Run actions/checkout@v4	2026-10-09T09:40:11.9395043Z   token: ***
verify	Run actions/checkout@v4	2026-10-09T09:40:11.9395510Z   ssh-strict: true
verify	Run actions/checkout@v4	2026-10-09T09:40:11.9395952Z   ssh-user: git
verify	Run actions/checkout@v4	2026-10-09T09:40:11.9396384Z   persist-credentials: true
verify	Run actions/checkout@v4	2026-10-09T09:40:11.9397215Z   clean: true
verify	Run actions/checkout@v4	2026-10-09T09:40:11.9397755Z   sparse-checkout-cone-mode: true
verify	Run actions/checkout@v4	2026-10-09T09:40:11.9398284Z   fetch-depth: 1
verify	Run actions/checkout@v4	2026-10-09T09:40:11.9398740Z   fetch-tags: false
verify	Run actions/checkout@v4	2026-10-09T09:40:11.9399204Z   show-progress: true
verify	Run actions/checkout@v4	2026-10-09T09:40:11.9399682Z   lfs: false
verify	Run actions/checkout@v4	2026-10-09T09:40:11.9400127Z   submodules: false
verify	Run actions/checkout@v4	2026-10-09T09:40:11.9400621Z   set-safe-directory: true
verify	Run actions/checkout@v4	2026-10-09T09:40:11.9401132Z   allow-unsafe-pr-checkout: false
verify	Run actions/checkout@v4	2026-10-09T09:40:11.9401800Z ##[endgroup]
verify	Run actions/checkout@v4	2026-10-09T09:40:12.0328478Z Syncing repository: chameleonjp-lab/shinariokanri
verify	Run actions/checkout@v4	2026-10-09T09:40:12.0331327Z ##[group]Getting Git version info
verify	Run actions/checkout@v4	2026-10-09T09:40:12.0332702Z Working directory is '/home/runner/work/shinariokanri/shinariokanri'
verify	Run actions/checkout@v4	2026-10-09T09:40:12.0336702Z [command]/usr/bin/git version
verify	Run actions/checkout@v4	2026-10-09T09:40:12.0454786Z git version 2.55.0
verify	Run actions/checkout@v4	2026-10-09T09:40:12.0487876Z ##[endgroup]
verify	Run actions/checkout@v4	2026-10-09T09:40:12.0497534Z Temporarily overriding HOME='/home/runner/work/_temp/c421c8e7-6f29-4e74-8780-92745524dc57' before making global git config changes
verify	Run actions/checkout@v4	2026-10-09T09:40:12.0500072Z Adding repository directory to the temporary git global config as a safe directory
verify	Run actions/checkout@v4	2026-10-09T09:40:12.0503630Z [command]/usr/bin/git config --global --add safe.directory /home/runner/work/shinariokanri/shinariokanri
verify	Run actions/checkout@v4	2026-10-09T09:40:12.0557224Z Deleting the contents of '/home/runner/work/shinariokanri/shinariokanri'
verify	Run actions/checkout@v4	2026-10-09T09:40:12.0559690Z ##[group]Initializing the repository
verify	Run actions/checkout@v4	2026-10-09T09:40:12.0561883Z [command]/usr/bin/git init /home/runner/work/shinariokanri/shinariokanri
verify	Run actions/checkout@v4	2026-10-09T09:40:12.0659827Z hint: Using 'master' as the name for the initial branch. This default branch name
verify	Run actions/checkout@v4	2026-10-09T09:40:12.0661419Z hint: will change to "main" in Git 3.0. To configure the initial branch name
verify	Run actions/checkout@v4	2026-10-09T09:40:12.0662506Z hint: to use in all of your new repositories, which will suppress this warning,
verify	Run actions/checkout@v4	2026-10-09T09:40:12.0663756Z hint: call:
verify	Run actions/checkout@v4	2026-10-09T09:40:12.0664363Z hint:
verify	Run actions/checkout@v4	2026-10-09T09:40:12.0665132Z hint: 	git config --global init.defaultBranch <name>
verify	Run actions/checkout@v4	2026-10-09T09:40:12.0665813Z hint:
verify	Run actions/checkout@v4	2026-10-09T09:40:12.0666461Z hint: Names commonly chosen instead of 'master' are 'main', 'trunk' and
verify	Run actions/checkout@v4	2026-10-09T09:40:12.0667745Z hint: 'development'. The just-created branch can be renamed via this command:
verify	Run actions/checkout@v4	2026-10-09T09:40:12.0668858Z hint:
verify	Run actions/checkout@v4	2026-10-09T09:40:12.0669545Z hint: 	git branch -m <name>
verify	Run actions/checkout@v4	2026-10-09T09:40:12.0670416Z hint:
verify	Run actions/checkout@v4	2026-10-09T09:40:12.0671292Z hint: Disable this message with "git config set advice.defaultBranchName false"
verify	Run actions/checkout@v4	2026-10-09T09:40:12.0672368Z Initialized empty Git repository in /home/runner/work/shinariokanri/shinariokanri/.git/
verify	Run actions/checkout@v4	2026-10-09T09:40:12.0683610Z [command]/usr/bin/git remote add origin https://github.com/chameleonjp-lab/shinariokanri
verify	Run actions/checkout@v4	2026-10-09T09:40:12.0730836Z ##[endgroup]
verify	Run actions/checkout@v4	2026-10-09T09:40:12.0732052Z ##[group]Disabling automatic garbage collection
verify	Run actions/checkout@v4	2026-10-09T09:40:12.0734445Z [command]/usr/bin/git config --local gc.auto 0
verify	Run actions/checkout@v4	2026-10-09T09:40:12.0761856Z ##[endgroup]
verify	Run actions/checkout@v4	2026-10-09T09:40:12.0763044Z ##[group]Setting up auth
verify	Run actions/checkout@v4	2026-10-09T09:40:12.0768604Z [command]/usr/bin/git config --local --name-only --get-regexp core\.sshCommand
verify	Run actions/checkout@v4	2026-10-09T09:40:12.0796105Z [command]/usr/bin/git submodule foreach --recursive sh -c "git config --local --name-only --get-regexp 'core\.sshCommand' && git config --local --unset-all 'core.sshCommand' || :"
verify	Run actions/checkout@v4	2026-10-09T09:40:12.1110465Z [command]/usr/bin/git config --local --name-only --get-regexp http\.https\:\/\/github\.com\/\.extraheader
verify	Run actions/checkout@v4	2026-10-09T09:40:12.1154212Z [command]/usr/bin/git submodule foreach --recursive sh -c "git config --local --name-only --get-regexp 'http\.https\:\/\/github\.com\/\.extraheader' && git config --local --unset-all 'http.https://github.com/.extraheader' || :"
verify	Run actions/checkout@v4	2026-10-09T09:40:12.1342474Z [command]/usr/bin/git config --local --name-only --get-regexp ^includeIf\.gitdir:
verify	Run actions/checkout@v4	2026-10-09T09:40:12.1368419Z [command]/usr/bin/git submodule foreach --recursive git config --local --show-origin --name-only --get-regexp remote.origin.url
verify	Run actions/checkout@v4	2026-10-09T09:40:12.1536210Z [command]/usr/bin/git config --local http.https://github.com/.extraheader AUTHORIZATION: basic ***
verify	Run actions/checkout@v4	2026-10-09T09:40:12.1569826Z ##[endgroup]
verify	Run actions/checkout@v4	2026-10-09T09:40:12.1571030Z ##[group]Fetching the repository
verify	Run actions/checkout@v4	2026-10-09T09:40:12.1580395Z [command]/usr/bin/git -c protocol.version=2 fetch --no-tags --prune --no-recurse-submodules --depth=1 origin +69c9a6167df4353a6c6e4407d4b7844c3d6d5dbc:refs/remotes/pull/22/merge
verify	Run actions/checkout@v4	2026-10-09T09:40:17.1197423Z From https://github.com/chameleonjp-lab/shinariokanri
verify	Run actions/checkout@v4	2026-10-09T09:40:17.1218448Z  * [new ref]         69c9a6167df4353a6c6e4407d4b7844c3d6d5dbc -> pull/22/merge
verify	Run actions/checkout@v4	2026-10-09T09:40:17.1251324Z ##[endgroup]
verify	Run actions/checkout@v4	2026-10-09T09:40:17.1252813Z ##[group]Determining the checkout info
verify	Run actions/checkout@v4	2026-10-09T09:40:17.1254038Z ##[endgroup]
verify	Run actions/checkout@v4	2026-10-09T09:40:17.1254883Z [command]/usr/bin/git sparse-checkout disable
verify	Run actions/checkout@v4	2026-10-09T09:40:17.1267206Z [command]/usr/bin/git config --local --unset-all extensions.worktreeConfig
verify	Run actions/checkout@v4	2026-10-09T09:40:17.1296580Z ##[group]Checking out the ref
verify	Run actions/checkout@v4	2026-10-09T09:40:17.1301695Z [command]/usr/bin/git checkout --progress --force refs/remotes/pull/22/merge
verify	Run actions/checkout@v4	2026-10-09T09:40:18.1416446Z Updating files:  92% (8869/9555)
verify	Run actions/checkout@v4	2026-10-09T09:40:18.1445145Z Updating files:  93% (8887/9555)
verify	Run actions/checkout@v4	2026-10-09T09:40:18.1481537Z Updating files:  94% (8982/9555)
verify	Run actions/checkout@v4	2026-10-09T09:40:18.1531762Z Updating files:  95% (9078/9555)
verify	Run actions/checkout@v4	2026-10-09T09:40:18.1594079Z Updating files:  96% (9173/9555)
verify	Run actions/checkout@v4	2026-10-09T09:40:18.1648608Z Updating files:  97% (9269/9555)
verify	Run actions/checkout@v4	2026-10-09T09:40:18.1690416Z Updating files:  98% (9364/9555)
verify	Run actions/checkout@v4	2026-10-09T09:40:18.1732348Z Updating files:  99% (9460/9555)
verify	Run actions/checkout@v4	2026-10-09T09:40:18.1733935Z Updating files: 100% (9555/9555)
verify	Run actions/checkout@v4	2026-10-09T09:40:18.1735447Z Updating files: 100% (9555/9555), done.
verify	Run actions/checkout@v4	2026-10-09T09:40:18.1825530Z Note: switching to 'refs/remotes/pull/22/merge'.
verify	Run actions/checkout@v4	2026-10-09T09:40:18.1826534Z 
verify	Run actions/checkout@v4	2026-10-09T09:40:18.1827887Z You are in 'detached HEAD' state. You can look around, make experimental
verify	Run actions/checkout@v4	2026-10-09T09:40:18.1830176Z changes and commit them, and you can discard any commits you make in this
verify	Run actions/checkout@v4	2026-10-09T09:40:18.1832396Z state without impacting any branches by switching back to a branch.
verify	Run actions/checkout@v4	2026-10-09T09:40:18.1833660Z 
verify	Run actions/checkout@v4	2026-10-09T09:40:18.1834601Z If you want to create a new branch to retain commits you create, you may
verify	Run actions/checkout@v4	2026-10-09T09:40:18.1836721Z do so (now or later) by using -c with the switch command. Example:
verify	Run actions/checkout@v4	2026-10-09T09:40:18.1838026Z 
verify	Run actions/checkout@v4	2026-10-09T09:40:18.1838642Z   git switch -c <new-branch-name>
verify	Run actions/checkout@v4	2026-10-09T09:40:18.1839485Z 
verify	Run actions/checkout@v4	2026-10-09T09:40:18.1840058Z Or undo this operation with:
verify	Run actions/checkout@v4	2026-10-09T09:40:18.1840817Z 
verify	Run actions/checkout@v4	2026-10-09T09:40:18.1841295Z   git switch -
verify	Run actions/checkout@v4	2026-10-09T09:40:18.1842027Z 
verify	Run actions/checkout@v4	2026-10-09T09:40:18.1843029Z Turn off this advice by setting config variable advice.detachedHead to false
verify	Run actions/checkout@v4	2026-10-09T09:40:18.1844451Z 
verify	Run actions/checkout@v4	2026-10-09T09:40:18.1845911Z HEAD is now at 69c9a61 Merge 572c6df91d09e141555c2f752b246107a2512786 into 449de9b469792b8778a7340b8ae27585d9d31e3a
verify	Run actions/checkout@v4	2026-10-09T09:40:18.1878435Z ##[endgroup]
verify	Run actions/checkout@v4	2026-10-09T09:40:18.1913742Z [command]/usr/bin/git log -1 --format=%H
verify	Run actions/checkout@v4	2026-10-09T09:40:18.1933101Z 69c9a6167df4353a6c6e4407d4b7844c3d6d5dbc
verify	Run actions/setup-node@v4	﻿2026-10-09T09:40:18.2237992Z ##[group]Run actions/setup-node@v4
verify	Run actions/setup-node@v4	2026-10-09T09:40:18.2238989Z with:
verify	Run actions/setup-node@v4	2026-10-09T09:40:18.2239746Z   node-version: 24
verify	Run actions/setup-node@v4	2026-10-09T09:40:18.2240505Z   cache: npm
verify	Run actions/setup-node@v4	2026-10-09T09:40:18.2241262Z   always-auth: false
verify	Run actions/setup-node@v4	2026-10-09T09:40:18.2242062Z   check-latest: false
verify	Run actions/setup-node@v4	2026-10-09T09:40:18.2249109Z   token: ***
verify	Run actions/setup-node@v4	2026-10-09T09:40:18.2249918Z ##[endgroup]
verify	Run actions/setup-node@v4	2026-10-09T09:40:18.3452933Z (node:2137) [DEP0040] DeprecationWarning: The `punycode` module is deprecated. Please use a userland alternative instead.
verify	Run actions/setup-node@v4	2026-10-09T09:40:18.3456153Z (Use `node --trace-deprecation ...` to show where the warning was created)
verify	Run actions/setup-node@v4	2026-10-09T09:40:18.3459236Z Found in cache @ /opt/hostedtoolcache/node/24.21.0/x64
verify	Run actions/setup-node@v4	2026-10-09T09:40:18.3461518Z ##[group]Environment details
verify	Run actions/setup-node@v4	2026-10-09T09:40:18.6988254Z node: v24.21.0
verify	Run actions/setup-node@v4	2026-10-09T09:40:18.6988850Z npm: 11.19.0
verify	Run actions/setup-node@v4	2026-10-09T09:40:18.6989496Z yarn: 1.22.22
verify	Run actions/setup-node@v4	2026-10-09T09:40:18.6990426Z ##[endgroup]
verify	Run actions/setup-node@v4	2026-10-09T09:40:18.7005849Z [command]/opt/hostedtoolcache/node/24.21.0/x64/bin/npm config get cache
verify	Run actions/setup-node@v4	2026-10-09T09:40:18.8001807Z /home/runner/.npm
verify	Run actions/setup-node@v4	2026-10-09T09:40:19.0150996Z Cache hit for: node-cache-Linux-x64-npm-6d82bbc41af669d666d011c5fca070c497082ca77603293ec8c70d28ba98cc31
verify	Run actions/setup-node@v4	2026-10-09T09:40:19.0266111Z (node:2137) [DEP0169] DeprecationWarning: `url.parse()` behavior is not standardized and prone to errors that have security implications. Use the WHATWG URL API instead. CVEs are not issued for `url.parse()` vulnerabilities.
verify	Run actions/setup-node@v4	2026-10-09T09:40:20.1764684Z Received 44135652 of 44135652 (100.0%), 44.7 MBs/sec
verify	Run actions/setup-node@v4	2026-10-09T09:40:20.1765611Z Cache Size: ~42 MB (44135652 B)
verify	Run actions/setup-node@v4	2026-10-09T09:40:20.1789963Z [command]/usr/bin/tar -xf /home/runner/work/_temp/91aa0d7c-6efd-4186-80b6-132a62d79784/cache.tzst -P -C /home/runner/work/shinariokanri/shinariokanri --use-compress-program unzstd
verify	Run actions/setup-node@v4	2026-10-09T09:40:20.2242600Z Cache restored successfully
verify	Run actions/setup-node@v4	2026-10-09T09:40:20.2259197Z Cache restored from key: node-cache-Linux-x64-npm-6d82bbc41af669d666d011c5fca070c497082ca77603293ec8c70d28ba98cc31
verify	Run npm ci	﻿2026-10-09T09:40:20.2391948Z ##[group]Run npm ci
verify	Run npm ci	2026-10-09T09:40:20.2392396Z [36;1mnpm ci[0m
verify	Run npm ci	2026-10-09T09:40:20.2565791Z shell: /usr/bin/bash -e {0}
verify	Run npm ci	2026-10-09T09:40:20.2566163Z ##[endgroup]
verify	Run npm ci	2026-10-09T09:40:21.7529107Z 
verify	Run npm ci	2026-10-09T09:40:21.7537370Z added 61 packages, and audited 62 packages in 1s
verify	Run npm ci	2026-10-09T09:40:21.7538081Z 
verify	Run npm ci	2026-10-09T09:40:21.7538462Z 15 packages are looking for funding
verify	Run npm ci	2026-10-09T09:40:21.7538961Z   run `npm fund` for details
verify	Run npm ci	2026-10-09T09:40:21.7540954Z 
verify	Run npm ci	2026-10-09T09:40:21.7541668Z found 0 vulnerabilities
verify	Run python3 scripts/check_docs.py	﻿2026-10-09T09:40:21.7784639Z ##[group]Run python3 scripts/check_docs.py
verify	Run python3 scripts/check_docs.py	2026-10-09T09:40:21.7785227Z [36;1mpython3 scripts/check_docs.py[0m
verify	Run python3 scripts/check_docs.py	2026-10-09T09:40:21.7823296Z shell: /usr/bin/bash -e {0}
verify	Run python3 scripts/check_docs.py	2026-10-09T09:40:21.7823670Z ##[endgroup]
verify	Run python3 scripts/check_docs.py	2026-10-09T09:40:21.9207654Z DOCUMENT VALIDATION PASSED: 104 requirements, 60 proposals, 24 work packages, 116 planned cases, 48 original + 10 technical sources.
verify	Run python3 scripts/check_docs.py	2026-10-09T09:40:21.9209416Z Checked: IDs, scope, sources, two-way traceability, acyclic dependencies, document/registry consistency, file hashes, fixture structure, local links.
verify	Run python3 scripts/check_docs.py	2026-10-09T09:40:21.9210848Z This document checker does not run application, schema, archive, security, performance or real-device acceptance tests. See docs/implementation/PROGRESS.md for separate implementation evidence.
verify	Run python3 scripts/check_completion_plan.py	﻿2026-10-09T09:40:21.9281594Z ##[group]Run python3 scripts/check_completion_plan.py
verify	Run python3 scripts/check_completion_plan.py	2026-10-09T09:40:21.9282054Z [36;1mpython3 scripts/check_completion_plan.py[0m
verify	Run python3 scripts/check_completion_plan.py	2026-10-09T09:40:21.9312533Z shell: /usr/bin/bash -e {0}
verify	Run python3 scripts/check_completion_plan.py	2026-10-09T09:40:21.9312913Z ##[endgroup]
verify	Run python3 scripts/check_completion_plan.py	2026-10-09T09:40:21.9767254Z COMPLETION PLAN PASSED: 104 tasks / 24 packages / 116 cases / 6 regression groups / 10 batches; original contracts retained.
verify	Run python3 -m unittest discover -s scripts -p 'test_check_*.py' -v	﻿2026-10-09T09:40:21.9838287Z ##[group]Run python3 -m unittest discover -s scripts -p 'test_check_*.py' -v
verify	Run python3 -m unittest discover -s scripts -p 'test_check_*.py' -v	2026-10-09T09:40:21.9838814Z [36;1mpython3 -m unittest discover -s scripts -p 'test_check_*.py' -v[0m
verify	Run python3 -m unittest discover -s scripts -p 'test_check_*.py' -v	2026-10-09T09:40:21.9870474Z shell: /usr/bin/bash -e {0}
verify	Run python3 -m unittest discover -s scripts -p 'test_check_*.py' -v	2026-10-09T09:40:21.9870902Z ##[endgroup]
verify	Run python3 -m unittest discover -s scripts -p 'test_check_*.py' -v	2026-10-09T09:40:22.4483127Z test_broken_example_route_fails (test_check_docs.DocumentCheckerTests.test_broken_example_route_fails) ... ok
verify	Run python3 -m unittest discover -s scripts -p 'test_check_*.py' -v	2026-10-09T09:40:22.8287638Z test_broken_link_fails (test_check_docs.DocumentCheckerTests.test_broken_link_fails) ... ok
verify	Run python3 -m unittest discover -s scripts -p 'test_check_*.py' -v	2026-10-09T09:40:23.2061515Z test_changed_pdf_fails (test_check_docs.DocumentCheckerTests.test_changed_pdf_fails) ... ok
verify	Run python3 -m unittest discover -s scripts -p 'test_check_*.py' -v	2026-10-09T09:40:23.5751670Z test_claimed_app_pass_fails (test_check_docs.DocumentCheckerTests.test_claimed_app_pass_fails) ... ok
verify	Run python3 -m unittest discover -s scripts -p 'test_check_*.py' -v	2026-10-09T09:40:23.9401242Z test_dependency_cycle_fails (test_check_docs.DocumentCheckerTests.test_dependency_cycle_fails) ... ok
verify	Run python3 -m unittest discover -s scripts -p 'test_check_*.py' -v	2026-10-09T09:40:24.3100400Z test_document_registry_drift_fails (test_check_docs.DocumentCheckerTests.test_document_registry_drift_fails) ... ok
verify	Run python3 -m unittest discover -s scripts -p 'test_check_*.py' -v	2026-10-09T09:40:24.6738061Z test_duplicate_id_fails (test_check_docs.DocumentCheckerTests.test_duplicate_id_fails) ... ok
verify	Run python3 -m unittest discover -s scripts -p 'test_check_*.py' -v	2026-10-09T09:40:25.0435703Z test_generated_dependency_documents_are_not_repository_sources (test_check_docs.DocumentCheckerTests.test_generated_dependency_documents_are_not_repository_sources) ... ok
verify	Run python3 -m unittest discover -s scripts -p 'test_check_*.py' -v	2026-10-09T09:40:25.4563275Z test_intact_documents_pass (test_check_docs.DocumentCheckerTests.test_intact_documents_pass) ... ok
verify	Run python3 -m unittest discover -s scripts -p 'test_check_*.py' -v	2026-10-09T09:40:25.8447393Z test_missing_acceptance_fails (test_check_docs.DocumentCheckerTests.test_missing_acceptance_fails) ... ok
verify	Run python3 -m unittest discover -s scripts -p 'test_check_*.py' -v	2026-10-09T09:40:26.2258684Z test_omitted_proposal_fails (test_check_docs.DocumentCheckerTests.test_omitted_proposal_fails) ... ok
verify	Run python3 -m unittest discover -s scripts -p 'test_check_*.py' -v	2026-10-09T09:40:26.2264072Z test_automated_browser_cannot_replace_live_rls_or_real_device_gate (test_check_release.ReleaseGateTests.test_automated_browser_cannot_replace_live_rls_or_real_device_gate) ... ok
verify	Run python3 -m unittest discover -s scripts -p 'test_check_*.py' -v	2026-10-09T09:40:26.2268411Z test_different_commit_and_not_run_case_block (test_check_release.ReleaseGateTests.test_different_commit_and_not_run_case_block) ... ok
verify	Run python3 -m unittest discover -s scripts -p 'test_check_*.py' -v	2026-10-09T09:40:26.2272370Z test_matching_complete_record_passes (test_check_release.ReleaseGateTests.test_matching_complete_record_passes) ... ok
verify	Run python3 -m unittest discover -s scripts -p 'test_check_*.py' -v	2026-10-09T09:40:26.2275615Z test_missing_evidence_blocks (test_check_release.ReleaseGateTests.test_missing_evidence_blocks) ... ok
verify	Run python3 -m unittest discover -s scripts -p 'test_check_*.py' -v	2026-10-09T09:40:26.2275994Z 
verify	Run python3 -m unittest discover -s scripts -p 'test_check_*.py' -v	2026-10-09T09:40:26.2276232Z ----------------------------------------------------------------------
verify	Run python3 -m unittest discover -s scripts -p 'test_check_*.py' -v	2026-10-09T09:40:26.2276694Z Ran 15 tests in 4.164s
verify	Run python3 -m unittest discover -s scripts -p 'test_check_*.py' -v	2026-10-09T09:40:26.2276844Z 
verify	Run python3 -m unittest discover -s scripts -p 'test_check_*.py' -v	2026-10-09T09:40:26.2276982Z OK
verify	Run npx playwright install --with-deps chromium firefox webkit	﻿2026-10-09T09:40:26.2404022Z ##[group]Run npx playwright install --with-deps chromium firefox webkit
verify	Run npx playwright install --with-deps chromium firefox webkit	2026-10-09T09:40:26.2404769Z [36;1mnpx playwright install --with-deps chromium firefox webkit[0m
verify	Run npx playwright install --with-deps chromium firefox webkit	2026-10-09T09:40:26.2441275Z shell: /usr/bin/bash -e {0}
verify	Run npx playwright install --with-deps chromium firefox webkit	2026-10-09T09:40:26.2441596Z ##[endgroup]
verify	Run npx playwright install --with-deps chromium firefox webkit	2026-10-09T09:40:26.8136008Z Installing dependencies...
verify	Run npx playwright install --with-deps chromium firefox webkit	2026-10-09T09:40:26.8198432Z Switching to root user to install dependencies...
verify	Run npx playwright install --with-deps chromium firefox webkit	2026-10-09T09:40:26.8865858Z Get:1 file:/etc/apt/apt-mirrors.txt Mirrorlist [144 B]
verify	Run npx playwright install --with-deps chromium firefox webkit	2026-10-09T09:40:26.9205709Z Hit:2 http://azure.archive.ubuntu.com/ubuntu noble InRelease
verify	Run npx playwright install --with-deps chromium firefox webkit	2026-10-09T09:40:26.9220381Z Get:6 https://packages.microsoft.com/ubuntu/24.04/prod noble InRelease [3600 B]
verify	Run npx playwright install --with-deps chromium firefox webkit	2026-10-09T09:40:26.9241783Z Get:3 http://azure.archive.ubuntu.com/ubuntu noble-updates InRelease [126 kB]
verify	Run npx playwright install --with-deps chromium firefox webkit	2026-10-09T09:40:26.9279557Z Get:4 http://azure.archive.ubuntu.com/ubuntu noble-backports InRelease [126 kB]
verify	Run npx playwright install --with-deps chromium firefox webkit	2026-10-09T09:40:26.9301044Z Get:5 http://azure.archive.ubuntu.com/ubuntu noble-security InRelease [126 kB]
verify	Run npx playwright install --with-deps chromium firefox webkit	2026-10-09T09:40:27.0149991Z Get:7 https://packages.microsoft.com/ubuntu/24.04/prod noble/main armhf Packages [12.3 kB]
verify	Run npx playwright install --with-deps chromium firefox webkit	2026-10-09T09:40:27.0228069Z Get:8 https://packages.microsoft.com/ubuntu/24.04/prod noble/main amd64 Packages [531 kB]
verify	Run npx playwright install --with-deps chromium firefox webkit	2026-10-09T09:40:27.0294331Z Get:9 https://packages.microsoft.com/ubuntu/24.04/prod noble/main all Packages [640 B]
verify	Run npx playwright install --with-deps chromium firefox webkit	2026-10-09T09:40:27.0338464Z Get:10 https://packages.microsoft.com/ubuntu/24.04/prod noble/main arm64 Packages [475 kB]
verify	Run npx playwright install --with-deps chromium firefox webkit	2026-10-09T09:40:27.0524614Z Get:11 http://azure.archive.ubuntu.com/ubuntu noble-updates/main amd64 Packages [1375 kB]
verify	Run npx playwright install --with-deps chromium firefox webkit	2026-10-09T09:40:27.0588194Z Get:12 http://azure.archive.ubuntu.com/ubuntu noble-updates/main Translation-en [306 kB]
verify	Run npx playwright install --with-deps chromium firefox webkit	2026-10-09T09:40:27.0610641Z Get:13 http://azure.archive.ubuntu.com/ubuntu noble-updates/universe amd64 Packages [1702 kB]
verify	Run npx playwright install --with-deps chromium firefox webkit	2026-10-09T09:40:27.0684242Z Get:14 http://azure.archive.ubuntu.com/ubuntu noble-updates/universe Translation-en [342 kB]
verify	Run npx playwright install --with-deps chromium firefox webkit	2026-10-09T09:40:27.0718372Z Get:15 http://azure.archive.ubuntu.com/ubuntu noble-updates/restricted amd64 Packages [1761 kB]
verify	Run npx playwright install --with-deps chromium firefox webkit	2026-10-09T09:40:27.0789100Z Get:16 http://azure.archive.ubuntu.com/ubuntu noble-updates/restricted Translation-en [401 kB]
verify	Run npx playwright install --with-deps chromium firefox webkit	2026-10-09T09:40:27.0810088Z Get:17 http://azure.archive.ubuntu.com/ubuntu noble-updates/multiverse amd64 Packages [55.0 kB]
verify	Run npx playwright install --with-deps chromium firefox webkit	2026-10-09T09:40:27.0820985Z Get:18 http://azure.archive.ubuntu.com/ubuntu noble-updates/multiverse Translation-en [14.3 kB]
verify	Run npx playwright install --with-deps chromium firefox webkit	2026-10-09T09:40:27.1405140Z Get:19 http://azure.archive.ubuntu.com/ubuntu noble-security/main amd64 Packages [1118 kB]
verify	Run npx playwright install --with-deps chromium firefox webkit	2026-10-09T09:40:27.1457632Z Get:20 http://azure.archive.ubuntu.com/ubuntu noble-security/main Translation-en [228 kB]
verify	Run npx playwright install --with-deps chromium firefox webkit	2026-10-09T09:40:27.1896844Z Get:21 http://azure.archive.ubuntu.com/ubuntu noble-security/universe amd64 Packages [1220 kB]
verify	Run npx playwright install --with-deps chromium firefox webkit	2026-10-09T09:40:27.1957882Z Get:22 http://azure.archive.ubuntu.com/ubuntu noble-security/universe Translation-en [245 kB]
verify	Run npx playwright install --with-deps chromium firefox webkit	2026-10-09T09:40:27.1975646Z Get:23 http://azure.archive.ubuntu.com/ubuntu noble-security/restricted amd64 Packages [1667 kB]
verify	Run npx playwright install --with-deps chromium firefox webkit	2026-10-09T09:40:27.2052235Z Get:24 http://azure.archive.ubuntu.com/ubuntu noble-security/restricted Translation-en [383 kB]
verify	Run npx playwright install --with-deps chromium firefox webkit	2026-10-09T09:40:27.2072748Z Get:25 http://azure.archive.ubuntu.com/ubuntu noble-security/multiverse amd64 Packages [49.8 kB]
verify	Run npx playwright install --with-deps chromium firefox webkit	2026-10-09T09:40:27.2081686Z Get:26 http://azure.archive.ubuntu.com/ubuntu noble-security/multiverse Translation-en [12.4 kB]
verify	Run npx playwright install --with-deps chromium firefox webkit	2026-10-09T09:40:32.8865759Z Fetched 12.3 MB in 1s (10.6 MB/s)
verify	Run npx playwright install --with-deps chromium firefox webkit	2026-10-09T09:40:33.5662581Z Reading package lists...
verify	Run npx playwright install --with-deps chromium firefox webkit	2026-10-09T09:40:33.5883453Z Reading package lists...
verify	Run npx playwright install --with-deps chromium firefox webkit	2026-10-09T09:40:33.7116861Z Building dependency tree...
verify	Run npx playwright install --with-deps chromium firefox webkit	2026-10-09T09:40:33.7120629Z Reading state information...
verify	Run npx playwright install --with-deps chromium firefox webkit	2026-10-09T09:40:33.7256063Z libasound2t64 is already the newest version (1.2.11-1ubuntu0.3).
verify	Run npx playwright install --with-deps chromium firefox webkit	2026-10-09T09:40:33.7257004Z libasound2t64 set to manually installed.
verify	Run npx playwright install --with-deps chromium firefox webkit	2026-10-09T09:40:33.7258070Z libatk-bridge2.0-0t64 is already the newest version (2.52.0-1build1).
verify	Run npx playwright install --with-deps chromium firefox webkit	2026-10-09T09:40:33.7258849Z libatk-bridge2.0-0t64 set to manually installed.
verify	Run npx playwright install --with-deps chromium firefox webkit	2026-10-09T09:40:33.7259877Z libatk1.0-0t64 is already the newest version (2.52.0-1build1).
verify	Run npx playwright install --with-deps chromium firefox webkit	2026-10-09T09:40:33.7260583Z libatk1.0-0t64 set to manually installed.
verify	Run npx playwright install --with-deps chromium firefox webkit	2026-10-09T09:40:33.7261215Z libatspi2.0-0t64 is already the newest version (2.52.0-1build1).
verify	Run npx playwright install --with-deps chromium firefox webkit	2026-10-09T09:40:33.7262003Z libatspi2.0-0t64 set to manually installed.
verify	Run npx playwright install --with-deps chromium firefox webkit	2026-10-09T09:40:33.7262657Z libcairo2 is already the newest version (1.18.0-3build1).
verify	Run npx playwright install --with-deps chromium firefox webkit	2026-10-09T09:40:33.7263707Z libcairo2 set to manually installed.
verify	Run npx playwright install --with-deps chromium firefox webkit	2026-10-09T09:40:33.7264377Z libcups2t64 is already the newest version (2.4.7-1.2ubuntu7.14).
verify	Run npx playwright install --with-deps chromium firefox webkit	2026-10-09T09:40:33.7265054Z libcups2t64 set to manually installed.
verify	Run npx playwright install --with-deps chromium firefox webkit	2026-10-09T09:40:33.7265699Z libdbus-1-3 is already the newest version (1.14.10-4ubuntu4.1).
verify	Run npx playwright install --with-deps chromium firefox webkit	2026-10-09T09:40:33.7266314Z libdbus-1-3 set to manually installed.
verify	Run npx playwright install --with-deps chromium firefox webkit	2026-10-09T09:40:33.7267201Z libdrm2 is already the newest version (2.4.125-1ubuntu0.1~24.04.2).
verify	Run npx playwright install --with-deps chromium firefox webkit	2026-10-09T09:40:33.7267840Z libdrm2 set to manually installed.
verify	Run npx playwright install --with-deps chromium firefox webkit	2026-10-09T09:40:33.7268460Z libgbm1 is already the newest version (25.2.8-0ubuntu0.24.04.4).
verify	Run npx playwright install --with-deps chromium firefox webkit	2026-10-09T09:40:33.7269131Z libgbm1 set to manually installed.
verify	Run npx playwright install --with-deps chromium firefox webkit	2026-10-09T09:40:33.7269913Z libglib2.0-0t64 is already the newest version (2.80.0-6ubuntu3.9).
verify	Run npx playwright install --with-deps chromium firefox webkit	2026-10-09T09:40:33.7270639Z libglib2.0-0t64 set to manually installed.
verify	Run npx playwright install --with-deps chromium firefox webkit	2026-10-09T09:40:33.7271310Z libnspr4 is already the newest version (2:4.35-1.1build1).
verify	Run npx playwright install --with-deps chromium firefox webkit	2026-10-09T09:40:33.7271912Z libnspr4 set to manually installed.
verify	Run npx playwright install --with-deps chromium firefox webkit	2026-10-09T09:40:33.7272511Z libnss3 is already the newest version (2:3.98-1ubuntu0.2).
verify	Run npx playwright install --with-deps chromium firefox webkit	2026-10-09T09:40:33.7273118Z libnss3 set to manually installed.
verify	Run npx playwright install --with-deps chromium firefox webkit	2026-10-09T09:40:33.7273780Z libpango-1.0-0 is already the newest version (1.52.1+ds-1build1).
verify	Run npx playwright install --with-deps chromium firefox webkit	2026-10-09T09:40:33.7274446Z libpango-1.0-0 set to manually installed.
verify	Run npx playwright install --with-deps chromium firefox webkit	2026-10-09T09:40:33.7275110Z libx11-6 is already the newest version (2:1.8.7-1build1).
verify	Run npx playwright install --with-deps chromium firefox webkit	2026-10-09T09:40:33.7275749Z libx11-6 set to manually installed.
verify	Run npx playwright install --with-deps chromium firefox webkit	2026-10-09T09:40:33.7276359Z libxcb1 is already the newest version (1.15-1ubuntu2).
verify	Run npx playwright install --with-deps chromium firefox webkit	2026-10-09T09:40:33.7276995Z libxcb1 set to manually installed.
verify	Run npx playwright install --with-deps chromium firefox webkit	2026-10-09T09:40:33.7277829Z libxcomposite1 is already the newest version (1:0.4.5-1build3).
verify	Run npx playwright install --with-deps chromium firefox webkit	2026-10-09T09:40:33.7278544Z libxcomposite1 set to manually installed.
verify	Run npx playwright install --with-deps chromium firefox webkit	2026-10-09T09:40:33.7279224Z libxdamage1 is already the newest version (1:1.1.6-1build1).
verify	Run npx playwright install --with-deps chromium firefox webkit	2026-10-09T09:40:33.7279949Z libxdamage1 set to manually installed.
verify	Run npx playwright install --with-deps chromium firefox webkit	2026-10-09T09:40:33.7280583Z libxext6 is already the newest version (2:1.3.4-1build2).
verify	Run npx playwright install --with-deps chromium firefox webkit	2026-10-09T09:40:33.7281268Z libxext6 set to manually installed.
verify	Run npx playwright install --with-deps chromium firefox webkit	2026-10-09T09:40:33.7281987Z libxfixes3 is already the newest version (1:6.0.0-2build1).
verify	Run npx playwright install --with-deps chromium firefox webkit	2026-10-09T09:40:33.7282608Z libxfixes3 set to manually installed.
verify	Run npx playwright install --with-deps chromium firefox webkit	2026-10-09T09:40:33.7283305Z libxkbcommon0 is already the newest version (1.6.0-1build1).
verify	Run npx playwright install --with-deps chromium firefox webkit	2026-10-09T09:40:33.7283990Z libxkbcommon0 set to manually installed.
verify	Run npx playwright install --with-deps chromium firefox webkit	2026-10-09T09:40:33.7284658Z libxrandr2 is already the newest version (2:1.5.2-2build1).
verify	Run npx playwright install --with-deps chromium firefox webkit	2026-10-09T09:40:33.7285296Z libxrandr2 set to manually installed.
verify	Run npx playwright install --with-deps chromium firefox webkit	2026-10-09T09:40:33.7285987Z xvfb is already the newest version (2:21.1.12-1ubuntu1.8).
verify	Run npx playwright install --with-deps chromium firefox webkit	2026-10-09T09:40:33.7286874Z fonts-noto-color-emoji is already the newest version (2.047-0ubuntu0.24.04.1).
verify	Run npx playwright install --with-deps chromium firefox webkit	2026-10-09T09:40:33.7287859Z libfontconfig1 is already the newest version (2.15.0-1.1ubuntu2).
verify	Run npx playwright install --with-deps chromium firefox webkit	2026-10-09T09:40:33.7288608Z libfontconfig1 set to manually installed.
verify	Run npx playwright install --with-deps chromium firefox webkit	2026-10-09T09:40:33.7289274Z fonts-liberation is already the newest version (1:2.1.5-3).
verify	Run npx playwright install --with-deps chromium firefox webkit	2026-10-09T09:40:33.7290020Z fonts-liberation set to manually installed.
verify	Run npx playwright install --with-deps chromium firefox webkit	2026-10-09T09:40:33.7290799Z libcairo-gobject2 is already the newest version (1.18.0-3build1).
verify	Run npx playwright install --with-deps chromium firefox webkit	2026-10-09T09:40:33.7291498Z libcairo-gobject2 set to manually installed.
verify	Run npx playwright install --with-deps chromium firefox webkit	2026-10-09T09:40:33.7292299Z libgdk-pixbuf-2.0-0 is already the newest version (2.42.10+dfsg-3ubuntu3.3).
verify	Run npx playwright install --with-deps chromium firefox webkit	2026-10-09T09:40:33.7293087Z libgdk-pixbuf-2.0-0 set to manually installed.
verify	Run npx playwright install --with-deps chromium firefox webkit	2026-10-09T09:40:33.7293829Z libgtk-3-0t64 is already the newest version (3.24.41-4ubuntu1.3).
verify	Run npx playwright install --with-deps chromium firefox webkit	2026-10-09T09:40:33.7294495Z libgtk-3-0t64 set to manually installed.
verify	Run npx playwright install --with-deps chromium firefox webkit	2026-10-09T09:40:33.7295219Z libpangocairo-1.0-0 is already the newest version (1.52.1+ds-1build1).
verify	Run npx playwright install --with-deps chromium firefox webkit	2026-10-09T09:40:33.7296139Z libpangocairo-1.0-0 set to manually installed.
verify	Run npx playwright install --with-deps chromium firefox webkit	2026-10-09T09:40:33.7296811Z libx11-xcb1 is already the newest version (2:1.8.7-1build1).
verify	Run npx playwright install --with-deps chromium firefox webkit	2026-10-09T09:40:33.7297675Z libx11-xcb1 set to manually installed.
verify	Run npx playwright install --with-deps chromium firefox webkit	2026-10-09T09:40:33.7298271Z libxcb-shm0 is already the newest version (1.15-1ubuntu2).
verify	Run npx playwright install --with-deps chromium firefox webkit	2026-10-09T09:40:33.7298832Z libxcb-shm0 set to manually installed.
verify	Run npx playwright install --with-deps chromium firefox webkit	2026-10-09T09:40:33.7299542Z libxcursor1 is already the newest version (1:1.2.1-1build1).
verify	Run npx playwright install --with-deps chromium firefox webkit	2026-10-09T09:40:33.7300131Z libxcursor1 set to manually installed.
verify	Run npx playwright install --with-deps chromium firefox webkit	2026-10-09T09:40:33.7300741Z libxi6 is already the newest version (2:1.8.1-1build1).
verify	Run npx playwright install --with-deps chromium firefox webkit	2026-10-09T09:40:33.7301366Z libxi6 set to manually installed.
verify	Run npx playwright install --with-deps chromium firefox webkit	2026-10-09T09:40:33.7302084Z libxrender1 is already the newest version (1:0.9.10-1.1build1).
verify	Run npx playwright install --with-deps chromium firefox webkit	2026-10-09T09:40:33.7302770Z libxrender1 set to manually installed.
verify	Run npx playwright install --with-deps chromium firefox webkit	2026-10-09T09:40:33.7303335Z libicu74 is already the newest version (74.2-1ubuntu3.1).
verify	Run npx playwright install --with-deps chromium firefox webkit	2026-10-09T09:40:33.7304094Z libatomic1 is already the newest version (14.2.0-4ubuntu2~24.04.1).
verify	Run npx playwright install --with-deps chromium firefox webkit	2026-10-09T09:40:33.7304798Z libatomic1 set to manually installed.
verify	Run npx playwright install --with-deps chromium firefox webkit	2026-10-09T09:40:33.7305438Z libenchant-2-2 is already the newest version (2.3.3-2build2).
verify	Run npx playwright install --with-deps chromium firefox webkit	2026-10-09T09:40:33.7306128Z libenchant-2-2 set to manually installed.
verify	Run npx playwright install --with-deps chromium firefox webkit	2026-10-09T09:40:33.7306834Z libepoxy0 is already the newest version (1.5.10-1build1).
verify	Run npx playwright install --with-deps chromium firefox webkit	2026-10-09T09:40:33.7308283Z libepoxy0 set to manually installed.
verify	Run npx playwright install --with-deps chromium firefox webkit	2026-10-09T09:40:33.7308843Z libgstreamer1.0-0 is already the newest version (1.24.2-1ubuntu0.1).
verify	Run npx playwright install --with-deps chromium firefox webkit	2026-10-09T09:40:33.7309378Z libgstreamer1.0-0 set to manually installed.
verify	Run npx playwright install --with-deps chromium firefox webkit	2026-10-09T09:40:33.7309849Z libharfbuzz0b is already the newest version (8.3.0-2build2).
verify	Run npx playwright install --with-deps chromium firefox webkit	2026-10-09T09:40:33.7310266Z libharfbuzz0b set to manually installed.
verify	Run npx playwright install --with-deps chromium firefox webkit	2026-10-09T09:40:33.7310719Z libjpeg-turbo8 is already the newest version (2.1.5-2ubuntu2).
verify	Run npx playwright install --with-deps chromium firefox webkit	2026-10-09T09:40:33.8555293Z libjpeg-turbo8 set to manually installed.
verify	Run npx playwright install --with-deps chromium firefox webkit	2026-10-09T09:40:33.8555998Z liblcms2-2 is already the newest version (2.14-2ubuntu0.1).
verify	Run npx playwright install --with-deps chromium firefox webkit	2026-10-09T09:40:33.8556648Z liblcms2-2 set to manually installed.
verify	Run npx playwright install --with-deps chromium firefox webkit	2026-10-09T09:40:33.8557513Z libwayland-client0 is already the newest version (1.22.0-2.1build1).
verify	Run npx playwright install --with-deps chromium firefox webkit	2026-10-09T09:40:33.8558198Z libwayland-client0 set to manually installed.
verify	Run npx playwright install --with-deps chromium firefox webkit	2026-10-09T09:40:33.8558897Z libwayland-egl1 is already the newest version (1.22.0-2.1build1).
verify	Run npx playwright install --with-deps chromium firefox webkit	2026-10-09T09:40:33.8559627Z libwayland-egl1 set to manually installed.
verify	Run npx playwright install --with-deps chromium firefox webkit	2026-10-09T09:40:33.8560234Z libwebp7 is already the newest version (1.3.2-0.4build3).
verify	Run npx playwright install --with-deps chromium firefox webkit	2026-10-09T09:40:33.8560857Z libwebp7 set to manually installed.
verify	Run npx playwright install --with-deps chromium firefox webkit	2026-10-09T09:40:33.8561508Z libwebpdemux2 is already the newest version (1.3.2-0.4build3).
verify	Run npx playwright install --with-deps chromium firefox webkit	2026-10-09T09:40:33.8562139Z libwebpdemux2 set to manually installed.
verify	Run npx playwright install --with-deps chromium firefox webkit	2026-10-09T09:40:33.8562776Z libxslt1.1 is already the newest version (1.1.39-0exp1ubuntu0.24.04.3).
verify	Run npx playwright install --with-deps chromium firefox webkit	2026-10-09T09:40:33.8563414Z libxslt1.1 set to manually installed.
verify	Run npx playwright install --with-deps chromium firefox webkit	2026-10-09T09:40:33.8564003Z The following additional packages will be installed:
verify	Run npx playwright install --with-deps chromium firefox webkit	2026-10-09T09:40:33.8564704Z   glib-networking glib-networking-common glib-networking-services
verify	Run npx playwright install --with-deps chromium firefox webkit	2026-10-09T09:40:33.8565609Z   gsettings-desktop-schemas libaa1 libabsl20220623t64 libass9 libasyncns0
verify	Run npx playwright install --with-deps chromium firefox webkit	2026-10-09T09:40:33.8566400Z   libavc1394-0 libavfilter9 libavformat60 libavtp0 libavutil58 libblas3
verify	Run npx playwright install --with-deps chromium firefox webkit	2026-10-09T09:40:33.8567525Z   libbluray2 libbs2b0 libcaca0 libcairo-script-interpreter2 libcdparanoia0
verify	Run npx playwright install --with-deps chromium firefox webkit	2026-10-09T09:40:33.8568438Z   libchromaprint1 libcjson1 libcodec2-1.2 libdav1d7 libdc1394-25 libdca0
verify	Run npx playwright install --with-deps chromium firefox webkit	2026-10-09T09:40:33.8569183Z   libde265-0 libdecor-0-0 libdirectfb-1.7-7t64 libdv4t64 libdvdnav4
verify	Run npx playwright install --with-deps chromium firefox webkit	2026-10-09T09:40:33.8570050Z   libdvdread8t64 libegl-mesa0 libegl1 libfaad2 libflac12t64 libfluidsynth3
verify	Run npx playwright install --with-deps chromium firefox webkit	2026-10-09T09:40:33.8570815Z   libfreeaptx0 libgav1-1 libgme0 libgraphene-1.0-0 libgsm1 libgssdp-1.6-0
verify	Run npx playwright install --with-deps chromium firefox webkit	2026-10-09T09:40:33.8571633Z   libgstreamer-plugins-good1.0-0 libgtk-4-common libgupnp-1.6-0
verify	Run npx playwright install --with-deps chromium firefox webkit	2026-10-09T09:40:33.8572384Z   libgupnp-igd-1.6-0 libhwy1t64 libiec61883-0 libimath-3-1-29t64
verify	Run npx playwright install --with-deps chromium firefox webkit	2026-10-09T09:40:33.8573145Z   libinstpatch-1.0-2 libjack-jackd2-0 libjxl0.7 liblapack3 liblc3-1
verify	Run npx playwright install --with-deps chromium firefox webkit	2026-10-09T09:40:33.8574226Z   libldacbt-enc2 liblilv-0-0 liblrdf0 libltc11 libmbedcrypto7t64 libmfx1
verify	Run npx playwright install --with-deps chromium firefox webkit	2026-10-09T09:40:33.8574995Z   libmjpegutils-2.1-0t64 libmodplug1 libmp3lame0 libmpcdec6
verify	Run npx playwright install --with-deps chromium firefox webkit	2026-10-09T09:40:33.8575889Z   libmpeg2encpp-2.1-0t64 libmpg123-0t64 libmplex2-2.1-0t64 libmysofa1
verify	Run npx playwright install --with-deps chromium firefox webkit	2026-10-09T09:40:33.8576710Z   libneon27t64 libnice10 libopenal-data libopenal1 libopenexr-3-1-30
verify	Run npx playwright install --with-deps chromium firefox webkit	2026-10-09T09:40:33.8577798Z   libopenh264-7 libopenmpt0t64 libopenni2-0 liborc-0.4-0t64
verify	Run npx playwright install --with-deps chromium firefox webkit	2026-10-09T09:40:33.8578635Z   libpipewire-0.3-0t64 libplacebo338 libpocketsphinx3 libpostproc57
verify	Run npx playwright install --with-deps chromium firefox webkit	2026-10-09T09:40:33.8579559Z   libproxy1v5 libpulse0 libqrencode4 libraptor2-0 librav1e0 libraw1394-11
verify	Run npx playwright install --with-deps chromium firefox webkit	2026-10-09T09:40:33.8580583Z   librist4 librsvg2-2 librubberband2 libsamplerate0 libsbc1 libsdl2-2.0-0
verify	Run npx playwright install --with-deps chromium firefox webkit	2026-10-09T09:40:33.8581534Z   libsecret-common libserd-0-0 libshine3 libshout3 libsndfile1 libsndio7.0
verify	Run npx playwright install --with-deps chromium firefox webkit	2026-10-09T09:40:33.8582485Z   libsord-0-0 libsoundtouch1 libsoup-3.0-0 libsoup-3.0-common libsoxr0
verify	Run npx playwright install --with-deps chromium firefox webkit	2026-10-09T09:40:33.8583367Z   libspa-0.2-modules libspandsp2t64 libspeex1 libsphinxbase3t64 libsratom-0-0
verify	Run npx playwright install --with-deps chromium firefox webkit	2026-10-09T09:40:33.8584275Z   libsrt1.5-gnutls libsrtp2-1 libssh-gcrypt-4 libsvtav1enc1d1 libswresample4
verify	Run npx playwright install --with-deps chromium firefox webkit	2026-10-09T09:40:33.8585203Z   libswscale7 libtag1v5 libtag1v5-vanilla libtheora0 libtwolame0 libudfread0
verify	Run npx playwright install --with-deps chromium firefox webkit	2026-10-09T09:40:33.8586121Z   libunibreak5 libv4l-0t64 libv4lconvert0t64 libva-drm2 libva-x11-2 libva2
verify	Run npx playwright install --with-deps chromium firefox webkit	2026-10-09T09:40:33.8586930Z   libvdpau1 libvidstab1.1 libvisual-0.4-0 libvo-aacenc0 libvo-amrwbenc0
verify	Run npx playwright install --with-deps chromium firefox webkit	2026-10-09T09:40:33.8587921Z   libvorbisenc2 libvpl2 libwavpack1 libwebrtc-audio-processing1 libwildmidi2
verify	Run npx playwright install --with-deps chromium firefox webkit	2026-10-09T09:40:33.8588915Z   libx265-199 libxcb-xkb1 libxkbcommon-x11-0 libxml2-dev libxvidcore4 libyuv0
verify	Run npx playwright install --with-deps chromium firefox webkit	2026-10-09T09:40:33.8589821Z   libzbar0t64 libzimg2 libzix-0-0 libzvbi-common libzvbi0t64 libzxing3
verify	Run npx playwright install --with-deps chromium firefox webkit	2026-10-09T09:40:33.8590699Z   ocl-icd-libopencl1 session-migration timgm6mb-soundfont xfonts-encodings
verify	Run npx playwright install --with-deps chromium firefox webkit	2026-10-09T09:40:33.8591329Z   xfonts-utils
verify	Run npx playwright install --with-deps chromium firefox webkit	2026-10-09T09:40:33.8591825Z Suggested packages:
verify	Run npx playwright install --with-deps chromium firefox webkit	2026-10-09T09:40:33.8592473Z   frei0r-plugins gvfs libcuda1 libnvcuvid1 libnvidia-encode1 libbluray-bdj
verify	Run npx playwright install --with-deps chromium firefox webkit	2026-10-09T09:40:33.8593303Z   libdirectfb-extra libdv-bin oss-compat libdvdcss2 libvisual-0.4-plugins
verify	Run npx playwright install --with-deps chromium firefox webkit	2026-10-09T09:40:33.8594158Z   jackd2 liblrdf0-dev libportaudio2 opus-tools pipewire pulseaudio
verify	Run npx playwright install --with-deps chromium firefox webkit	2026-10-09T09:40:33.8594927Z   raptor2-utils libraw1394-doc librsvg2-bin serdi sndiod sordi speex
verify	Run npx playwright install --with-deps chromium firefox webkit	2026-10-09T09:40:33.8595637Z   libwildmidi-config opencl-icd fluid-soundfont-gm
verify	Run npx playwright install --with-deps chromium firefox webkit	2026-10-09T09:40:33.8596254Z Recommended packages:
verify	Run npx playwright install --with-deps chromium firefox webkit	2026-10-09T09:40:33.8596848Z   fonts-ipafont-mincho fonts-tlwg-loma gstreamer1.0-x libaacs0
verify	Run npx playwright install --with-deps chromium firefox webkit	2026-10-09T09:40:33.8597899Z   default-libdecor-0-plugin-1 | libdecor-0-plugin-1 gstreamer1.0-gl
verify	Run npx playwright install --with-deps chromium firefox webkit	2026-10-09T09:40:33.8598683Z   libgtk-4-bin librsvg2-common libgtk-4-media-gstreamer libpipewire-0.3-common
verify	Run npx playwright install --with-deps chromium firefox webkit	2026-10-09T09:40:33.8599463Z   pocketsphinx-en-us va-driver-all | va-driver vdpau-driver-all | vdpau-driver
verify	Run npx playwright install --with-deps chromium firefox webkit	2026-10-09T09:40:33.8600053Z   libmagickcore-6.q16-7-extra
verify	Run npx playwright install --with-deps chromium firefox webkit	2026-10-09T09:40:33.9022863Z The following NEW packages will be installed:
verify	Run npx playwright install --with-deps chromium firefox webkit	2026-10-09T09:40:33.9024217Z   fonts-freefont-ttf fonts-ipafont-gothic fonts-tlwg-loma-otf fonts-unifont
verify	Run npx playwright install --with-deps chromium firefox webkit	2026-10-09T09:40:33.9025024Z   fonts-wqy-zenhei glib-networking glib-networking-common
verify	Run npx playwright install --with-deps chromium firefox webkit	2026-10-09T09:40:33.9025976Z   glib-networking-services gsettings-desktop-schemas gstreamer1.0-libav
verify	Run npx playwright install --with-deps chromium firefox webkit	2026-10-09T09:40:33.9026647Z   gstreamer1.0-plugins-bad gstreamer1.0-plugins-base gstreamer1.0-plugins-good
verify	Run npx playwright install --with-deps chromium firefox webkit	2026-10-09T09:40:33.9027670Z   libaa1 libabsl20220623t64 libass9 libasyncns0 libavc1394-0 libavcodec60
verify	Run npx playwright install --with-deps chromium firefox webkit	2026-10-09T09:40:33.9028337Z   libavfilter9 libavformat60 libavif16 libavtp0 libavutil58 libblas3
verify	Run npx playwright install --with-deps chromium firefox webkit	2026-10-09T09:40:33.9028995Z   libbluray2 libbs2b0 libcaca0 libcairo-script-interpreter2 libcdparanoia0
verify	Run npx playwright install --with-deps chromium firefox webkit	2026-10-09T09:40:33.9029563Z   libchromaprint1 libcjson1 libcodec2-1.2 libdav1d7 libdc1394-25 libdca0
verify	Run npx playwright install --with-deps chromium firefox webkit	2026-10-09T09:40:33.9030051Z   libde265-0 libdecor-0-0 libdirectfb-1.7-7t64 libdv4t64 libdvdnav4
verify	Run npx playwright install --with-deps chromium firefox webkit	2026-10-09T09:40:33.9030626Z   libdvdread8t64 libegl-mesa0 libegl1 libevent-2.1-7t64 libfaad2 libflac12t64
verify	Run npx playwright install --with-deps chromium firefox webkit	2026-10-09T09:40:33.9031341Z   libflite1 libfluidsynth3 libfreeaptx0 libgav1-1 libgles2 libgme0
verify	Run npx playwright install --with-deps chromium firefox webkit	2026-10-09T09:40:33.9031826Z   libgraphene-1.0-0 libgsm1 libgssdp-1.6-0 libgstreamer-gl1.0-0
verify	Run npx playwright install --with-deps chromium firefox webkit	2026-10-09T09:40:33.9032401Z   libgstreamer-plugins-bad1.0-0 libgstreamer-plugins-base1.0-0
verify	Run npx playwright install --with-deps chromium firefox webkit	2026-10-09T09:40:33.9032930Z   libgstreamer-plugins-good1.0-0 libgtk-4-1 libgtk-4-common libgupnp-1.6-0
verify	Run npx playwright install --with-deps chromium firefox webkit	2026-10-09T09:40:33.9033613Z   libgupnp-igd-1.6-0 libharfbuzz-icu0 libhwy1t64 libhyphen0 libiec61883-0
verify	Run npx playwright install --with-deps chromium firefox webkit	2026-10-09T09:40:33.9034310Z   libimath-3-1-29t64 libinstpatch-1.0-2 libjack-jackd2-0 libjxl0.7 liblapack3
verify	Run npx playwright install --with-deps chromium firefox webkit	2026-10-09T09:40:33.9034863Z   liblc3-1 libldacbt-enc2 liblilv-0-0 liblrdf0 libltc11 libmanette-0.2-0
verify	Run npx playwright install --with-deps chromium firefox webkit	2026-10-09T09:40:33.9035370Z   libmbedcrypto7t64 libmfx1 libmjpegutils-2.1-0t64 libmodplug1 libmp3lame0
verify	Run npx playwright install --with-deps chromium firefox webkit	2026-10-09T09:40:33.9035970Z   libmpcdec6 libmpeg2encpp-2.1-0t64 libmpg123-0t64 libmplex2-2.1-0t64
verify	Run npx playwright install --with-deps chromium firefox webkit	2026-10-09T09:40:33.9036483Z   libmysofa1 libneon27t64 libnice10 libopenal-data libopenal1
verify	Run npx playwright install --with-deps chromium firefox webkit	2026-10-09T09:40:33.9036985Z   libopenexr-3-1-30 libopenh264-7 libopenmpt0t64 libopenni2-0 libopus0
verify	Run npx playwright install --with-deps chromium firefox webkit	2026-10-09T09:40:33.9037664Z   liborc-0.4-0t64 libpipewire-0.3-0t64 libplacebo338 libpocketsphinx3
verify	Run npx playwright install --with-deps chromium firefox webkit	2026-10-09T09:40:33.9038157Z   libpostproc57 libproxy1v5 libpulse0 libqrencode4 libraptor2-0 librav1e0
verify	Run npx playwright install --with-deps chromium firefox webkit	2026-10-09T09:40:33.9039093Z   libraw1394-11 librist4 librsvg2-2 librubberband2 libsamplerate0 libsbc1
verify	Run npx playwright install --with-deps chromium firefox webkit	2026-10-09T09:40:33.9039829Z   libsdl2-2.0-0 libsecret-1-0 libsecret-common libserd-0-0 libshine3 libshout3
verify	Run npx playwright install --with-deps chromium firefox webkit	2026-10-09T09:40:33.9040336Z   libsndfile1 libsndio7.0 libsord-0-0 libsoundtouch1 libsoup-3.0-0
verify	Run npx playwright install --with-deps chromium firefox webkit	2026-10-09T09:40:33.9040865Z   libsoup-3.0-common libsoxr0 libspa-0.2-modules libspandsp2t64 libspeex1
verify	Run npx playwright install --with-deps chromium firefox webkit	2026-10-09T09:40:33.9041380Z   libsphinxbase3t64 libsratom-0-0 libsrt1.5-gnutls libsrtp2-1 libssh-gcrypt-4
verify	Run npx playwright install --with-deps chromium firefox webkit	2026-10-09T09:40:33.9041943Z   libsvtav1enc1d1 libswresample4 libswscale7 libtag1v5 libtag1v5-vanilla
verify	Run npx playwright install --with-deps chromium firefox webkit	2026-10-09T09:40:33.9042403Z   libtheora0 libtwolame0 libudfread0 libunibreak5 libv4l-0t64
verify	Run npx playwright install --with-deps chromium firefox webkit	2026-10-09T09:40:33.9042881Z   libv4lconvert0t64 libva-drm2 libva-x11-2 libva2 libvdpau1 libvidstab1.1
verify	Run npx playwright install --with-deps chromium firefox webkit	2026-10-09T09:40:33.9043412Z   libvisual-0.4-0 libvo-aacenc0 libvo-amrwbenc0 libvorbisenc2 libvpl2 libvpx9
verify	Run npx playwright install --with-deps chromium firefox webkit	2026-10-09T09:40:33.9043950Z   libwavpack1 libwayland-server0 libwebrtc-audio-processing1 libwildmidi2
verify	Run npx playwright install --with-deps chromium firefox webkit	2026-10-09T09:40:33.9044500Z   libwoff1 libx264-164 libx265-199 libxcb-xkb1 libxkbcommon-x11-0 libxvidcore4
verify	Run npx playwright install --with-deps chromium firefox webkit	2026-10-09T09:40:33.9045033Z   libyuv0 libzbar0t64 libzimg2 libzix-0-0 libzvbi-common libzvbi0t64 libzxing3
verify	Run npx playwright install --with-deps chromium firefox webkit	2026-10-09T09:40:33.9045566Z   ocl-icd-libopencl1 session-migration timgm6mb-soundfont xfonts-cyrillic
verify	Run npx playwright install --with-deps chromium firefox webkit	2026-10-09T09:40:33.9046024Z   xfonts-encodings xfonts-scalable xfonts-utils
verify	Run npx playwright install --with-deps chromium firefox webkit	2026-10-09T09:40:33.9046450Z The following packages will be upgraded:
verify	Run npx playwright install --with-deps chromium firefox webkit	2026-10-09T09:40:33.9046818Z   libfreetype6 libpng16-16t64 libxml2 libxml2-dev
verify	Run npx playwright install --with-deps chromium firefox webkit	2026-10-09T09:40:33.9203954Z 4 upgraded, 181 newly installed, 0 to remove and 19 not upgraded.
verify	Run npx playwright install --with-deps chromium firefox webkit	2026-10-09T09:40:33.9204594Z Need to get 116 MB of archives.
verify	Run npx playwright install --with-deps chromium firefox webkit	2026-10-09T09:40:33.9205053Z After this operation, 364 MB of additional disk space will be used.
verify	Run npx playwright install --with-deps chromium firefox webkit	2026-10-09T09:40:33.9205696Z Get:1 file:/etc/apt/apt-mirrors.txt Mirrorlist [144 B]
verify	Run npx playwright install --with-deps chromium firefox webkit	2026-10-09T09:40:34.0085799Z Get:2 http://azure.archive.ubuntu.com/ubuntu noble/universe amd64 fonts-ipafont-gothic all 00303-21ubuntu1 [3513 kB]
verify	Run npx playwright install --with-deps chromium firefox webkit	2026-10-09T09:40:34.1441772Z Get:3 http://azure.archive.ubuntu.com/ubuntu noble-updates/main amd64 libxml2-dev amd64 2.9.14+dfsg-1.3ubuntu3.10 [781 kB]
verify	Run npx playwright install --with-deps chromium firefox webkit	2026-10-09T09:40:34.2237256Z Get:4 http://azure.archive.ubuntu.com/ubuntu noble-updates/main amd64 libxml2 amd64 2.9.14+dfsg-1.3ubuntu3.10 [764 kB]
verify	Run npx playwright install --with-deps chromium firefox webkit	2026-10-09T09:40:34.3025082Z Get:5 http://azure.archive.ubuntu.com/ubuntu noble-updates/main amd64 libpng16-16t64 amd64 1.6.43-5ubuntu0.7 [189 kB]
verify	Run npx playwright install --with-deps chromium firefox webkit	2026-10-09T09:40:34.3702839Z Get:6 http://azure.archive.ubuntu.com/ubuntu noble/main amd64 fonts-freefont-ttf all 20211204+svn4273-2 [5641 kB]
verify	Run npx playwright install --with-deps chromium firefox webkit	2026-10-09T09:40:34.6073047Z Get:7 http://azure.archive.ubuntu.com/ubuntu noble/universe amd64 fonts-tlwg-loma-otf all 1:0.7.3-1 [107 kB]
verify	Run npx playwright install --with-deps chromium firefox webkit	2026-10-09T09:40:34.6722366Z Get:8 http://azure.archive.ubuntu.com/ubuntu noble/universe amd64 fonts-unifont all 1:15.1.01-1build1 [2993 kB]
verify	Run npx playwright install --with-deps chromium firefox webkit	2026-10-09T09:40:34.7577188Z Get:9 http://azure.archive.ubuntu.com/ubuntu noble/universe amd64 fonts-wqy-zenhei all 0.9.45-8 [7472 kB]
verify	Run npx playwright install --with-deps chromium firefox webkit	2026-10-09T09:40:34.9583095Z Get:10 http://azure.archive.ubuntu.com/ubuntu noble/main amd64 libproxy1v5 amd64 0.5.4-4build1 [26.5 kB]
verify	Run npx playwright install --with-deps chromium firefox webkit	2026-10-09T09:40:35.0231045Z Get:11 http://azure.archive.ubuntu.com/ubuntu noble/main amd64 glib-networking-common all 2.80.0-1build1 [6702 B]
verify	Run npx playwright install --with-deps chromium firefox webkit	2026-10-09T09:40:35.0882987Z Get:12 http://azure.archive.ubuntu.com/ubuntu noble/main amd64 glib-networking-services amd64 2.80.0-1build1 [12.8 kB]
verify	Run npx playwright install --with-deps chromium firefox webkit	2026-10-09T09:40:35.1525997Z Get:13 http://azure.archive.ubuntu.com/ubuntu noble/main amd64 session-migration amd64 0.3.9build1 [9034 B]
verify	Run npx playwright install --with-deps chromium firefox webkit	2026-10-09T09:40:35.2168969Z Get:14 http://azure.archive.ubuntu.com/ubuntu noble-updates/main amd64 gsettings-desktop-schemas all 46.1-0ubuntu1 [35.6 kB]
verify	Run npx playwright install --with-deps chromium firefox webkit	2026-10-09T09:40:35.2804706Z Get:15 http://azure.archive.ubuntu.com/ubuntu noble/main amd64 glib-networking amd64 2.80.0-1build1 [64.1 kB]
verify	Run npx playwright install --with-deps chromium firefox webkit	2026-10-09T09:40:35.3452797Z Get:16 http://azure.archive.ubuntu.com/ubuntu noble-updates/universe amd64 libva2 amd64 2.20.0-2ubuntu0.2 [66.4 kB]
verify	Run npx playwright install --with-deps chromium firefox webkit	2026-10-09T09:40:35.4103905Z Get:17 http://azure.archive.ubuntu.com/ubuntu noble-updates/universe amd64 libva-drm2 amd64 2.20.0-2ubuntu0.2 [7124 B]
verify	Run npx playwright install --with-deps chromium firefox webkit	2026-10-09T09:40:35.4744927Z Get:18 http://azure.archive.ubuntu.com/ubuntu noble-updates/universe amd64 libva-x11-2 amd64 2.20.0-2ubuntu0.2 [12.0 kB]
verify	Run npx playwright install --with-deps chromium firefox webkit	2026-10-09T09:40:35.5389393Z Get:19 http://azure.archive.ubuntu.com/ubuntu noble/main amd64 libvdpau1 amd64 1.5-2build1 [27.8 kB]
verify	Run npx playwright install --with-deps chromium firefox webkit	2026-10-09T09:40:35.6043523Z Get:20 http://azure.archive.ubuntu.com/ubuntu noble/universe amd64 libvpl2 amd64 2023.3.0-1build1 [99.8 kB]
verify	Run npx playwright install --with-deps chromium firefox webkit	2026-10-09T09:40:35.6693820Z Get:21 http://azure.archive.ubuntu.com/ubuntu noble/universe amd64 ocl-icd-libopencl1 amd64 2.3.2-1build1 [38.5 kB]
verify	Run npx playwright install --with-deps chromium firefox webkit	2026-10-09T09:40:35.7341380Z Get:22 http://azure.archive.ubuntu.com/ubuntu noble/universe amd64 libavutil58 amd64 7:6.1.1-3ubuntu5 [401 kB]
verify	Run npx playwright install --with-deps chromium firefox webkit	2026-10-09T09:40:35.8011075Z Get:23 http://azure.archive.ubuntu.com/ubuntu noble/universe amd64 libcodec2-1.2 amd64 1.2.0-2build1 [8998 kB]
verify	Run npx playwright install --with-deps chromium firefox webkit	2026-10-09T09:40:36.0134458Z Get:24 http://azure.archive.ubuntu.com/ubuntu noble/universe amd64 libdav1d7 amd64 1.4.1-1build1 [604 kB]
verify	Run npx playwright install --with-deps chromium firefox webkit	2026-10-09T09:40:36.0814151Z Get:25 http://azure.archive.ubuntu.com/ubuntu noble/universe amd64 libgsm1 amd64 1.0.22-1build1 [27.8 kB]
verify	Run npx playwright install --with-deps chromium firefox webkit	2026-10-09T09:40:36.1454988Z Get:26 http://azure.archive.ubuntu.com/ubuntu noble/universe amd64 libhwy1t64 amd64 1.0.7-8.1build1 [584 kB]
verify	Run npx playwright install --with-deps chromium firefox webkit	2026-10-09T09:40:36.2133078Z Get:27 http://azure.archive.ubuntu.com/ubuntu noble-updates/universe amd64 libjxl0.7 amd64 0.7.0-10.2ubuntu6.1 [1001 kB]
verify	Run npx playwright install --with-deps chromium firefox webkit	2026-10-09T09:40:36.2850273Z Get:28 http://azure.archive.ubuntu.com/ubuntu noble/main amd64 libmp3lame0 amd64 3.100-6build1 [142 kB]
verify	Run npx playwright install --with-deps chromium firefox webkit	2026-10-09T09:40:36.3501067Z Get:29 http://azure.archive.ubuntu.com/ubuntu noble/main amd64 libopus0 amd64 1.4-1build1 [208 kB]
verify	Run npx playwright install --with-deps chromium firefox webkit	2026-10-09T09:40:36.4154019Z Get:30 http://azure.archive.ubuntu.com/ubuntu noble/universe amd64 librav1e0 amd64 0.7.1-2 [1022 kB]
verify	Run npx playwright install --with-deps chromium firefox webkit	2026-10-09T09:40:36.4868992Z Get:31 http://azure.archive.ubuntu.com/ubuntu noble-updates/main amd64 librsvg2-2 amd64 2.58.0+dfsg-1ubuntu0.1 [2141 kB]
verify	Run npx playwright install --with-deps chromium firefox webkit	2026-10-09T09:40:36.5656096Z Get:32 http://azure.archive.ubuntu.com/ubuntu noble/universe amd64 libshine3 amd64 3.1.1-2build1 [23.2 kB]
verify	Run npx playwright install --with-deps chromium firefox webkit	2026-10-09T09:40:36.6301451Z Get:33 http://azure.archive.ubuntu.com/ubuntu noble-updates/main amd64 libspeex1 amd64 1.2.1-2ubuntu2.24.04.1 [59.6 kB]
verify	Run npx playwright install --with-deps chromium firefox webkit	2026-10-09T09:40:36.6949424Z Get:34 http://azure.archive.ubuntu.com/ubuntu noble/universe amd64 libsvtav1enc1d1 amd64 1.7.0+dfsg-2build1 [2425 kB]
verify	Run npx playwright install --with-deps chromium firefox webkit	2026-10-09T09:40:36.7791689Z Get:35 http://azure.archive.ubuntu.com/ubuntu noble/universe amd64 libsoxr0 amd64 0.1.3-4build3 [80.0 kB]
verify	Run npx playwright install --with-deps chromium firefox webkit	2026-10-09T09:40:36.8428538Z Get:36 http://azure.archive.ubuntu.com/ubuntu noble/universe amd64 libswresample4 amd64 7:6.1.1-3ubuntu5 [63.8 kB]
verify	Run npx playwright install --with-deps chromium firefox webkit	2026-10-09T09:40:36.9099161Z Get:37 http://azure.archive.ubuntu.com/ubuntu noble/main amd64 libtheora0 amd64 1.1.1+dfsg.1-16.1build3 [211 kB]
verify	Run npx playwright install --with-deps chromium firefox webkit	2026-10-09T09:40:36.9844973Z Get:38 http://azure.archive.ubuntu.com/ubuntu noble/main amd64 libtwolame0 amd64 0.4.0-2build3 [52.3 kB]
verify	Run npx playwright install --with-deps chromium firefox webkit	2026-10-09T09:40:37.0848368Z Get:39 http://azure.archive.ubuntu.com/ubuntu noble/main amd64 libvorbisenc2 amd64 1.3.7-1build3 [80.8 kB]
verify	Run npx playwright install --with-deps chromium firefox webkit	2026-10-09T09:40:37.1485641Z Get:40 http://azure.archive.ubuntu.com/ubuntu noble-updates/main amd64 libvpx9 amd64 1.14.0-1ubuntu2.3 [1143 kB]
verify	Run npx playwright install --with-deps chromium firefox webkit	2026-10-09T09:40:37.2339128Z Get:41 http://azure.archive.ubuntu.com/ubuntu noble/universe amd64 libx264-164 amd64 2:0.164.3108+git31e19f9-1 [604 kB]
verify	Run npx playwright install --with-deps chromium firefox webkit	2026-10-09T09:40:37.3098219Z Get:42 http://azure.archive.ubuntu.com/ubuntu noble/universe amd64 libx265-199 amd64 3.5-2build1 [1226 kB]
verify	Run npx playwright install --with-deps chromium firefox webkit	2026-10-09T09:40:37.3943345Z Get:43 http://azure.archive.ubuntu.com/ubuntu noble/universe amd64 libxvidcore4 amd64 2:1.3.7-1build1 [219 kB]
verify	Run npx playwright install --with-deps chromium firefox webkit	2026-10-09T09:40:37.4728712Z Get:44 http://azure.archive.ubuntu.com/ubuntu noble/universe amd64 libzvbi-common all 0.2.42-2 [42.4 kB]
verify	Run npx playwright install --with-deps chromium firefox webkit	2026-10-09T09:40:37.5386301Z Get:45 http://azure.archive.ubuntu.com/ubuntu noble/universe amd64 libzvbi0t64 amd64 0.2.42-2 [261 kB]
verify	Run npx playwright install --with-deps chromium firefox webkit	2026-10-09T09:40:37.6199587Z Get:46 http://azure.archive.ubuntu.com/ubuntu noble/universe amd64 libavcodec60 amd64 7:6.1.1-3ubuntu5 [5851 kB]
verify	Run npx playwright install --with-deps chromium firefox webkit	2026-10-09T09:40:37.9048888Z Get:47 http://azure.archive.ubuntu.com/ubuntu noble-updates/main amd64 libfreetype6 amd64 2.13.2+dfsg-1ubuntu0.2 [403 kB]
verify	Run npx playwright install --with-deps chromium firefox webkit	2026-10-09T09:40:37.9716923Z Get:48 http://azure.archive.ubuntu.com/ubuntu noble/universe amd64 libunibreak5 amd64 5.1-2build1 [25.0 kB]
verify	Run npx playwright install --with-deps chromium firefox webkit	2026-10-09T09:40:38.0365583Z Get:49 http://azure.archive.ubuntu.com/ubuntu noble/universe amd64 libass9 amd64 1:0.17.1-2build1 [104 kB]
verify	Run npx playwright install --with-deps chromium firefox webkit	2026-10-09T09:40:38.1001124Z Get:50 http://azure.archive.ubuntu.com/ubuntu noble/universe amd64 libudfread0 amd64 1.1.2-1build1 [19.0 kB]
verify	Run npx playwright install --with-deps chromium firefox webkit	2026-10-09T09:40:38.1631693Z Get:51 http://azure.archive.ubuntu.com/ubuntu noble/universe amd64 libbluray2 amd64 1:1.3.4-1build1 [159 kB]
verify	Run npx playwright install --with-deps chromium firefox webkit	2026-10-09T09:40:38.2270452Z Get:52 http://azure.archive.ubuntu.com/ubuntu noble/universe amd64 libchromaprint1 amd64 1.5.1-5 [30.5 kB]
verify	Run npx playwright install --with-deps chromium firefox webkit	2026-10-09T09:40:38.2902972Z Get:53 http://azure.archive.ubuntu.com/ubuntu noble/universe amd64 libgme0 amd64 0.6.3-7build1 [134 kB]
verify	Run npx playwright install --with-deps chromium firefox webkit	2026-10-09T09:40:38.3540246Z Get:54 http://azure.archive.ubuntu.com/ubuntu noble-updates/main amd64 libmpg123-0t64 amd64 1.32.5-1ubuntu1.1 [169 kB]
verify	Run npx playwright install --with-deps chromium firefox webkit	2026-10-09T09:40:38.4179535Z Get:55 http://azure.archive.ubuntu.com/ubuntu noble/universe amd64 libopenmpt0t64 amd64 0.7.3-1.1build3 [647 kB]
verify	Run npx playwright install --with-deps chromium firefox webkit	2026-10-09T09:40:38.4854792Z Get:56 http://azure.archive.ubuntu.com/ubuntu noble/universe amd64 libcjson1 amd64 1.7.17-1 [24.8 kB]
verify	Run npx playwright install --with-deps chromium firefox webkit	2026-10-09T09:40:38.5499317Z Get:57 http://azure.archive.ubuntu.com/ubuntu noble/universe amd64 libmbedcrypto7t64 amd64 2.28.8-1 [209 kB]
verify	Run npx playwright install --with-deps chromium firefox webkit	2026-10-09T09:40:38.6155555Z Get:58 http://azure.archive.ubuntu.com/ubuntu noble/universe amd64 librist4 amd64 0.2.10+dfsg-2 [74.9 kB]
verify	Run npx playwright install --with-deps chromium firefox webkit	2026-10-09T09:40:38.6804663Z Get:59 http://azure.archive.ubuntu.com/ubuntu noble/universe amd64 libsrt1.5-gnutls amd64 1.5.3-1build2 [316 kB]
verify	Run npx playwright install --with-deps chromium firefox webkit	2026-10-09T09:40:38.7472359Z Get:60 http://azure.archive.ubuntu.com/ubuntu noble-updates/main amd64 libssh-gcrypt-4 amd64 0.10.6-2ubuntu0.5 [226 kB]
verify	Run npx playwright install --with-deps chromium firefox webkit	2026-10-09T09:40:38.8132710Z Get:61 http://azure.archive.ubuntu.com/ubuntu noble/universe amd64 libavformat60 amd64 7:6.1.1-3ubuntu5 [1153 kB]
verify	Run npx playwright install --with-deps chromium firefox webkit	2026-10-09T09:40:38.8863618Z Get:62 http://azure.archive.ubuntu.com/ubuntu noble/universe amd64 libbs2b0 amd64 3.1.0+dfsg-7build1 [10.6 kB]
verify	Run npx playwright install --with-deps chromium firefox webkit	2026-10-09T09:40:38.9509640Z Get:63 http://azure.archive.ubuntu.com/ubuntu noble/universe amd64 libflite1 amd64 2.2-6build3 [13.6 MB]
verify	Run npx playwright install --with-deps chromium firefox webkit	2026-10-09T09:40:39.2902652Z Get:64 http://azure.archive.ubuntu.com/ubuntu noble/universe amd64 libserd-0-0 amd64 0.32.2-1 [43.6 kB]
verify	Run npx playwright install --with-deps chromium firefox webkit	2026-10-09T09:40:39.3559736Z Get:65 http://azure.archive.ubuntu.com/ubuntu noble/universe amd64 libzix-0-0 amd64 0.4.2-2build1 [23.6 kB]
verify	Run npx playwright install --with-deps chromium firefox webkit	2026-10-09T09:40:39.4191211Z Get:66 http://azure.archive.ubuntu.com/ubuntu noble/universe amd64 libsord-0-0 amd64 0.16.16-2build1 [15.8 kB]
verify	Run npx playwright install --with-deps chromium firefox webkit	2026-10-09T09:40:39.4827667Z Get:67 http://azure.archive.ubuntu.com/ubuntu noble/universe amd64 libsratom-0-0 amd64 0.6.16-1build1 [17.3 kB]
verify	Run npx playwright install --with-deps chromium firefox webkit	2026-10-09T09:40:39.5462553Z Get:68 http://azure.archive.ubuntu.com/ubuntu noble/universe amd64 liblilv-0-0 amd64 0.24.22-1build1 [41.0 kB]
verify	Run npx playwright install --with-deps chromium firefox webkit	2026-10-09T09:40:39.6094943Z Get:69 http://azure.archive.ubuntu.com/ubuntu noble/universe amd64 libmysofa1 amd64 1.3.2+dfsg-2ubuntu2 [1158 kB]
verify	Run npx playwright install --with-deps chromium firefox webkit	2026-10-09T09:40:39.6949304Z Get:70 http://azure.archive.ubuntu.com/ubuntu noble/universe amd64 libplacebo338 amd64 6.338.2-2build1 [2654 kB]
verify	Run npx playwright install --with-deps chromium firefox webkit	2026-10-09T09:40:39.8100402Z Get:71 http://azure.archive.ubuntu.com/ubuntu noble-updates/main amd64 libblas3 amd64 3.12.0-3build1.1 [238 kB]
verify	Run npx playwright install --with-deps chromium firefox webkit	2026-10-09T09:40:39.8790789Z Get:72 http://azure.archive.ubuntu.com/ubuntu noble-updates/main amd64 liblapack3 amd64 3.12.0-3build1.1 [2646 kB]
verify	Run npx playwright install --with-deps chromium firefox webkit	2026-10-09T09:40:39.9958664Z Get:73 http://azure.archive.ubuntu.com/ubuntu noble/main amd64 libasyncns0 amd64 0.8-6build4 [11.3 kB]
verify	Run npx playwright install --with-deps chromium firefox webkit	2026-10-09T09:40:40.0591280Z Get:74 http://azure.archive.ubuntu.com/ubuntu noble/main amd64 libflac12t64 amd64 1.4.3+ds-2.1ubuntu2 [197 kB]
verify	Run npx playwright install --with-deps chromium firefox webkit	2026-10-09T09:40:40.1248242Z Get:75 http://azure.archive.ubuntu.com/ubuntu noble-updates/main amd64 libsndfile1 amd64 1.2.2-1ubuntu5.24.04.1 [209 kB]
verify	Run npx playwright install --with-deps chromium firefox webkit	2026-10-09T09:40:40.1920810Z Get:76 http://azure.archive.ubuntu.com/ubuntu noble-updates/main amd64 libpulse0 amd64 1:16.1+dfsg1-2ubuntu10.1 [292 kB]
verify	Run npx playwright install --with-deps chromium firefox webkit	2026-10-09T09:40:40.2599637Z Get:77 http://azure.archive.ubuntu.com/ubuntu noble/universe amd64 libsphinxbase3t64 amd64 0.8+5prealpha+1-17build2 [126 kB]
verify	Run npx playwright install --with-deps chromium firefox webkit	2026-10-09T09:40:40.3257464Z Get:78 http://azure.archive.ubuntu.com/ubuntu noble/universe amd64 libpocketsphinx3 amd64 0.8.0+real5prealpha+1-15ubuntu5 [133 kB]
verify	Run npx playwright install --with-deps chromium firefox webkit	2026-10-09T09:40:40.3896941Z Get:79 http://azure.archive.ubuntu.com/ubuntu noble/universe amd64 libpostproc57 amd64 7:6.1.1-3ubuntu5 [49.9 kB]
verify	Run npx playwright install --with-deps chromium firefox webkit	2026-10-09T09:40:40.4532694Z Get:80 http://azure.archive.ubuntu.com/ubuntu noble/main amd64 libsamplerate0 amd64 0.2.2-4build1 [1344 kB]
verify	Run npx playwright install --with-deps chromium firefox webkit	2026-10-09T09:40:40.5426734Z Get:81 http://azure.archive.ubuntu.com/ubuntu noble/universe amd64 librubberband2 amd64 3.3.0+dfsg-2build1 [130 kB]
verify	Run npx playwright install --with-deps chromium firefox webkit	2026-10-09T09:40:40.6086421Z Get:82 http://azure.archive.ubuntu.com/ubuntu noble/universe amd64 libswscale7 amd64 7:6.1.1-3ubuntu5 [193 kB]
verify	Run npx playwright install --with-deps chromium firefox webkit	2026-10-09T09:40:40.6760749Z Get:83 http://azure.archive.ubuntu.com/ubuntu noble/universe amd64 libvidstab1.1 amd64 1.1.0-2build1 [38.5 kB]
verify	Run npx playwright install --with-deps chromium firefox webkit	2026-10-09T09:40:40.7400603Z Get:84 http://azure.archive.ubuntu.com/ubuntu noble/universe amd64 libzimg2 amd64 3.0.5+ds1-1build1 [254 kB]
verify	Run npx playwright install --with-deps chromium firefox webkit	2026-10-09T09:40:40.8080246Z Get:85 http://azure.archive.ubuntu.com/ubuntu noble/universe amd64 libavfilter9 amd64 7:6.1.1-3ubuntu5 [4235 kB]
verify	Run npx playwright install --with-deps chromium firefox webkit	2026-10-09T09:40:40.9574228Z Get:86 http://azure.archive.ubuntu.com/ubuntu noble-updates/main amd64 liborc-0.4-0t64 amd64 1:0.4.38-1ubuntu0.1 [207 kB]
verify	Run npx playwright install --with-deps chromium firefox webkit	2026-10-09T09:40:41.0250621Z Get:87 http://azure.archive.ubuntu.com/ubuntu noble-updates/main amd64 libgstreamer-plugins-base1.0-0 amd64 1.24.2-1ubuntu0.5 [862 kB]
verify	Run npx playwright install --with-deps chromium firefox webkit	2026-10-09T09:40:41.1064813Z Get:88 http://azure.archive.ubuntu.com/ubuntu noble/universe amd64 gstreamer1.0-libav amd64 1.24.1-1build1 [103 kB]
verify	Run npx playwright install --with-deps chromium firefox webkit	2026-10-09T09:40:41.1723369Z Get:89 http://azure.archive.ubuntu.com/ubuntu noble/main amd64 libcdparanoia0 amd64 3.10.2+debian-14build3 [48.5 kB]
verify	Run npx playwright install --with-deps chromium firefox webkit	2026-10-09T09:40:41.2375558Z Get:90 http://azure.archive.ubuntu.com/ubuntu noble/main amd64 libvisual-0.4-0 amd64 0.4.2-2build1 [115 kB]
verify	Run npx playwright install --with-deps chromium firefox webkit	2026-10-09T09:40:41.3031694Z Get:91 http://azure.archive.ubuntu.com/ubuntu noble-updates/main amd64 gstreamer1.0-plugins-base amd64 1.24.2-1ubuntu0.5 [721 kB]
verify	Run npx playwright install --with-deps chromium firefox webkit	2026-10-09T09:40:41.3810497Z Get:92 http://azure.archive.ubuntu.com/ubuntu noble/main amd64 libaa1 amd64 1.4p5-51.1 [49.9 kB]
verify	Run npx playwright install --with-deps chromium firefox webkit	2026-10-09T09:40:41.4463561Z Get:93 http://azure.archive.ubuntu.com/ubuntu noble/main amd64 libraw1394-11 amd64 2.1.2-2build3 [26.2 kB]
verify	Run npx playwright install --with-deps chromium firefox webkit	2026-10-09T09:40:41.5124859Z Get:94 http://azure.archive.ubuntu.com/ubuntu noble/main amd64 libavc1394-0 amd64 0.5.4-5build3 [15.4 kB]
verify	Run npx playwright install --with-deps chromium firefox webkit	2026-10-09T09:40:41.5773892Z Get:95 http://azure.archive.ubuntu.com/ubuntu noble-updates/main amd64 libcaca0 amd64 0.99.beta20-4ubuntu0.2 [209 kB]
verify	Run npx playwright install --with-deps chromium firefox webkit	2026-10-09T09:40:41.6451387Z Get:96 http://azure.archive.ubuntu.com/ubuntu noble/main amd64 libdv4t64 amd64 1.0.0-17.1build1 [63.2 kB]
verify	Run npx playwright install --with-deps chromium firefox webkit	2026-10-09T09:40:41.7103332Z Get:97 http://azure.archive.ubuntu.com/ubuntu noble-updates/main amd64 libgstreamer-plugins-good1.0-0 amd64 1.24.2-1ubuntu1.8 [34.3 kB]
verify	Run npx playwright install --with-deps chromium firefox webkit	2026-10-09T09:40:41.7750396Z Get:98 http://azure.archive.ubuntu.com/ubuntu noble/main amd64 libiec61883-0 amd64 1.2.0-6build1 [24.5 kB]
verify	Run npx playwright install --with-deps chromium firefox webkit	2026-10-09T09:40:41.8393319Z Get:99 http://azure.archive.ubuntu.com/ubuntu noble/main amd64 libshout3 amd64 2.4.6-1build2 [50.3 kB]
verify	Run npx playwright install --with-deps chromium firefox webkit	2026-10-09T09:40:41.9079688Z Get:100 http://azure.archive.ubuntu.com/ubuntu noble/main amd64 libtag1v5-vanilla amd64 1.13.1-1build1 [326 kB]
verify	Run npx playwright install --with-deps chromium firefox webkit	2026-10-09T09:40:41.9792144Z Get:101 http://azure.archive.ubuntu.com/ubuntu noble/main amd64 libtag1v5 amd64 1.13.1-1build1 [11.7 kB]
verify	Run npx playwright install --with-deps chromium firefox webkit	2026-10-09T09:40:42.0437331Z Get:102 http://azure.archive.ubuntu.com/ubuntu noble/main amd64 libv4lconvert0t64 amd64 1.26.1-4build3 [87.6 kB]
verify	Run npx playwright install --with-deps chromium firefox webkit	2026-10-09T09:40:42.1160466Z Get:103 http://azure.archive.ubuntu.com/ubuntu noble/main amd64 libv4l-0t64 amd64 1.26.1-4build3 [46.9 kB]
verify	Run npx playwright install --with-deps chromium firefox webkit	2026-10-09T09:40:42.1848571Z Get:104 http://azure.archive.ubuntu.com/ubuntu noble/main amd64 libwavpack1 amd64 5.6.0-1build1 [84.6 kB]
verify	Run npx playwright install --with-deps chromium firefox webkit	2026-10-09T09:40:42.2497344Z Get:105 http://azure.archive.ubuntu.com/ubuntu noble-updates/main amd64 libsoup-3.0-common all 3.4.4-5ubuntu0.9 [12.3 kB]
verify	Run npx playwright install --with-deps chromium firefox webkit	2026-10-09T09:40:42.3139820Z Get:106 http://azure.archive.ubuntu.com/ubuntu noble-updates/main amd64 libsoup-3.0-0 amd64 3.4.4-5ubuntu0.9 [291 kB]
verify	Run npx playwright install --with-deps chromium firefox webkit	2026-10-09T09:40:42.3806898Z Get:107 http://azure.archive.ubuntu.com/ubuntu noble-updates/main amd64 gstreamer1.0-plugins-good amd64 1.24.2-1ubuntu1.8 [2236 kB]
verify	Run npx playwright install --with-deps chromium firefox webkit	2026-10-09T09:40:42.4677843Z Get:108 http://azure.archive.ubuntu.com/ubuntu noble-updates/main amd64 libabsl20220623t64 amd64 20220623.1-3.1ubuntu3.2 [423 kB]
verify	Run npx playwright install --with-deps chromium firefox webkit	2026-10-09T09:40:42.5341613Z Get:109 http://azure.archive.ubuntu.com/ubuntu noble/universe amd64 libgav1-1 amd64 0.18.0-1build3 [357 kB]
verify	Run npx playwright install --with-deps chromium firefox webkit	2026-10-09T09:40:42.6080559Z Get:110 http://azure.archive.ubuntu.com/ubuntu noble/universe amd64 libyuv0 amd64 0.0~git202401110.af6ac82-1 [178 kB]
verify	Run npx playwright install --with-deps chromium firefox webkit	2026-10-09T09:40:42.6721624Z Get:111 http://azure.archive.ubuntu.com/ubuntu noble/universe amd64 libavif16 amd64 1.0.4-1ubuntu3 [91.2 kB]
verify	Run npx playwright install --with-deps chromium firefox webkit	2026-10-09T09:40:42.7363219Z Get:112 http://azure.archive.ubuntu.com/ubuntu noble/universe amd64 libavtp0 amd64 0.2.0-1build1 [6414 B]
verify	Run npx playwright install --with-deps chromium firefox webkit	2026-10-09T09:40:42.7990481Z Get:113 http://azure.archive.ubuntu.com/ubuntu noble/main amd64 libcairo-script-interpreter2 amd64 1.18.0-3build1 [60.3 kB]
verify	Run npx playwright install --with-deps chromium firefox webkit	2026-10-09T09:40:42.8621968Z Get:114 http://azure.archive.ubuntu.com/ubuntu noble/universe amd64 libdc1394-25 amd64 2.2.6-4build1 [90.1 kB]
verify	Run npx playwright install --with-deps chromium firefox webkit	2026-10-09T09:40:42.9261099Z Get:115 http://azure.archive.ubuntu.com/ubuntu noble-updates/main amd64 libde265-0 amd64 1.0.15-1ubuntu0.2 [167 kB]
verify	Run npx playwright install --with-deps chromium firefox webkit	2026-10-09T09:40:42.9912485Z Get:116 http://azure.archive.ubuntu.com/ubuntu noble/main amd64 libdecor-0-0 amd64 0.2.2-1build2 [16.5 kB]
verify	Run npx playwright install --with-deps chromium firefox webkit	2026-10-09T09:40:43.0548134Z Get:117 http://azure.archive.ubuntu.com/ubuntu noble/main amd64 libgles2 amd64 1.7.0-1build1 [17.1 kB]
verify	Run npx playwright install --with-deps chromium firefox webkit	2026-10-09T09:40:43.1191365Z Get:118 http://azure.archive.ubuntu.com/ubuntu noble/universe amd64 libdirectfb-1.7-7t64 amd64 1.7.7-11.1ubuntu2 [1035 kB]
verify	Run npx playwright install --with-deps chromium firefox webkit	2026-10-09T09:40:43.1966692Z Get:119 http://azure.archive.ubuntu.com/ubuntu noble/universe amd64 libdvdread8t64 amd64 6.1.3-1.1build1 [54.7 kB]
verify	Run npx playwright install --with-deps chromium firefox webkit	2026-10-09T09:40:43.2611101Z Get:120 http://azure.archive.ubuntu.com/ubuntu noble/universe amd64 libdvdnav4 amd64 6.1.1-3build1 [39.5 kB]
verify	Run npx playwright install --with-deps chromium firefox webkit	2026-10-09T09:40:43.3248573Z Get:121 http://azure.archive.ubuntu.com/ubuntu noble-updates/main amd64 libegl-mesa0 amd64 25.2.8-0ubuntu0.24.04.4 [117 kB]
verify	Run npx playwright install --with-deps chromium firefox webkit	2026-10-09T09:40:43.3895647Z Get:122 http://azure.archive.ubuntu.com/ubuntu noble-updates/main amd64 libevent-2.1-7t64 amd64 2.1.12-stable-9ubuntu2.2 [146 kB]
verify	Run npx playwright install --with-deps chromium firefox webkit	2026-10-09T09:40:43.4546443Z Get:123 http://azure.archive.ubuntu.com/ubuntu noble/universe amd64 libfaad2 amd64 2.11.1-1build1 [207 kB]
verify	Run npx playwright install --with-deps chromium firefox webkit	2026-10-09T09:40:43.5200763Z Get:124 http://azure.archive.ubuntu.com/ubuntu noble/universe amd64 libinstpatch-1.0-2 amd64 1.1.6-1build2 [251 kB]
verify	Run npx playwright install --with-deps chromium firefox webkit	2026-10-09T09:40:43.5860335Z Get:125 http://azure.archive.ubuntu.com/ubuntu noble/main amd64 libjack-jackd2-0 amd64 1.9.21~dfsg-3ubuntu3 [289 kB]
verify	Run npx playwright install --with-deps chromium firefox webkit	2026-10-09T09:40:43.6511319Z Get:126 http://azure.archive.ubuntu.com/ubuntu noble/main amd64 libwebrtc-audio-processing1 amd64 0.3.1-0ubuntu6 [290 kB]
verify	Run npx playwright install --with-deps chromium firefox webkit	2026-10-09T09:40:43.7209973Z Get:127 http://azure.archive.ubuntu.com/ubuntu noble-updates/main amd64 libspa-0.2-modules amd64 1.0.5-1ubuntu3.3 [628 kB]
verify	Run npx playwright install --with-deps chromium firefox webkit	2026-10-09T09:40:43.7964411Z Get:128 http://azure.archive.ubuntu.com/ubuntu noble-updates/main amd64 libpipewire-0.3-0t64 amd64 1.0.5-1ubuntu3.3 [252 kB]
verify	Run npx playwright install --with-deps chromium firefox webkit	2026-10-09T09:40:44.0140598Z Get:129 http://azure.archive.ubuntu.com/ubuntu noble-updates/main amd64 libsdl2-2.0-0 amd64 2.30.0+dfsg-1ubuntu3.1 [686 kB]
verify	Run npx playwright install --with-deps chromium firefox webkit	2026-10-09T09:40:44.0831435Z Get:130 http://azure.archive.ubuntu.com/ubuntu noble/universe amd64 timgm6mb-soundfont all 1.3-5 [5427 kB]
verify	Run npx playwright install --with-deps chromium firefox webkit	2026-10-09T09:40:44.2255114Z Get:131 http://azure.archive.ubuntu.com/ubuntu noble/universe amd64 libfluidsynth3 amd64 2.3.4-1build3 [249 kB]
verify	Run npx playwright install --with-deps chromium firefox webkit	2026-10-09T09:40:44.2904409Z Get:132 http://azure.archive.ubuntu.com/ubuntu noble/main amd64 libfreeaptx0 amd64 0.1.1-2build1 [13.5 kB]
verify	Run npx playwright install --with-deps chromium firefox webkit	2026-10-09T09:40:44.3539034Z Get:133 http://azure.archive.ubuntu.com/ubuntu noble/main amd64 libgraphene-1.0-0 amd64 1.10.8-3build2 [46.2 kB]
verify	Run npx playwright install --with-deps chromium firefox webkit	2026-10-09T09:40:44.4174259Z Get:134 http://azure.archive.ubuntu.com/ubuntu noble/main amd64 libgssdp-1.6-0 amd64 1.6.3-1build3 [40.4 kB]
verify	Run npx playwright install --with-deps chromium firefox webkit	2026-10-09T09:40:44.4883733Z Get:135 http://azure.archive.ubuntu.com/ubuntu noble/main amd64 libegl1 amd64 1.7.0-1build1 [28.7 kB]
verify	Run npx playwright install --with-deps chromium firefox webkit	2026-10-09T09:40:44.5518893Z Get:136 http://azure.archive.ubuntu.com/ubuntu noble-updates/main amd64 libgstreamer-gl1.0-0 amd64 1.24.2-1ubuntu0.5 [214 kB]
verify	Run npx playwright install --with-deps chromium firefox webkit	2026-10-09T09:40:44.6161372Z Get:137 http://azure.archive.ubuntu.com/ubuntu noble-updates/main amd64 libgtk-4-common all 4.14.5+ds-0ubuntu0.10 [1497 kB]
verify	Run npx playwright install --with-deps chromium firefox webkit	2026-10-09T09:40:44.6900654Z Get:138 http://azure.archive.ubuntu.com/ubuntu noble-updates/main amd64 libgtk-4-1 amd64 4.14.5+ds-0ubuntu0.10 [3295 kB]
verify	Run npx playwright install --with-deps chromium firefox webkit	2026-10-09T09:40:44.8186711Z Get:139 http://azure.archive.ubuntu.com/ubuntu noble/main amd64 libgupnp-1.6-0 amd64 1.6.6-1build3 [92.7 kB]
verify	Run npx playwright install --with-deps chromium firefox webkit	2026-10-09T09:40:44.8828166Z Get:140 http://azure.archive.ubuntu.com/ubuntu noble/universe amd64 libgupnp-igd-1.6-0 amd64 1.6.0-3build3 [16.5 kB]
verify	Run npx playwright install --with-deps chromium firefox webkit	2026-10-09T09:40:44.9461052Z Get:141 http://azure.archive.ubuntu.com/ubuntu noble/main amd64 libharfbuzz-icu0 amd64 8.3.0-2build2 [13.3 kB]
verify	Run npx playwright install --with-deps chromium firefox webkit	2026-10-09T09:40:45.0094364Z Get:142 http://azure.archive.ubuntu.com/ubuntu noble/main amd64 libhyphen0 amd64 2.8.8-7build3 [26.5 kB]
verify	Run npx playwright install --with-deps chromium firefox webkit	2026-10-09T09:40:45.0730706Z Get:143 http://azure.archive.ubuntu.com/ubuntu noble/universe amd64 libimath-3-1-29t64 amd64 3.1.9-3.1ubuntu2 [72.2 kB]
verify	Run npx playwright install --with-deps chromium firefox webkit	2026-10-09T09:40:45.1369151Z Get:144 http://azure.archive.ubuntu.com/ubuntu noble/main amd64 liblc3-1 amd64 1.0.4-3build1 [69.7 kB]
verify	Run npx playwright install --with-deps chromium firefox webkit	2026-10-09T09:40:45.2014266Z Get:145 http://azure.archive.ubuntu.com/ubuntu noble/main amd64 libldacbt-enc2 amd64 2.0.2.3+git20200429+ed310a0-4ubuntu2 [27.1 kB]
verify	Run npx playwright install --with-deps chromium firefox webkit	2026-10-09T09:40:45.2654194Z Get:146 http://azure.archive.ubuntu.com/ubuntu noble-updates/main amd64 libraptor2-0 amd64 2.0.16-3ubuntu0.1 [165 kB]
verify	Run npx playwright install --with-deps chromium firefox webkit	2026-10-09T09:40:45.3310508Z Get:147 http://azure.archive.ubuntu.com/ubuntu noble/universe amd64 liblrdf0 amd64 0.6.1-4build1 [18.5 kB]
verify	Run npx playwright install --with-deps chromium firefox webkit	2026-10-09T09:40:45.3943759Z Get:148 http://azure.archive.ubuntu.com/ubuntu noble/universe amd64 libltc11 amd64 1.3.2-1build1 [13.0 kB]
verify	Run npx playwright install --with-deps chromium firefox webkit	2026-10-09T09:40:45.4579694Z Get:149 http://azure.archive.ubuntu.com/ubuntu noble/main amd64 libmanette-0.2-0 amd64 0.2.7-1build2 [30.6 kB]
verify	Run npx playwright install --with-deps chromium firefox webkit	2026-10-09T09:40:45.5214692Z Get:150 http://azure.archive.ubuntu.com/ubuntu noble/universe amd64 libmfx1 amd64 22.5.4-1 [3124 kB]
verify	Run npx playwright install --with-deps chromium firefox webkit	2026-10-09T09:40:45.6467387Z Get:151 http://azure.archive.ubuntu.com/ubuntu noble/universe amd64 libmjpegutils-2.1-0t64 amd64 1:2.1.0+debian-8.1build1 [25.5 kB]
verify	Run npx playwright install --with-deps chromium firefox webkit	2026-10-09T09:40:45.7102787Z Get:152 http://azure.archive.ubuntu.com/ubuntu noble/universe amd64 libmodplug1 amd64 1:0.8.9.0-3build1 [166 kB]
verify	Run npx playwright install --with-deps chromium firefox webkit	2026-10-09T09:40:45.7768712Z Get:153 http://azure.archive.ubuntu.com/ubuntu noble/universe amd64 libmpcdec6 amd64 2:0.1~r495-2build1 [32.7 kB]
verify	Run npx playwright install --with-deps chromium firefox webkit	2026-10-09T09:40:45.8404621Z Get:154 http://azure.archive.ubuntu.com/ubuntu noble/universe amd64 libmpeg2encpp-2.1-0t64 amd64 1:2.1.0+debian-8.1build1 [75.6 kB]
verify	Run npx playwright install --with-deps chromium firefox webkit	2026-10-09T09:40:45.9049382Z Get:155 http://azure.archive.ubuntu.com/ubuntu noble/universe amd64 libmplex2-2.1-0t64 amd64 1:2.1.0+debian-8.1build1 [46.1 kB]
verify	Run npx playwright install --with-deps chromium firefox webkit	2026-10-09T09:40:45.9686365Z Get:156 http://azure.archive.ubuntu.com/ubuntu noble/universe amd64 libneon27t64 amd64 0.33.0-1.1build3 [102 kB]
verify	Run npx playwright install --with-deps chromium firefox webkit	2026-10-09T09:40:46.0353174Z Get:157 http://azure.archive.ubuntu.com/ubuntu noble/universe amd64 libnice10 amd64 0.1.21-2build3 [157 kB]
verify	Run npx playwright install --with-deps chromium firefox webkit	2026-10-09T09:40:46.0996057Z Get:158 http://azure.archive.ubuntu.com/ubuntu noble/universe amd64 libopenal-data all 1:1.23.1-4build1 [161 kB]
verify	Run npx playwright install --with-deps chromium firefox webkit	2026-10-09T09:40:46.1651683Z Get:159 http://azure.archive.ubuntu.com/ubuntu noble/universe amd64 libopenexr-3-1-30 amd64 3.1.5-5.1build3 [1004 kB]
verify	Run npx playwright install --with-deps chromium firefox webkit	2026-10-09T09:40:46.2476843Z Get:160 http://azure.archive.ubuntu.com/ubuntu noble/universe amd64 libopenh264-7 amd64 2.4.1+dfsg-1 [409 kB]
verify	Run npx playwright install --with-deps chromium firefox webkit	2026-10-09T09:40:46.3201999Z Get:161 http://azure.archive.ubuntu.com/ubuntu noble/universe amd64 libopenni2-0 amd64 2.2.0.33+dfsg-18 [370 kB]
verify	Run npx playwright install --with-deps chromium firefox webkit	2026-10-09T09:40:46.3904866Z Get:162 http://azure.archive.ubuntu.com/ubuntu noble/universe amd64 libqrencode4 amd64 4.1.1-1build2 [25.0 kB]
verify	Run npx playwright install --with-deps chromium firefox webkit	2026-10-09T09:40:46.4538786Z Get:163 http://azure.archive.ubuntu.com/ubuntu noble/main amd64 libsecret-common all 0.21.4-1build3 [4962 B]
verify	Run npx playwright install --with-deps chromium firefox webkit	2026-10-09T09:40:46.5173657Z Get:164 http://azure.archive.ubuntu.com/ubuntu noble/main amd64 libsecret-1-0 amd64 0.21.4-1build3 [116 kB]
verify	Run npx playwright install --with-deps chromium firefox webkit	2026-10-09T09:40:46.5821484Z Get:165 http://azure.archive.ubuntu.com/ubuntu noble/universe amd64 libsndio7.0 amd64 1.9.0-0.3build3 [29.6 kB]
verify	Run npx playwright install --with-deps chromium firefox webkit	2026-10-09T09:40:46.6456847Z Get:166 http://azure.archive.ubuntu.com/ubuntu noble/universe amd64 libsoundtouch1 amd64 2.3.2+ds1-1build1 [60.5 kB]
verify	Run npx playwright install --with-deps chromium firefox webkit	2026-10-09T09:40:46.7092167Z Get:167 http://azure.archive.ubuntu.com/ubuntu noble/universe amd64 libspandsp2t64 amd64 0.0.6+dfsg-2.1build1 [311 kB]
verify	Run npx playwright install --with-deps chromium firefox webkit	2026-10-09T09:40:46.7788453Z Get:168 http://azure.archive.ubuntu.com/ubuntu noble/universe amd64 libsrtp2-1 amd64 2.5.0-3build1 [41.9 kB]
verify	Run npx playwright install --with-deps chromium firefox webkit	2026-10-09T09:40:46.8430003Z Get:169 http://azure.archive.ubuntu.com/ubuntu noble/main amd64 libwayland-server0 amd64 1.22.0-2.1build1 [33.9 kB]
verify	Run npx playwright install --with-deps chromium firefox webkit	2026-10-09T09:40:46.9065124Z Get:170 http://azure.archive.ubuntu.com/ubuntu noble/universe amd64 libwildmidi2 amd64 0.4.3-1build3 [68.5 kB]
verify	Run npx playwright install --with-deps chromium firefox webkit	2026-10-09T09:40:46.9706910Z Get:171 http://azure.archive.ubuntu.com/ubuntu noble/main amd64 libwoff1 amd64 1.0.2-2build1 [45.3 kB]
verify	Run npx playwright install --with-deps chromium firefox webkit	2026-10-09T09:40:47.0342442Z Get:172 http://azure.archive.ubuntu.com/ubuntu noble/main amd64 libxcb-xkb1 amd64 1.15-1ubuntu2 [32.3 kB]
verify	Run npx playwright install --with-deps chromium firefox webkit	2026-10-09T09:40:47.0977492Z Get:173 http://azure.archive.ubuntu.com/ubuntu noble/main amd64 libxkbcommon-x11-0 amd64 1.6.0-1build1 [14.5 kB]
verify	Run npx playwright install --with-deps chromium firefox webkit	2026-10-09T09:40:47.1606726Z Get:174 http://azure.archive.ubuntu.com/ubuntu noble/universe amd64 libzbar0t64 amd64 0.23.93-4build3 [123 kB]
verify	Run npx playwright install --with-deps chromium firefox webkit	2026-10-09T09:40:47.2264663Z Get:175 http://azure.archive.ubuntu.com/ubuntu noble/universe amd64 libzxing3 amd64 2.2.1-3 [583 kB]
verify	Run npx playwright install --with-deps chromium firefox webkit	2026-10-09T09:40:47.3011105Z Get:176 http://azure.archive.ubuntu.com/ubuntu noble/main amd64 xfonts-encodings all 1:1.0.5-0ubuntu2 [578 kB]
verify	Run npx playwright install --with-deps chromium firefox webkit	2026-10-09T09:40:47.3752429Z Get:177 http://azure.archive.ubuntu.com/ubuntu noble/main amd64 xfonts-utils amd64 1:7.7+6build3 [94.4 kB]
verify	Run npx playwright install --with-deps chromium firefox webkit	2026-10-09T09:40:47.4395932Z Get:178 http://azure.archive.ubuntu.com/ubuntu noble/universe amd64 xfonts-cyrillic all 1:1.0.5+nmu1 [384 kB]
verify	Run npx playwright install --with-deps chromium firefox webkit	2026-10-09T09:40:47.5100868Z Get:179 http://azure.archive.ubuntu.com/ubuntu noble/main amd64 xfonts-scalable all 1:1.0.3-1.3 [304 kB]
verify	Run npx playwright install --with-deps chromium firefox webkit	2026-10-09T09:40:47.5803115Z Get:180 http://azure.archive.ubuntu.com/ubuntu noble/universe amd64 libgstreamer-plugins-bad1.0-0 amd64 1.24.2-1ubuntu4 [797 kB]
verify	Run npx playwright install --with-deps chromium firefox webkit	2026-10-09T09:40:47.6578369Z Get:181 http://azure.archive.ubuntu.com/ubuntu noble/universe amd64 libdca0 amd64 0.0.7-2build1 [93.8 kB]
verify	Run npx playwright install --with-deps chromium firefox webkit	2026-10-09T09:40:47.7225364Z Get:182 http://azure.archive.ubuntu.com/ubuntu noble/universe amd64 libopenal1 amd64 1:1.23.1-4build1 [540 kB]
verify	Run npx playwright install --with-deps chromium firefox webkit	2026-10-09T09:40:47.7958477Z Get:183 http://azure.archive.ubuntu.com/ubuntu noble/main amd64 libsbc1 amd64 2.0-1build1 [33.9 kB]
verify	Run npx playwright install --with-deps chromium firefox webkit	2026-10-09T09:40:47.8600334Z Get:184 http://azure.archive.ubuntu.com/ubuntu noble/universe amd64 libvo-aacenc0 amd64 0.1.3-2build1 [67.8 kB]
verify	Run npx playwright install --with-deps chromium firefox webkit	2026-10-09T09:40:47.9241020Z Get:185 http://azure.archive.ubuntu.com/ubuntu noble/universe amd64 libvo-amrwbenc0 amd64 0.1.3-2build1 [76.7 kB]
verify	Run npx playwright install --with-deps chromium firefox webkit	2026-10-09T09:40:47.9888577Z Get:186 http://azure.archive.ubuntu.com/ubuntu noble/universe amd64 gstreamer1.0-plugins-bad amd64 1.24.2-1ubuntu4 [3081 kB]
verify	Run npx playwright install --with-deps chromium firefox webkit	2026-10-09T09:40:48.3870206Z Fetched 116 MB in 14s (8222 kB/s)
verify	Run npx playwright install --with-deps chromium firefox webkit	2026-10-09T09:40:48.4072137Z Selecting previously unselected package fonts-ipafont-gothic.
verify	Run npx playwright install --with-deps chromium firefox webkit	2026-10-09T09:40:48.4266776Z (Reading database ... 
verify	Run npx playwright install --with-deps chromium firefox webkit	2026-10-09T09:40:48.4267654Z (Reading database ... 5%
verify	Run npx playwright install --with-deps chromium firefox webkit	2026-10-09T09:40:48.4268159Z (Reading database ... 10%
verify	Run npx playwright install --with-deps chromium firefox webkit	2026-10-09T09:40:48.4268564Z (Reading database ... 15%
verify	Run npx playwright install --with-deps chromium firefox webkit	2026-10-09T09:40:48.4269032Z (Reading database ... 20%
verify	Run npx playwright install --with-deps chromium firefox webkit	2026-10-09T09:40:48.4269420Z (Reading database ... 25%
verify	Run npx playwright install --with-deps chromium firefox webkit	2026-10-09T09:40:48.4269902Z (Reading database ... 30%
verify	Run npx playwright install --with-deps chromium firefox webkit	2026-10-09T09:40:48.4270308Z (Reading database ... 35%
verify	Run npx playwright install --with-deps chromium firefox webkit	2026-10-09T09:40:48.4270657Z (Reading database ... 40%
verify	Run npx playwright install --with-deps chromium firefox webkit	2026-10-09T09:40:48.4271000Z (Reading database ... 45%
verify	Run npx playwright install --with-deps chromium firefox webkit	2026-10-09T09:40:48.4271361Z (Reading database ... 50%
verify	Run npx playwright install --with-deps chromium firefox webkit	2026-10-09T09:40:48.4305668Z (Reading database ... 55%
verify	Run npx playwright install --with-deps chromium firefox webkit	2026-10-09T09:40:48.5395468Z (Reading database ... 60%
verify	Run npx playwright install --with-deps chromium firefox webkit	2026-10-09T09:40:48.7456035Z (Reading database ... 65%
verify	Run npx playwright install --with-deps chromium firefox webkit	2026-10-09T09:40:48.9380801Z (Reading database ... 70%
verify	Run npx playwright install --with-deps chromium firefox webkit	2026-10-09T09:40:49.1376706Z (Reading database ... 75%
verify	Run npx playwright install --with-deps chromium firefox webkit	2026-10-09T09:40:49.2966652Z (Reading database ... 80%
verify	Run npx playwright install --with-deps chromium firefox webkit	2026-10-09T09:40:49.4887645Z (Reading database ... 85%
verify	Run npx playwright install --with-deps chromium firefox webkit	2026-10-09T09:40:49.6964096Z (Reading database ... 90%
verify	Run npx playwright install --with-deps chromium firefox webkit	2026-10-09T09:40:49.8809946Z (Reading database ... 95%
verify	Run npx playwright install --with-deps chromium firefox webkit	2026-10-09T09:40:49.8810541Z (Reading database ... 100%
verify	Run npx playwright install --with-deps chromium firefox webkit	2026-10-09T09:40:49.8811398Z (Reading database ... 203191 files and directories currently installed.)
verify	Run npx playwright install --with-deps chromium firefox webkit	2026-10-09T09:40:49.8849031Z Preparing to unpack .../000-fonts-ipafont-gothic_00303-21ubuntu1_all.deb ...
verify	Run npx playwright install --with-deps chromium firefox webkit	2026-10-09T09:40:49.8962825Z Unpacking fonts-ipafont-gothic (00303-21ubuntu1) ...
verify	Run npx playwright install --with-deps chromium firefox webkit	2026-10-09T09:40:50.5535826Z Preparing to unpack .../001-libxml2-dev_2.9.14+dfsg-1.3ubuntu3.10_amd64.deb ...
verify	Run npx playwright install --with-deps chromium firefox webkit	2026-10-09T09:40:50.6307495Z Unpacking libxml2-dev:amd64 (2.9.14+dfsg-1.3ubuntu3.10) over (2.9.14+dfsg-1.3ubuntu3.9) ...
verify	Run npx playwright install --with-deps chromium firefox webkit	2026-10-09T09:40:51.3924324Z Preparing to unpack .../002-libxml2_2.9.14+dfsg-1.3ubuntu3.10_amd64.deb ...
verify	Run npx playwright install --with-deps chromium firefox webkit	2026-10-09T09:40:51.4307242Z Unpacking libxml2:amd64 (2.9.14+dfsg-1.3ubuntu3.10) over (2.9.14+dfsg-1.3ubuntu3.9) ...
verify	Run npx playwright install --with-deps chromium firefox webkit	2026-10-09T09:40:51.7718373Z Preparing to unpack .../003-libpng16-16t64_1.6.43-5ubuntu0.7_amd64.deb ...
verify	Run npx playwright install --with-deps chromium firefox webkit	2026-10-09T09:40:51.8795944Z Unpacking libpng16-16t64:amd64 (1.6.43-5ubuntu0.7) over (1.6.43-5ubuntu0.6) ...
verify	Run npx playwright install --with-deps chromium firefox webkit	2026-10-09T09:40:52.1318157Z Selecting previously unselected package fonts-freefont-ttf.
verify	Run npx playwright install --with-deps chromium firefox webkit	2026-10-09T09:40:52.1433055Z Preparing to unpack .../004-fonts-freefont-ttf_20211204+svn4273-2_all.deb ...
verify	Run npx playwright install --with-deps chromium firefox webkit	2026-10-09T09:40:52.1502864Z Unpacking fonts-freefont-ttf (20211204+svn4273-2) ...
verify	Run npx playwright install --with-deps chromium firefox webkit	2026-10-09T09:40:52.4600303Z Selecting previously unselected package fonts-tlwg-loma-otf.
verify	Run npx playwright install --with-deps chromium firefox webkit	2026-10-09T09:40:52.4709017Z Preparing to unpack .../005-fonts-tlwg-loma-otf_1%3a0.7.3-1_all.deb ...
verify	Run npx playwright install --with-deps chromium firefox webkit	2026-10-09T09:40:52.5194516Z Unpacking fonts-tlwg-loma-otf (1:0.7.3-1) ...
verify	Run npx playwright install --with-deps chromium firefox webkit	2026-10-09T09:40:52.6697877Z Selecting previously unselected package fonts-unifont.
verify	Run npx playwright install --with-deps chromium firefox webkit	2026-10-09T09:40:52.6799758Z Preparing to unpack .../006-fonts-unifont_1%3a15.1.01-1build1_all.deb ...
verify	Run npx playwright install --with-deps chromium firefox webkit	2026-10-09T09:40:52.8092006Z Unpacking fonts-unifont (1:15.1.01-1build1) ...
verify	Run npx playwright install --with-deps chromium firefox webkit	2026-10-09T09:40:53.6283251Z Selecting previously unselected package fonts-wqy-zenhei.
verify	Run npx playwright install --with-deps chromium firefox webkit	2026-10-09T09:40:53.6394730Z Preparing to unpack .../007-fonts-wqy-zenhei_0.9.45-8_all.deb ...
verify	Run npx playwright install --with-deps chromium firefox webkit	2026-10-09T09:40:53.6658970Z Unpacking fonts-wqy-zenhei (0.9.45-8) ...
verify	Run npx playwright install --with-deps chromium firefox webkit	2026-10-09T09:40:54.6082162Z Selecting previously unselected package libproxy1v5:amd64.
verify	Run npx playwright install --with-deps chromium firefox webkit	2026-10-09T09:40:54.6189843Z Preparing to unpack .../008-libproxy1v5_0.5.4-4build1_amd64.deb ...
verify	Run npx playwright install --with-deps chromium firefox webkit	2026-10-09T09:40:54.6586278Z Unpacking libproxy1v5:amd64 (0.5.4-4build1) ...
verify	Run npx playwright install --with-deps chromium firefox webkit	2026-10-09T09:40:54.8179380Z Selecting previously unselected package glib-networking-common.
verify	Run npx playwright install --with-deps chromium firefox webkit	2026-10-09T09:40:54.8286930Z Preparing to unpack .../009-glib-networking-common_2.80.0-1build1_all.deb ...
verify	Run npx playwright install --with-deps chromium firefox webkit	2026-10-09T09:40:54.8488139Z Unpacking glib-networking-common (2.80.0-1build1) ...
verify	Run npx playwright install --with-deps chromium firefox webkit	2026-10-09T09:40:54.8785620Z Selecting previously unselected package glib-networking-services.
verify	Run npx playwright install --with-deps chromium firefox webkit	2026-10-09T09:40:54.8875901Z Preparing to unpack .../010-glib-networking-services_2.80.0-1build1_amd64.deb ...
verify	Run npx playwright install --with-deps chromium firefox webkit	2026-10-09T09:40:54.8884974Z Unpacking glib-networking-services (2.80.0-1build1) ...
verify	Run npx playwright install --with-deps chromium firefox webkit	2026-10-09T09:40:54.9017549Z Selecting previously unselected package session-migration.
verify	Run npx playwright install --with-deps chromium firefox webkit	2026-10-09T09:40:54.9105987Z Preparing to unpack .../011-session-migration_0.3.9build1_amd64.deb ...
verify	Run npx playwright install --with-deps chromium firefox webkit	2026-10-09T09:40:54.9112813Z Unpacking session-migration (0.3.9build1) ...
verify	Run npx playwright install --with-deps chromium firefox webkit	2026-10-09T09:40:54.9245389Z Selecting previously unselected package gsettings-desktop-schemas.
verify	Run npx playwright install --with-deps chromium firefox webkit	2026-10-09T09:40:54.9335337Z Preparing to unpack .../012-gsettings-desktop-schemas_46.1-0ubuntu1_all.deb ...
verify	Run npx playwright install --with-deps chromium firefox webkit	2026-10-09T09:40:54.9343499Z Unpacking gsettings-desktop-schemas (46.1-0ubuntu1) ...
verify	Run npx playwright install --with-deps chromium firefox webkit	2026-10-09T09:40:54.9742280Z Selecting previously unselected package glib-networking:amd64.
verify	Run npx playwright install --with-deps chromium firefox webkit	2026-10-09T09:40:54.9830133Z Preparing to unpack .../013-glib-networking_2.80.0-1build1_amd64.deb ...
verify	Run npx playwright install --with-deps chromium firefox webkit	2026-10-09T09:40:54.9839260Z Unpacking glib-networking:amd64 (2.80.0-1build1) ...
verify	Run npx playwright install --with-deps chromium firefox webkit	2026-10-09T09:40:54.9987430Z Selecting previously unselected package libva2:amd64.
verify	Run npx playwright install --with-deps chromium firefox webkit	2026-10-09T09:40:55.0075450Z Preparing to unpack .../014-libva2_2.20.0-2ubuntu0.2_amd64.deb ...
verify	Run npx playwright install --with-deps chromium firefox webkit	2026-10-09T09:40:55.0082023Z Unpacking libva2:amd64 (2.20.0-2ubuntu0.2) ...
verify	Run npx playwright install --with-deps chromium firefox webkit	2026-10-09T09:40:55.0221556Z Selecting previously unselected package libva-drm2:amd64.
verify	Run npx playwright install --with-deps chromium firefox webkit	2026-10-09T09:40:55.0312382Z Preparing to unpack .../015-libva-drm2_2.20.0-2ubuntu0.2_amd64.deb ...
verify	Run npx playwright install --with-deps chromium firefox webkit	2026-10-09T09:40:55.0322143Z Unpacking libva-drm2:amd64 (2.20.0-2ubuntu0.2) ...
verify	Run npx playwright install --with-deps chromium firefox webkit	2026-10-09T09:40:55.0474974Z Selecting previously unselected package libva-x11-2:amd64.
verify	Run npx playwright install --with-deps chromium firefox webkit	2026-10-09T09:40:55.0574207Z Preparing to unpack .../016-libva-x11-2_2.20.0-2ubuntu0.2_amd64.deb ...
verify	Run npx playwright install --with-deps chromium firefox webkit	2026-10-09T09:40:55.0584922Z Unpacking libva-x11-2:amd64 (2.20.0-2ubuntu0.2) ...
verify	Run npx playwright install --with-deps chromium firefox webkit	2026-10-09T09:40:55.0729390Z Selecting previously unselected package libvdpau1:amd64.
verify	Run npx playwright install --with-deps chromium firefox webkit	2026-10-09T09:40:55.0825449Z Preparing to unpack .../017-libvdpau1_1.5-2build1_amd64.deb ...
verify	Run npx playwright install --with-deps chromium firefox webkit	2026-10-09T09:40:55.0835430Z Unpacking libvdpau1:amd64 (1.5-2build1) ...
verify	Run npx playwright install --with-deps chromium firefox webkit	2026-10-09T09:40:55.0987188Z Selecting previously unselected package libvpl2.
verify	Run npx playwright install --with-deps chromium firefox webkit	2026-10-09T09:40:55.1089200Z Preparing to unpack .../018-libvpl2_2023.3.0-1build1_amd64.deb ...
verify	Run npx playwright install --with-deps chromium firefox webkit	2026-10-09T09:40:55.1098901Z Unpacking libvpl2 (2023.3.0-1build1) ...
verify	Run npx playwright install --with-deps chromium firefox webkit	2026-10-09T09:40:55.1264349Z Selecting previously unselected package ocl-icd-libopencl1:amd64.
verify	Run npx playwright install --with-deps chromium firefox webkit	2026-10-09T09:40:55.1366175Z Preparing to unpack .../019-ocl-icd-libopencl1_2.3.2-1build1_amd64.deb ...
verify	Run npx playwright install --with-deps chromium firefox webkit	2026-10-09T09:40:55.1374569Z Unpacking ocl-icd-libopencl1:amd64 (2.3.2-1build1) ...
verify	Run npx playwright install --with-deps chromium firefox webkit	2026-10-09T09:40:55.1540246Z Selecting previously unselected package libavutil58:amd64.
verify	Run npx playwright install --with-deps chromium firefox webkit	2026-10-09T09:40:55.1631201Z Preparing to unpack .../020-libavutil58_7%3a6.1.1-3ubuntu5_amd64.deb ...
verify	Run npx playwright install --with-deps chromium firefox webkit	2026-10-09T09:40:55.1638278Z Unpacking libavutil58:amd64 (7:6.1.1-3ubuntu5) ...
verify	Run npx playwright install --with-deps chromium firefox webkit	2026-10-09T09:40:55.1809142Z Selecting previously unselected package libcodec2-1.2:amd64.
verify	Run npx playwright install --with-deps chromium firefox webkit	2026-10-09T09:40:55.1908390Z Preparing to unpack .../021-libcodec2-1.2_1.2.0-2build1_amd64.deb ...
verify	Run npx playwright install --with-deps chromium firefox webkit	2026-10-09T09:40:55.1915622Z Unpacking libcodec2-1.2:amd64 (1.2.0-2build1) ...
verify	Run npx playwright install --with-deps chromium firefox webkit	2026-10-09T09:40:55.3360877Z Selecting previously unselected package libdav1d7:amd64.
verify	Run npx playwright install --with-deps chromium firefox webkit	2026-10-09T09:40:55.3448083Z Preparing to unpack .../022-libdav1d7_1.4.1-1build1_amd64.deb ...
verify	Run npx playwright install --with-deps chromium firefox webkit	2026-10-09T09:40:55.3457411Z Unpacking libdav1d7:amd64 (1.4.1-1build1) ...
verify	Run npx playwright install --with-deps chromium firefox webkit	2026-10-09T09:40:55.3650092Z Selecting previously unselected package libgsm1:amd64.
verify	Run npx playwright install --with-deps chromium firefox webkit	2026-10-09T09:40:55.3738605Z Preparing to unpack .../023-libgsm1_1.0.22-1build1_amd64.deb ...
verify	Run npx playwright install --with-deps chromium firefox webkit	2026-10-09T09:40:55.3747763Z Unpacking libgsm1:amd64 (1.0.22-1build1) ...
verify	Run npx playwright install --with-deps chromium firefox webkit	2026-10-09T09:40:55.3886010Z Selecting previously unselected package libhwy1t64:amd64.
verify	Run npx playwright install --with-deps chromium firefox webkit	2026-10-09T09:40:55.3973753Z Preparing to unpack .../024-libhwy1t64_1.0.7-8.1build1_amd64.deb ...
verify	Run npx playwright install --with-deps chromium firefox webkit	2026-10-09T09:40:55.3980407Z Unpacking libhwy1t64:amd64 (1.0.7-8.1build1) ...
verify	Run npx playwright install --with-deps chromium firefox webkit	2026-10-09T09:40:55.4283826Z Selecting previously unselected package libjxl0.7:amd64.
verify	Run npx playwright install --with-deps chromium firefox webkit	2026-10-09T09:40:55.4370742Z Preparing to unpack .../025-libjxl0.7_0.7.0-10.2ubuntu6.1_amd64.deb ...
verify	Run npx playwright install --with-deps chromium firefox webkit	2026-10-09T09:40:55.4377668Z Unpacking libjxl0.7:amd64 (0.7.0-10.2ubuntu6.1) ...
verify	Run npx playwright install --with-deps chromium firefox webkit	2026-10-09T09:40:55.4687720Z Selecting previously unselected package libmp3lame0:amd64.
verify	Run npx playwright install --with-deps chromium firefox webkit	2026-10-09T09:40:55.4780446Z Preparing to unpack .../026-libmp3lame0_3.100-6build1_amd64.deb ...
verify	Run npx playwright install --with-deps chromium firefox webkit	2026-10-09T09:40:55.4789799Z Unpacking libmp3lame0:amd64 (3.100-6build1) ...
verify	Run npx playwright install --with-deps chromium firefox webkit	2026-10-09T09:40:55.4938102Z Selecting previously unselected package libopus0:amd64.
verify	Run npx playwright install --with-deps chromium firefox webkit	2026-10-09T09:40:55.5025180Z Preparing to unpack .../027-libopus0_1.4-1build1_amd64.deb ...
verify	Run npx playwright install --with-deps chromium firefox webkit	2026-10-09T09:40:55.5032643Z Unpacking libopus0:amd64 (1.4-1build1) ...
verify	Run npx playwright install --with-deps chromium firefox webkit	2026-10-09T09:40:55.5183797Z Selecting previously unselected package librav1e0:amd64.
verify	Run npx playwright install --with-deps chromium firefox webkit	2026-10-09T09:40:55.5269535Z Preparing to unpack .../028-librav1e0_0.7.1-2_amd64.deb ...
verify	Run npx playwright install --with-deps chromium firefox webkit	2026-10-09T09:40:55.5277312Z Unpacking librav1e0:amd64 (0.7.1-2) ...
verify	Run npx playwright install --with-deps chromium firefox webkit	2026-10-09T09:40:55.5585689Z Selecting previously unselected package librsvg2-2:amd64.
verify	Run npx playwright install --with-deps chromium firefox webkit	2026-10-09T09:40:55.5673308Z Preparing to unpack .../029-librsvg2-2_2.58.0+dfsg-1ubuntu0.1_amd64.deb ...
verify	Run npx playwright install --with-deps chromium firefox webkit	2026-10-09T09:40:55.5682095Z Unpacking librsvg2-2:amd64 (2.58.0+dfsg-1ubuntu0.1) ...
verify	Run npx playwright install --with-deps chromium firefox webkit	2026-10-09T09:40:55.6283899Z Selecting previously unselected package libshine3:amd64.
verify	Run npx playwright install --with-deps chromium firefox webkit	2026-10-09T09:40:55.6376969Z Preparing to unpack .../030-libshine3_3.1.1-2build1_amd64.deb ...
verify	Run npx playwright install --with-deps chromium firefox webkit	2026-10-09T09:40:55.6386570Z Unpacking libshine3:amd64 (3.1.1-2build1) ...
verify	Run npx playwright install --with-deps chromium firefox webkit	2026-10-09T09:40:55.6523895Z Selecting previously unselected package libspeex1:amd64.
verify	Run npx playwright install --with-deps chromium firefox webkit	2026-10-09T09:40:55.6612331Z Preparing to unpack .../031-libspeex1_1.2.1-2ubuntu2.24.04.1_amd64.deb ...
verify	Run npx playwright install --with-deps chromium firefox webkit	2026-10-09T09:40:55.6619361Z Unpacking libspeex1:amd64 (1.2.1-2ubuntu2.24.04.1) ...
verify	Run npx playwright install --with-deps chromium firefox webkit	2026-10-09T09:40:55.6756847Z Selecting previously unselected package libsvtav1enc1d1:amd64.
verify	Run npx playwright install --with-deps chromium firefox webkit	2026-10-09T09:40:55.6857915Z Preparing to unpack .../032-libsvtav1enc1d1_1.7.0+dfsg-2build1_amd64.deb ...
verify	Run npx playwright install --with-deps chromium firefox webkit	2026-10-09T09:40:55.6870241Z Unpacking libsvtav1enc1d1:amd64 (1.7.0+dfsg-2build1) ...
verify	Run npx playwright install --with-deps chromium firefox webkit	2026-10-09T09:40:55.7483571Z Selecting previously unselected package libsoxr0:amd64.
verify	Run npx playwright install --with-deps chromium firefox webkit	2026-10-09T09:40:55.7572418Z Preparing to unpack .../033-libsoxr0_0.1.3-4build3_amd64.deb ...
verify	Run npx playwright install --with-deps chromium firefox webkit	2026-10-09T09:40:55.7579147Z Unpacking libsoxr0:amd64 (0.1.3-4build3) ...
verify	Run npx playwright install --with-deps chromium firefox webkit	2026-10-09T09:40:55.7717659Z Selecting previously unselected package libswresample4:amd64.
verify	Run npx playwright install --with-deps chromium firefox webkit	2026-10-09T09:40:55.7805516Z Preparing to unpack .../034-libswresample4_7%3a6.1.1-3ubuntu5_amd64.deb ...
verify	Run npx playwright install --with-deps chromium firefox webkit	2026-10-09T09:40:55.7812798Z Unpacking libswresample4:amd64 (7:6.1.1-3ubuntu5) ...
verify	Run npx playwright install --with-deps chromium firefox webkit	2026-10-09T09:40:55.7966931Z Selecting previously unselected package libtheora0:amd64.
verify	Run npx playwright install --with-deps chromium firefox webkit	2026-10-09T09:40:55.8061758Z Preparing to unpack .../035-libtheora0_1.1.1+dfsg.1-16.1build3_amd64.deb ...
verify	Run npx playwright install --with-deps chromium firefox webkit	2026-10-09T09:40:55.8071621Z Unpacking libtheora0:amd64 (1.1.1+dfsg.1-16.1build3) ...
verify	Run npx playwright install --with-deps chromium firefox webkit	2026-10-09T09:40:55.8235049Z Selecting previously unselected package libtwolame0:amd64.
verify	Run npx playwright install --with-deps chromium firefox webkit	2026-10-09T09:40:55.8323617Z Preparing to unpack .../036-libtwolame0_0.4.0-2build3_amd64.deb ...
verify	Run npx playwright install --with-deps chromium firefox webkit	2026-10-09T09:40:55.8333380Z Unpacking libtwolame0:amd64 (0.4.0-2build3) ...
verify	Run npx playwright install --with-deps chromium firefox webkit	2026-10-09T09:40:55.8477904Z Selecting previously unselected package libvorbisenc2:amd64.
verify	Run npx playwright install --with-deps chromium firefox webkit	2026-10-09T09:40:55.8566219Z Preparing to unpack .../037-libvorbisenc2_1.3.7-1build3_amd64.deb ...
verify	Run npx playwright install --with-deps chromium firefox webkit	2026-10-09T09:40:55.8572305Z Unpacking libvorbisenc2:amd64 (1.3.7-1build3) ...
verify	Run npx playwright install --with-deps chromium firefox webkit	2026-10-09T09:40:55.8725763Z Selecting previously unselected package libvpx9:amd64.
verify	Run npx playwright install --with-deps chromium firefox webkit	2026-10-09T09:40:55.8812554Z Preparing to unpack .../038-libvpx9_1.14.0-1ubuntu2.3_amd64.deb ...
verify	Run npx playwright install --with-deps chromium firefox webkit	2026-10-09T09:40:55.8819404Z Unpacking libvpx9:amd64 (1.14.0-1ubuntu2.3) ...
verify	Run npx playwright install --with-deps chromium firefox webkit	2026-10-09T09:40:55.9152458Z Selecting previously unselected package libx264-164:amd64.
verify	Run npx playwright install --with-deps chromium firefox webkit	2026-10-09T09:40:55.9242066Z Preparing to unpack .../039-libx264-164_2%3a0.164.3108+git31e19f9-1_amd64.deb ...
verify	Run npx playwright install --with-deps chromium firefox webkit	2026-10-09T09:40:55.9250384Z Unpacking libx264-164:amd64 (2:0.164.3108+git31e19f9-1) ...
verify	Run npx playwright install --with-deps chromium firefox webkit	2026-10-09T09:40:55.9442964Z Selecting previously unselected package libx265-199:amd64.
verify	Run npx playwright install --with-deps chromium firefox webkit	2026-10-09T09:40:55.9530105Z Preparing to unpack .../040-libx265-199_3.5-2build1_amd64.deb ...
verify	Run npx playwright install --with-deps chromium firefox webkit	2026-10-09T09:40:55.9536304Z Unpacking libx265-199:amd64 (3.5-2build1) ...
verify	Run npx playwright install --with-deps chromium firefox webkit	2026-10-09T09:40:56.0683710Z Selecting previously unselected package libxvidcore4:amd64.
verify	Run npx playwright install --with-deps chromium firefox webkit	2026-10-09T09:40:56.0779632Z Preparing to unpack .../041-libxvidcore4_2%3a1.3.7-1build1_amd64.deb ...
verify	Run npx playwright install --with-deps chromium firefox webkit	2026-10-09T09:40:56.0788465Z Unpacking libxvidcore4:amd64 (2:1.3.7-1build1) ...
verify	Run npx playwright install --with-deps chromium firefox webkit	2026-10-09T09:40:56.0942492Z Selecting previously unselected package libzvbi-common.
verify	Run npx playwright install --with-deps chromium firefox webkit	2026-10-09T09:40:56.1031507Z Preparing to unpack .../042-libzvbi-common_0.2.42-2_all.deb ...
verify	Run npx playwright install --with-deps chromium firefox webkit	2026-10-09T09:40:56.1038345Z Unpacking libzvbi-common (0.2.42-2) ...
verify	Run npx playwright install --with-deps chromium firefox webkit	2026-10-09T09:40:56.1496522Z Selecting previously unselected package libzvbi0t64:amd64.
verify	Run npx playwright install --with-deps chromium firefox webkit	2026-10-09T09:40:56.1593013Z Preparing to unpack .../043-libzvbi0t64_0.2.42-2_amd64.deb ...
verify	Run npx playwright install --with-deps chromium firefox webkit	2026-10-09T09:40:56.1601667Z Unpacking libzvbi0t64:amd64 (0.2.42-2) ...
verify	Run npx playwright install --with-deps chromium firefox webkit	2026-10-09T09:40:56.1768484Z Selecting previously unselected package libavcodec60:amd64.
verify	Run npx playwright install --with-deps chromium firefox webkit	2026-10-09T09:40:56.1861722Z Preparing to unpack .../044-libavcodec60_7%3a6.1.1-3ubuntu5_amd64.deb ...
verify	Run npx playwright install --with-deps chromium firefox webkit	2026-10-09T09:40:56.1870658Z Unpacking libavcodec60:amd64 (7:6.1.1-3ubuntu5) ...
verify	Run npx playwright install --with-deps chromium firefox webkit	2026-10-09T09:40:56.3371376Z Preparing to unpack .../045-libfreetype6_2.13.2+dfsg-1ubuntu0.2_amd64.deb ...
verify	Run npx playwright install --with-deps chromium firefox webkit	2026-10-09T09:40:56.3393852Z Unpacking libfreetype6:amd64 (2.13.2+dfsg-1ubuntu0.2) over (2.13.2+dfsg-1ubuntu0.1) ...
verify	Run npx playwright install --with-deps chromium firefox webkit	2026-10-09T09:40:56.3577720Z Selecting previously unselected package libunibreak5:amd64.
verify	Run npx playwright install --with-deps chromium firefox webkit	2026-10-09T09:40:56.3668643Z Preparing to unpack .../046-libunibreak5_5.1-2build1_amd64.deb ...
verify	Run npx playwright install --with-deps chromium firefox webkit	2026-10-09T09:40:56.3675081Z Unpacking libunibreak5:amd64 (5.1-2build1) ...
verify	Run npx playwright install --with-deps chromium firefox webkit	2026-10-09T09:40:56.3816653Z Selecting previously unselected package libass9:amd64.
verify	Run npx playwright install --with-deps chromium firefox webkit	2026-10-09T09:40:56.3912241Z Preparing to unpack .../047-libass9_1%3a0.17.1-2build1_amd64.deb ...
verify	Run npx playwright install --with-deps chromium firefox webkit	2026-10-09T09:40:56.3919202Z Unpacking libass9:amd64 (1:0.17.1-2build1) ...
verify	Run npx playwright install --with-deps chromium firefox webkit	2026-10-09T09:40:56.4087434Z Selecting previously unselected package libudfread0:amd64.
verify	Run npx playwright install --with-deps chromium firefox webkit	2026-10-09T09:40:56.4182148Z Preparing to unpack .../048-libudfread0_1.1.2-1build1_amd64.deb ...
verify	Run npx playwright install --with-deps chromium firefox webkit	2026-10-09T09:40:56.4188632Z Unpacking libudfread0:amd64 (1.1.2-1build1) ...
verify	Run npx playwright install --with-deps chromium firefox webkit	2026-10-09T09:40:56.4326891Z Selecting previously unselected package libbluray2:amd64.
verify	Run npx playwright install --with-deps chromium firefox webkit	2026-10-09T09:40:56.4430801Z Preparing to unpack .../049-libbluray2_1%3a1.3.4-1build1_amd64.deb ...
verify	Run npx playwright install --with-deps chromium firefox webkit	2026-10-09T09:40:56.4437527Z Unpacking libbluray2:amd64 (1:1.3.4-1build1) ...
verify	Run npx playwright install --with-deps chromium firefox webkit	2026-10-09T09:40:56.4600779Z Selecting previously unselected package libchromaprint1:amd64.
verify	Run npx playwright install --with-deps chromium firefox webkit	2026-10-09T09:40:56.4698621Z Preparing to unpack .../050-libchromaprint1_1.5.1-5_amd64.deb ...
verify	Run npx playwright install --with-deps chromium firefox webkit	2026-10-09T09:40:56.4705421Z Unpacking libchromaprint1:amd64 (1.5.1-5) ...
verify	Run npx playwright install --with-deps chromium firefox webkit	2026-10-09T09:40:56.4850401Z Selecting previously unselected package libgme0:amd64.
verify	Run npx playwright install --with-deps chromium firefox webkit	2026-10-09T09:40:56.4942043Z Preparing to unpack .../051-libgme0_0.6.3-7build1_amd64.deb ...
verify	Run npx playwright install --with-deps chromium firefox webkit	2026-10-09T09:40:56.4956148Z Unpacking libgme0:amd64 (0.6.3-7build1) ...
verify	Run npx playwright install --with-deps chromium firefox webkit	2026-10-09T09:40:56.5107630Z Selecting previously unselected package libmpg123-0t64:amd64.
verify	Run npx playwright install --with-deps chromium firefox webkit	2026-10-09T09:40:56.5193834Z Preparing to unpack .../052-libmpg123-0t64_1.32.5-1ubuntu1.1_amd64.deb ...
verify	Run npx playwright install --with-deps chromium firefox webkit	2026-10-09T09:40:56.5203801Z Unpacking libmpg123-0t64:amd64 (1.32.5-1ubuntu1.1) ...
verify	Run npx playwright install --with-deps chromium firefox webkit	2026-10-09T09:40:56.5352802Z Selecting previously unselected package libopenmpt0t64:amd64.
verify	Run npx playwright install --with-deps chromium firefox webkit	2026-10-09T09:40:56.5449696Z Preparing to unpack .../053-libopenmpt0t64_0.7.3-1.1build3_amd64.deb ...
verify	Run npx playwright install --with-deps chromium firefox webkit	2026-10-09T09:40:56.5458872Z Unpacking libopenmpt0t64:amd64 (0.7.3-1.1build3) ...
verify	Run npx playwright install --with-deps chromium firefox webkit	2026-10-09T09:40:56.5646301Z Selecting previously unselected package libcjson1:amd64.
verify	Run npx playwright install --with-deps chromium firefox webkit	2026-10-09T09:40:56.5733529Z Preparing to unpack .../054-libcjson1_1.7.17-1_amd64.deb ...
verify	Run npx playwright install --with-deps chromium firefox webkit	2026-10-09T09:40:56.5740247Z Unpacking libcjson1:amd64 (1.7.17-1) ...
verify	Run npx playwright install --with-deps chromium firefox webkit	2026-10-09T09:40:56.5881792Z Selecting previously unselected package libmbedcrypto7t64:amd64.
verify	Run npx playwright install --with-deps chromium firefox webkit	2026-10-09T09:40:56.5968986Z Preparing to unpack .../055-libmbedcrypto7t64_2.28.8-1_amd64.deb ...
verify	Run npx playwright install --with-deps chromium firefox webkit	2026-10-09T09:40:56.5976440Z Unpacking libmbedcrypto7t64:amd64 (2.28.8-1) ...
verify	Run npx playwright install --with-deps chromium firefox webkit	2026-10-09T09:40:56.6147720Z Selecting previously unselected package librist4:amd64.
verify	Run npx playwright install --with-deps chromium firefox webkit	2026-10-09T09:40:56.6249824Z Preparing to unpack .../056-librist4_0.2.10+dfsg-2_amd64.deb ...
verify	Run npx playwright install --with-deps chromium firefox webkit	2026-10-09T09:40:56.6257672Z Unpacking librist4:amd64 (0.2.10+dfsg-2) ...
verify	Run npx playwright install --with-deps chromium firefox webkit	2026-10-09T09:40:56.6413174Z Selecting previously unselected package libsrt1.5-gnutls:amd64.
verify	Run npx playwright install --with-deps chromium firefox webkit	2026-10-09T09:40:56.6504588Z Preparing to unpack .../057-libsrt1.5-gnutls_1.5.3-1build2_amd64.deb ...
verify	Run npx playwright install --with-deps chromium firefox webkit	2026-10-09T09:40:56.6511285Z Unpacking libsrt1.5-gnutls:amd64 (1.5.3-1build2) ...
verify	Run npx playwright install --with-deps chromium firefox webkit	2026-10-09T09:40:56.6676416Z Selecting previously unselected package libssh-gcrypt-4:amd64.
verify	Run npx playwright install --with-deps chromium firefox webkit	2026-10-09T09:40:56.6763110Z Preparing to unpack .../058-libssh-gcrypt-4_0.10.6-2ubuntu0.5_amd64.deb ...
verify	Run npx playwright install --with-deps chromium firefox webkit	2026-10-09T09:40:56.6770885Z Unpacking libssh-gcrypt-4:amd64 (0.10.6-2ubuntu0.5) ...
verify	Run npx playwright install --with-deps chromium firefox webkit	2026-10-09T09:40:56.6923664Z Selecting previously unselected package libavformat60:amd64.
verify	Run npx playwright install --with-deps chromium firefox webkit	2026-10-09T09:40:56.7011080Z Preparing to unpack .../059-libavformat60_7%3a6.1.1-3ubuntu5_amd64.deb ...
verify	Run npx playwright install --with-deps chromium firefox webkit	2026-10-09T09:40:56.7018080Z Unpacking libavformat60:amd64 (7:6.1.1-3ubuntu5) ...
verify	Run npx playwright install --with-deps chromium firefox webkit	2026-10-09T09:40:56.7264098Z Selecting previously unselected package libbs2b0:amd64.
verify	Run npx playwright install --with-deps chromium firefox webkit	2026-10-09T09:40:56.7350899Z Preparing to unpack .../060-libbs2b0_3.1.0+dfsg-7build1_amd64.deb ...
verify	Run npx playwright install --with-deps chromium firefox webkit	2026-10-09T09:40:56.7359258Z Unpacking libbs2b0:amd64 (3.1.0+dfsg-7build1) ...
verify	Run npx playwright install --with-deps chromium firefox webkit	2026-10-09T09:40:56.7509333Z Selecting previously unselected package libflite1:amd64.
verify	Run npx playwright install --with-deps chromium firefox webkit	2026-10-09T09:40:56.7596263Z Preparing to unpack .../061-libflite1_2.2-6build3_amd64.deb ...
verify	Run npx playwright install --with-deps chromium firefox webkit	2026-10-09T09:40:56.7603498Z Unpacking libflite1:amd64 (2.2-6build3) ...
verify	Run npx playwright install --with-deps chromium firefox webkit	2026-10-09T09:40:56.9148902Z Selecting previously unselected package libserd-0-0:amd64.
verify	Run npx playwright install --with-deps chromium firefox webkit	2026-10-09T09:40:56.9244333Z Preparing to unpack .../062-libserd-0-0_0.32.2-1_amd64.deb ...
verify	Run npx playwright install --with-deps chromium firefox webkit	2026-10-09T09:40:56.9256413Z Unpacking libserd-0-0:amd64 (0.32.2-1) ...
verify	Run npx playwright install --with-deps chromium firefox webkit	2026-10-09T09:40:56.9391043Z Selecting previously unselected package libzix-0-0:amd64.
verify	Run npx playwright install --with-deps chromium firefox webkit	2026-10-09T09:40:56.9479867Z Preparing to unpack .../063-libzix-0-0_0.4.2-2build1_amd64.deb ...
verify	Run npx playwright install --with-deps chromium firefox webkit	2026-10-09T09:40:56.9486658Z Unpacking libzix-0-0:amd64 (0.4.2-2build1) ...
verify	Run npx playwright install --with-deps chromium firefox webkit	2026-10-09T09:40:56.9636035Z Selecting previously unselected package libsord-0-0:amd64.
verify	Run npx playwright install --with-deps chromium firefox webkit	2026-10-09T09:40:56.9732225Z Preparing to unpack .../064-libsord-0-0_0.16.16-2build1_amd64.deb ...
verify	Run npx playwright install --with-deps chromium firefox webkit	2026-10-09T09:40:56.9741068Z Unpacking libsord-0-0:amd64 (0.16.16-2build1) ...
verify	Run npx playwright install --with-deps chromium firefox webkit	2026-10-09T09:40:56.9880294Z Selecting previously unselected package libsratom-0-0:amd64.
verify	Run npx playwright install --with-deps chromium firefox webkit	2026-10-09T09:40:56.9978716Z Preparing to unpack .../065-libsratom-0-0_0.6.16-1build1_amd64.deb ...
verify	Run npx playwright install --with-deps chromium firefox webkit	2026-10-09T09:40:56.9985292Z Unpacking libsratom-0-0:amd64 (0.6.16-1build1) ...
verify	Run npx playwright install --with-deps chromium firefox webkit	2026-10-09T09:40:57.0121796Z Selecting previously unselected package liblilv-0-0:amd64.
verify	Run npx playwright install --with-deps chromium firefox webkit	2026-10-09T09:40:57.0210668Z Preparing to unpack .../066-liblilv-0-0_0.24.22-1build1_amd64.deb ...
verify	Run npx playwright install --with-deps chromium firefox webkit	2026-10-09T09:40:57.0217228Z Unpacking liblilv-0-0:amd64 (0.24.22-1build1) ...
verify	Run npx playwright install --with-deps chromium firefox webkit	2026-10-09T09:40:57.0364742Z Selecting previously unselected package libmysofa1:amd64.
verify	Run npx playwright install --with-deps chromium firefox webkit	2026-10-09T09:40:57.0467861Z Preparing to unpack .../067-libmysofa1_1.3.2+dfsg-2ubuntu2_amd64.deb ...
verify	Run npx playwright install --with-deps chromium firefox webkit	2026-10-09T09:40:57.0476270Z Unpacking libmysofa1:amd64 (1.3.2+dfsg-2ubuntu2) ...
verify	Run npx playwright install --with-deps chromium firefox webkit	2026-10-09T09:40:57.0664189Z Selecting previously unselected package libplacebo338:amd64.
verify	Run npx playwright install --with-deps chromium firefox webkit	2026-10-09T09:40:57.0754496Z Preparing to unpack .../068-libplacebo338_6.338.2-2build1_amd64.deb ...
verify	Run npx playwright install --with-deps chromium firefox webkit	2026-10-09T09:40:57.0762535Z Unpacking libplacebo338:amd64 (6.338.2-2build1) ...
verify	Run npx playwright install --with-deps chromium firefox webkit	2026-10-09T09:40:57.1572499Z Selecting previously unselected package libblas3:amd64.
verify	Run npx playwright install --with-deps chromium firefox webkit	2026-10-09T09:40:57.1660630Z Preparing to unpack .../069-libblas3_3.12.0-3build1.1_amd64.deb ...
verify	Run npx playwright install --with-deps chromium firefox webkit	2026-10-09T09:40:57.1681112Z Unpacking libblas3:amd64 (3.12.0-3build1.1) ...
verify	Run npx playwright install --with-deps chromium firefox webkit	2026-10-09T09:40:57.1858737Z Selecting previously unselected package liblapack3:amd64.
verify	Run npx playwright install --with-deps chromium firefox webkit	2026-10-09T09:40:57.1954295Z Preparing to unpack .../070-liblapack3_3.12.0-3build1.1_amd64.deb ...
verify	Run npx playwright install --with-deps chromium firefox webkit	2026-10-09T09:40:57.1981537Z Unpacking liblapack3:amd64 (3.12.0-3build1.1) ...
verify	Run npx playwright install --with-deps chromium firefox webkit	2026-10-09T09:40:57.2572573Z Selecting previously unselected package libasyncns0:amd64.
verify	Run npx playwright install --with-deps chromium firefox webkit	2026-10-09T09:40:57.2660132Z Preparing to unpack .../071-libasyncns0_0.8-6build4_amd64.deb ...
verify	Run npx playwright install --with-deps chromium firefox webkit	2026-10-09T09:40:57.2667477Z Unpacking libasyncns0:amd64 (0.8-6build4) ...
verify	Run npx playwright install --with-deps chromium firefox webkit	2026-10-09T09:40:57.2809892Z Selecting previously unselected package libflac12t64:amd64.
verify	Run npx playwright install --with-deps chromium firefox webkit	2026-10-09T09:40:57.2897955Z Preparing to unpack .../072-libflac12t64_1.4.3+ds-2.1ubuntu2_amd64.deb ...
verify	Run npx playwright install --with-deps chromium firefox webkit	2026-10-09T09:40:57.2904602Z Unpacking libflac12t64:amd64 (1.4.3+ds-2.1ubuntu2) ...
verify	Run npx playwright install --with-deps chromium firefox webkit	2026-10-09T09:40:57.3063436Z Selecting previously unselected package libsndfile1:amd64.
verify	Run npx playwright install --with-deps chromium firefox webkit	2026-10-09T09:40:57.3152327Z Preparing to unpack .../073-libsndfile1_1.2.2-1ubuntu5.24.04.1_amd64.deb ...
verify	Run npx playwright install --with-deps chromium firefox webkit	2026-10-09T09:40:57.3163378Z Unpacking libsndfile1:amd64 (1.2.2-1ubuntu5.24.04.1) ...
verify	Run npx playwright install --with-deps chromium firefox webkit	2026-10-09T09:40:57.3351102Z Selecting previously unselected package libpulse0:amd64.
verify	Run npx playwright install --with-deps chromium firefox webkit	2026-10-09T09:40:57.3438300Z Preparing to unpack .../074-libpulse0_1%3a16.1+dfsg1-2ubuntu10.1_amd64.deb ...
verify	Run npx playwright install --with-deps chromium firefox webkit	2026-10-09T09:40:57.3483826Z Unpacking libpulse0:amd64 (1:16.1+dfsg1-2ubuntu10.1) ...
verify	Run npx playwright install --with-deps chromium firefox webkit	2026-10-09T09:40:57.3669733Z Selecting previously unselected package libsphinxbase3t64:amd64.
verify	Run npx playwright install --with-deps chromium firefox webkit	2026-10-09T09:40:57.3760595Z Preparing to unpack .../075-libsphinxbase3t64_0.8+5prealpha+1-17build2_amd64.deb ...
verify	Run npx playwright install --with-deps chromium firefox webkit	2026-10-09T09:40:57.3771725Z Unpacking libsphinxbase3t64:amd64 (0.8+5prealpha+1-17build2) ...
verify	Run npx playwright install --with-deps chromium firefox webkit	2026-10-09T09:40:57.3935866Z Selecting previously unselected package libpocketsphinx3:amd64.
verify	Run npx playwright install --with-deps chromium firefox webkit	2026-10-09T09:40:57.4022128Z Preparing to unpack .../076-libpocketsphinx3_0.8.0+real5prealpha+1-15ubuntu5_amd64.deb ...
verify	Run npx playwright install --with-deps chromium firefox webkit	2026-10-09T09:40:57.4028840Z Unpacking libpocketsphinx3:amd64 (0.8.0+real5prealpha+1-15ubuntu5) ...
verify	Run npx playwright install --with-deps chromium firefox webkit	2026-10-09T09:40:57.4183844Z Selecting previously unselected package libpostproc57:amd64.
verify	Run npx playwright install --with-deps chromium firefox webkit	2026-10-09T09:40:57.4273737Z Preparing to unpack .../077-libpostproc57_7%3a6.1.1-3ubuntu5_amd64.deb ...
verify	Run npx playwright install --with-deps chromium firefox webkit	2026-10-09T09:40:57.4285086Z Unpacking libpostproc57:amd64 (7:6.1.1-3ubuntu5) ...
verify	Run npx playwright install --with-deps chromium firefox webkit	2026-10-09T09:40:57.4827859Z Selecting previously unselected package libsamplerate0:amd64.
verify	Run npx playwright install --with-deps chromium firefox webkit	2026-10-09T09:40:57.4915447Z Preparing to unpack .../078-libsamplerate0_0.2.2-4build1_amd64.deb ...
verify	Run npx playwright install --with-deps chromium firefox webkit	2026-10-09T09:40:57.4924282Z Unpacking libsamplerate0:amd64 (0.2.2-4build1) ...
verify	Run npx playwright install --with-deps chromium firefox webkit	2026-10-09T09:40:57.5116493Z Selecting previously unselected package librubberband2:amd64.
verify	Run npx playwright install --with-deps chromium firefox webkit	2026-10-09T09:40:57.5205516Z Preparing to unpack .../079-librubberband2_3.3.0+dfsg-2build1_amd64.deb ...
verify	Run npx playwright install --with-deps chromium firefox webkit	2026-10-09T09:40:57.5213326Z Unpacking librubberband2:amd64 (3.3.0+dfsg-2build1) ...
verify	Run npx playwright install --with-deps chromium firefox webkit	2026-10-09T09:40:57.5368506Z Selecting previously unselected package libswscale7:amd64.
verify	Run npx playwright install --with-deps chromium firefox webkit	2026-10-09T09:40:57.5462775Z Preparing to unpack .../080-libswscale7_7%3a6.1.1-3ubuntu5_amd64.deb ...
verify	Run npx playwright install --with-deps chromium firefox webkit	2026-10-09T09:40:57.5470436Z Unpacking libswscale7:amd64 (7:6.1.1-3ubuntu5) ...
verify	Run npx playwright install --with-deps chromium firefox webkit	2026-10-09T09:40:57.5635601Z Selecting previously unselected package libvidstab1.1:amd64.
verify	Run npx playwright install --with-deps chromium firefox webkit	2026-10-09T09:40:57.5730166Z Preparing to unpack .../081-libvidstab1.1_1.1.0-2build1_amd64.deb ...
verify	Run npx playwright install --with-deps chromium firefox webkit	2026-10-09T09:40:57.5737708Z Unpacking libvidstab1.1:amd64 (1.1.0-2build1) ...
verify	Run npx playwright install --with-deps chromium firefox webkit	2026-10-09T09:40:57.5886150Z Selecting previously unselected package libzimg2:amd64.
verify	Run npx playwright install --with-deps chromium firefox webkit	2026-10-09T09:40:57.5974118Z Preparing to unpack .../082-libzimg2_3.0.5+ds1-1build1_amd64.deb ...
verify	Run npx playwright install --with-deps chromium firefox webkit	2026-10-09T09:40:57.5981214Z Unpacking libzimg2:amd64 (3.0.5+ds1-1build1) ...
verify	Run npx playwright install --with-deps chromium firefox webkit	2026-10-09T09:40:57.6150767Z Selecting previously unselected package libavfilter9:amd64.
verify	Run npx playwright install --with-deps chromium firefox webkit	2026-10-09T09:40:57.6238355Z Preparing to unpack .../083-libavfilter9_7%3a6.1.1-3ubuntu5_amd64.deb ...
verify	Run npx playwright install --with-deps chromium firefox webkit	2026-10-09T09:40:57.6244468Z Unpacking libavfilter9:amd64 (7:6.1.1-3ubuntu5) ...
verify	Run npx playwright install --with-deps chromium firefox webkit	2026-10-09T09:40:57.7473757Z Selecting previously unselected package liborc-0.4-0t64:amd64.
verify	Run npx playwright install --with-deps chromium firefox webkit	2026-10-09T09:40:57.7561522Z Preparing to unpack .../084-liborc-0.4-0t64_1%3a0.4.38-1ubuntu0.1_amd64.deb ...
verify	Run npx playwright install --with-deps chromium firefox webkit	2026-10-09T09:40:57.7568113Z Unpacking liborc-0.4-0t64:amd64 (1:0.4.38-1ubuntu0.1) ...
verify	Run npx playwright install --with-deps chromium firefox webkit	2026-10-09T09:40:57.7737453Z Selecting previously unselected package libgstreamer-plugins-base1.0-0:amd64.
verify	Run npx playwright install --with-deps chromium firefox webkit	2026-10-09T09:40:57.7824378Z Preparing to unpack .../085-libgstreamer-plugins-base1.0-0_1.24.2-1ubuntu0.5_amd64.deb ...
verify	Run npx playwright install --with-deps chromium firefox webkit	2026-10-09T09:40:57.7831371Z Unpacking libgstreamer-plugins-base1.0-0:amd64 (1.24.2-1ubuntu0.5) ...
verify	Run npx playwright install --with-deps chromium firefox webkit	2026-10-09T09:40:57.8069573Z Selecting previously unselected package gstreamer1.0-libav:amd64.
verify	Run npx playwright install --with-deps chromium firefox webkit	2026-10-09T09:40:57.8156895Z Preparing to unpack .../086-gstreamer1.0-libav_1.24.1-1build1_amd64.deb ...
verify	Run npx playwright install --with-deps chromium firefox webkit	2026-10-09T09:40:57.8165633Z Unpacking gstreamer1.0-libav:amd64 (1.24.1-1build1) ...
verify	Run npx playwright install --with-deps chromium firefox webkit	2026-10-09T09:40:57.8322457Z Selecting previously unselected package libcdparanoia0:amd64.
verify	Run npx playwright install --with-deps chromium firefox webkit	2026-10-09T09:40:57.8411151Z Preparing to unpack .../087-libcdparanoia0_3.10.2+debian-14build3_amd64.deb ...
verify	Run npx playwright install --with-deps chromium firefox webkit	2026-10-09T09:40:57.8420657Z Unpacking libcdparanoia0:amd64 (3.10.2+debian-14build3) ...
verify	Run npx playwright install --with-deps chromium firefox webkit	2026-10-09T09:40:57.8568323Z Selecting previously unselected package libvisual-0.4-0:amd64.
verify	Run npx playwright install --with-deps chromium firefox webkit	2026-10-09T09:40:57.8656102Z Preparing to unpack .../088-libvisual-0.4-0_0.4.2-2build1_amd64.deb ...
verify	Run npx playwright install --with-deps chromium firefox webkit	2026-10-09T09:40:57.8668719Z Unpacking libvisual-0.4-0:amd64 (0.4.2-2build1) ...
verify	Run npx playwright install --with-deps chromium firefox webkit	2026-10-09T09:40:57.8809384Z Selecting previously unselected package gstreamer1.0-plugins-base:amd64.
verify	Run npx playwright install --with-deps chromium firefox webkit	2026-10-09T09:40:57.8897621Z Preparing to unpack .../089-gstreamer1.0-plugins-base_1.24.2-1ubuntu0.5_amd64.deb ...
verify	Run npx playwright install --with-deps chromium firefox webkit	2026-10-09T09:40:57.8903606Z Unpacking gstreamer1.0-plugins-base:amd64 (1.24.2-1ubuntu0.5) ...
verify	Run npx playwright install --with-deps chromium firefox webkit	2026-10-09T09:40:57.9168267Z Selecting previously unselected package libaa1:amd64.
verify	Run npx playwright install --with-deps chromium firefox webkit	2026-10-09T09:40:57.9256890Z Preparing to unpack .../090-libaa1_1.4p5-51.1_amd64.deb ...
verify	Run npx playwright install --with-deps chromium firefox webkit	2026-10-09T09:40:57.9264021Z Unpacking libaa1:amd64 (1.4p5-51.1) ...
verify	Run npx playwright install --with-deps chromium firefox webkit	2026-10-09T09:40:57.9408636Z Selecting previously unselected package libraw1394-11:amd64.
verify	Run npx playwright install --with-deps chromium firefox webkit	2026-10-09T09:40:57.9494986Z Preparing to unpack .../091-libraw1394-11_2.1.2-2build3_amd64.deb ...
verify	Run npx playwright install --with-deps chromium firefox webkit	2026-10-09T09:40:57.9501274Z Unpacking libraw1394-11:amd64 (2.1.2-2build3) ...
verify	Run npx playwright install --with-deps chromium firefox webkit	2026-10-09T09:40:57.9645366Z Selecting previously unselected package libavc1394-0:amd64.
verify	Run npx playwright install --with-deps chromium firefox webkit	2026-10-09T09:40:57.9732436Z Preparing to unpack .../092-libavc1394-0_0.5.4-5build3_amd64.deb ...
verify	Run npx playwright install --with-deps chromium firefox webkit	2026-10-09T09:40:57.9742070Z Unpacking libavc1394-0:amd64 (0.5.4-5build3) ...
verify	Run npx playwright install --with-deps chromium firefox webkit	2026-10-09T09:40:57.9879686Z Selecting previously unselected package libcaca0:amd64.
verify	Run npx playwright install --with-deps chromium firefox webkit	2026-10-09T09:40:57.9967495Z Preparing to unpack .../093-libcaca0_0.99.beta20-4ubuntu0.2_amd64.deb ...
verify	Run npx playwright install --with-deps chromium firefox webkit	2026-10-09T09:40:57.9980197Z Unpacking libcaca0:amd64 (0.99.beta20-4ubuntu0.2) ...
verify	Run npx playwright install --with-deps chromium firefox webkit	2026-10-09T09:40:58.0146967Z Selecting previously unselected package libdv4t64:amd64.
verify	Run npx playwright install --with-deps chromium firefox webkit	2026-10-09T09:40:58.0233831Z Preparing to unpack .../094-libdv4t64_1.0.0-17.1build1_amd64.deb ...
verify	Run npx playwright install --with-deps chromium firefox webkit	2026-10-09T09:40:58.0242888Z Unpacking libdv4t64:amd64 (1.0.0-17.1build1) ...
verify	Run npx playwright install --with-deps chromium firefox webkit	2026-10-09T09:40:58.0398782Z Selecting previously unselected package libgstreamer-plugins-good1.0-0:amd64.
verify	Run npx playwright install --with-deps chromium firefox webkit	2026-10-09T09:40:58.0500631Z Preparing to unpack .../095-libgstreamer-plugins-good1.0-0_1.24.2-1ubuntu1.8_amd64.deb ...
verify	Run npx playwright install --with-deps chromium firefox webkit	2026-10-09T09:40:58.0510842Z Unpacking libgstreamer-plugins-good1.0-0:amd64 (1.24.2-1ubuntu1.8) ...
verify	Run npx playwright install --with-deps chromium firefox webkit	2026-10-09T09:40:58.0672298Z Selecting previously unselected package libiec61883-0:amd64.
verify	Run npx playwright install --with-deps chromium firefox webkit	2026-10-09T09:40:58.0772820Z Preparing to unpack .../096-libiec61883-0_1.2.0-6build1_amd64.deb ...
verify	Run npx playwright install --with-deps chromium firefox webkit	2026-10-09T09:40:58.0782799Z Unpacking libiec61883-0:amd64 (1.2.0-6build1) ...
verify	Run npx playwright install --with-deps chromium firefox webkit	2026-10-09T09:40:58.0937686Z Selecting previously unselected package libshout3:amd64.
verify	Run npx playwright install --with-deps chromium firefox webkit	2026-10-09T09:40:58.1024016Z Preparing to unpack .../097-libshout3_2.4.6-1build2_amd64.deb ...
verify	Run npx playwright install --with-deps chromium firefox webkit	2026-10-09T09:40:58.1038479Z Unpacking libshout3:amd64 (2.4.6-1build2) ...
verify	Run npx playwright install --with-deps chromium firefox webkit	2026-10-09T09:40:58.1207159Z Selecting previously unselected package libtag1v5-vanilla:amd64.
verify	Run npx playwright install --with-deps chromium firefox webkit	2026-10-09T09:40:58.1297465Z Preparing to unpack .../098-libtag1v5-vanilla_1.13.1-1build1_amd64.deb ...
verify	Run npx playwright install --with-deps chromium firefox webkit	2026-10-09T09:40:58.1304607Z Unpacking libtag1v5-vanilla:amd64 (1.13.1-1build1) ...
verify	Run npx playwright install --with-deps chromium firefox webkit	2026-10-09T09:40:58.1467758Z Selecting previously unselected package libtag1v5:amd64.
verify	Run npx playwright install --with-deps chromium firefox webkit	2026-10-09T09:40:58.1557857Z Preparing to unpack .../099-libtag1v5_1.13.1-1build1_amd64.deb ...
verify	Run npx playwright install --with-deps chromium firefox webkit	2026-10-09T09:40:58.1566592Z Unpacking libtag1v5:amd64 (1.13.1-1build1) ...
verify	Run npx playwright install --with-deps chromium firefox webkit	2026-10-09T09:40:58.1702952Z Selecting previously unselected package libv4lconvert0t64:amd64.
verify	Run npx playwright install --with-deps chromium firefox webkit	2026-10-09T09:40:58.1791279Z Preparing to unpack .../100-libv4lconvert0t64_1.26.1-4build3_amd64.deb ...
verify	Run npx playwright install --with-deps chromium firefox webkit	2026-10-09T09:40:58.1803677Z Unpacking libv4lconvert0t64:amd64 (1.26.1-4build3) ...
verify	Run npx playwright install --with-deps chromium firefox webkit	2026-10-09T09:40:58.1952048Z Selecting previously unselected package libv4l-0t64:amd64.
verify	Run npx playwright install --with-deps chromium firefox webkit	2026-10-09T09:40:58.2041348Z Preparing to unpack .../101-libv4l-0t64_1.26.1-4build3_amd64.deb ...
verify	Run npx playwright install --with-deps chromium firefox webkit	2026-10-09T09:40:58.2047215Z Unpacking libv4l-0t64:amd64 (1.26.1-4build3) ...
verify	Run npx playwright install --with-deps chromium firefox webkit	2026-10-09T09:40:58.2190625Z Selecting previously unselected package libwavpack1:amd64.
verify	Run npx playwright install --with-deps chromium firefox webkit	2026-10-09T09:40:58.2282341Z Preparing to unpack .../102-libwavpack1_5.6.0-1build1_amd64.deb ...
verify	Run npx playwright install --with-deps chromium firefox webkit	2026-10-09T09:40:58.2292914Z Unpacking libwavpack1:amd64 (5.6.0-1build1) ...
verify	Run npx playwright install --with-deps chromium firefox webkit	2026-10-09T09:40:58.2427885Z Selecting previously unselected package libsoup-3.0-common.
verify	Run npx playwright install --with-deps chromium firefox webkit	2026-10-09T09:40:58.2515679Z Preparing to unpack .../103-libsoup-3.0-common_3.4.4-5ubuntu0.9_all.deb ...
verify	Run npx playwright install --with-deps chromium firefox webkit	2026-10-09T09:40:58.2521788Z Unpacking libsoup-3.0-common (3.4.4-5ubuntu0.9) ...
verify	Run npx playwright install --with-deps chromium firefox webkit	2026-10-09T09:40:58.2652906Z Selecting previously unselected package libsoup-3.0-0:amd64.
verify	Run npx playwright install --with-deps chromium firefox webkit	2026-10-09T09:40:58.2740234Z Preparing to unpack .../104-libsoup-3.0-0_3.4.4-5ubuntu0.9_amd64.deb ...
verify	Run npx playwright install --with-deps chromium firefox webkit	2026-10-09T09:40:58.2751526Z Unpacking libsoup-3.0-0:amd64 (3.4.4-5ubuntu0.9) ...
verify	Run npx playwright install --with-deps chromium firefox webkit	2026-10-09T09:40:58.2901304Z Selecting previously unselected package gstreamer1.0-plugins-good:amd64.
verify	Run npx playwright install --with-deps chromium firefox webkit	2026-10-09T09:40:58.2989330Z Preparing to unpack .../105-gstreamer1.0-plugins-good_1.24.2-1ubuntu1.8_amd64.deb ...
verify	Run npx playwright install --with-deps chromium firefox webkit	2026-10-09T09:40:58.2995401Z Unpacking gstreamer1.0-plugins-good:amd64 (1.24.2-1ubuntu1.8) ...
verify	Run npx playwright install --with-deps chromium firefox webkit	2026-10-09T09:40:58.3647976Z Selecting previously unselected package libabsl20220623t64:amd64.
verify	Run npx playwright install --with-deps chromium firefox webkit	2026-10-09T09:40:58.3738599Z Preparing to unpack .../106-libabsl20220623t64_20220623.1-3.1ubuntu3.2_amd64.deb ...
verify	Run npx playwright install --with-deps chromium firefox webkit	2026-10-09T09:40:58.3747379Z Unpacking libabsl20220623t64:amd64 (20220623.1-3.1ubuntu3.2) ...
verify	Run npx playwright install --with-deps chromium firefox webkit	2026-10-09T09:40:58.3991710Z Selecting previously unselected package libgav1-1:amd64.
verify	Run npx playwright install --with-deps chromium firefox webkit	2026-10-09T09:40:58.4080200Z Preparing to unpack .../107-libgav1-1_0.18.0-1build3_amd64.deb ...
verify	Run npx playwright install --with-deps chromium firefox webkit	2026-10-09T09:40:58.4086882Z Unpacking libgav1-1:amd64 (0.18.0-1build3) ...
verify	Run npx playwright install --with-deps chromium firefox webkit	2026-10-09T09:40:58.4254413Z Selecting previously unselected package libyuv0:amd64.
verify	Run npx playwright install --with-deps chromium firefox webkit	2026-10-09T09:40:58.4342490Z Preparing to unpack .../108-libyuv0_0.0~git202401110.af6ac82-1_amd64.deb ...
verify	Run npx playwright install --with-deps chromium firefox webkit	2026-10-09T09:40:58.4349440Z Unpacking libyuv0:amd64 (0.0~git202401110.af6ac82-1) ...
verify	Run npx playwright install --with-deps chromium firefox webkit	2026-10-09T09:40:58.4504870Z Selecting previously unselected package libavif16:amd64.
verify	Run npx playwright install --with-deps chromium firefox webkit	2026-10-09T09:40:58.4592591Z Preparing to unpack .../109-libavif16_1.0.4-1ubuntu3_amd64.deb ...
verify	Run npx playwright install --with-deps chromium firefox webkit	2026-10-09T09:40:58.4599294Z Unpacking libavif16:amd64 (1.0.4-1ubuntu3) ...
verify	Run npx playwright install --with-deps chromium firefox webkit	2026-10-09T09:40:58.4738416Z Selecting previously unselected package libavtp0:amd64.
verify	Run npx playwright install --with-deps chromium firefox webkit	2026-10-09T09:40:58.4826387Z Preparing to unpack .../110-libavtp0_0.2.0-1build1_amd64.deb ...
verify	Run npx playwright install --with-deps chromium firefox webkit	2026-10-09T09:40:58.4833591Z Unpacking libavtp0:amd64 (0.2.0-1build1) ...
verify	Run npx playwright install --with-deps chromium firefox webkit	2026-10-09T09:40:58.4968592Z Selecting previously unselected package libcairo-script-interpreter2:amd64.
verify	Run npx playwright install --with-deps chromium firefox webkit	2026-10-09T09:40:58.5056712Z Preparing to unpack .../111-libcairo-script-interpreter2_1.18.0-3build1_amd64.deb ...
verify	Run npx playwright install --with-deps chromium firefox webkit	2026-10-09T09:40:58.5063511Z Unpacking libcairo-script-interpreter2:amd64 (1.18.0-3build1) ...
verify	Run npx playwright install --with-deps chromium firefox webkit	2026-10-09T09:40:58.5201779Z Selecting previously unselected package libdc1394-25:amd64.
verify	Run npx playwright install --with-deps chromium firefox webkit	2026-10-09T09:40:58.5300257Z Preparing to unpack .../112-libdc1394-25_2.2.6-4build1_amd64.deb ...
verify	Run npx playwright install --with-deps chromium firefox webkit	2026-10-09T09:40:58.5308635Z Unpacking libdc1394-25:amd64 (2.2.6-4build1) ...
verify	Run npx playwright install --with-deps chromium firefox webkit	2026-10-09T09:40:58.5455755Z Selecting previously unselected package libde265-0:amd64.
verify	Run npx playwright install --with-deps chromium firefox webkit	2026-10-09T09:40:58.5545215Z Preparing to unpack .../113-libde265-0_1.0.15-1ubuntu0.2_amd64.deb ...
verify	Run npx playwright install --with-deps chromium firefox webkit	2026-10-09T09:40:58.5551536Z Unpacking libde265-0:amd64 (1.0.15-1ubuntu0.2) ...
verify	Run npx playwright install --with-deps chromium firefox webkit	2026-10-09T09:40:58.5700574Z Selecting previously unselected package libdecor-0-0:amd64.
verify	Run npx playwright install --with-deps chromium firefox webkit	2026-10-09T09:40:58.5796861Z Preparing to unpack .../114-libdecor-0-0_0.2.2-1build2_amd64.deb ...
verify	Run npx playwright install --with-deps chromium firefox webkit	2026-10-09T09:40:58.5805753Z Unpacking libdecor-0-0:amd64 (0.2.2-1build2) ...
verify	Run npx playwright install --with-deps chromium firefox webkit	2026-10-09T09:40:58.5956154Z Selecting previously unselected package libgles2:amd64.
verify	Run npx playwright install --with-deps chromium firefox webkit	2026-10-09T09:40:58.6043369Z Preparing to unpack .../115-libgles2_1.7.0-1build1_amd64.deb ...
verify	Run npx playwright install --with-deps chromium firefox webkit	2026-10-09T09:40:58.6050434Z Unpacking libgles2:amd64 (1.7.0-1build1) ...
verify	Run npx playwright install --with-deps chromium firefox webkit	2026-10-09T09:40:58.6197789Z Selecting previously unselected package libdirectfb-1.7-7t64:amd64.
verify	Run npx playwright install --with-deps chromium firefox webkit	2026-10-09T09:40:58.6292161Z Preparing to unpack .../116-libdirectfb-1.7-7t64_1.7.7-11.1ubuntu2_amd64.deb ...
verify	Run npx playwright install --with-deps chromium firefox webkit	2026-10-09T09:40:58.6300770Z Unpacking libdirectfb-1.7-7t64:amd64 (1.7.7-11.1ubuntu2) ...
verify	Run npx playwright install --with-deps chromium firefox webkit	2026-10-09T09:40:58.6653683Z Selecting previously unselected package libdvdread8t64:amd64.
verify	Run npx playwright install --with-deps chromium firefox webkit	2026-10-09T09:40:58.6740315Z Preparing to unpack .../117-libdvdread8t64_6.1.3-1.1build1_amd64.deb ...
verify	Run npx playwright install --with-deps chromium firefox webkit	2026-10-09T09:40:58.6750369Z Unpacking libdvdread8t64:amd64 (6.1.3-1.1build1) ...
verify	Run npx playwright install --with-deps chromium firefox webkit	2026-10-09T09:40:58.6893804Z Selecting previously unselected package libdvdnav4:amd64.
verify	Run npx playwright install --with-deps chromium firefox webkit	2026-10-09T09:40:58.6982658Z Preparing to unpack .../118-libdvdnav4_6.1.1-3build1_amd64.deb ...
verify	Run npx playwright install --with-deps chromium firefox webkit	2026-10-09T09:40:58.6992097Z Unpacking libdvdnav4:amd64 (6.1.1-3build1) ...
verify	Run npx playwright install --with-deps chromium firefox webkit	2026-10-09T09:40:58.7131884Z Selecting previously unselected package libegl-mesa0:amd64.
verify	Run npx playwright install --with-deps chromium firefox webkit	2026-10-09T09:40:58.7218278Z Preparing to unpack .../119-libegl-mesa0_25.2.8-0ubuntu0.24.04.4_amd64.deb ...
verify	Run npx playwright install --with-deps chromium firefox webkit	2026-10-09T09:40:58.7225798Z Unpacking libegl-mesa0:amd64 (25.2.8-0ubuntu0.24.04.4) ...
verify	Run npx playwright install --with-deps chromium firefox webkit	2026-10-09T09:40:58.7381922Z Selecting previously unselected package libevent-2.1-7t64:amd64.
verify	Run npx playwright install --with-deps chromium firefox webkit	2026-10-09T09:40:58.7468065Z Preparing to unpack .../120-libevent-2.1-7t64_2.1.12-stable-9ubuntu2.2_amd64.deb ...
verify	Run npx playwright install --with-deps chromium firefox webkit	2026-10-09T09:40:58.7475371Z Unpacking libevent-2.1-7t64:amd64 (2.1.12-stable-9ubuntu2.2) ...
verify	Run npx playwright install --with-deps chromium firefox webkit	2026-10-09T09:40:58.7634250Z Selecting previously unselected package libfaad2:amd64.
verify	Run npx playwright install --with-deps chromium firefox webkit	2026-10-09T09:40:58.7721861Z Preparing to unpack .../121-libfaad2_2.11.1-1build1_amd64.deb ...
verify	Run npx playwright install --with-deps chromium firefox webkit	2026-10-09T09:40:58.7728871Z Unpacking libfaad2:amd64 (2.11.1-1build1) ...
verify	Run npx playwright install --with-deps chromium firefox webkit	2026-10-09T09:40:58.7894198Z Selecting previously unselected package libinstpatch-1.0-2:amd64.
verify	Run npx playwright install --with-deps chromium firefox webkit	2026-10-09T09:40:58.7988591Z Preparing to unpack .../122-libinstpatch-1.0-2_1.1.6-1build2_amd64.deb ...
verify	Run npx playwright install --with-deps chromium firefox webkit	2026-10-09T09:40:58.7994969Z Unpacking libinstpatch-1.0-2:amd64 (1.1.6-1build2) ...
verify	Run npx playwright install --with-deps chromium firefox webkit	2026-10-09T09:40:58.8154686Z Selecting previously unselected package libjack-jackd2-0:amd64.
verify	Run npx playwright install --with-deps chromium firefox webkit	2026-10-09T09:40:58.8244160Z Preparing to unpack .../123-libjack-jackd2-0_1.9.21~dfsg-3ubuntu3_amd64.deb ...
verify	Run npx playwright install --with-deps chromium firefox webkit	2026-10-09T09:40:58.8254016Z Unpacking libjack-jackd2-0:amd64 (1.9.21~dfsg-3ubuntu3) ...
verify	Run npx playwright install --with-deps chromium firefox webkit	2026-10-09T09:40:58.8417441Z Selecting previously unselected package libwebrtc-audio-processing1:amd64.
verify	Run npx playwright install --with-deps chromium firefox webkit	2026-10-09T09:40:58.8504294Z Preparing to unpack .../124-libwebrtc-audio-processing1_0.3.1-0ubuntu6_amd64.deb ...
verify	Run npx playwright install --with-deps chromium firefox webkit	2026-10-09T09:40:58.8510965Z Unpacking libwebrtc-audio-processing1:amd64 (0.3.1-0ubuntu6) ...
verify	Run npx playwright install --with-deps chromium firefox webkit	2026-10-09T09:40:58.8659880Z Selecting previously unselected package libspa-0.2-modules:amd64.
verify	Run npx playwright install --with-deps chromium firefox webkit	2026-10-09T09:40:58.8746583Z Preparing to unpack .../125-libspa-0.2-modules_1.0.5-1ubuntu3.3_amd64.deb ...
verify	Run npx playwright install --with-deps chromium firefox webkit	2026-10-09T09:40:58.8755610Z Unpacking libspa-0.2-modules:amd64 (1.0.5-1ubuntu3.3) ...
verify	Run npx playwright install --with-deps chromium firefox webkit	2026-10-09T09:40:58.8966186Z Selecting previously unselected package libpipewire-0.3-0t64:amd64.
verify	Run npx playwright install --with-deps chromium firefox webkit	2026-10-09T09:40:58.9055740Z Preparing to unpack .../126-libpipewire-0.3-0t64_1.0.5-1ubuntu3.3_amd64.deb ...
verify	Run npx playwright install --with-deps chromium firefox webkit	2026-10-09T09:40:58.9064372Z Unpacking libpipewire-0.3-0t64:amd64 (1.0.5-1ubuntu3.3) ...
verify	Run npx playwright install --with-deps chromium firefox webkit	2026-10-09T09:40:58.9234270Z Selecting previously unselected package libsdl2-2.0-0:amd64.
verify	Run npx playwright install --with-deps chromium firefox webkit	2026-10-09T09:40:58.9321457Z Preparing to unpack .../127-libsdl2-2.0-0_2.30.0+dfsg-1ubuntu3.1_amd64.deb ...
verify	Run npx playwright install --with-deps chromium firefox webkit	2026-10-09T09:40:58.9328021Z Unpacking libsdl2-2.0-0:amd64 (2.30.0+dfsg-1ubuntu3.1) ...
verify	Run npx playwright install --with-deps chromium firefox webkit	2026-10-09T09:40:58.9545957Z Selecting previously unselected package timgm6mb-soundfont.
verify	Run npx playwright install --with-deps chromium firefox webkit	2026-10-09T09:40:58.9633150Z Preparing to unpack .../128-timgm6mb-soundfont_1.3-5_all.deb ...
verify	Run npx playwright install --with-deps chromium firefox webkit	2026-10-09T09:40:58.9639380Z Unpacking timgm6mb-soundfont (1.3-5) ...
verify	Run npx playwright install --with-deps chromium firefox webkit	2026-10-09T09:40:59.3315854Z Selecting previously unselected package libfluidsynth3:amd64.
verify	Run npx playwright install --with-deps chromium firefox webkit	2026-10-09T09:40:59.3406504Z Preparing to unpack .../129-libfluidsynth3_2.3.4-1build3_amd64.deb ...
verify	Run npx playwright install --with-deps chromium firefox webkit	2026-10-09T09:40:59.3419609Z Unpacking libfluidsynth3:amd64 (2.3.4-1build3) ...
verify	Run npx playwright install --with-deps chromium firefox webkit	2026-10-09T09:40:59.3579183Z Selecting previously unselected package libfreeaptx0:amd64.
verify	Run npx playwright install --with-deps chromium firefox webkit	2026-10-09T09:40:59.3669095Z Preparing to unpack .../130-libfreeaptx0_0.1.1-2build1_amd64.deb ...
verify	Run npx playwright install --with-deps chromium firefox webkit	2026-10-09T09:40:59.3677954Z Unpacking libfreeaptx0:amd64 (0.1.1-2build1) ...
verify	Run npx playwright install --with-deps chromium firefox webkit	2026-10-09T09:40:59.3813120Z Selecting previously unselected package libgraphene-1.0-0:amd64.
verify	Run npx playwright install --with-deps chromium firefox webkit	2026-10-09T09:40:59.3904066Z Preparing to unpack .../131-libgraphene-1.0-0_1.10.8-3build2_amd64.deb ...
verify	Run npx playwright install --with-deps chromium firefox webkit	2026-10-09T09:40:59.3914168Z Unpacking libgraphene-1.0-0:amd64 (1.10.8-3build2) ...
verify	Run npx playwright install --with-deps chromium firefox webkit	2026-10-09T09:40:59.4059481Z Selecting previously unselected package libgssdp-1.6-0:amd64.
verify	Run npx playwright install --with-deps chromium firefox webkit	2026-10-09T09:40:59.4146819Z Preparing to unpack .../132-libgssdp-1.6-0_1.6.3-1build3_amd64.deb ...
verify	Run npx playwright install --with-deps chromium firefox webkit	2026-10-09T09:40:59.4153940Z Unpacking libgssdp-1.6-0:amd64 (1.6.3-1build3) ...
verify	Run npx playwright install --with-deps chromium firefox webkit	2026-10-09T09:40:59.4297308Z Selecting previously unselected package libegl1:amd64.
verify	Run npx playwright install --with-deps chromium firefox webkit	2026-10-09T09:40:59.4387647Z Preparing to unpack .../133-libegl1_1.7.0-1build1_amd64.deb ...
verify	Run npx playwright install --with-deps chromium firefox webkit	2026-10-09T09:40:59.4394303Z Unpacking libegl1:amd64 (1.7.0-1build1) ...
verify	Run npx playwright install --with-deps chromium firefox webkit	2026-10-09T09:40:59.4536069Z Selecting previously unselected package libgstreamer-gl1.0-0:amd64.
verify	Run npx playwright install --with-deps chromium firefox webkit	2026-10-09T09:40:59.4624460Z Preparing to unpack .../134-libgstreamer-gl1.0-0_1.24.2-1ubuntu0.5_amd64.deb ...
verify	Run npx playwright install --with-deps chromium firefox webkit	2026-10-09T09:40:59.4630768Z Unpacking libgstreamer-gl1.0-0:amd64 (1.24.2-1ubuntu0.5) ...
verify	Run npx playwright install --with-deps chromium firefox webkit	2026-10-09T09:40:59.4792746Z Selecting previously unselected package libgtk-4-common.
verify	Run npx playwright install --with-deps chromium firefox webkit	2026-10-09T09:40:59.4882190Z Preparing to unpack .../135-libgtk-4-common_4.14.5+ds-0ubuntu0.10_all.deb ...
verify	Run npx playwright install --with-deps chromium firefox webkit	2026-10-09T09:40:59.4889394Z Unpacking libgtk-4-common (4.14.5+ds-0ubuntu0.10) ...
verify	Run npx playwright install --with-deps chromium firefox webkit	2026-10-09T09:40:59.5352308Z Selecting previously unselected package libgtk-4-1:amd64.
verify	Run npx playwright install --with-deps chromium firefox webkit	2026-10-09T09:40:59.5445236Z Preparing to unpack .../136-libgtk-4-1_4.14.5+ds-0ubuntu0.10_amd64.deb ...
verify	Run npx playwright install --with-deps chromium firefox webkit	2026-10-09T09:40:59.5452261Z Unpacking libgtk-4-1:amd64 (4.14.5+ds-0ubuntu0.10) ...
verify	Run npx playwright install --with-deps chromium firefox webkit	2026-10-09T09:40:59.6461272Z Selecting previously unselected package libgupnp-1.6-0:amd64.
verify	Run npx playwright install --with-deps chromium firefox webkit	2026-10-09T09:40:59.6549752Z Preparing to unpack .../137-libgupnp-1.6-0_1.6.6-1build3_amd64.deb ...
verify	Run npx playwright install --with-deps chromium firefox webkit	2026-10-09T09:40:59.6559065Z Unpacking libgupnp-1.6-0:amd64 (1.6.6-1build3) ...
verify	Run npx playwright install --with-deps chromium firefox webkit	2026-10-09T09:40:59.6710124Z Selecting previously unselected package libgupnp-igd-1.6-0:amd64.
verify	Run npx playwright install --with-deps chromium firefox webkit	2026-10-09T09:40:59.6799128Z Preparing to unpack .../138-libgupnp-igd-1.6-0_1.6.0-3build3_amd64.deb ...
verify	Run npx playwright install --with-deps chromium firefox webkit	2026-10-09T09:40:59.6808788Z Unpacking libgupnp-igd-1.6-0:amd64 (1.6.0-3build3) ...
verify	Run npx playwright install --with-deps chromium firefox webkit	2026-10-09T09:40:59.6958833Z Selecting previously unselected package libharfbuzz-icu0:amd64.
verify	Run npx playwright install --with-deps chromium firefox webkit	2026-10-09T09:40:59.7047684Z Preparing to unpack .../139-libharfbuzz-icu0_8.3.0-2build2_amd64.deb ...
verify	Run npx playwright install --with-deps chromium firefox webkit	2026-10-09T09:40:59.7058265Z Unpacking libharfbuzz-icu0:amd64 (8.3.0-2build2) ...
verify	Run npx playwright install --with-deps chromium firefox webkit	2026-10-09T09:40:59.7194493Z Selecting previously unselected package libhyphen0:amd64.
verify	Run npx playwright install --with-deps chromium firefox webkit	2026-10-09T09:40:59.7282712Z Preparing to unpack .../140-libhyphen0_2.8.8-7build3_amd64.deb ...
verify	Run npx playwright install --with-deps chromium firefox webkit	2026-10-09T09:40:59.7292198Z Unpacking libhyphen0:amd64 (2.8.8-7build3) ...
verify	Run npx playwright install --with-deps chromium firefox webkit	2026-10-09T09:40:59.7426323Z Selecting previously unselected package libimath-3-1-29t64:amd64.
verify	Run npx playwright install --with-deps chromium firefox webkit	2026-10-09T09:40:59.7513924Z Preparing to unpack .../141-libimath-3-1-29t64_3.1.9-3.1ubuntu2_amd64.deb ...
verify	Run npx playwright install --with-deps chromium firefox webkit	2026-10-09T09:40:59.7521660Z Unpacking libimath-3-1-29t64:amd64 (3.1.9-3.1ubuntu2) ...
verify	Run npx playwright install --with-deps chromium firefox webkit	2026-10-09T09:40:59.7669002Z Selecting previously unselected package liblc3-1:amd64.
verify	Run npx playwright install --with-deps chromium firefox webkit	2026-10-09T09:40:59.7755669Z Preparing to unpack .../142-liblc3-1_1.0.4-3build1_amd64.deb ...
verify	Run npx playwright install --with-deps chromium firefox webkit	2026-10-09T09:40:59.7765012Z Unpacking liblc3-1:amd64 (1.0.4-3build1) ...
verify	Run npx playwright install --with-deps chromium firefox webkit	2026-10-09T09:40:59.7907889Z Selecting previously unselected package libldacbt-enc2:amd64.
verify	Run npx playwright install --with-deps chromium firefox webkit	2026-10-09T09:40:59.7997010Z Preparing to unpack .../143-libldacbt-enc2_2.0.2.3+git20200429+ed310a0-4ubuntu2_amd64.deb ...
verify	Run npx playwright install --with-deps chromium firefox webkit	2026-10-09T09:40:59.8002902Z Unpacking libldacbt-enc2:amd64 (2.0.2.3+git20200429+ed310a0-4ubuntu2) ...
verify	Run npx playwright install --with-deps chromium firefox webkit	2026-10-09T09:40:59.8140364Z Selecting previously unselected package libraptor2-0:amd64.
verify	Run npx playwright install --with-deps chromium firefox webkit	2026-10-09T09:40:59.8227880Z Preparing to unpack .../144-libraptor2-0_2.0.16-3ubuntu0.1_amd64.deb ...
verify	Run npx playwright install --with-deps chromium firefox webkit	2026-10-09T09:40:59.8234397Z Unpacking libraptor2-0:amd64 (2.0.16-3ubuntu0.1) ...
verify	Run npx playwright install --with-deps chromium firefox webkit	2026-10-09T09:40:59.8388166Z Selecting previously unselected package liblrdf0:amd64.
verify	Run npx playwright install --with-deps chromium firefox webkit	2026-10-09T09:40:59.8475265Z Preparing to unpack .../145-liblrdf0_0.6.1-4build1_amd64.deb ...
verify	Run npx playwright install --with-deps chromium firefox webkit	2026-10-09T09:40:59.8483060Z Unpacking liblrdf0:amd64 (0.6.1-4build1) ...
verify	Run npx playwright install --with-deps chromium firefox webkit	2026-10-09T09:40:59.8620091Z Selecting previously unselected package libltc11:amd64.
verify	Run npx playwright install --with-deps chromium firefox webkit	2026-10-09T09:40:59.8707543Z Preparing to unpack .../146-libltc11_1.3.2-1build1_amd64.deb ...
verify	Run npx playwright install --with-deps chromium firefox webkit	2026-10-09T09:40:59.8714108Z Unpacking libltc11:amd64 (1.3.2-1build1) ...
verify	Run npx playwright install --with-deps chromium firefox webkit	2026-10-09T09:40:59.8849532Z Selecting previously unselected package libmanette-0.2-0:amd64.
verify	Run npx playwright install --with-deps chromium firefox webkit	2026-10-09T09:40:59.8936945Z Preparing to unpack .../147-libmanette-0.2-0_0.2.7-1build2_amd64.deb ...
verify	Run npx playwright install --with-deps chromium firefox webkit	2026-10-09T09:40:59.8943125Z Unpacking libmanette-0.2-0:amd64 (0.2.7-1build2) ...
verify	Run npx playwright install --with-deps chromium firefox webkit	2026-10-09T09:40:59.9086851Z Selecting previously unselected package libmfx1:amd64.
verify	Run npx playwright install --with-deps chromium firefox webkit	2026-10-09T09:40:59.9173643Z Preparing to unpack .../148-libmfx1_22.5.4-1_amd64.deb ...
verify	Run npx playwright install --with-deps chromium firefox webkit	2026-10-09T09:40:59.9180723Z Unpacking libmfx1:amd64 (22.5.4-1) ...
verify	Run npx playwright install --with-deps chromium firefox webkit	2026-10-09T09:41:00.0745758Z Selecting previously unselected package libmjpegutils-2.1-0t64:amd64.
verify	Run npx playwright install --with-deps chromium firefox webkit	2026-10-09T09:41:00.0833730Z Preparing to unpack .../149-libmjpegutils-2.1-0t64_1%3a2.1.0+debian-8.1build1_amd64.deb ...
verify	Run npx playwright install --with-deps chromium firefox webkit	2026-10-09T09:41:00.0843366Z Unpacking libmjpegutils-2.1-0t64:amd64 (1:2.1.0+debian-8.1build1) ...
verify	Run npx playwright install --with-deps chromium firefox webkit	2026-10-09T09:41:00.0986995Z Selecting previously unselected package libmodplug1:amd64.
verify	Run npx playwright install --with-deps chromium firefox webkit	2026-10-09T09:41:00.1074408Z Preparing to unpack .../150-libmodplug1_1%3a0.8.9.0-3build1_amd64.deb ...
verify	Run npx playwright install --with-deps chromium firefox webkit	2026-10-09T09:41:00.1083461Z Unpacking libmodplug1:amd64 (1:0.8.9.0-3build1) ...
verify	Run npx playwright install --with-deps chromium firefox webkit	2026-10-09T09:41:00.1237508Z Selecting previously unselected package libmpcdec6:amd64.
verify	Run npx playwright install --with-deps chromium firefox webkit	2026-10-09T09:41:00.1324046Z Preparing to unpack .../151-libmpcdec6_2%3a0.1~r495-2build1_amd64.deb ...
verify	Run npx playwright install --with-deps chromium firefox webkit	2026-10-09T09:41:00.1332887Z Unpacking libmpcdec6:amd64 (2:0.1~r495-2build1) ...
verify	Run npx playwright install --with-deps chromium firefox webkit	2026-10-09T09:41:00.1473701Z Selecting previously unselected package libmpeg2encpp-2.1-0t64:amd64.
verify	Run npx playwright install --with-deps chromium firefox webkit	2026-10-09T09:41:00.1569753Z Preparing to unpack .../152-libmpeg2encpp-2.1-0t64_1%3a2.1.0+debian-8.1build1_amd64.deb ...
verify	Run npx playwright install --with-deps chromium firefox webkit	2026-10-09T09:41:00.1578259Z Unpacking libmpeg2encpp-2.1-0t64:amd64 (1:2.1.0+debian-8.1build1) ...
verify	Run npx playwright install --with-deps chromium firefox webkit	2026-10-09T09:41:00.1719673Z Selecting previously unselected package libmplex2-2.1-0t64:amd64.
verify	Run npx playwright install --with-deps chromium firefox webkit	2026-10-09T09:41:00.1807584Z Preparing to unpack .../153-libmplex2-2.1-0t64_1%3a2.1.0+debian-8.1build1_amd64.deb ...
verify	Run npx playwright install --with-deps chromium firefox webkit	2026-10-09T09:41:00.1813896Z Unpacking libmplex2-2.1-0t64:amd64 (1:2.1.0+debian-8.1build1) ...
verify	Run npx playwright install --with-deps chromium firefox webkit	2026-10-09T09:41:00.1957600Z Selecting previously unselected package libneon27t64:amd64.
verify	Run npx playwright install --with-deps chromium firefox webkit	2026-10-09T09:41:00.2044307Z Preparing to unpack .../154-libneon27t64_0.33.0-1.1build3_amd64.deb ...
verify	Run npx playwright install --with-deps chromium firefox webkit	2026-10-09T09:41:00.2051325Z Unpacking libneon27t64:amd64 (0.33.0-1.1build3) ...
verify	Run npx playwright install --with-deps chromium firefox webkit	2026-10-09T09:41:00.2197978Z Selecting previously unselected package libnice10:amd64.
verify	Run npx playwright install --with-deps chromium firefox webkit	2026-10-09T09:41:00.2284515Z Preparing to unpack .../155-libnice10_0.1.21-2build3_amd64.deb ...
verify	Run npx playwright install --with-deps chromium firefox webkit	2026-10-09T09:41:00.2291574Z Unpacking libnice10:amd64 (0.1.21-2build3) ...
verify	Run npx playwright install --with-deps chromium firefox webkit	2026-10-09T09:41:00.2440398Z Selecting previously unselected package libopenal-data.
verify	Run npx playwright install --with-deps chromium firefox webkit	2026-10-09T09:41:00.2528206Z Preparing to unpack .../156-libopenal-data_1%3a1.23.1-4build1_all.deb ...
verify	Run npx playwright install --with-deps chromium firefox webkit	2026-10-09T09:41:00.2534947Z Unpacking libopenal-data (1:1.23.1-4build1) ...
verify	Run npx playwright install --with-deps chromium firefox webkit	2026-10-09T09:41:00.2681084Z Selecting previously unselected package libopenexr-3-1-30:amd64.
verify	Run npx playwright install --with-deps chromium firefox webkit	2026-10-09T09:41:00.2768269Z Preparing to unpack .../157-libopenexr-3-1-30_3.1.5-5.1build3_amd64.deb ...
verify	Run npx playwright install --with-deps chromium firefox webkit	2026-10-09T09:41:00.2774297Z Unpacking libopenexr-3-1-30:amd64 (3.1.5-5.1build3) ...
verify	Run npx playwright install --with-deps chromium firefox webkit	2026-10-09T09:41:00.3133188Z Selecting previously unselected package libopenh264-7:amd64.
verify	Run npx playwright install --with-deps chromium firefox webkit	2026-10-09T09:41:00.3221386Z Preparing to unpack .../158-libopenh264-7_2.4.1+dfsg-1_amd64.deb ...
verify	Run npx playwright install --with-deps chromium firefox webkit	2026-10-09T09:41:00.3228249Z Unpacking libopenh264-7:amd64 (2.4.1+dfsg-1) ...
verify	Run npx playwright install --with-deps chromium firefox webkit	2026-10-09T09:41:00.3414185Z Selecting previously unselected package libopenni2-0:amd64.
verify	Run npx playwright install --with-deps chromium firefox webkit	2026-10-09T09:41:00.3500579Z Preparing to unpack .../159-libopenni2-0_2.2.0.33+dfsg-18_amd64.deb ...
verify	Run npx playwright install --with-deps chromium firefox webkit	2026-10-09T09:41:00.3522004Z Unpacking libopenni2-0:amd64 (2.2.0.33+dfsg-18) ...
verify	Run npx playwright install --with-deps chromium firefox webkit	2026-10-09T09:41:00.8007654Z Selecting previously unselected package libqrencode4:amd64.
verify	Run npx playwright install --with-deps chromium firefox webkit	2026-10-09T09:41:00.8101200Z Preparing to unpack .../160-libqrencode4_4.1.1-1build2_amd64.deb ...
verify	Run npx playwright install --with-deps chromium firefox webkit	2026-10-09T09:41:00.8111957Z Unpacking libqrencode4:amd64 (4.1.1-1build2) ...
verify	Run npx playwright install --with-deps chromium firefox webkit	2026-10-09T09:41:00.8635835Z Selecting previously unselected package libsecret-common.
verify	Run npx playwright install --with-deps chromium firefox webkit	2026-10-09T09:41:00.8732669Z Preparing to unpack .../161-libsecret-common_0.21.4-1build3_all.deb ...
verify	Run npx playwright install --with-deps chromium firefox webkit	2026-10-09T09:41:00.8742967Z Unpacking libsecret-common (0.21.4-1build3) ...
verify	Run npx playwright install --with-deps chromium firefox webkit	2026-10-09T09:41:00.8883494Z Selecting previously unselected package libsecret-1-0:amd64.
verify	Run npx playwright install --with-deps chromium firefox webkit	2026-10-09T09:41:00.8977949Z Preparing to unpack .../162-libsecret-1-0_0.21.4-1build3_amd64.deb ...
verify	Run npx playwright install --with-deps chromium firefox webkit	2026-10-09T09:41:00.8991491Z Unpacking libsecret-1-0:amd64 (0.21.4-1build3) ...
verify	Run npx playwright install --with-deps chromium firefox webkit	2026-10-09T09:41:00.9162709Z Selecting previously unselected package libsndio7.0:amd64.
verify	Run npx playwright install --with-deps chromium firefox webkit	2026-10-09T09:41:00.9257294Z Preparing to unpack .../163-libsndio7.0_1.9.0-0.3build3_amd64.deb ...
verify	Run npx playwright install --with-deps chromium firefox webkit	2026-10-09T09:41:00.9268013Z Unpacking libsndio7.0:amd64 (1.9.0-0.3build3) ...
verify	Run npx playwright install --with-deps chromium firefox webkit	2026-10-09T09:41:00.9409424Z Selecting previously unselected package libsoundtouch1:amd64.
verify	Run npx playwright install --with-deps chromium firefox webkit	2026-10-09T09:41:00.9496605Z Preparing to unpack .../164-libsoundtouch1_2.3.2+ds1-1build1_amd64.deb ...
verify	Run npx playwright install --with-deps chromium firefox webkit	2026-10-09T09:41:00.9506715Z Unpacking libsoundtouch1:amd64 (2.3.2+ds1-1build1) ...
verify	Run npx playwright install --with-deps chromium firefox webkit	2026-10-09T09:41:00.9650430Z Selecting previously unselected package libspandsp2t64:amd64.
verify	Run npx playwright install --with-deps chromium firefox webkit	2026-10-09T09:41:00.9739103Z Preparing to unpack .../165-libspandsp2t64_0.0.6+dfsg-2.1build1_amd64.deb ...
verify	Run npx playwright install --with-deps chromium firefox webkit	2026-10-09T09:41:00.9751229Z Unpacking libspandsp2t64:amd64 (0.0.6+dfsg-2.1build1) ...
verify	Run npx playwright install --with-deps chromium firefox webkit	2026-10-09T09:41:00.9921484Z Selecting previously unselected package libsrtp2-1:amd64.
verify	Run npx playwright install --with-deps chromium firefox webkit	2026-10-09T09:41:01.0011674Z Preparing to unpack .../166-libsrtp2-1_2.5.0-3build1_amd64.deb ...
verify	Run npx playwright install --with-deps chromium firefox webkit	2026-10-09T09:41:01.0018399Z Unpacking libsrtp2-1:amd64 (2.5.0-3build1) ...
verify	Run npx playwright install --with-deps chromium firefox webkit	2026-10-09T09:41:01.0158719Z Selecting previously unselected package libwayland-server0:amd64.
verify	Run npx playwright install --with-deps chromium firefox webkit	2026-10-09T09:41:01.0245604Z Preparing to unpack .../167-libwayland-server0_1.22.0-2.1build1_amd64.deb ...
verify	Run npx playwright install --with-deps chromium firefox webkit	2026-10-09T09:41:01.0254948Z Unpacking libwayland-server0:amd64 (1.22.0-2.1build1) ...
verify	Run npx playwright install --with-deps chromium firefox webkit	2026-10-09T09:41:01.0407706Z Selecting previously unselected package libwildmidi2:amd64.
verify	Run npx playwright install --with-deps chromium firefox webkit	2026-10-09T09:41:01.0508411Z Preparing to unpack .../168-libwildmidi2_0.4.3-1build3_amd64.deb ...
verify	Run npx playwright install --with-deps chromium firefox webkit	2026-10-09T09:41:01.0517949Z Unpacking libwildmidi2:amd64 (0.4.3-1build3) ...
verify	Run npx playwright install --with-deps chromium firefox webkit	2026-10-09T09:41:01.0672792Z Selecting previously unselected package libwoff1:amd64.
verify	Run npx playwright install --with-deps chromium firefox webkit	2026-10-09T09:41:01.0760595Z Preparing to unpack .../169-libwoff1_1.0.2-2build1_amd64.deb ...
verify	Run npx playwright install --with-deps chromium firefox webkit	2026-10-09T09:41:01.0774315Z Unpacking libwoff1:amd64 (1.0.2-2build1) ...
verify	Run npx playwright install --with-deps chromium firefox webkit	2026-10-09T09:41:01.0933320Z Selecting previously unselected package libxcb-xkb1:amd64.
verify	Run npx playwright install --with-deps chromium firefox webkit	2026-10-09T09:41:01.1029643Z Preparing to unpack .../170-libxcb-xkb1_1.15-1ubuntu2_amd64.deb ...
verify	Run npx playwright install --with-deps chromium firefox webkit	2026-10-09T09:41:01.1040006Z Unpacking libxcb-xkb1:amd64 (1.15-1ubuntu2) ...
verify	Run npx playwright install --with-deps chromium firefox webkit	2026-10-09T09:41:01.1241325Z Selecting previously unselected package libxkbcommon-x11-0:amd64.
verify	Run npx playwright install --with-deps chromium firefox webkit	2026-10-09T09:41:01.1330485Z Preparing to unpack .../171-libxkbcommon-x11-0_1.6.0-1build1_amd64.deb ...
verify	Run npx playwright install --with-deps chromium firefox webkit	2026-10-09T09:41:01.1338608Z Unpacking libxkbcommon-x11-0:amd64 (1.6.0-1build1) ...
verify	Run npx playwright install --with-deps chromium firefox webkit	2026-10-09T09:41:01.1484398Z Selecting previously unselected package libzbar0t64:amd64.
verify	Run npx playwright install --with-deps chromium firefox webkit	2026-10-09T09:41:01.1574482Z Preparing to unpack .../172-libzbar0t64_0.23.93-4build3_amd64.deb ...
verify	Run npx playwright install --with-deps chromium firefox webkit	2026-10-09T09:41:01.1583171Z Unpacking libzbar0t64:amd64 (0.23.93-4build3) ...
verify	Run npx playwright install --with-deps chromium firefox webkit	2026-10-09T09:41:01.1745795Z Selecting previously unselected package libzxing3:amd64.
verify	Run npx playwright install --with-deps chromium firefox webkit	2026-10-09T09:41:01.1847939Z Preparing to unpack .../173-libzxing3_2.2.1-3_amd64.deb ...
verify	Run npx playwright install --with-deps chromium firefox webkit	2026-10-09T09:41:01.1859767Z Unpacking libzxing3:amd64 (2.2.1-3) ...
verify	Run npx playwright install --with-deps chromium firefox webkit	2026-10-09T09:41:01.2051699Z Selecting previously unselected package xfonts-encodings.
verify	Run npx playwright install --with-deps chromium firefox webkit	2026-10-09T09:41:01.2139953Z Preparing to unpack .../174-xfonts-encodings_1%3a1.0.5-0ubuntu2_all.deb ...
verify	Run npx playwright install --with-deps chromium firefox webkit	2026-10-09T09:41:01.2148574Z Unpacking xfonts-encodings (1:1.0.5-0ubuntu2) ...
verify	Run npx playwright install --with-deps chromium firefox webkit	2026-10-09T09:41:01.2330265Z Selecting previously unselected package xfonts-utils.
verify	Run npx playwright install --with-deps chromium firefox webkit	2026-10-09T09:41:01.2419031Z Preparing to unpack .../175-xfonts-utils_1%3a7.7+6build3_amd64.deb ...
verify	Run npx playwright install --with-deps chromium firefox webkit	2026-10-09T09:41:01.2425221Z Unpacking xfonts-utils (1:7.7+6build3) ...
verify	Run npx playwright install --with-deps chromium firefox webkit	2026-10-09T09:41:01.2910728Z Selecting previously unselected package xfonts-cyrillic.
verify	Run npx playwright install --with-deps chromium firefox webkit	2026-10-09T09:41:01.3002456Z Preparing to unpack .../176-xfonts-cyrillic_1%3a1.0.5+nmu1_all.deb ...
verify	Run npx playwright install --with-deps chromium firefox webkit	2026-10-09T09:41:01.3013533Z Unpacking xfonts-cyrillic (1:1.0.5+nmu1) ...
verify	Run npx playwright install --with-deps chromium firefox webkit	2026-10-09T09:41:01.3206674Z Selecting previously unselected package xfonts-scalable.
verify	Run npx playwright install --with-deps chromium firefox webkit	2026-10-09T09:41:01.3293836Z Preparing to unpack .../177-xfonts-scalable_1%3a1.0.3-1.3_all.deb ...
verify	Run npx playwright install --with-deps chromium firefox webkit	2026-10-09T09:41:01.3300363Z Unpacking xfonts-scalable (1:1.0.3-1.3) ...
verify	Run npx playwright install --with-deps chromium firefox webkit	2026-10-09T09:41:01.3454808Z Selecting previously unselected package libgstreamer-plugins-bad1.0-0:amd64.
verify	Run npx playwright install --with-deps chromium firefox webkit	2026-10-09T09:41:01.3541911Z Preparing to unpack .../178-libgstreamer-plugins-bad1.0-0_1.24.2-1ubuntu4_amd64.deb ...
verify	Run npx playwright install --with-deps chromium firefox webkit	2026-10-09T09:41:01.3548626Z Unpacking libgstreamer-plugins-bad1.0-0:amd64 (1.24.2-1ubuntu4) ...
verify	Run npx playwright install --with-deps chromium firefox webkit	2026-10-09T09:41:01.3837874Z Selecting previously unselected package libdca0:amd64.
verify	Run npx playwright install --with-deps chromium firefox webkit	2026-10-09T09:41:01.3927294Z Preparing to unpack .../179-libdca0_0.0.7-2build1_amd64.deb ...
verify	Run npx playwright install --with-deps chromium firefox webkit	2026-10-09T09:41:01.3938911Z Unpacking libdca0:amd64 (0.0.7-2build1) ...
verify	Run npx playwright install --with-deps chromium firefox webkit	2026-10-09T09:41:01.4086192Z Selecting previously unselected package libopenal1:amd64.
verify	Run npx playwright install --with-deps chromium firefox webkit	2026-10-09T09:41:01.4173656Z Preparing to unpack .../180-libopenal1_1%3a1.23.1-4build1_amd64.deb ...
verify	Run npx playwright install --with-deps chromium firefox webkit	2026-10-09T09:41:01.4185114Z Unpacking libopenal1:amd64 (1:1.23.1-4build1) ...
verify	Run npx playwright install --with-deps chromium firefox webkit	2026-10-09T09:41:01.4361652Z Selecting previously unselected package libsbc1:amd64.
verify	Run npx playwright install --with-deps chromium firefox webkit	2026-10-09T09:41:01.4449898Z Preparing to unpack .../181-libsbc1_2.0-1build1_amd64.deb ...
verify	Run npx playwright install --with-deps chromium firefox webkit	2026-10-09T09:41:01.4461596Z Unpacking libsbc1:amd64 (2.0-1build1) ...
verify	Run npx playwright install --with-deps chromium firefox webkit	2026-10-09T09:41:01.4600917Z Selecting previously unselected package libvo-aacenc0:amd64.
verify	Run npx playwright install --with-deps chromium firefox webkit	2026-10-09T09:41:01.4688395Z Preparing to unpack .../182-libvo-aacenc0_0.1.3-2build1_amd64.deb ...
verify	Run npx playwright install --with-deps chromium firefox webkit	2026-10-09T09:41:01.4702742Z Unpacking libvo-aacenc0:amd64 (0.1.3-2build1) ...
verify	Run npx playwright install --with-deps chromium firefox webkit	2026-10-09T09:41:01.4838487Z Selecting previously unselected package libvo-amrwbenc0:amd64.
verify	Run npx playwright install --with-deps chromium firefox webkit	2026-10-09T09:41:01.4926087Z Preparing to unpack .../183-libvo-amrwbenc0_0.1.3-2build1_amd64.deb ...
verify	Run npx playwright install --with-deps chromium firefox webkit	2026-10-09T09:41:01.4932029Z Unpacking libvo-amrwbenc0:amd64 (0.1.3-2build1) ...
verify	Run npx playwright install --with-deps chromium firefox webkit	2026-10-09T09:41:01.5065659Z Selecting previously unselected package gstreamer1.0-plugins-bad:amd64.
verify	Run npx playwright install --with-deps chromium firefox webkit	2026-10-09T09:41:01.5153249Z Preparing to unpack .../184-gstreamer1.0-plugins-bad_1.24.2-1ubuntu4_amd64.deb ...
verify	Run npx playwright install --with-deps chromium firefox webkit	2026-10-09T09:41:01.5162331Z Unpacking gstreamer1.0-plugins-bad:amd64 (1.24.2-1ubuntu4) ...
verify	Run npx playwright install --with-deps chromium firefox webkit	2026-10-09T09:41:01.6957938Z Setting up libgme0:amd64 (0.6.3-7build1) ...
verify	Run npx playwright install --with-deps chromium firefox webkit	2026-10-09T09:41:01.6986091Z Setting up libchromaprint1:amd64 (1.5.1-5) ...
verify	Run npx playwright install --with-deps chromium firefox webkit	2026-10-09T09:41:01.7004909Z Setting up libssh-gcrypt-4:amd64 (0.10.6-2ubuntu0.5) ...
verify	Run npx playwright install --with-deps chromium firefox webkit	2026-10-09T09:41:01.7021260Z Setting up libhwy1t64:amd64 (1.0.7-8.1build1) ...
verify	Run npx playwright install --with-deps chromium firefox webkit	2026-10-09T09:41:01.7037698Z Setting up libfreeaptx0:amd64 (0.1.1-2build1) ...
verify	Run npx playwright install --with-deps chromium firefox webkit	2026-10-09T09:41:01.7058698Z Setting up libdvdread8t64:amd64 (6.1.3-1.1build1) ...
verify	Run npx playwright install --with-deps chromium firefox webkit	2026-10-09T09:41:01.7073557Z Setting up libudfread0:amd64 (1.1.2-1build1) ...
verify	Run npx playwright install --with-deps chromium firefox webkit	2026-10-09T09:41:01.7092201Z Setting up libmodplug1:amd64 (1:0.8.9.0-3build1) ...
verify	Run npx playwright install --with-deps chromium firefox webkit	2026-10-09T09:41:01.7111365Z Setting up libcdparanoia0:amd64 (3.10.2+debian-14build3) ...
verify	Run npx playwright install --with-deps chromium firefox webkit	2026-10-09T09:41:01.7129178Z Setting up libwayland-server0:amd64 (1.22.0-2.1build1) ...
verify	Run npx playwright install --with-deps chromium firefox webkit	2026-10-09T09:41:01.7149033Z Setting up libvo-amrwbenc0:amd64 (0.1.3-2build1) ...
verify	Run npx playwright install --with-deps chromium firefox webkit	2026-10-09T09:41:01.7165973Z Setting up session-migration (0.3.9build1) ...
verify	Run npx playwright install --with-deps chromium firefox webkit	2026-10-09T09:41:01.8046826Z Created symlink /etc/systemd/user/graphical-session-pre.target.wants/session-migration.service → /usr/lib/systemd/user/session-migration.service.
verify	Run npx playwright install --with-deps chromium firefox webkit	2026-10-09T09:41:01.8047659Z 
verify	Run npx playwright install --with-deps chromium firefox webkit	2026-10-09T09:41:01.8069698Z Setting up libraw1394-11:amd64 (2.1.2-2build3) ...
verify	Run npx playwright install --with-deps chromium firefox webkit	2026-10-09T09:41:01.8087739Z Setting up libsbc1:amd64 (2.0-1build1) ...
verify	Run npx playwright install --with-deps chromium firefox webkit	2026-10-09T09:41:01.8107802Z Setting up libproxy1v5:amd64 (0.5.4-4build1) ...
verify	Run npx playwright install --with-deps chromium firefox webkit	2026-10-09T09:41:01.8124055Z Setting up libtag1v5-vanilla:amd64 (1.13.1-1build1) ...
verify	Run npx playwright install --with-deps chromium firefox webkit	2026-10-09T09:41:01.8146152Z Setting up libharfbuzz-icu0:amd64 (8.3.0-2build2) ...
verify	Run npx playwright install --with-deps chromium firefox webkit	2026-10-09T09:41:01.8161688Z Setting up libopenni2-0:amd64 (2.2.0.33+dfsg-18) ...
verify	Run npx playwright install --with-deps chromium firefox webkit	2026-10-09T09:41:01.8373872Z Setting up libspeex1:amd64 (1.2.1-2ubuntu2.24.04.1) ...
verify	Run npx playwright install --with-deps chromium firefox webkit	2026-10-09T09:41:01.8389310Z Setting up libshine3:amd64 (3.1.1-2build1) ...
verify	Run npx playwright install --with-deps chromium firefox webkit	2026-10-09T09:41:01.8407682Z Setting up libcaca0:amd64 (0.99.beta20-4ubuntu0.2) ...
verify	Run npx playwright install --with-deps chromium firefox webkit	2026-10-09T09:41:01.8425680Z Setting up libvpl2 (2023.3.0-1build1) ...
verify	Run npx playwright install --with-deps chromium firefox webkit	2026-10-09T09:41:01.8440108Z Setting up libv4lconvert0t64:amd64 (1.26.1-4build3) ...
verify	Run npx playwright install --with-deps chromium firefox webkit	2026-10-09T09:41:01.8458441Z Setting up libx264-164:amd64 (2:0.164.3108+git31e19f9-1) ...
verify	Run npx playwright install --with-deps chromium firefox webkit	2026-10-09T09:41:01.8474311Z Setting up libtwolame0:amd64 (0.4.0-2build3) ...
verify	Run npx playwright install --with-deps chromium firefox webkit	2026-10-09T09:41:01.8491877Z Setting up libmbedcrypto7t64:amd64 (2.28.8-1) ...
verify	Run npx playwright install --with-deps chromium firefox webkit	2026-10-09T09:41:01.8507431Z Setting up libwoff1:amd64 (1.0.2-2build1) ...
verify	Run npx playwright install --with-deps chromium firefox webkit	2026-10-09T09:41:01.8525418Z Setting up liblc3-1:amd64 (1.0.4-3build1) ...
verify	Run npx playwright install --with-deps chromium firefox webkit	2026-10-09T09:41:01.8551130Z Setting up libqrencode4:amd64 (4.1.1-1build2) ...
verify	Run npx playwright install --with-deps chromium firefox webkit	2026-10-09T09:41:01.8567342Z Setting up libhyphen0:amd64 (2.8.8-7build3) ...
verify	Run npx playwright install --with-deps chromium firefox webkit	2026-10-09T09:41:01.8584129Z Setting up libgsm1:amd64 (1.0.22-1build1) ...
verify	Run npx playwright install --with-deps chromium firefox webkit	2026-10-09T09:41:01.8600807Z Setting up libvisual-0.4-0:amd64 (0.4.2-2build1) ...
verify	Run npx playwright install --with-deps chromium firefox webkit	2026-10-09T09:41:01.8619088Z Setting up libsoxr0:amd64 (0.1.3-4build3) ...
verify	Run npx playwright install --with-deps chromium firefox webkit	2026-10-09T09:41:01.8759934Z Setting up libzix-0-0:amd64 (0.4.2-2build1) ...
verify	Run npx playwright install --with-deps chromium firefox webkit	2026-10-09T09:41:01.8760599Z Setting up libcodec2-1.2:amd64 (1.2.0-2build1) ...
verify	Run npx playwright install --with-deps chromium firefox webkit	2026-10-09T09:41:01.8761032Z Setting up libmanette-0.2-0:amd64 (0.2.7-1build2) ...
verify	Run npx playwright install --with-deps chromium firefox webkit	2026-10-09T09:41:01.8761576Z Setting up libsrtp2-1:amd64 (2.5.0-3build1) ...
verify	Run npx playwright install --with-deps chromium firefox webkit	2026-10-09T09:41:01.8762094Z Setting up libmysofa1:amd64 (1.3.2+dfsg-2ubuntu2) ...
verify	Run npx playwright install --with-deps chromium firefox webkit	2026-10-09T09:41:01.8762599Z Setting up libldacbt-enc2:amd64 (2.0.2.3+git20200429+ed310a0-4ubuntu2) ...
verify	Run npx playwright install --with-deps chromium firefox webkit	2026-10-09T09:41:01.8762982Z Setting up fonts-wqy-zenhei (0.9.45-8) ...
verify	Run npx playwright install --with-deps chromium firefox webkit	2026-10-09T09:41:01.8846358Z Setting up libwebrtc-audio-processing1:amd64 (0.3.1-0ubuntu6) ...
verify	Run npx playwright install --with-deps chromium firefox webkit	2026-10-09T09:41:01.8866834Z Setting up fonts-freefont-ttf (20211204+svn4273-2) ...
verify	Run npx playwright install --with-deps chromium firefox webkit	2026-10-09T09:41:01.8888382Z Setting up libevent-2.1-7t64:amd64 (2.1.12-stable-9ubuntu2.2) ...
verify	Run npx playwright install --with-deps chromium firefox webkit	2026-10-09T09:41:01.8903563Z Setting up libsvtav1enc1d1:amd64 (1.7.0+dfsg-2build1) ...
verify	Run npx playwright install --with-deps chromium firefox webkit	2026-10-09T09:41:01.8923418Z Setting up libsoup-3.0-common (3.4.4-5ubuntu0.9) ...
verify	Run npx playwright install --with-deps chromium firefox webkit	2026-10-09T09:41:01.8940760Z Setting up libmpg123-0t64:amd64 (1.32.5-1ubuntu1.1) ...
verify	Run npx playwright install --with-deps chromium firefox webkit	2026-10-09T09:41:01.8956798Z Setting up libcjson1:amd64 (1.7.17-1) ...
verify	Run npx playwright install --with-deps chromium firefox webkit	2026-10-09T09:41:01.8976223Z Setting up libxvidcore4:amd64 (2:1.3.7-1build1) ...
verify	Run npx playwright install --with-deps chromium firefox webkit	2026-10-09T09:41:01.8992805Z Setting up libmpcdec6:amd64 (2:0.1~r495-2build1) ...
verify	Run npx playwright install --with-deps chromium firefox webkit	2026-10-09T09:41:01.9011063Z Setting up libmjpegutils-2.1-0t64:amd64 (1:2.1.0+debian-8.1build1) ...
verify	Run npx playwright install --with-deps chromium firefox webkit	2026-10-09T09:41:01.9029958Z Setting up librav1e0:amd64 (0.7.1-2) ...
verify	Run npx playwright install --with-deps chromium firefox webkit	2026-10-09T09:41:01.9046957Z Setting up liborc-0.4-0t64:amd64 (1:0.4.38-1ubuntu0.1) ...
verify	Run npx playwright install --with-deps chromium firefox webkit	2026-10-09T09:41:01.9063996Z Setting up libxcb-xkb1:amd64 (1.15-1ubuntu2) ...
verify	Run npx playwright install --with-deps chromium firefox webkit	2026-10-09T09:41:01.9080235Z Setting up libvo-aacenc0:amd64 (0.1.3-2build1) ...
verify	Run npx playwright install --with-deps chromium firefox webkit	2026-10-09T09:41:01.9097610Z Setting up librist4:amd64 (0.2.10+dfsg-2) ...
verify	Run npx playwright install --with-deps chromium firefox webkit	2026-10-09T09:41:01.9115404Z Setting up libblas3:amd64 (3.12.0-3build1.1) ...
verify	Run npx playwright install --with-deps chromium firefox webkit	2026-10-09T09:41:01.9159147Z update-alternatives: using /usr/lib/x86_64-linux-gnu/blas/libblas.so.3 to provide /usr/lib/x86_64-linux-gnu/libblas.so.3 (libblas.so.3-x86_64-linux-gnu) in auto mode
verify	Run npx playwright install --with-deps chromium firefox webkit	2026-10-09T09:41:01.9174086Z Setting up libegl-mesa0:amd64 (25.2.8-0ubuntu0.24.04.4) ...
verify	Run npx playwright install --with-deps chromium firefox webkit	2026-10-09T09:41:01.9190969Z Setting up libsoundtouch1:amd64 (2.3.2+ds1-1build1) ...
verify	Run npx playwright install --with-deps chromium firefox webkit	2026-10-09T09:41:01.9209573Z Setting up libplacebo338:amd64 (6.338.2-2build1) ...
verify	Run npx playwright install --with-deps chromium firefox webkit	2026-10-09T09:41:01.9227787Z Setting up libgles2:amd64 (1.7.0-1build1) ...
verify	Run npx playwright install --with-deps chromium firefox webkit	2026-10-09T09:41:01.9245306Z Setting up fonts-tlwg-loma-otf (1:0.7.3-1) ...
verify	Run npx playwright install --with-deps chromium firefox webkit	2026-10-09T09:41:01.9263935Z Setting up libva2:amd64 (2.20.0-2ubuntu0.2) ...
verify	Run npx playwright install --with-deps chromium firefox webkit	2026-10-09T09:41:01.9280922Z Setting up libspa-0.2-modules:amd64 (1.0.5-1ubuntu3.3) ...
verify	Run npx playwright install --with-deps chromium firefox webkit	2026-10-09T09:41:01.9300409Z Setting up libzxing3:amd64 (2.2.1-3) ...
verify	Run npx playwright install --with-deps chromium firefox webkit	2026-10-09T09:41:01.9316421Z Setting up xfonts-encodings (1:1.0.5-0ubuntu2) ...
verify	Run npx playwright install --with-deps chromium firefox webkit	2026-10-09T09:41:01.9331884Z Setting up libopus0:amd64 (1.4-1build1) ...
verify	Run npx playwright install --with-deps chromium firefox webkit	2026-10-09T09:41:01.9350237Z Setting up libfaad2:amd64 (2.11.1-1build1) ...
verify	Run npx playwright install --with-deps chromium firefox webkit	2026-10-09T09:41:01.9366040Z Setting up libxkbcommon-x11-0:amd64 (1.6.0-1build1) ...
verify	Run npx playwright install --with-deps chromium firefox webkit	2026-10-09T09:41:01.9383816Z Setting up libdc1394-25:amd64 (2.2.6-4build1) ...
verify	Run npx playwright install --with-deps chromium firefox webkit	2026-10-09T09:41:01.9403256Z Setting up libpng16-16t64:amd64 (1.6.43-5ubuntu0.7) ...
verify	Run npx playwright install --with-deps chromium firefox webkit	2026-10-09T09:41:01.9424434Z Setting up libimath-3-1-29t64:amd64 (3.1.9-3.1ubuntu2) ...
verify	Run npx playwright install --with-deps chromium firefox webkit	2026-10-09T09:41:01.9444163Z Setting up libunibreak5:amd64 (5.1-2build1) ...
verify	Run npx playwright install --with-deps chromium firefox webkit	2026-10-09T09:41:01.9460999Z Setting up libdv4t64:amd64 (1.0.0-17.1build1) ...
verify	Run npx playwright install --with-deps chromium firefox webkit	2026-10-09T09:41:01.9480574Z Setting up libjxl0.7:amd64 (0.7.0-10.2ubuntu6.1) ...
verify	Run npx playwright install --with-deps chromium firefox webkit	2026-10-09T09:41:01.9496875Z Setting up libopenh264-7:amd64 (2.4.1+dfsg-1) ...
verify	Run npx playwright install --with-deps chromium firefox webkit	2026-10-09T09:41:01.9515826Z Setting up libltc11:amd64 (1.3.2-1build1) ...
verify	Run npx playwright install --with-deps chromium firefox webkit	2026-10-09T09:41:01.9531834Z Setting up libx265-199:amd64 (3.5-2build1) ...
verify	Run npx playwright install --with-deps chromium firefox webkit	2026-10-09T09:41:01.9548965Z Setting up libv4l-0t64:amd64 (1.26.1-4build3) ...
verify	Run npx playwright install --with-deps chromium firefox webkit	2026-10-09T09:41:01.9568517Z Setting up libavtp0:amd64 (0.2.0-1build1) ...
verify	Run npx playwright install --with-deps chromium firefox webkit	2026-10-09T09:41:01.9587219Z Setting up libsndio7.0:amd64 (1.9.0-0.3build3) ...
verify	Run npx playwright install --with-deps chromium firefox webkit	2026-10-09T09:41:01.9606080Z Setting up libdirectfb-1.7-7t64:amd64 (1.7.7-11.1ubuntu2) ...
verify	Run npx playwright install --with-deps chromium firefox webkit	2026-10-09T09:41:01.9624097Z Setting up libspandsp2t64:amd64 (0.0.6+dfsg-2.1build1) ...
verify	Run npx playwright install --with-deps chromium firefox webkit	2026-10-09T09:41:01.9642999Z Setting up libvidstab1.1:amd64 (1.1.0-2build1) ...
verify	Run npx playwright install --with-deps chromium firefox webkit	2026-10-09T09:41:02.0009256Z Setting up libvpx9:amd64 (1.14.0-1ubuntu2.3) ...
verify	Run npx playwright install --with-deps chromium firefox webkit	2026-10-09T09:41:02.0029116Z Setting up libsrt1.5-gnutls:amd64 (1.5.3-1build2) ...
verify	Run npx playwright install --with-deps chromium firefox webkit	2026-10-09T09:41:02.0048075Z Setting up libtag1v5:amd64 (1.13.1-1build1) ...
verify	Run npx playwright install --with-deps chromium firefox webkit	2026-10-09T09:41:02.0069837Z Setting up libflite1:amd64 (2.2-6build3) ...
verify	Run npx playwright install --with-deps chromium firefox webkit	2026-10-09T09:41:02.0088596Z Setting up libdav1d7:amd64 (1.4.1-1build1) ...
verify	Run npx playwright install --with-deps chromium firefox webkit	2026-10-09T09:41:02.0106758Z Setting up libva-drm2:amd64 (2.20.0-2ubuntu0.2) ...
verify	Run npx playwright install --with-deps chromium firefox webkit	2026-10-09T09:41:02.0128399Z Setting up fonts-ipafont-gothic (00303-21ubuntu1) ...
verify	Run npx playwright install --with-deps chromium firefox webkit	2026-10-09T09:41:02.0177579Z update-alternatives: using /usr/share/fonts/opentype/ipafont-gothic/ipag.ttf to provide /usr/share/fonts/truetype/fonts-japanese-gothic.ttf (fonts-japanese-gothic.ttf) in auto mode
verify	Run npx playwright install --with-deps chromium firefox webkit	2026-10-09T09:41:02.0192332Z Setting up ocl-icd-libopencl1:amd64 (2.3.2-1build1) ...
verify	Run npx playwright install --with-deps chromium firefox webkit	2026-10-09T09:41:02.0209398Z Setting up libasyncns0:amd64 (0.8-6build4) ...
verify	Run npx playwright install --with-deps chromium firefox webkit	2026-10-09T09:41:02.0225648Z Setting up libwildmidi2:amd64 (0.4.3-1build3) ...
verify	Run npx playwright install --with-deps chromium firefox webkit	2026-10-09T09:41:02.0247390Z Setting up libvdpau1:amd64 (1.5-2build1) ...
verify	Run npx playwright install --with-deps chromium firefox webkit	2026-10-09T09:41:02.0269764Z Setting up libwavpack1:amd64 (5.6.0-1build1) ...
verify	Run npx playwright install --with-deps chromium firefox webkit	2026-10-09T09:41:02.0289126Z Setting up libbs2b0:amd64 (3.1.0+dfsg-7build1) ...
verify	Run npx playwright install --with-deps chromium firefox webkit	2026-10-09T09:41:02.0305978Z Setting up libtheora0:amd64 (1.1.1+dfsg.1-16.1build3) ...
verify	Run npx playwright install --with-deps chromium firefox webkit	2026-10-09T09:41:02.0325806Z Setting up libegl1:amd64 (1.7.0-1build1) ...
verify	Run npx playwright install --with-deps chromium firefox webkit	2026-10-09T09:41:02.0352079Z Setting up libdecor-0-0:amd64 (0.2.2-1build2) ...
verify	Run npx playwright install --with-deps chromium firefox webkit	2026-10-09T09:41:02.0369124Z Setting up libdca0:amd64 (0.0.7-2build1) ...
verify	Run npx playwright install --with-deps chromium firefox webkit	2026-10-09T09:41:02.0389081Z Setting up libzimg2:amd64 (3.0.5+ds1-1build1) ...
verify	Run npx playwright install --with-deps chromium firefox webkit	2026-10-09T09:41:02.0405699Z Setting up libopenal-data (1:1.23.1-4build1) ...
verify	Run npx playwright install --with-deps chromium firefox webkit	2026-10-09T09:41:02.0430122Z Setting up libabsl20220623t64:amd64 (20220623.1-3.1ubuntu3.2) ...
verify	Run npx playwright install --with-deps chromium firefox webkit	2026-10-09T09:41:02.0446904Z Setting up libflac12t64:amd64 (1.4.3+ds-2.1ubuntu2) ...
verify	Run npx playwright install --with-deps chromium firefox webkit	2026-10-09T09:41:02.0465547Z Setting up libgtk-4-common (4.14.5+ds-0ubuntu0.10) ...
verify	Run npx playwright install --with-deps chromium firefox webkit	2026-10-09T09:41:02.0484271Z Setting up libmpeg2encpp-2.1-0t64:amd64 (1:2.1.0+debian-8.1build1) ...
verify	Run npx playwright install --with-deps chromium firefox webkit	2026-10-09T09:41:02.0504858Z Setting up glib-networking-common (2.80.0-1build1) ...
verify	Run npx playwright install --with-deps chromium firefox webkit	2026-10-09T09:41:02.0524472Z Setting up libmfx1:amd64 (22.5.4-1) ...
verify	Run npx playwright install --with-deps chromium firefox webkit	2026-10-09T09:41:02.0543564Z Setting up libde265-0:amd64 (1.0.15-1ubuntu0.2) ...
verify	Run npx playwright install --with-deps chromium firefox webkit	2026-10-09T09:41:02.0564267Z Setting up libsamplerate0:amd64 (0.2.2-4build1) ...
verify	Run npx playwright install --with-deps chromium firefox webkit	2026-10-09T09:41:02.0581738Z Setting up timgm6mb-soundfont (1.3-5) ...
verify	Run npx playwright install --with-deps chromium firefox webkit	2026-10-09T09:41:02.0649837Z update-alternatives: using /usr/share/sounds/sf2/TimGM6mb.sf2 to provide /usr/share/sounds/sf2/default-GM.sf2 (default-GM.sf2) in auto mode
verify	Run npx playwright install --with-deps chromium firefox webkit	2026-10-09T09:41:02.0688351Z update-alternatives: using /usr/share/sounds/sf2/TimGM6mb.sf2 to provide /usr/share/sounds/sf3/default-GM.sf3 (default-GM.sf3) in auto mode
verify	Run npx playwright install --with-deps chromium firefox webkit	2026-10-09T09:41:02.0703339Z Setting up libva-x11-2:amd64 (2.20.0-2ubuntu0.2) ...
verify	Run npx playwright install --with-deps chromium firefox webkit	2026-10-09T09:41:02.0724015Z Setting up libyuv0:amd64 (0.0~git202401110.af6ac82-1) ...
verify	Run npx playwright install --with-deps chromium firefox webkit	2026-10-09T09:41:02.0743940Z Setting up libmplex2-2.1-0t64:amd64 (1:2.1.0+debian-8.1build1) ...
verify	Run npx playwright install --with-deps chromium firefox webkit	2026-10-09T09:41:02.0762358Z Setting up libpipewire-0.3-0t64:amd64 (1.0.5-1ubuntu3.3) ...
verify	Run npx playwright install --with-deps chromium firefox webkit	2026-10-09T09:41:02.0785791Z Setting up libxml2:amd64 (2.9.14+dfsg-1.3ubuntu3.10) ...
verify	Run npx playwright install --with-deps chromium firefox webkit	2026-10-09T09:41:02.0805696Z Setting up libopenmpt0t64:amd64 (0.7.3-1.1build3) ...
verify	Run npx playwright install --with-deps chromium firefox webkit	2026-10-09T09:41:02.0826590Z Setting up libzvbi-common (0.2.42-2) ...
verify	Run npx playwright install --with-deps chromium firefox webkit	2026-10-09T09:41:02.0843559Z Setting up libsecret-common (0.21.4-1build3) ...
verify	Run npx playwright install --with-deps chromium firefox webkit	2026-10-09T09:41:02.0861581Z Setting up libmp3lame0:amd64 (3.100-6build1) ...
verify	Run npx playwright install --with-deps chromium firefox webkit	2026-10-09T09:41:02.0882923Z Setting up libgraphene-1.0-0:amd64 (1.10.8-3build2) ...
verify	Run npx playwright install --with-deps chromium firefox webkit	2026-10-09T09:41:02.0899047Z Setting up libvorbisenc2:amd64 (1.3.7-1build3) ...
verify	Run npx playwright install --with-deps chromium firefox webkit	2026-10-09T09:41:02.0918077Z Setting up libdvdnav4:amd64 (6.1.1-3build1) ...
verify	Run npx playwright install --with-deps chromium firefox webkit	2026-10-09T09:41:02.0935043Z Setting up fonts-unifont (1:15.1.01-1build1) ...
verify	Run npx playwright install --with-deps chromium firefox webkit	2026-10-09T09:41:02.0952687Z Setting up libaa1:amd64 (1.4p5-51.1) ...
verify	Run npx playwright install --with-deps chromium firefox webkit	2026-10-09T09:41:02.0967752Z Setting up libiec61883-0:amd64 (1.2.0-6build1) ...
verify	Run npx playwright install --with-deps chromium firefox webkit	2026-10-09T09:41:02.0986139Z Setting up libserd-0-0:amd64 (0.32.2-1) ...
verify	Run npx playwright install --with-deps chromium firefox webkit	2026-10-09T09:41:02.1006878Z Setting up libavc1394-0:amd64 (0.5.4-5build3) ...
verify	Run npx playwright install --with-deps chromium firefox webkit	2026-10-09T09:41:02.1025698Z Setting up gsettings-desktop-schemas (46.1-0ubuntu1) ...
verify	Run npx playwright install --with-deps chromium firefox webkit	2026-10-09T09:41:02.1045845Z Setting up glib-networking-services (2.80.0-1build1) ...
verify	Run npx playwright install --with-deps chromium firefox webkit	2026-10-09T09:41:02.1063441Z Setting up liblapack3:amd64 (3.12.0-3build1.1) ...
verify	Run npx playwright install --with-deps chromium firefox webkit	2026-10-09T09:41:02.1112838Z update-alternatives: using /usr/lib/x86_64-linux-gnu/lapack/liblapack.so.3 to provide /usr/lib/x86_64-linux-gnu/liblapack.so.3 (liblapack.so.3-x86_64-linux-gnu) in auto mode
verify	Run npx playwright install --with-deps chromium firefox webkit	2026-10-09T09:41:02.1136599Z Setting up libneon27t64:amd64 (0.33.0-1.1build3) ...
verify	Run npx playwright install --with-deps chromium firefox webkit	2026-10-09T09:41:02.1165465Z Setting up libzvbi0t64:amd64 (0.2.42-2) ...
verify	Run npx playwright install --with-deps chromium firefox webkit	2026-10-09T09:41:02.1189457Z Setting up libraptor2-0:amd64 (2.0.16-3ubuntu0.1) ...
verify	Run npx playwright install --with-deps chromium firefox webkit	2026-10-09T09:41:02.1206703Z Setting up libzbar0t64:amd64 (0.23.93-4build3) ...
verify	Run npx playwright install --with-deps chromium firefox webkit	2026-10-09T09:41:02.1223636Z Setting up libgstreamer-plugins-base1.0-0:amd64 (1.24.2-1ubuntu0.5) ...
verify	Run npx playwright install --with-deps chromium firefox webkit	2026-10-09T09:41:02.1243150Z Setting up libavutil58:amd64 (7:6.1.1-3ubuntu5) ...
verify	Run npx playwright install --with-deps chromium firefox webkit	2026-10-09T09:41:02.1260768Z Setting up libopenal1:amd64 (1:1.23.1-4build1) ...
verify	Run npx playwright install --with-deps chromium firefox webkit	2026-10-09T09:41:02.1280471Z Setting up librsvg2-2:amd64 (2.58.0+dfsg-1ubuntu0.1) ...
verify	Run npx playwright install --with-deps chromium firefox webkit	2026-10-09T09:41:02.1303136Z Setting up libxml2-dev:amd64 (2.9.14+dfsg-1.3ubuntu3.10) ...
verify	Run npx playwright install --with-deps chromium firefox webkit	2026-10-09T09:41:02.1320453Z Setting up libsecret-1-0:amd64 (0.21.4-1build3) ...
verify	Run npx playwright install --with-deps chromium firefox webkit	2026-10-09T09:41:02.1345796Z Setting up libgstreamer-plugins-good1.0-0:amd64 (1.24.2-1ubuntu1.8) ...
verify	Run npx playwright install --with-deps chromium firefox webkit	2026-10-09T09:41:02.1367477Z Setting up libgstreamer-gl1.0-0:amd64 (1.24.2-1ubuntu0.5) ...
verify	Run npx playwright install --with-deps chromium firefox webkit	2026-10-09T09:41:02.1393578Z Setting up gstreamer1.0-plugins-base:amd64 (1.24.2-1ubuntu0.5) ...
verify	Run npx playwright install --with-deps chromium firefox webkit	2026-10-09T09:41:02.1410445Z Setting up libfreetype6:amd64 (2.13.2+dfsg-1ubuntu0.2) ...
verify	Run npx playwright install --with-deps chromium firefox webkit	2026-10-09T09:41:02.1432124Z Setting up libswresample4:amd64 (7:6.1.1-3ubuntu5) ...
verify	Run npx playwright install --with-deps chromium firefox webkit	2026-10-09T09:41:02.1454055Z Setting up libopenexr-3-1-30:amd64 (3.1.5-5.1build3) ...
verify	Run npx playwright install --with-deps chromium firefox webkit	2026-10-09T09:41:02.1470200Z Setting up libshout3:amd64 (2.4.6-1build2) ...
verify	Run npx playwright install --with-deps chromium firefox webkit	2026-10-09T09:41:02.1489472Z Setting up libgav1-1:amd64 (0.18.0-1build3) ...
verify	Run npx playwright install --with-deps chromium firefox webkit	2026-10-09T09:41:02.1506736Z Setting up libavcodec60:amd64 (7:6.1.1-3ubuntu5) ...
verify	Run npx playwright install --with-deps chromium firefox webkit	2026-10-09T09:41:02.1523028Z Setting up librubberband2:amd64 (3.3.0+dfsg-2build1) ...
verify	Run npx playwright install --with-deps chromium firefox webkit	2026-10-09T09:41:02.1541716Z Setting up libjack-jackd2-0:amd64 (1.9.21~dfsg-3ubuntu3) ...
verify	Run npx playwright install --with-deps chromium firefox webkit	2026-10-09T09:41:02.1558330Z Setting up libsord-0-0:amd64 (0.16.16-2build1) ...
verify	Run npx playwright install --with-deps chromium firefox webkit	2026-10-09T09:41:02.1579141Z Setting up libpostproc57:amd64 (7:6.1.1-3ubuntu5) ...
verify	Run npx playwright install --with-deps chromium firefox webkit	2026-10-09T09:41:02.1596894Z Setting up libsratom-0-0:amd64 (0.6.16-1build1) ...
verify	Run npx playwright install --with-deps chromium firefox webkit	2026-10-09T09:41:02.1615232Z Setting up libsndfile1:amd64 (1.2.2-1ubuntu5.24.04.1) ...
verify	Run npx playwright install --with-deps chromium firefox webkit	2026-10-09T09:41:02.1636824Z Setting up libbluray2:amd64 (1:1.3.4-1build1) ...
verify	Run npx playwright install --with-deps chromium firefox webkit	2026-10-09T09:41:02.1652383Z Setting up liblilv-0-0:amd64 (0.24.22-1build1) ...
verify	Run npx playwright install --with-deps chromium firefox webkit	2026-10-09T09:41:02.1670040Z Setting up libinstpatch-1.0-2:amd64 (1.1.6-1build2) ...
verify	Run npx playwright install --with-deps chromium firefox webkit	2026-10-09T09:41:02.1691203Z Setting up libswscale7:amd64 (7:6.1.1-3ubuntu5) ...
verify	Run npx playwright install --with-deps chromium firefox webkit	2026-10-09T09:41:02.1710658Z Setting up libcairo-script-interpreter2:amd64 (1.18.0-3build1) ...
verify	Run npx playwright install --with-deps chromium firefox webkit	2026-10-09T09:41:02.1736422Z Setting up libavif16:amd64 (1.0.4-1ubuntu3) ...
verify	Run npx playwright install --with-deps chromium firefox webkit	2026-10-09T09:41:02.1752323Z Setting up libpulse0:amd64 (1:16.1+dfsg1-2ubuntu10.1) ...
verify	Run npx playwright install --with-deps chromium firefox webkit	2026-10-09T09:41:02.1819435Z Setting up liblrdf0:amd64 (0.6.1-4build1) ...
verify	Run npx playwright install --with-deps chromium firefox webkit	2026-10-09T09:41:02.1835332Z Setting up libavformat60:amd64 (7:6.1.1-3ubuntu5) ...
verify	Run npx playwright install --with-deps chromium firefox webkit	2026-10-09T09:41:02.2200867Z Setting up xfonts-utils (1:7.7+6build3) ...
verify	Run npx playwright install --with-deps chromium firefox webkit	2026-10-09T09:41:02.2237691Z Setting up libsphinxbase3t64:amd64 (0.8+5prealpha+1-17build2) ...
verify	Run npx playwright install --with-deps chromium firefox webkit	2026-10-09T09:41:02.2253765Z Setting up libass9:amd64 (1:0.17.1-2build1) ...
verify	Run npx playwright install --with-deps chromium firefox webkit	2026-10-09T09:41:02.2272843Z Setting up xfonts-cyrillic (1:1.0.5+nmu1) ...
verify	Run npx playwright install --with-deps chromium firefox webkit	2026-10-09T09:41:02.2535384Z Setting up libsdl2-2.0-0:amd64 (2.30.0+dfsg-1ubuntu3.1) ...
verify	Run npx playwright install --with-deps chromium firefox webkit	2026-10-09T09:41:02.2558597Z Setting up xfonts-scalable (1:1.0.3-1.3) ...
verify	Run npx playwright install --with-deps chromium firefox webkit	2026-10-09T09:41:02.2747475Z Setting up libfluidsynth3:amd64 (2.3.4-1build3) ...
verify	Run npx playwright install --with-deps chromium firefox webkit	2026-10-09T09:41:02.2769898Z Setting up libpocketsphinx3:amd64 (0.8.0+real5prealpha+1-15ubuntu5) ...
verify	Run npx playwright install --with-deps chromium firefox webkit	2026-10-09T09:41:02.2785462Z Setting up libavfilter9:amd64 (7:6.1.1-3ubuntu5) ...
verify	Run npx playwright install --with-deps chromium firefox webkit	2026-10-09T09:41:02.2807654Z Setting up gstreamer1.0-libav:amd64 (1.24.1-1build1) ...
verify	Run npx playwright install --with-deps chromium firefox webkit	2026-10-09T09:41:02.3450597Z Processing triggers for fontconfig (2.15.0-1.1ubuntu2) ...
verify	Run npx playwright install --with-deps chromium firefox webkit	2026-10-09T09:41:02.4432358Z Processing triggers for libc-bin (2.39-0ubuntu8.9) ...
verify	Run npx playwright install --with-deps chromium firefox webkit	2026-10-09T09:41:03.8938036Z Processing triggers for man-db (2.12.0-4build2) ...
verify	Run npx playwright install --with-deps chromium firefox webkit	2026-10-09T09:41:03.8993909Z Not building database; man-db/auto-update is not 'true'.
verify	Run npx playwright install --with-deps chromium firefox webkit	2026-10-09T09:41:03.9022570Z Processing triggers for libglib2.0-0t64:amd64 (2.80.0-6ubuntu3.9) ...
verify	Run npx playwright install --with-deps chromium firefox webkit	2026-10-09T09:41:03.9395801Z Setting up libgtk-4-1:amd64 (4.14.5+ds-0ubuntu0.10) ...
verify	Run npx playwright install --with-deps chromium firefox webkit	2026-10-09T09:41:04.0105391Z Setting up glib-networking:amd64 (2.80.0-1build1) ...
verify	Run npx playwright install --with-deps chromium firefox webkit	2026-10-09T09:41:04.0140275Z Setting up libsoup-3.0-0:amd64 (3.4.4-5ubuntu0.9) ...
verify	Run npx playwright install --with-deps chromium firefox webkit	2026-10-09T09:41:04.0178125Z Setting up libgssdp-1.6-0:amd64 (1.6.3-1build3) ...
verify	Run npx playwright install --with-deps chromium firefox webkit	2026-10-09T09:41:04.0246877Z Setting up gstreamer1.0-plugins-good:amd64 (1.24.2-1ubuntu1.8) ...
verify	Run npx playwright install --with-deps chromium firefox webkit	2026-10-09T09:41:04.0273698Z Setting up libgupnp-1.6-0:amd64 (1.6.6-1build3) ...
verify	Run npx playwright install --with-deps chromium firefox webkit	2026-10-09T09:41:04.0341770Z Setting up libgupnp-igd-1.6-0:amd64 (1.6.0-3build3) ...
verify	Run npx playwright install --with-deps chromium firefox webkit	2026-10-09T09:41:04.0376188Z Setting up libnice10:amd64 (0.1.21-2build3) ...
verify	Run npx playwright install --with-deps chromium firefox webkit	2026-10-09T09:41:04.0438763Z Setting up libgstreamer-plugins-bad1.0-0:amd64 (1.24.2-1ubuntu4) ...
verify	Run npx playwright install --with-deps chromium firefox webkit	2026-10-09T09:41:04.0481925Z Setting up gstreamer1.0-plugins-bad:amd64 (1.24.2-1ubuntu4) ...
verify	Run npx playwright install --with-deps chromium firefox webkit	2026-10-09T09:41:04.0507372Z Processing triggers for libc-bin (2.39-0ubuntu8.9) ...
verify	Run npx playwright install --with-deps chromium firefox webkit	2026-10-09T09:41:04.5371721Z 
verify	Run npx playwright install --with-deps chromium firefox webkit	2026-10-09T09:41:04.5372473Z Running kernel seems to be up-to-date.
verify	Run npx playwright install --with-deps chromium firefox webkit	2026-10-09T09:41:04.5372834Z 
verify	Run npx playwright install --with-deps chromium firefox webkit	2026-10-09T09:41:04.5372987Z Restarting services...
verify	Run npx playwright install --with-deps chromium firefox webkit	2026-10-09T09:41:04.5496568Z  systemctl restart packagekit.service php8.3-fpm.service
verify	Run npx playwright install --with-deps chromium firefox webkit	2026-10-09T09:41:04.6251548Z 
verify	Run npx playwright install --with-deps chromium firefox webkit	2026-10-09T09:41:04.6252143Z No containers need to be restarted.
verify	Run npx playwright install --with-deps chromium firefox webkit	2026-10-09T09:41:04.6252418Z 
verify	Run npx playwright install --with-deps chromium firefox webkit	2026-10-09T09:41:04.6252606Z No user sessions are running outdated binaries.
verify	Run npx playwright install --with-deps chromium firefox webkit	2026-10-09T09:41:04.6252786Z 
verify	Run npx playwright install --with-deps chromium firefox webkit	2026-10-09T09:41:04.6253023Z No VM guests are running outdated hypervisor (qemu) binaries on this host.
verify	Run npx playwright install --with-deps chromium firefox webkit	2026-10-09T09:41:05.3199273Z Downloading Chrome for Testing 153.0.8010.12 (playwright chromium v1243) from https://cdn.playwright.dev/builds/cft/153.0.8010.12/linux64/chrome-linux64.zip
verify	Run npx playwright install --with-deps chromium firefox webkit	2026-10-09T09:41:05.6876336Z |                                                                                |   0% of 186.8 MiB
verify	Run npx playwright install --with-deps chromium firefox webkit	2026-10-09T09:41:05.8648875Z |■■■■■■■■                                                                        |  10% of 186.8 MiB
verify	Run npx playwright install --with-deps chromium firefox webkit	2026-10-09T09:41:05.9413678Z |■■■■■■■■■■■■■■■■                                                                |  20% of 186.8 MiB
verify	Run npx playwright install --with-deps chromium firefox webkit	2026-10-09T09:41:06.0380426Z |■■■■■■■■■■■■■■■■■■■■■■■■                                                        |  30% of 186.8 MiB
verify	Run npx playwright install --with-deps chromium firefox webkit	2026-10-09T09:41:06.1126291Z |■■■■■■■■■■■■■■■■■■■■■■■■■■■■■■■■                                                |  40% of 186.8 MiB
verify	Run npx playwright install --with-deps chromium firefox webkit	2026-10-09T09:41:06.1910143Z |■■■■■■■■■■■■■■■■■■■■■■■■■■■■■■■■■■■■■■■■                                        |  50% of 186.8 MiB
verify	Run npx playwright install --with-deps chromium firefox webkit	2026-10-09T09:41:06.2824371Z |■■■■■■■■■■■■■■■■■■■■■■■■■■■■■■■■■■■■■■■■■■■■■■■■                                |  60% of 186.8 MiB
verify	Run npx playwright install --with-deps chromium firefox webkit	2026-10-09T09:41:06.3705004Z |■■■■■■■■■■■■■■■■■■■■■■■■■■■■■■■■■■■■■■■■■■■■■■■■■■■■■■■■                        |  70% of 186.8 MiB
verify	Run npx playwright install --with-deps chromium firefox webkit	2026-10-09T09:41:06.4629044Z |■■■■■■■■■■■■■■■■■■■■■■■■■■■■■■■■■■■■■■■■■■■■■■■■■■■■■■■■■■■■■■■■                |  80% of 186.8 MiB
verify	Run npx playwright install --with-deps chromium firefox webkit	2026-10-09T09:41:06.5302261Z |■■■■■■■■■■■■■■■■■■■■■■■■■■■■■■■■■■■■■■■■■■■■■■■■■■■■■■■■■■■■■■■■■■■■■■■■        |  90% of 186.8 MiB
verify	Run npx playwright install --with-deps chromium firefox webkit	2026-10-09T09:41:06.6062149Z |■■■■■■■■■■■■■■■■■■■■■■■■■■■■■■■■■■■■■■■■■■■■■■■■■■■■■■■■■■■■■■■■■■■■■■■■■■■■■■■■| 100% of 186.8 MiB
verify	Run npx playwright install --with-deps chromium firefox webkit	2026-10-09T09:41:09.4454631Z Chrome for Testing 153.0.8010.12 (playwright chromium v1243) downloaded to /home/runner/.cache/ms-playwright/chromium-1243
verify	Run npx playwright install --with-deps chromium firefox webkit	2026-10-09T09:41:09.4456246Z Downloading FFmpeg (playwright ffmpeg v1011) from https://cdn.playwright.dev/dbazure/download/playwright/builds/ffmpeg/1011/ffmpeg-linux.zip
verify	Run npx playwright install --with-deps chromium firefox webkit	2026-10-09T09:41:09.7797443Z |                                                                                |   0% of 2.3 MiB
verify	Run npx playwright install --with-deps chromium firefox webkit	2026-10-09T09:41:09.7823829Z |■■■■■■■■                                                                        |  10% of 2.3 MiB
verify	Run npx playwright install --with-deps chromium firefox webkit	2026-10-09T09:41:09.7857911Z |■■■■■■■■■■■■■■■■                                                                |  20% of 2.3 MiB
verify	Run npx playwright install --with-deps chromium firefox webkit	2026-10-09T09:41:09.7871004Z |■■■■■■■■■■■■■■■■■■■■■■■■                                                        |  30% of 2.3 MiB
verify	Run npx playwright install --with-deps chromium firefox webkit	2026-10-09T09:41:09.7888358Z |■■■■■■■■■■■■■■■■■■■■■■■■■■■■■■■■                                                |  40% of 2.3 MiB
verify	Run npx playwright install --with-deps chromium firefox webkit	2026-10-09T09:41:09.7896717Z |■■■■■■■■■■■■■■■■■■■■■■■■■■■■■■■■■■■■■■■■                                        |  50% of 2.3 MiB
verify	Run npx playwright install --with-deps chromium firefox webkit	2026-10-09T09:41:09.7906468Z |■■■■■■■■■■■■■■■■■■■■■■■■■■■■■■■■■■■■■■■■■■■■■■■■                                |  60% of 2.3 MiB
verify	Run npx playwright install --with-deps chromium firefox webkit	2026-10-09T09:41:09.7917960Z |■■■■■■■■■■■■■■■■■■■■■■■■■■■■■■■■■■■■■■■■■■■■■■■■■■■■■■■■                        |  70% of 2.3 MiB
verify	Run npx playwright install --with-deps chromium firefox webkit	2026-10-09T09:41:09.7933268Z |■■■■■■■■■■■■■■■■■■■■■■■■■■■■■■■■■■■■■■■■■■■■■■■■■■■■■■■■■■■■■■■■                |  80% of 2.3 MiB
verify	Run npx playwright install --with-deps chromium firefox webkit	2026-10-09T09:41:09.7945413Z |■■■■■■■■■■■■■■■■■■■■■■■■■■■■■■■■■■■■■■■■■■■■■■■■■■■■■■■■■■■■■■■■■■■■■■■■        |  90% of 2.3 MiB
verify	Run npx playwright install --with-deps chromium firefox webkit	2026-10-09T09:41:09.7953499Z |■■■■■■■■■■■■■■■■■■■■■■■■■■■■■■■■■■■■■■■■■■■■■■■■■■■■■■■■■■■■■■■■■■■■■■■■■■■■■■■■| 100% of 2.3 MiB
verify	Run npx playwright install --with-deps chromium firefox webkit	2026-10-09T09:41:09.8436333Z FFmpeg (playwright ffmpeg v1011) downloaded to /home/runner/.cache/ms-playwright/ffmpeg-1011
verify	Run npx playwright install --with-deps chromium firefox webkit	2026-10-09T09:41:09.8439613Z Downloading Chrome Headless Shell 153.0.8010.12 (playwright chromium-headless-shell v1243) from https://cdn.playwright.dev/builds/cft/153.0.8010.12/linux64/chrome-headless-shell-linux64.zip
verify	Run npx playwright install --with-deps chromium firefox webkit	2026-10-09T09:41:10.2033877Z |                                                                                |   0% of 114.3 MiB
verify	Run npx playwright install --with-deps chromium firefox webkit	2026-10-09T09:41:10.3432188Z |■■■■■■■■                                                                        |  10% of 114.3 MiB
verify	Run npx playwright install --with-deps chromium firefox webkit	2026-10-09T09:41:10.3960635Z |■■■■■■■■■■■■■■■■                                                                |  20% of 114.3 MiB
verify	Run npx playwright install --with-deps chromium firefox webkit	2026-10-09T09:41:10.4406119Z |■■■■■■■■■■■■■■■■■■■■■■■■                                                        |  30% of 114.3 MiB
verify	Run npx playwright install --with-deps chromium firefox webkit	2026-10-09T09:41:10.4888624Z |■■■■■■■■■■■■■■■■■■■■■■■■■■■■■■■■                                                |  40% of 114.3 MiB
verify	Run npx playwright install --with-deps chromium firefox webkit	2026-10-09T09:41:10.5344937Z |■■■■■■■■■■■■■■■■■■■■■■■■■■■■■■■■■■■■■■■■                                        |  50% of 114.3 MiB
verify	Run npx playwright install --with-deps chromium firefox webkit	2026-10-09T09:41:10.5886094Z |■■■■■■■■■■■■■■■■■■■■■■■■■■■■■■■■■■■■■■■■■■■■■■■■                                |  60% of 114.3 MiB
verify	Run npx playwright install --with-deps chromium firefox webkit	2026-10-09T09:41:10.6804599Z |■■■■■■■■■■■■■■■■■■■■■■■■■■■■■■■■■■■■■■■■■■■■■■■■■■■■■■■■                        |  70% of 114.3 MiB
verify	Run npx playwright install --with-deps chromium firefox webkit	2026-10-09T09:41:10.7247898Z |■■■■■■■■■■■■■■■■■■■■■■■■■■■■■■■■■■■■■■■■■■■■■■■■■■■■■■■■■■■■■■■■                |  80% of 114.3 MiB
verify	Run npx playwright install --with-deps chromium firefox webkit	2026-10-09T09:41:10.7658005Z |■■■■■■■■■■■■■■■■■■■■■■■■■■■■■■■■■■■■■■■■■■■■■■■■■■■■■■■■■■■■■■■■■■■■■■■■        |  90% of 114.3 MiB
verify	Run npx playwright install --with-deps chromium firefox webkit	2026-10-09T09:41:10.8182263Z |■■■■■■■■■■■■■■■■■■■■■■■■■■■■■■■■■■■■■■■■■■■■■■■■■■■■■■■■■■■■■■■■■■■■■■■■■■■■■■■■| 100% of 114.3 MiB
verify	Run npx playwright install --with-deps chromium firefox webkit	2026-10-09T09:41:12.8878907Z Chrome Headless Shell 153.0.8010.12 (playwright chromium-headless-shell v1243) downloaded to /home/runner/.cache/ms-playwright/chromium_headless_shell-1243
verify	Run npx playwright install --with-deps chromium firefox webkit	2026-10-09T09:41:12.8881068Z Downloading Firefox 155.0 (playwright firefox v1543) from https://cdn.playwright.dev/dbazure/download/playwright/builds/firefox/1543/firefox-ubuntu-24.04.zip
verify	Run npx playwright install --with-deps chromium firefox webkit	2026-10-09T09:41:13.2337168Z |                                                                                |   0% of 109.5 MiB
verify	Run npx playwright install --with-deps chromium firefox webkit	2026-10-09T09:41:13.3218339Z |■■■■■■■■                                                                        |  10% of 109.5 MiB
verify	Run npx playwright install --with-deps chromium firefox webkit	2026-10-09T09:41:13.4033889Z |■■■■■■■■■■■■■■■■                                                                |  20% of 109.5 MiB
verify	Run npx playwright install --with-deps chromium firefox webkit	2026-10-09T09:41:13.4672284Z |■■■■■■■■■■■■■■■■■■■■■■■■                                                        |  30% of 109.5 MiB
verify	Run npx playwright install --with-deps chromium firefox webkit	2026-10-09T09:41:13.5425638Z |■■■■■■■■■■■■■■■■■■■■■■■■■■■■■■■■                                                |  40% of 109.5 MiB
verify	Run npx playwright install --with-deps chromium firefox webkit	2026-10-09T09:41:13.6467381Z |■■■■■■■■■■■■■■■■■■■■■■■■■■■■■■■■■■■■■■■■                                        |  50% of 109.5 MiB
verify	Run npx playwright install --with-deps chromium firefox webkit	2026-10-09T09:41:13.7336558Z |■■■■■■■■■■■■■■■■■■■■■■■■■■■■■■■■■■■■■■■■■■■■■■■■                                |  60% of 109.5 MiB
verify	Run npx playwright install --with-deps chromium firefox webkit	2026-10-09T09:41:13.8230436Z |■■■■■■■■■■■■■■■■■■■■■■■■■■■■■■■■■■■■■■■■■■■■■■■■■■■■■■■■                        |  70% of 109.5 MiB
verify	Run npx playwright install --with-deps chromium firefox webkit	2026-10-09T09:41:13.8923616Z |■■■■■■■■■■■■■■■■■■■■■■■■■■■■■■■■■■■■■■■■■■■■■■■■■■■■■■■■■■■■■■■■                |  80% of 109.5 MiB
verify	Run npx playwright install --with-deps chromium firefox webkit	2026-10-09T09:41:14.0073381Z |■■■■■■■■■■■■■■■■■■■■■■■■■■■■■■■■■■■■■■■■■■■■■■■■■■■■■■■■■■■■■■■■■■■■■■■■        |  90% of 109.5 MiB
verify	Run npx playwright install --with-deps chromium firefox webkit	2026-10-09T09:41:14.0813142Z |■■■■■■■■■■■■■■■■■■■■■■■■■■■■■■■■■■■■■■■■■■■■■■■■■■■■■■■■■■■■■■■■■■■■■■■■■■■■■■■■| 100% of 109.5 MiB
verify	Run npx playwright install --with-deps chromium firefox webkit	2026-10-09T09:41:16.0866394Z Firefox 155.0 (playwright firefox v1543) downloaded to /home/runner/.cache/ms-playwright/firefox-1543
verify	Run npx playwright install --with-deps chromium firefox webkit	2026-10-09T09:41:16.0869672Z Downloading WebKit 26.6 (playwright webkit v2359) from https://cdn.playwright.dev/dbazure/download/playwright/builds/webkit/2359/webkit-ubuntu-24.04.zip
verify	Run npx playwright install --with-deps chromium firefox webkit	2026-10-09T09:41:16.3921311Z |                                                                                |   0% of 102.3 MiB
verify	Run npx playwright install --with-deps chromium firefox webkit	2026-10-09T09:41:16.4427276Z |■■■■■■■■                                                                        |  10% of 102.3 MiB
verify	Run npx playwright install --with-deps chromium firefox webkit	2026-10-09T09:41:16.4896576Z |■■■■■■■■■■■■■■■■                                                                |  20% of 102.3 MiB
verify	Run npx playwright install --with-deps chromium firefox webkit	2026-10-09T09:41:16.5160179Z |■■■■■■■■■■■■■■■■■■■■■■■■                                                        |  30% of 102.3 MiB
verify	Run npx playwright install --with-deps chromium firefox webkit	2026-10-09T09:41:16.5519151Z |■■■■■■■■■■■■■■■■■■■■■■■■■■■■■■■■                                                |  40% of 102.3 MiB
verify	Run npx playwright install --with-deps chromium firefox webkit	2026-10-09T09:41:16.6008059Z |■■■■■■■■■■■■■■■■■■■■■■■■■■■■■■■■■■■■■■■■                                        |  50% of 102.3 MiB
verify	Run npx playwright install --with-deps chromium firefox webkit	2026-10-09T09:41:16.6250263Z |■■■■■■■■■■■■■■■■■■■■■■■■■■■■■■■■■■■■■■■■■■■■■■■■                                |  60% of 102.3 MiB
verify	Run npx playwright install --with-deps chromium firefox webkit	2026-10-09T09:41:16.6481451Z |■■■■■■■■■■■■■■■■■■■■■■■■■■■■■■■■■■■■■■■■■■■■■■■■■■■■■■■■                        |  70% of 102.3 MiB
verify	Run npx playwright install --with-deps chromium firefox webkit	2026-10-09T09:41:16.6815941Z |■■■■■■■■■■■■■■■■■■■■■■■■■■■■■■■■■■■■■■■■■■■■■■■■■■■■■■■■■■■■■■■■                |  80% of 102.3 MiB
verify	Run npx playwright install --with-deps chromium firefox webkit	2026-10-09T09:41:16.7027933Z |■■■■■■■■■■■■■■■■■■■■■■■■■■■■■■■■■■■■■■■■■■■■■■■■■■■■■■■■■■■■■■■■■■■■■■■■        |  90% of 102.3 MiB
verify	Run npx playwright install --with-deps chromium firefox webkit	2026-10-09T09:41:16.7241055Z |■■■■■■■■■■■■■■■■■■■■■■■■■■■■■■■■■■■■■■■■■■■■■■■■■■■■■■■■■■■■■■■■■■■■■■■■■■■■■■■■| 100% of 102.3 MiB
verify	Run npx playwright install --with-deps chromium firefox webkit	2026-10-09T09:41:18.5463461Z WebKit 26.6 (playwright webkit v2359) downloaded to /home/runner/.cache/ms-playwright/webkit-2359
verify	Run node -e 'require("fs").appendFileSync(process.env.GITHUB_ENV, "CHROMIUM_PATH=" + require("playwright").chromium.executablePath() + "\n")'	﻿2026-10-09T09:41:18.7777841Z ##[group]Run node -e 'require("fs").appendFileSync(process.env.GITHUB_ENV, "CHROMIUM_PATH=" + require("playwright").chromium.executablePath() + "\n")'
verify	Run node -e 'require("fs").appendFileSync(process.env.GITHUB_ENV, "CHROMIUM_PATH=" + require("playwright").chromium.executablePath() + "\n")'	2026-10-09T09:41:18.7778650Z [36;1mnode -e 'require("fs").appendFileSync(process.env.GITHUB_ENV, "CHROMIUM_PATH=" + require("playwright").chromium.executablePath() + "\n")'[0m
verify	Run node -e 'require("fs").appendFileSync(process.env.GITHUB_ENV, "CHROMIUM_PATH=" + require("playwright").chromium.executablePath() + "\n")'	2026-10-09T09:41:18.7814316Z shell: /usr/bin/bash -e {0}
verify	Run node -e 'require("fs").appendFileSync(process.env.GITHUB_ENV, "CHROMIUM_PATH=" + require("playwright").chromium.executablePath() + "\n")'	2026-10-09T09:41:18.7814574Z ##[endgroup]
verify	Run npm test	﻿2026-10-09T09:41:19.0373200Z ##[group]Run npm test
verify	Run npm test	2026-10-09T09:41:19.0373480Z [36;1mnpm test[0m
verify	Run npm test	2026-10-09T09:41:19.0408553Z shell: /usr/bin/bash -e {0}
verify	Run npm test	2026-10-09T09:41:19.0408854Z env:
verify	Run npm test	2026-10-09T09:41:19.0409216Z   CHROMIUM_PATH: /home/runner/.cache/ms-playwright/chromium-1243/chrome-linux64/chrome
verify	Run npm test	2026-10-09T09:41:19.0409623Z ##[endgroup]
verify	Run npm test	2026-10-09T09:41:19.1398849Z 
verify	Run npm test	2026-10-09T09:41:19.1399178Z > shinariokanri@0.1.0 pretest
verify	Run npm test	2026-10-09T09:41:19.1399650Z > node scripts/build/portable-runtime.mjs
verify	Run npm test	2026-10-09T09:41:19.1399930Z 
verify	Run npm test	2026-10-09T09:41:19.2432032Z Production portable runtime generated: 144514 characters
verify	Run npm test	2026-10-09T09:41:19.2829532Z 
verify	Run npm test	2026-10-09T09:41:19.2829814Z > shinariokanri@0.1.0 test
verify	Run npm test	2026-10-09T09:41:19.2830131Z > vitest run
verify	Run npm test	2026-10-09T09:41:19.2830273Z 
verify	Run npm test	2026-10-09T09:41:19.5467576Z 
verify	Run npm test	2026-10-09T09:41:19.5471424Z [1m[30m[46m RUN [49m[39m[22m [36mv5.0.3 [39m[90m/home/runner/work/shinariokanri/shinariokanri[39m
verify	Run npm test	2026-10-09T09:41:19.5472185Z 
verify	Run npm test	2026-10-09T09:41:20.8592777Z  [32m✓[39m tests/runtime.test.ts [2m([22m[2m35 tests[22m[2m)[22m[33m 411[2mms[22m[39m
verify	Run npm test	2026-10-09T09:41:21.1747611Z [90mstderr[2m | src/storage/rb07Production.test.ts[2m > [22m[2mRB07 authored production workflow and complete recovery[2m > [22m[2mkeeps production input and material bytes across reopening; rejects damaged drafts and oversized/active attachments without touching saved author data
verify	Run npm test	2026-10-09T09:41:21.1752465Z [22m[39mAnother connection wants to delete database 'rb07-draft-2e6bc532-8296-4f3e-9eb3-e195a0c0fd21'. Closing db now to resume the delete request.
verify	Run npm test	2026-10-09T09:41:21.1753224Z 
verify	Run npm test	2026-10-09T09:41:21.2209744Z [90mstdout[2m | src/storage/storage.test.ts[2m > [22m[2matomic IndexedDB commands[2m > [22m[2mkeeps all rows beyond a read batch, rejects late corruption and cancels without changing native storage
verify	Run npm test	2026-10-09T09:41:21.2218757Z [22m[39mbounded-cold-read phase fixture
verify	Run npm test	2026-10-09T09:41:21.2228036Z bounded-cold-read phase save
verify	Run npm test	2026-10-09T09:41:21.2228509Z 
verify	Run npm test	2026-10-09T09:41:21.7995565Z  [32m✓[39m src/storage/rb07Production.test.ts [2m([22m[2m22 tests[22m[2m)[22m[33m 1370[2mms[22m[39m
verify	Run npm test	2026-10-09T09:41:21.7996943Z    [32m✓[39m RB07 authored production workflow and complete recovery [2m(12)[22m
verify	Run npm test	2026-10-09T09:41:21.7998763Z      [33m[2m✓[22m[39m splits Unicode text with ruby, links and positional cue once; atomically retains old IDs, deliverables and immutable editions through empty/clone roundtrips[33m 468[2mms[22m[39m
verify	Run npm test	2026-10-09T09:41:22.5834865Z [90mstdout[2m | src/storage/storage.test.ts[2m > [22m[2matomic IndexedDB commands[2m > [22m[2mkeeps all rows beyond a read batch, rejects late corruption and cancels without changing native storage
verify	Run npm test	2026-10-09T09:41:22.5868428Z [22m[39mbounded-cold-read phase raw before
verify	Run npm test	2026-10-09T09:41:22.5897690Z 
verify	Run npm test	2026-10-09T09:41:22.6239456Z [90mstdout[2m | src/storage/storage.test.ts[2m > [22m[2matomic IndexedDB commands[2m > [22m[2mkeeps all rows beyond a read batch, rejects late corruption and cancels without changing native storage
verify	Run npm test	2026-10-09T09:41:22.6242221Z [22m[39mbounded-cold-read phase cancel
verify	Run npm test	2026-10-09T09:41:22.6266499Z 
verify	Run npm test	2026-10-09T09:41:23.7263456Z  [32m✓[39m src/domain/domain.test.ts [2m([22m[2m96 tests[22m[2m)[22m[33m 1643[2mms[22m[39m
verify	Run npm test	2026-10-09T09:41:23.7350846Z    [32m✓[39m versioned entity and reference contracts [2m(65)[22m
verify	Run npm test	2026-10-09T09:41:23.7385093Z      [33m[2m✓[22m[39m compiles the actual JSON Schema and accepts all-kind/condition/query fixtures while rejecting unknown payloads[33m 1376[2mms[22m[39m
verify	Run npm test	2026-10-09T09:41:24.2779659Z  [32m✓[39m src/storage/rb08Handoff.test.ts [2m([22m[2m17 tests[22m[2m)[22m[33m 3855[2mms[22m[39m
verify	Run npm test	2026-10-09T09:41:24.2780930Z    [32m✓[39m RB08 production handoff and independent portable engine [2m(6)[22m
verify	Run npm test	2026-10-09T09:41:24.2782616Z      [33m[2m✓[22m[39m imports consultation text only into a sealed author alternative with source/edition and independent paragraph IDs, then roundtrips without applying canonical text[33m 484[2mms[22m[39m
verify	Run npm test	2026-10-09T09:41:24.2785420Z    [33m[2m✓[22m[39m receives explicit game-owned contracts and stable dialogue/asset IDs, verifies actual mechanics and replay, then atomically saves/reloads/empty-clones the receipt without executing a game from trials[33m 592[2mms[22m[39m
verify	Run npm test	2026-10-09T09:41:24.2787891Z    [33m[2m✓[22m[39m exports independently approved old citations with Unicode positions and distinct old/new asset bytes, verifies receipt, and empty-restores native policies[33m 1027[2mms[22m[39m
verify	Run npm test	2026-10-09T09:41:24.2790122Z    [33m[2m✓[22m[39m keeps an explicitly approved world citation on its verified old edition after adoption advances, and refuses absent hashes/cyclic approval[33m 701[2mms[22m[39m
verify	Run npm test	2026-10-09T09:41:24.7610904Z  [32m✓[39m tests/rb09Features.test.ts [2m([22m[2m27 tests[22m[2m)[22m[33m 740[2mms[22m[39m
verify	Run npm test	2026-10-09T09:41:25.2806293Z [90mstderr[2m | src/storage/authorAlternativesDurability.test.ts[2m > [22m[2mnative author alternative durability[2m > [22m[2mkeeps branch-only attachment bytes through save, close/reopen, full backup, and restore
verify	Run npm test	2026-10-09T09:41:25.2810992Z [22m[39mAnother connection wants to delete database 'alternative-asset-cbf4c1f3-46a4-472f-b527-69cfe5297772'. Closing db now to resume the delete request.
verify	Run npm test	2026-10-09T09:41:25.2811950Z 
verify	Run npm test	2026-10-09T09:41:26.4783510Z [90mstderr[2m | src/storage/authorAlternativesDurability.test.ts[2m > [22m[2mnative author alternative durability[2m > [22m[2mkeeps reference-valued adoption receipts valid through full backup, clone, reopen, and re-export
verify	Run npm test	2026-10-09T09:41:26.4788529Z [22m[39mAnother connection wants to delete database 'alternative-clone-1ad0074e-86a3-4894-8408-accaa569cf5e'. Closing db now to resume the delete request.
verify	Run npm test	2026-10-09T09:41:26.4789588Z 
verify	Run npm test	2026-10-09T09:41:26.7659451Z [90mstderr[2m | src/storage/authorAlternativesDurability.test.ts[2m > [22m[2mnative author alternative durability[2m > [22m[2mrecords removed entities and relations as logically absent across native reopen and full backup
verify	Run npm test	2026-10-09T09:41:26.7709439Z [22m[39mAnother connection wants to delete database 'alternative-removal-0a28f9ce-dfd2-4719-8c0c-7022867dc684'. Closing db now to resume the delete request.
verify	Run npm test	2026-10-09T09:41:26.7793533Z 
verify	Run npm test	2026-10-09T09:41:27.1038925Z  [32m✓[39m src/storage/authorAlternativesDurability.test.ts [2m([22m[2m14 tests[22m[2m)[22m[33m 2104[2mms[22m[39m
verify	Run npm test	2026-10-09T09:41:27.1072507Z    [32m✓[39m native author alternative durability [2m(14)[22m
verify	Run npm test	2026-10-09T09:41:27.1081327Z      [33m[2m✓[22m[39m keeps reference-valued adoption receipts valid through full backup, clone, reopen, and re-export[33m 708[2mms[22m[39m
verify	Run npm test	2026-10-09T09:41:27.2751488Z  [32m✓[39m tests/exports.test.ts [2m([22m[2m21 tests[22m[2m)[22m[33m 2387[2mms[22m[39m
verify	Run npm test	2026-10-09T09:41:27.2768520Z    [32m✓[39m purpose-specific export [2m(21)[22m
verify	Run npm test	2026-10-09T09:41:27.2769619Z      [33m[2m✓[22m[39m runs the exported HTML in Chromium, renders active text safely, and restores the complete state[33m 1123[2mms[22m[39m
verify	Run npm test	2026-10-09T09:41:27.2770916Z      [33m[2m✓[22m[39m rolls back every exported effect when a later effect violates an integer bound[33m 776[2mms[22m[39m
verify	Run npm test	2026-10-09T09:41:27.5266389Z  [32m✓[39m tests/sync.test.ts [2m([22m[2m40 tests[22m[2m)[22m[32m 180[2mms[22m[39m
verify	Run npm test	2026-10-09T09:41:27.7088551Z  [32m✓[39m tests/world.test.ts [2m([22m[2m17 tests[22m[2m)[22m[32m 84[2mms[22m[39m
verify	Run npm test	2026-10-09T09:41:28.4277222Z  [32m✓[39m tests/textEditing.test.ts [2m([22m[2m17 tests[22m[2m)[22m[32m 149[2mms[22m[39m
verify	Run npm test	2026-10-09T09:41:28.6876690Z  [32m✓[39m src/domain/writingWorkspace.test.ts [2m([22m[2m11 tests[22m[2m)[22m[32m 67[2mms[22m[39m
verify	Run npm test	2026-10-09T09:41:29.3492423Z  [32m✓[39m tests/runtime-regressions.test.ts [2m([22m[2m26 tests[22m[2m)[22m[33m 397[2mms[22m[39m
verify	Run npm test	2026-10-09T09:41:30.0664666Z  [32m✓[39m tests/templates.test.ts [2m([22m[2m34 tests[22m[2m)[22m[33m 351[2mms[22m[39m
verify	Run npm test	2026-10-09T09:41:30.1054992Z [90mstdout[2m | src/storage/storage.test.ts[2m > [22m[2matomic IndexedDB commands[2m > [22m[2mkeeps all rows beyond a read batch, rejects late corruption and cancels without changing native storage
verify	Run npm test	2026-10-09T09:41:30.1058542Z [22m[39mbounded-cold-read phase resume
verify	Run npm test	2026-10-09T09:41:30.1058910Z 
verify	Run npm test	2026-10-09T09:41:30.9656745Z [90mstderr[2m | src/storage/performance.test.ts[2m > [22m[2mR06 changed-record saves and portable recovery[2m > [22m[2mloads current editing rows after restart without reading history; retains all history on save/export/empty recovery
verify	Run npm test	2026-10-09T09:41:30.9659413Z [22m[39mAnother connection wants to delete database 'lazy-e3c6526a-b2e2-451f-beac-226aaa21fb7b'. Closing db now to resume the delete request.
verify	Run npm test	2026-10-09T09:41:30.9695900Z 
verify	Run npm test	2026-10-09T09:41:31.4158302Z [90mstderr[2m | src/storage/performance.test.ts[2m > [22m[2mR06 changed-record saves and portable recovery[2m > [22m[2mretains checkpoints, old revisions and undo across more than 64 compact commands
verify	Run npm test	2026-10-09T09:41:31.4170619Z [22m[39mAnother connection wants to delete database 'checkpoints-d4bcc313-bea8-4a26-8888-a514fdc33244'. Closing db now to resume the delete request.
verify	Run npm test	2026-10-09T09:41:31.4174325Z 
verify	Run npm test	2026-10-09T09:41:31.4435426Z [90mstderr[2m | src/storage/performance.test.ts[2m > [22m[2mR06 changed-record saves and portable recovery[2m > [22m[2mrejects stale editing tokens, replaced tokens and tampered full history without committing
verify	Run npm test	2026-10-09T09:41:31.4441367Z [22m[39mAnother connection wants to delete database 'tokens-1eb086ee-d01a-41b9-a4fd-a6f4fee3c5b9'. Closing db now to resume the delete request.
verify	Run npm test	2026-10-09T09:41:31.4442222Z 
verify	Run npm test	2026-10-09T09:41:31.5273892Z [90mstderr[2m | src/storage/performance.test.ts[2m > [22m[2mR06 changed-record saves and portable recovery[2m > [22m[2mpreserves an imported revision-zero header in the first compact edit, including after restart
verify	Run npm test	2026-10-09T09:41:31.5277452Z [22m[39mAnother connection wants to delete database 'import-zero-5bed197c-dc43-4c8c-84c0-fb04a37decfa'. Closing db now to resume the delete request.
verify	Run npm test	2026-10-09T09:41:31.5278458Z 
verify	Run npm test	2026-10-09T09:41:31.8540008Z [90mstderr[2m | src/storage/performance.test.ts[2m > [22m[2mR06 changed-record saves and portable recovery[2m > [22m[2mreads legacy v1 full rows/outbox and replays original hashes before adding new deltas
verify	Run npm test	2026-10-09T09:41:31.8542556Z [22m[39mAnother connection wants to delete database 'legacy-bd5ce749-caba-4e35-9cfd-e886b7db9ae9'. Closing db now to resume the delete request.
verify	Run npm test	2026-10-09T09:41:31.8543703Z 
verify	Run npm test	2026-10-09T09:41:31.8817888Z [90mstderr[2m | src/storage/performance.test.ts[2m > [22m[2mR06 changed-record saves and portable recovery[2m > [22m[2mrejects a missing delta base and duplicate immutable snapshot IDs
verify	Run npm test	2026-10-09T09:41:31.8833550Z [22m[39mAnother connection wants to delete database 'corrupt-f9ac3975-72b5-4ffe-9c86-7bf4d907b381'. Closing db now to resume the delete request.
verify	Run npm test	2026-10-09T09:41:31.8834269Z 
verify	Run npm test	2026-10-09T09:41:31.8835623Z  [32m✓[39m src/storage/performance.test.ts [2m([22m[2m11 tests[22m[2m)[22m[33m 1483[2mms[22m[39m
verify	Run npm test	2026-10-09T09:41:31.8838633Z    [32m✓[39m R06 changed-record saves and portable recovery [2m(11)[22m
verify	Run npm test	2026-10-09T09:41:31.8840344Z      [33m[2m✓[22m[39m loads current editing rows after restart without reading history; retains all history on save/export/empty recovery[33m 311[2mms[22m[39m
verify	Run npm test	2026-10-09T09:41:31.8841808Z      [33m[2m✓[22m[39m retains checkpoints, old revisions and undo across more than 64 compact commands[33m 449[2mms[22m[39m
verify	Run npm test	2026-10-09T09:41:32.1043000Z  [32m✓[39m tests/projection.test.ts [2m([22m[2m14 tests[22m[2m)[22m[32m 47[2mms[22m[39m
verify	Run npm test	2026-10-09T09:41:32.9193390Z  [32m✓[39m tests/rb05-reuse.test.ts [2m([22m[2m7 tests[22m[2m)[22m[33m 413[2mms[22m[39m
verify	Run npm test	2026-10-09T09:41:33.4182488Z  [32m✓[39m tests/rb05-reviewed-regressions.test.ts [2m([22m[2m9 tests[22m[2m)[22m[32m 240[2mms[22m[39m
verify	Run npm test	2026-10-09T09:41:33.8450174Z  [32m✓[39m src/ui/StructuredDataField.test.ts [2m([22m[2m11 tests[22m[2m)[22m[32m 140[2mms[22m[39m
verify	Run npm test	2026-10-09T09:41:34.1052766Z  [32m✓[39m src/domain/maintenance.test.ts [2m([22m[2m5 tests[22m[2m)[22m[32m 73[2mms[22m[39m
verify	Run npm test	2026-10-09T09:41:34.5959707Z  [32m✓[39m tests/rb05-reuse-boundaries.test.ts [2m([22m[2m11 tests[22m[2m)[22m[32m 240[2mms[22m[39m
verify	Run npm test	2026-10-09T09:41:34.6803449Z [90mstderr[2m | src/storage/rb06Recovery.test.ts[2m > [22m[2mRB06 complete recovery and arbitrary historical selection[2m > [22m[2mretains native file and mapping drafts across restart, and freezes migration restore-point approval
verify	Run npm test	2026-10-09T09:41:34.6818666Z [22m[39mAnother connection wants to delete database 'draft-01dbd9bf-a51d-4e61-9bdd-06bd0f87e545'. Closing db now to resume the delete request.
verify	Run npm test	2026-10-09T09:41:34.6819249Z 
verify	Run npm test	2026-10-09T09:41:34.7419639Z [90mstderr[2m | src/storage/rb06Recovery.test.ts[2m > [22m[2mRB06 complete recovery and arbitrary historical selection[2m > [22m[2mupgrades a v1 database with genuine old native content by appending operational tables without changing saved IDs or replay
verify	Run npm test	2026-10-09T09:41:34.7422341Z [22m[39mAnother connection wants to delete database 'v1-upgrade-fad134b5-9c63-4e6f-9c3d-e14b901da170'. Closing db now to resume the delete request.
verify	Run npm test	2026-10-09T09:41:34.7423433Z 
verify	Run npm test	2026-10-09T09:41:34.7445640Z  [32m✓[39m src/storage/rb06Recovery.test.ts [2m([22m[2m13 tests[22m[2m)[22m[33m 6901[2mms[22m[39m
verify	Run npm test	2026-10-09T09:41:34.7471342Z    [32m✓[39m RB06 complete recovery and arbitrary historical selection [2m(13)[22m
verify	Run npm test	2026-10-09T09:41:34.7476059Z      [33m[2m✓[22m[39m preserves a declared item ID shared with runtime inventories through enumeration and clone recovery[33m 1345[2mms[22m[39m
verify	Run npm test	2026-10-09T09:41:34.7477868Z      [33m[2m✓[22m[39m selects history older than fifty, distinguishes unit from whole, freezes approval and retains immutable editions[33m 1007[2mms[22m[39m
verify	Run npm test	2026-10-09T09:41:34.7479558Z      [33m[2m✓[22m[39m atomically maps all source IDs into another project while preserving source timelines and portable pending origins[33m 425[2mms[22m[39m
verify	Run npm test	2026-10-09T09:41:34.7481517Z      [33m[2m✓[22m[39m restores every kind, stable body IDs, selected immutable edition, transitive worlds, author receipts, bytes and ordered pending to empty and clone environments[33m 3512[2mms[22m[39m
verify	Run npm test	2026-10-09T09:41:34.8922538Z  [32m✓[39m tests/rb05-narrative-boundaries.test.ts [2m([22m[2m14 tests[22m[2m)[22m[32m 90[2mms[22m[39m
verify	Run npm test	2026-10-09T09:41:35.2764578Z  [32m✓[39m tests/timeEditing.test.ts [2m([22m[2m11 tests[22m[2m)[22m[32m 200[2mms[22m[39m
verify	Run npm test	2026-10-09T09:41:35.7303813Z  [32m✓[39m tests/rb05-edition-extra.test.ts [2m([22m[2m9 tests[22m[2m)[22m[33m 666[2mms[22m[39m
verify	Run npm test	2026-10-09T09:41:35.9781654Z  [32m✓[39m tests/review-runtime-regressions.test.ts [2m([22m[2m10 tests[22m[2m)[22m[32m 44[2mms[22m[39m
verify	Run npm test	2026-10-09T09:41:35.9876630Z  [32m✓[39m tests/rb05-reconfirmation.test.ts [2m([22m[2m7 tests[22m[2m)[22m[33m 425[2mms[22m[39m
verify	Run npm test	2026-10-09T09:41:36.1799625Z  [32m✓[39m src/domain/catalog.test.ts [2m([22m[2m10 tests[22m[2m)[22m[32m 25[2mms[22m[39m
verify	Run npm test	2026-10-09T09:41:36.6969223Z  [32m✓[39m tests/rb05-persistence-boundaries.test.ts [2m([22m[2m9 tests[22m[2m)[22m[32m 194[2mms[22m[39m
verify	Run npm test	2026-10-09T09:41:36.7139623Z  [32m✓[39m src/storage/worldPins.test.ts [2m([22m[2m8 tests[22m[2m)[22m[33m 455[2mms[22m[39m
verify	Run npm test	2026-10-09T09:41:36.9099166Z [90mstdout[2m | src/storage/storage.test.ts[2m > [22m[2matomic IndexedDB commands[2m > [22m[2mkeeps all rows beyond a read batch, rejects late corruption and cancels without changing native storage
verify	Run npm test	2026-10-09T09:41:36.9100381Z [22m[39mbounded-cold-read phase late foreign
verify	Run npm test	2026-10-09T09:41:36.9100658Z 
verify	Run npm test	2026-10-09T09:41:37.2617759Z  [32m✓[39m tests/rb05-structure-reading.test.ts [2m([22m[2m6 tests[22m[2m)[22m[32m 248[2mms[22m[39m
verify	Run npm test	2026-10-09T09:41:37.2953052Z  [32m✓[39m tests/rb05-edition-boundaries.test.ts [2m([22m[2m6 tests[22m[2m)[22m[32m 294[2mms[22m[39m
verify	Run npm test	2026-10-09T09:41:37.5152075Z  [32m✓[39m src/domain/changeReviews.test.ts [2m([22m[2m6 tests[22m[2m)[22m[32m 79[2mms[22m[39m
verify	Run npm test	2026-10-09T09:41:37.7554837Z  [32m✓[39m tests/rb05-native-roundtrip.test.ts [2m([22m[2m4 tests[22m[2m)[22m[32m 225[2mms[22m[39m
verify	Run npm test	2026-10-09T09:41:38.0192105Z  [32m✓[39m tests/rb05-narrative.test.ts [2m([22m[2m6 tests[22m[2m)[22m[32m 58[2mms[22m[39m
verify	Run npm test	2026-10-09T09:41:38.0641336Z [90mstderr[2m | src/storage/rb09Sync.test.ts[2m > [22m[2mnative prepared synchronization (contract server, not real Auth/RLS/Storage)[2m > [22m[2mprepares from confirmed common base rather than the last local command, merges separate fields, persists ack and reopens the same native edition
verify	Run npm test	2026-10-09T09:41:38.0658958Z [22m[39mAnother connection wants to delete database 'rb09-8582c4fb-8513-45de-b09e-0ad74924e379'. Closing db now to resume the delete request.
verify	Run npm test	2026-10-09T09:41:38.0687792Z 
verify	Run npm test	2026-10-09T09:41:38.3330152Z [90mstderr[2m | src/storage/rb09Sync.test.ts[2m > [22m[2mnative prepared synchronization (contract server, not real Auth/RLS/Storage)[2m > [22m[2mkeeps the entire rejected batch and base/local/server alternatives across cold reopen, rejects changed approval, and confirms an explicit server resolution
verify	Run npm test	2026-10-09T09:41:38.3338789Z [22m[39mAnother connection wants to delete database 'rb09-b466f5a2-af05-47c0-b3bf-e430dd49164e'. Closing db now to resume the delete request.
verify	Run npm test	2026-10-09T09:41:38.3339490Z 
verify	Run npm test	2026-10-09T09:41:38.3524990Z  [32m✓[39m tests/presentation.test.ts [2m([22m[2m13 tests[22m[2m)[22m[32m 117[2mms[22m[39m
verify	Run npm test	2026-10-09T09:41:38.4348244Z  [32m✓[39m src/storage/rb09Sync.test.ts [2m([22m[2m5 tests[22m[2m)[22m[33m 607[2mms[22m[39m
verify	Run npm test	2026-10-09T09:41:38.6449019Z  [32m✓[39m src/domain/linkCandidates.test.ts [2m([22m[2m7 tests[22m[2m)[22m[32m 28[2mms[22m[39m
verify	Run npm test	2026-10-09T09:41:39.0639276Z [90mstderr[2m | src/storage/cacheConcurrency.test.ts[2m > [22m[2mdoes not repopulate caches when an initial uncached read resumes after close
verify	Run npm test	2026-10-09T09:41:39.0642527Z [22m[39mAnother connection wants to delete database 'cache-close-33cda280-10dc-4be7-9e95-760d1849cd07'. Closing db now to resume the delete request.
verify	Run npm test	2026-10-09T09:41:39.0643640Z 
verify	Run npm test	2026-10-09T09:41:39.1319706Z [90mstderr[2m | src/storage/flowWorldDurability.test.ts[2m > [22m[2mRV04 exact fixed world across native save, restore and clone (fake IndexedDB)[2m > [22m[2mkeeps gate, borrowed values, saved replay and hashes tied to the old edition after world revision
verify	Run npm test	2026-10-09T09:41:39.1334359Z [22m[39mAnother connection wants to delete database 'flow-world-d8456ea9-3a5b-49a6-b185-093140463e19'. Closing db now to resume the delete request.
verify	Run npm test	2026-10-09T09:41:39.1335612Z 
verify	Run npm test	2026-10-09T09:41:39.1337911Z  [32m✓[39m src/storage/cacheConcurrency.test.ts [2m([22m[2m4 tests[22m[2m)[22m[32m 217[2mms[22m[39m
verify	Run npm test	2026-10-09T09:41:39.1342824Z  [32m✓[39m src/storage/flowWorldDurability.test.ts [2m([22m[2m2 tests[22m[2m)[22m[33m 532[2mms[22m[39m
verify	Run npm test	2026-10-09T09:41:39.1359229Z    [32m✓[39m RV04 exact fixed world across native save, restore and clone (fake IndexedDB) [2m(2)[22m
verify	Run npm test	2026-10-09T09:41:39.1360971Z      [33m[2m✓[22m[39m keeps gate, borrowed values, saved replay and hashes tied to the old edition after world revision[33m 381[2mms[22m[39m
verify	Run npm test	2026-10-09T09:41:39.3968764Z  [32m✓[39m tests/rb05-state-exploration.test.ts [2m([22m[2m5 tests[22m[2m)[22m[32m 67[2mms[22m[39m
verify	Run npm test	2026-10-09T09:41:39.5990580Z  [32m✓[39m src/ui/viewPreferences.test.ts [2m([22m[2m8 tests[22m[2m)[22m[32m 8[2mms[22m[39m
verify	Run npm test	2026-10-09T09:41:39.8136371Z  [32m✓[39m src/domain/publicCatalog.test.ts [2m([22m[2m2 tests[22m[2m)[22m[32m 16[2mms[22m[39m
verify	Run npm test	2026-10-09T09:41:40.9299088Z  [32m✓[39m src/storage/recordParts.test.ts [2m([22m[2m6 tests[22m[2m)[22m[33m 1588[2mms[22m[39m
verify	Run npm test	2026-10-09T09:41:40.9328839Z    [33m[2m✓[22m[39m refuses missing, altered, wrong-scope and repeated parts, cyclic graphs, sparse arrays and cancelled work[33m 1466[2mms[22m[39m
verify	Run npm test	2026-10-09T09:41:41.6633597Z [90mstderr[2m | src/storage/rb10Reviews.test.ts[2m > [22m[2mAT-F29 preserves the original version, Unicode quotation and production task through failure, deletion, stages, cold reload and complete clone restoration
verify	Run npm test	2026-10-09T09:41:41.6638204Z [22m[39mAnother connection wants to delete database 'rb10-review-d67ca099-4159-4d4c-a9f0-5590cf9814a7'. Closing db now to resume the delete request.
verify	Run npm test	2026-10-09T09:41:41.6639413Z 
verify	Run npm test	2026-10-09T09:41:41.6914812Z  [32m✓[39m src/storage/rb10Reviews.test.ts [2m([22m[2m3 tests[22m[2m)[22m[33m 452[2mms[22m[39m
verify	Run npm test	2026-10-09T09:41:41.6929582Z    [33m[2m✓[22m[39m AT-F29 preserves the original version, Unicode quotation and production task through failure, deletion, stages, cold reload and complete clone restoration[33m 423[2mms[22m[39m
verify	Run npm test	2026-10-09T09:41:42.1751908Z [90mstderr[2m | src/storage/authorAlternativeAdoptionGuard.test.ts[2m > [22m[2mrejects unrelated adoption content and forged generated-review metadata atomically, then persists the exact derived review
verify	Run npm test	2026-10-09T09:41:42.1760609Z [22m[39mAnother connection wants to delete database 'independent-adoption-guard-023af8ee-d574-4aaa-836e-9ee5417dd893'. Closing db now to resume the delete request.
verify	Run npm test	2026-10-09T09:41:42.1764684Z 
verify	Run npm test	2026-10-09T09:41:42.1779608Z  [32m✓[39m src/storage/authorAlternativeAdoptionGuard.test.ts [2m([22m[2m1 test[22m[2m)[22m[32m 281[2mms[22m[39m
verify	Run npm test	2026-10-09T09:41:42.6636164Z [90mstdout[2m | src/storage/storage.test.ts[2m > [22m[2matomic IndexedDB commands[2m > [22m[2mkeeps all rows beyond a read batch, rejects late corruption and cancels without changing native storage
verify	Run npm test	2026-10-09T09:41:42.6676142Z [22m[39mbounded-cold-read phase repair entity
verify	Run npm test	2026-10-09T09:41:42.6686022Z 
verify	Run npm test	2026-10-09T09:41:42.6720827Z  [32m✓[39m src/storage/rb10Diagnostics.test.ts [2m([22m[2m4 tests[22m[2m)[22m[32m 213[2mms[22m[39m
verify	Run npm test	2026-10-09T09:41:44.6344315Z  [32m✓[39m tests/timelineLayout.test.ts [2m([22m[2m5 tests[22m[2m)[22m[33m 1767[2mms[22m[39m
verify	Run npm test	2026-10-09T09:41:44.6368738Z    [32m✓[39m timeline lanes preserve references and all overlapping events [2m(5)[22m
verify	Run npm test	2026-10-09T09:41:44.6389013Z      [33m[2m✓[22m[39m represents every resolved ID in the large seeded fixture and every ID is reachable in virtual windows[33m 1523[2mms[22m[39m
verify	Run npm test	2026-10-09T09:41:44.8602695Z  [32m✓[39m src/domain/authorAlternativeIntegrity.test.ts [2m([22m[2m3 tests[22m[2m)[22m[32m 42[2mms[22m[39m
verify	Run npm test	2026-10-09T09:41:45.2122062Z  [32m✓[39m tests/conditionEditing.test.ts [2m([22m[2m6 tests[22m[2m)[22m[32m 90[2mms[22m[39m
verify	Run npm test	2026-10-09T09:41:45.4141606Z  [32m✓[39m src/domain/catalogEdits.test.ts [2m([22m[2m4 tests[22m[2m)[22m[32m 21[2mms[22m[39m
verify	Run npm test	2026-10-09T09:41:46.3779142Z  [32m✓[39m src/domain/catalogPerformance.test.ts [2m([22m[2m4 tests[22m[2m)[22m[33m 784[2mms[22m[39m
verify	Run npm test	2026-10-09T09:41:46.3808495Z    [32m✓[39m catalog batch evaluation cost and dependencies [2m(4)[22m
verify	Run npm test	2026-10-09T09:41:46.3813130Z      [33m[2m✓[22m[39m reads Standard records at most twice for production, foreshadow, participant and compound queries[33m 439[2mms[22m[39m
verify	Run npm test	2026-10-09T09:41:46.3815293Z      [33m[2m✓[22m[39m uses the same linear batch path for a saved dynamic collection[33m 340[2mms[22m[39m
verify	Run npm test	2026-10-09T09:41:46.5849285Z  [32m✓[39m src/storage/recordDictionary.test.ts [2m([22m[2m4 tests[22m[2m)[22m[32m 22[2mms[22m[39m
verify	Run npm test	2026-10-09T09:41:47.0201466Z  [32m✓[39m src/ui/SnapshotAnchorPreview.test.ts [2m([22m[2m2 tests[22m[2m)[22m[32m 67[2mms[22m[39m
verify	Run npm test	2026-10-09T09:41:47.2743923Z  [32m✓[39m tests/reader-fallback.test.ts [2m([22m[2m5 tests[22m[2m)[22m[32m 25[2mms[22m[39m
verify	Run npm test	2026-10-09T09:41:47.5498631Z  [32m✓[39m src/ui/referenceIndex.test.ts [2m([22m[2m3 tests[22m[2m)[22m[32m 112[2mms[22m[39m
verify	Run npm test	2026-10-09T09:41:47.7410881Z  [32m✓[39m src/domain/referenceChoices.test.ts [2m([22m[2m3 tests[22m[2m)[22m[32m 18[2mms[22m[39m
verify	Run npm test	2026-10-09T09:41:48.2356267Z  [32m✓[39m src/storage/rb05StateDurability.test.ts [2m([22m[2m1 test[22m[2m)[22m[32m 224[2mms[22m[39m
verify	Run npm test	2026-10-09T09:41:48.7908390Z  [32m✓[39m src/ui/WritingWorkspace.test.ts [2m([22m[2m3 tests[22m[2m)[22m[32m 37[2mms[22m[39m
verify	Run npm test	2026-10-09T09:41:48.9734086Z  [32m✓[39m tests/editorNavigation.test.ts [2m([22m[2m5 tests[22m[2m)[22m[32m 12[2mms[22m[39m
verify	Run npm test	2026-10-09T09:41:49.0739152Z [90mstdout[2m | src/storage/storage.test.ts[2m > [22m[2matomic IndexedDB commands[2m > [22m[2mkeeps all rows beyond a read batch, rejects late corruption and cancels without changing native storage
verify	Run npm test	2026-10-09T09:41:49.0740483Z [22m[39mbounded-cold-read phase final repair
verify	Run npm test	2026-10-09T09:41:49.0740819Z 
verify	Run npm test	2026-10-09T09:41:49.7594173Z  [32m✓[39m tests/timeResolver.test.ts [2m([22m[2m5 tests[22m[2m)[22m[33m 9720[2mms[22m[39m
verify	Run npm test	2026-10-09T09:41:49.7618278Z    [32m✓[39m canonical iterative time resolution [2m(5)[22m
verify	Run npm test	2026-10-09T09:41:49.7627749Z      [33m[2m✓[22m[39m validates, saves, reloads and restores a real 5,001-event relative chain[33m 9710[2mms[22m[39m
verify	Run npm test	2026-10-09T09:41:50.1384265Z  [32m✓[39m src/ui/Fields.test.ts [2m([22m[2m3 tests[22m[2m)[22m[32m 37[2mms[22m[39m
verify	Run npm test	2026-10-09T09:41:50.3415618Z  [32m✓[39m tests/production.test.ts [2m([22m[2m3 tests[22m[2m)[22m[32m 17[2mms[22m[39m
verify	Run npm test	2026-10-09T09:41:50.5330055Z  [32m✓[39m src/domain/notes.test.ts [2m([22m[2m5 tests[22m[2m)[22m[32m 23[2mms[22m[39m
verify	Run npm test	2026-10-09T09:41:50.9008978Z  [32m✓[39m src/ui/AuthorAlternativeDraft.test.ts [2m([22m[2m2 tests[22m[2m)[22m[32m 6[2mms[22m[39m
verify	Run npm test	2026-10-09T09:41:51.2198951Z  [32m✓[39m tests/rb05-reuse-nested.test.ts [2m([22m[2m1 test[22m[2m)[22m[32m 83[2mms[22m[39m
verify	Run npm test	2026-10-09T09:41:51.4591508Z  [32m✓[39m tests/readingExportOrder.test.ts [2m([22m[2m1 test[22m[2m)[22m[32m 41[2mms[22m[39m
verify	Run npm test	2026-10-09T09:41:51.6320076Z  [32m✓[39m tests/rb05-reuse-hierarchy.test.ts [2m([22m[2m1 test[22m[2m)[22m[32m 31[2mms[22m[39m
verify	Run npm test	2026-10-09T09:41:51.7792550Z  [32m✓[39m tests/stateMeaning.test.ts [2m([22m[2m1 test[22m[2m)[22m[32m 16[2mms[22m[39m
verify	Run npm test	2026-10-09T09:41:51.8781825Z  [32m✓[39m src/ui/structuredNumberDrafts.test.ts [2m([22m[2m3 tests[22m[2m)[22m[32m 4[2mms[22m[39m
verify	Run npm test	2026-10-09T09:41:52.1057015Z  [32m✓[39m src/ui/TextAnnotations.test.ts [2m([22m[2m1 test[22m[2m)[22m[32m 23[2mms[22m[39m
verify	Run npm test	2026-10-09T09:41:52.2623719Z  [32m✓[39m src/ui/draftState.test.ts [2m([22m[2m2 tests[22m[2m)[22m[32m 9[2mms[22m[39m
verify	Run npm test	2026-10-09T09:41:52.3884584Z  [32m✓[39m tests/editorState.test.ts [2m([22m[2m2 tests[22m[2m)[22m[32m 4[2mms[22m[39m
verify	Run npm test	2026-10-09T09:41:52.5251941Z  [32m✓[39m src/domain/catalogPositions.test.ts [2m([22m[2m3 tests[22m[2m)[22m[32m 11[2mms[22m[39m
verify	Run npm test	2026-10-09T09:41:52.6881891Z  [32m✓[39m src/ui/linkCandidatePreferences.test.ts [2m([22m[2m2 tests[22m[2m)[22m[32m 3[2mms[22m[39m
verify	Run npm test	2026-10-09T09:41:52.8443326Z  [32m✓[39m tests/maintenance.test.ts [2m([22m[2m1 test[22m[2m)[22m[32m 20[2mms[22m[39m
verify	Run npm test	2026-10-09T09:41:52.9891132Z  [32m✓[39m src/storage/jsonValidation.test.ts [2m([22m[2m2 tests[22m[2m)[22m[32m 6[2mms[22m[39m
verify	Run npm test	2026-10-09T09:41:53.1604726Z  [32m✓[39m src/domain/worldSources.test.ts [2m([22m[2m2 tests[22m[2m)[22m[32m 8[2mms[22m[39m
verify	Run npm test	2026-10-09T09:41:53.2979048Z  [32m✓[39m tests/attachments.test.ts [2m([22m[2m3 tests[22m[2m)[22m[32m 11[2mms[22m[39m
verify	Run npm test	2026-10-09T09:41:53.4369046Z  [32m✓[39m tests/diagnostics.test.ts [2m([22m[2m1 test[22m[2m)[22m[32m 5[2mms[22m[39m
verify	Run npm test	2026-10-09T09:41:54.9397372Z [90mstderr[2m | src/storage/storage.test.ts[2m > [22m[2matomic IndexedDB commands[2m > [22m[2mkeeps all rows beyond a read batch, rejects late corruption and cancels without changing native storage
verify	Run npm test	2026-10-09T09:41:54.9399579Z [22m[39mAnother connection wants to delete database 'bounded-cold-read-dc63b4aa-b0c7-46d9-8847-005a5a7f24b1'. Closing db now to resume the delete request.
verify	Run npm test	2026-10-09T09:41:54.9400606Z 
verify	Run npm test	2026-10-09T09:41:54.9401900Z [90mstderr[2m | src/storage/storage.test.ts[2m > [22m[2matomic IndexedDB commands[2m > [22m[2mkeeps all rows beyond a read batch, rejects late corruption and cancels without changing native storage
verify	Run npm test	2026-10-09T09:41:54.9404314Z [22m[39mAnother connection wants to delete database 'bounded-cold-read-dc63b4aa-b0c7-46d9-8847-005a5a7f24b1'. Closing db now to resume the delete request.
verify	Run npm test	2026-10-09T09:41:54.9405232Z 
verify	Run npm test	2026-10-09T09:41:54.9871450Z [90mstderr[2m | src/storage/storage.test.ts[2m > [22m[2matomic IndexedDB commands[2m > [22m[2mretains committed header order on a cold range read and refuses missing or foreign rows without changing durable data
verify	Run npm test	2026-10-09T09:41:54.9873548Z [22m[39mAnother connection wants to delete database 'range-integrity-6d762385-994f-4287-b50c-2803d7f76694'. Closing db now to resume the delete request.
verify	Run npm test	2026-10-09T09:41:54.9874502Z 
verify	Run npm test	2026-10-09T09:41:54.9875884Z [90mstderr[2m | src/storage/storage.test.ts[2m > [22m[2matomic IndexedDB commands[2m > [22m[2mretains committed header order on a cold range read and refuses missing or foreign rows without changing durable data
verify	Run npm test	2026-10-09T09:41:54.9877929Z [22m[39mAnother connection wants to delete database 'range-integrity-6d762385-994f-4287-b50c-2803d7f76694'. Closing db now to resume the delete request.
verify	Run npm test	2026-10-09T09:41:54.9880259Z 
verify	Run npm test	2026-10-09T09:41:55.0557470Z [90mstderr[2m | src/storage/storage.test.ts[2m > [22m[2matomic IndexedDB commands[2m > [22m[2mhydrates private cold rows without changing stored blocks, drafts or fixed snapshots
verify	Run npm test	2026-10-09T09:41:55.0559408Z [22m[39mAnother connection wants to delete database 'private-hydration-4518171e-0ef8-43b4-9142-62cea340c42d'. Closing db now to resume the delete request.
verify	Run npm test	2026-10-09T09:41:55.0560317Z 
verify	Run npm test	2026-10-09T09:41:55.0891349Z [90mstderr[2m | src/storage/storage.test.ts[2m > [22m[2matomic IndexedDB commands[2m > [22m[2mpersists stable IDs, links, original text and huge negative ticks across restart; undo appends history
verify	Run npm test	2026-10-09T09:41:55.0893647Z [22m[39mAnother connection wants to delete database 'restart-2da1107c-2f27-420e-89df-680e4c46b2c8'. Closing db now to resume the delete request.
verify	Run npm test	2026-10-09T09:41:55.0894548Z 
verify	Run npm test	2026-10-09T09:41:55.6538477Z  [32m✓[39m src/storage/storage.test.ts [2m([22m[2m46 tests[22m[2m)[22m[33m 34517[2mms[22m[39m
verify	Run npm test	2026-10-09T09:41:55.6539354Z    [32m✓[39m atomic IndexedDB commands [2m(17)[22m
verify	Run npm test	2026-10-09T09:41:55.6547310Z      [33m[2m✓[22m[39m keeps all rows beyond a read batch, rejects late corruption and cancels without changing native storage[33m 33803[2mms[22m[39m
verify	Run npm test	2026-10-09T09:43:44.6520928Z  [32m✓[39m tests/performanceFixture.test.ts [2m([22m[2m2 tests[22m[2m)[22m[33m 115513[2mms[22m[39m
verify	Run npm test	2026-10-09T09:43:44.6590652Z    [32m✓[39m performance dataset provenance [2m(2)[22m
verify	Run npm test	2026-10-09T09:43:44.6594774Z      [33m[2m✓[22m[39m produces a deterministic, populated standard fixture with explicit unmeasured asset bytes[33m 376[2mms[22m[39m
verify	Run npm test	2026-10-09T09:43:44.6596687Z      [33m[2m✓[22m[39m includes actual bounded Large materials and restores every byte from a complete file[33m 115135[2mms[22m[39m
verify	Run npm test	2026-10-09T09:43:44.6628077Z 
verify	Run npm test	2026-10-09T09:43:44.6658578Z [2m Test Files [22m [1m[32m81 passed[39m[22m[90m (81)[39m
verify	Run npm test	2026-10-09T09:43:44.6671982Z [2m      Tests [22m [1m[32m764 passed[39m[22m[90m (764)[39m
verify	Run npm test	2026-10-09T09:43:44.6678150Z [2m   Start at [22m 09:41:19
verify	Run npm test	2026-10-09T09:43:44.6678953Z [2m   Duration [22m 145.10s[2m (tests 94%, import 4%, transform 2%)[22m
verify	Run npm test	2026-10-09T09:43:44.6679467Z 
verify	Run npm run build	﻿2026-10-09T09:43:44.7709490Z ##[group]Run npm run build
verify	Run npm run build	2026-10-09T09:43:44.7709847Z [36;1mnpm run build[0m
verify	Run npm run build	2026-10-09T09:43:44.7760596Z shell: /usr/bin/bash -e {0}
verify	Run npm run build	2026-10-09T09:43:44.7760936Z env:
verify	Run npm run build	2026-10-09T09:43:44.7761388Z   CHROMIUM_PATH: /home/runner/.cache/ms-playwright/chromium-1243/chrome-linux64/chrome
verify	Run npm run build	2026-10-09T09:43:44.7761880Z ##[endgroup]
verify	Run npm run build	2026-10-09T09:43:44.8613133Z 
verify	Run npm run build	2026-10-09T09:43:44.8613527Z > shinariokanri@0.1.0 prebuild
verify	Run npm run build	2026-10-09T09:43:44.8614015Z > node scripts/build/portable-runtime.mjs
verify	Run npm run build	2026-10-09T09:43:44.8614316Z 
verify	Run npm run build	2026-10-09T09:43:44.9688827Z Production portable runtime generated: 144514 characters
verify	Run npm run build	2026-10-09T09:43:45.0203381Z 
verify	Run npm run build	2026-10-09T09:43:45.0203827Z > shinariokanri@0.1.0 build
verify	Run npm run build	2026-10-09T09:43:45.0204582Z > tsc -b && vite build && node scripts/build/service-worker.mjs
verify	Run npm run build	2026-10-09T09:43:45.0205100Z 
verify	Run npm run build	2026-10-09T09:43:46.8293091Z [36mvite v8.3.2 [32mbuilding client environment for production...[36m[39m
verify	Run npm run build	2026-10-09T09:43:46.8402008Z transforming...
verify	Run npm run build	2026-10-09T09:43:47.1794861Z ✓ 188 modules transformed.
verify	Run npm run build	2026-10-09T09:43:47.2670003Z rendering chunks...
verify	Run npm run build	2026-10-09T09:43:47.4524488Z computing gzip size...
verify	Run npm run build	2026-10-09T09:43:47.4760048Z dist/index.html                                    0.65 kB │ gzip:   0.45 kB
verify	Run npm run build	2026-10-09T09:43:47.4760525Z dist/assets/recordParts.worker-T_qEKL4N.js         8.33 kB
verify	Run npm run build	2026-10-09T09:43:47.4760917Z dist/assets/readValidation.worker-ml078vLf.js    283.35 kB
verify	Run npm run build	2026-10-09T09:43:47.4761305Z dist/assets/archiveExport.worker-BGcKFGSj.js     318.30 kB
verify	Run npm run build	2026-10-09T09:43:47.4761678Z dist/assets/archive.worker-Db8yCkQz.js           322.55 kB
verify	Run npm run build	2026-10-09T09:43:47.4762167Z dist/assets/index-Cl54geVe.css                    76.22 kB │ gzip:  15.13 kB
verify	Run npm run build	2026-10-09T09:43:47.4762732Z dist/assets/presentation-p0FcZTIj.js             213.26 kB │ gzip:  66.30 kB
verify	Run npm run build	2026-10-09T09:43:47.4763246Z dist/assets/index-DkNONEFR.js                  1,822.93 kB │ gzip: 537.70 kB
verify	Run npm run build	2026-10-09T09:43:47.4763476Z 
verify	Run npm run build	2026-10-09T09:43:47.4765695Z [33m[33m[INEFFECTIVE_DYNAMIC_IMPORT] [0msrc/sync/publicShare.ts is dynamically imported by src/storage/store.ts but also statically imported by src/ui/SharedPortal.tsx, dynamic import will not move module into another chunk.
verify	Run npm run build	2026-10-09T09:43:47.4766811Z [39m
verify	Run npm run build	2026-10-09T09:43:47.4767337Z [33m[plugin builtin:vite-reporter] 
verify	Run npm run build	2026-10-09T09:43:47.4767882Z (!) Some chunks are larger than 500 kB after minification. Consider:
verify	Run npm run build	2026-10-09T09:43:47.4768451Z - Using dynamic import() to code-split the application
verify	Run npm run build	2026-10-09T09:43:47.4769404Z - Use build.rolldownOptions.output.codeSplitting to improve chunking: https://rolldown.rs/reference/OutputOptions.codeSplitting
verify	Run npm run build	2026-10-09T09:43:47.4770494Z - Adjust chunk size limit for this warning via build.chunkSizeWarningLimit.[39m
verify	Run npm run build	2026-10-09T09:43:47.4772750Z [33m[33m[INEFFECTIVE_DYNAMIC_IMPORT] [0msrc/domain/runtime.ts is dynamically imported by src/domain/projectRecordValidation.ts but also statically imported by src/domain/gameProtocol.ts, src/domain/runtimeVerified.ts, src/domain/traceReconfirmation.ts, src/ui/Reader.tsx, dynamic import will not move module into another chunk.
verify	Run npm run build	2026-10-09T09:43:47.4774059Z [39m
verify	Run npm run build	2026-10-09T09:43:47.4775431Z [33m[33m[INEFFECTIVE_DYNAMIC_IMPORT] [0msrc/domain/runtimeVerified.ts is dynamically imported by src/domain/checkpoints.ts but also statically imported by src/domain/gameProtocol.ts, src/domain/productionPlanning.ts, src/domain/traceReconfirmation.ts, src/ui/ProductionReviewPanel.tsx, src/ui/Reader.tsx, dynamic import will not move module into another chunk.
verify	Run npm run build	2026-10-09T09:43:47.4776403Z [39m
verify	Run npm run build	2026-10-09T09:43:47.4777866Z [33m[33m[INEFFECTIVE_DYNAMIC_IMPORT] [0msrc/domain/gameProtocol.ts is dynamically imported by src/domain/projectRecordValidation.ts but also statically imported by src/domain/gameHandoff.ts, dynamic import will not move module into another chunk.
verify	Run npm run build	2026-10-09T09:43:47.4779152Z [39m
verify	Run npm run build	2026-10-09T09:43:47.4779437Z [32m✓ built in 647ms[39m
verify	Run npm run build	2026-10-09T09:43:47.5467300Z Offline shell generated: 2a66d4ad1836ebd00946, /shinariokanri/
verify	Run BROWSER_ENGINES=all npm run test:e2e	﻿2026-10-09T09:43:47.5560910Z ##[group]Run BROWSER_ENGINES=all npm run test:e2e
verify	Run BROWSER_ENGINES=all npm run test:e2e	2026-10-09T09:43:47.5561263Z [36;1mBROWSER_ENGINES=all npm run test:e2e[0m
verify	Run BROWSER_ENGINES=all npm run test:e2e	2026-10-09T09:43:47.5596179Z shell: /usr/bin/bash -e {0}
verify	Run BROWSER_ENGINES=all npm run test:e2e	2026-10-09T09:43:47.5596427Z env:
verify	Run BROWSER_ENGINES=all npm run test:e2e	2026-10-09T09:43:47.5596748Z   CHROMIUM_PATH: /home/runner/.cache/ms-playwright/chromium-1243/chrome-linux64/chrome
verify	Run BROWSER_ENGINES=all npm run test:e2e	2026-10-09T09:43:47.5597202Z ##[endgroup]
verify	Run BROWSER_ENGINES=all npm run test:e2e	2026-10-09T09:43:47.6361032Z 
verify	Run BROWSER_ENGINES=all npm run test:e2e	2026-10-09T09:43:47.6361386Z > shinariokanri@0.1.0 test:e2e
verify	Run BROWSER_ENGINES=all npm run test:e2e	2026-10-09T09:43:47.6361736Z > playwright test
verify	Run BROWSER_ENGINES=all npm run test:e2e	2026-10-09T09:43:47.6361876Z 
verify	Run BROWSER_ENGINES=all npm run test:e2e	2026-10-09T09:43:50.5571332Z 
verify	Run BROWSER_ENGINES=all npm run test:e2e	2026-10-09T09:43:50.5571978Z Running 261 tests using 1 worker
verify	Run BROWSER_ENGINES=all npm run test:e2e	2026-10-09T09:43:50.5572406Z 
verify	Run BROWSER_ENGINES=all npm run test:e2e	2026-10-09T09:43:53.8002511Z   ✓    1 [chromium] › tests/e2e/catalog-notes.spec.ts:24:1 › 保存した複合一覧の再適用、一括変更、索引分類を通常フォームで行う (2.7s)
verify	Run BROWSER_ENGINES=all npm run test:e2e	2026-10-09T09:43:55.8674109Z   ✓    2 [chromium] › tests/e2e/catalog-notes.spec.ts:48:1 › 狭い画面で文章メモを場面へ変換し元メモと履歴を保持する (2.1s)
verify	Run BROWSER_ENGINES=all npm run test:e2e	2026-10-09T09:43:57.7085522Z   ✓    3 [chromium] › tests/e2e/catalog-notes.spec.ts:64:1 › 短い文章メモの未保存入力を詳細パネルの閉じ直し後も保持する (1.8s)
verify	Run BROWSER_ENGINES=all npm run test:e2e	2026-10-09T09:44:00.4025869Z   ✓    4 [chromium] › tests/e2e/catalog-notes.spec.ts:75:1 › 録音許可の拒否を説明し、文章と画像メモを保存ファイルまで保持する (2.7s)
verify	Run BROWSER_ENGINES=all npm run test:e2e	2026-10-09T09:44:02.8964520Z   ✓    5 [chromium] › tests/e2e/catalog-notes.spec.ts:104:1 › 日本語索引の表記候補を連続入力して保存・再表示しても文字と焦点を保つ (2.5s)
verify	Run BROWSER_ENGINES=all npm run test:e2e	2026-10-09T09:44:04.7052866Z   ✓    6 [chromium] › tests/e2e/editor-navigation.spec.ts:37:1 › B10/F27 本文リンクから戻り、逆参照でも同じ段落の絵文字後の語句を正確に開く (1.8s)
verify	Run BROWSER_ENGINES=all npm run test:e2e	2026-10-09T09:44:06.1391548Z   ✓    7 [chromium] › tests/e2e/editor-navigation.spec.ts:63:1 › B01 参照元と固定版の影響を示して参照中のアーカイブを止め、未参照の保持指定も個別に確認する (1.4s)
verify	Run BROWSER_ENGINES=all npm run test:e2e	2026-10-09T09:44:08.6509155Z   ✓    8 [chromium] › tests/e2e/editor-regressions.spec.ts:45:1 › RG-R01 本文の注記と提示位置が絵文字を含む前方挿入に追従し、再読込後も人物を開ける (2.5s)
verify	Run BROWSER_ENGINES=all npm run test:e2e	2026-10-09T09:44:11.3213251Z   ✓    9 [chromium] › tests/e2e/editor-regressions.spec.ts:67:61 › RG-R05 booleanの複数値をフォームで追加し、演算切替を取り消して保存・再読込・試読する (2.7s)
verify	Run BROWSER_ENGINES=all npm run test:e2e	2026-10-09T09:44:14.8097357Z   ✓   10 [chromium] › tests/e2e/editor-regressions.spec.ts:67:61 › RG-R05 integerの複数値をフォームで追加し、演算切替を取り消して保存・再読込・試読する (3.5s)
verify	Run BROWSER_ENGINES=all npm run test:e2e	2026-10-09T09:44:18.2542005Z   ✓   11 [chromium] › tests/e2e/editor-regressions.spec.ts:67:61 › RG-R05 enumの複数値をフォームで追加し、演算切替を取り消して保存・再読込・試読する (3.4s)
verify	Run BROWSER_ENGINES=all npm run test:e2e	2026-10-09T09:44:21.3532558Z   ✓   12 [chromium] › tests/e2e/editor.spec.ts:21:1 › 人物の日本語入力を保存し再読み込みして完全保存・別端末領域へ復元できる (3.0s)
verify	Run BROWSER_ENGINES=all npm run test:e2e	2026-10-09T09:44:22.1658691Z   ✓   13 [chromium] › tests/e2e/editor.spec.ts:57:3 › 幅320pxで作品作成と資料の操作が画面内に収まる (799ms)
verify	Run BROWSER_ENGINES=all npm run test:e2e	2026-10-09T09:44:22.9816951Z   ✓   14 [chromium] › tests/e2e/editor.spec.ts:57:3 › 幅390pxで作品作成と資料の操作が画面内に収まる (807ms)
verify	Run BROWSER_ENGINES=all npm run test:e2e	2026-10-09T09:44:23.8262270Z   ✓   15 [chromium] › tests/e2e/editor.spec.ts:57:3 › 幅768pxで作品作成と資料の操作が画面内に収まる (828ms)
verify	Run BROWSER_ENGINES=all npm run test:e2e	2026-10-09T09:44:24.6456204Z   ✓   16 [chromium] › tests/e2e/editor.spec.ts:57:3 › 幅1024pxで作品作成と資料の操作が画面内に収まる (807ms)
verify	Run BROWSER_ENGINES=all npm run test:e2e	2026-10-09T09:44:25.4341730Z   ✓   17 [chromium] › tests/e2e/editor.spec.ts:57:3 › 幅1440pxで作品作成と資料の操作が画面内に収まる (776ms)
verify	Run BROWSER_ENGINES=all npm run test:e2e	2026-10-09T09:44:26.4484856Z   ✓   18 [chromium] › tests/e2e/editor.spec.ts:67:1 › 初期画面の自動アクセシビリティ検査 (1.0s)
verify	Run BROWSER_ENGINES=all npm run test:e2e	2026-10-09T09:44:27.6504862Z   ✓   19 [chromium] › tests/e2e/editor.spec.ts:74:1 › 配信サーバー停止後にキャッシュ取得済みの作品を再開する (1.2s)
verify	Run BROWSER_ENGINES=all npm run test:e2e	2026-10-09T09:44:28.7439622Z   ✓   20 [chromium] › tests/e2e/editor.spec.ts:121:1 › サンプルの条件付き選択肢と巻き戻しを操作できる (1.1s)
verify	Run BROWSER_ENGINES=all npm run test:e2e	2026-10-09T09:44:30.6292983Z   ✓   21 [chromium] › tests/e2e/editor.spec.ts:143:1 › 不正JSONの未保存入力を画面移動後も保持する (1.9s)
verify	Run BROWSER_ENGINES=all npm run test:e2e	2026-10-09T09:44:32.7466431Z   ✓   22 [chromium] › tests/e2e/editor.spec.ts:162:1 › 保存に失敗した名前を二回の画面移動後も未保存として保持する (2.1s)
verify	Run BROWSER_ENGINES=all npm run test:e2e	2026-10-09T09:44:34.8164647Z   ✓   23 [chromium] › tests/e2e/project-drafts.spec.ts:18:1 › 同じ情報IDを持つ別作品でも未保存の雛形入力を作品ごとに保持する (2.0s)
verify	Run BROWSER_ENGINES=all npm run test:e2e	2026-10-09T09:44:36.9321329Z   ✓   24 [chromium] › tests/e2e/rb05-reconfirmation.spec.ts:19:1 › 別版の途中開始を差分確認・原子保存・再読込し、移行した状態から試読する (2.1s)
verify	Run BROWSER_ENGINES=all npm run test:e2e	2026-10-09T09:44:38.9546347Z   ✓   25 [chromium] › tests/e2e/rb05-reconfirmation.spec.ts:26:1 › 改訂稿の経路を再実行・別証跡保存・再読込し、旧金額3と新金額7をそれぞれ再生する (2.0s)
verify	Run BROWSER_ENGINES=all npm run test:e2e	2026-10-09T09:44:40.5530901Z   ✓   26 [chromium] › tests/e2e/rb05-reconfirmation.spec.ts:33:1 › 保存失敗で移行差分を保持し、再試行後にだけ保存完了を表示する (1.6s)
verify	Run BROWSER_ENGINES=all npm run test:e2e	2026-10-09T09:44:41.9039653Z   ✓   27 [chromium] › tests/e2e/rb05-reconfirmation.spec.ts:41:1 › 移行差分確認後に入口を切り替えると保存を止め、固定した入口を表示する (1.3s)
verify	Run BROWSER_ENGINES=all npm run test:e2e	2026-10-09T09:44:44.6688335Z   ✓   28 [chromium] › tests/e2e/rb05-reconfirmation.spec.ts:51:1 › 個別章開始を明示移行し、通常画面で再確認・原子保存・再読込・完全保存する (2.8s)
verify	Run BROWSER_ENGINES=all npm run test:e2e	2026-10-09T09:44:46.4418968Z   ✓   29 [chromium] › tests/e2e/rb05-reconfirmation.spec.ts:63:1 › 章の移行で提示時点と選択範囲を画面移動・再起動後も保持し、変更時は再確認する (1.8s)
verify	Run BROWSER_ENGINES=all npm run test:e2e	2026-10-09T09:44:48.4129878Z   ✓   30 [chromium] › tests/e2e/rb05-reuse.spec.ts:11:1 › 固定callの内部graphから通常ボタンで呼出元へ戻り、経路を保存・cold再生する (1.9s)
verify	Run BROWSER_ENGINES=all npm run test:e2e	2026-10-09T09:44:50.4968420Z   ✓   31 [chromium] › tests/e2e/rb05-reuse.spec.ts:20:35 › 子出口の経路保存待ちを画面移動から保持し、最新propsの確認後に復帰する (2.1s)
verify	Run BROWSER_ENGINES=all npm run test:e2e	2026-10-09T09:44:52.7170981Z   ✓   32 [chromium] › tests/e2e/rb05-reuse.spec.ts:20:35 › 子出口の経路保存待ちを画面移動から保持し、失敗後の同じ経路を再試行する (2.2s)
verify	Run BROWSER_ENGINES=all npm run test:e2e	2026-10-09T09:44:54.3838884Z   ✓   33 [chromium] › tests/e2e/rb05-reuse.spec.ts:28:1 › 経路再生待ちの再入へ保存版を反映し、次回の明示版選択を別画面往復から保持する (1.7s)
verify	Run BROWSER_ENGINES=all npm run test:e2e	2026-10-09T09:44:59.1615460Z   ✓   34 [chromium] › tests/e2e/rb05-reuse.spec.ts:35:1 › RB05 共通元を固定参照・独立複製・部分上書きで原子保存し、共通元改稿後の本文と再読込を確認する (4.8s)
verify	Run BROWSER_ENGINES=all npm run test:e2e	2026-10-09T09:45:00.6250474Z   ✓   35 [chromium] › tests/e2e/rb05-reuse.spec.ts:55:1 › 多重固定参照を完全保存から再読込し、旧本文の固定リンクと元のUnicode位置へ戻る (1.5s)
verify	Run BROWSER_ENGINES=all npm run test:e2e	2026-10-09T09:45:03.1714060Z   ✓   36 [chromium] › tests/e2e/rb05-structure-reading.spec.ts:11:1 › RB05 途中開始の状態値を通常フォームで編集し、画面移動・再読込・試読・巻戻へ接続する (2.5s)
verify	Run BROWSER_ENGINES=all npm run test:e2e	2026-10-09T09:45:05.3642111Z   ✓   37 [chromium] › tests/e2e/rb05-structure-reading.spec.ts:31:1 › RB05 反応系列の下書きを移動から再開し、作成・保存・再読込・初回／再訪を通常試読する (2.2s)
verify	Run BROWSER_ENGINES=all npm run test:e2e	2026-10-09T09:45:07.6937743Z   ✓   38 [chromium] › tests/e2e/rb05-structure-reading.spec.ts:48:1 › RB05 折りたたんだ章の未完成出口を掘り下げ、通常接続編集と再読込で集計へ反映する (2.3s)
verify	Run BROWSER_ENGINES=all npm run test:e2e	2026-10-09T09:45:11.0718409Z   ✓   39 [chromium] › tests/e2e/rb06-recovery.spec.ts:11:1 › 50件より古い版を通常検索し、単体復元と作品全体復元を区別して保存失敗・再入・cold再生する (3.4s)
verify	Run BROWSER_ENGINES=all npm run test:e2e	2026-10-09T09:45:13.5304850Z   ✓   40 [chromium] › tests/e2e/rb06-recovery.spec.ts:19:1 › 別作品の全ID対応を画面移動・cold再起動から再開し、失敗後に原子統合して元履歴・段落を完全保存する (2.4s)
verify	Run BROWSER_ENGINES=all npm run test:e2e	2026-10-09T09:45:15.0191420Z   ✓   41 [chromium] › tests/e2e/rb06-recovery.spec.ts:27:1 › 復元保存待ちの後に選んだ資料と作品を保持し、新規復元だけを一覧へ追加する (1.5s)
verify	Run BROWSER_ENGINES=all npm run test:e2e	2026-10-09T09:45:16.5851520Z   ✓   42 [chromium] › tests/e2e/rb06-recovery.spec.ts:35:1 › native保存ack待ちに届いた後続ファイルを保持し、先の新規復元が確認画面を開き直さない (1.6s)
verify	Run BROWSER_ENGINES=all npm run test:e2e	2026-10-09T09:45:19.2003114Z   ✓   43 [chromium] › tests/e2e/rb07-production.spec.ts:12:1 › 台詞分割の入力と差分を移動・失敗から再開し、旧新ID・翻訳確認待ちをcold保存と完全ファイルで確認する (2.6s)
verify	Run BROWSER_ENGINES=all npm run test:e2e	2026-10-09T09:45:21.0063243Z   ✓   44 [chromium] › tests/e2e/rb07-production.spec.ts:18:1 › 資料の取得日時と実動画bytesを通常保存し、再読込で安全な動画表示と不足状態を区別する (1.8s)
verify	Run BROWSER_ENGINES=all npm run test:e2e	2026-10-09T09:45:22.9414550Z   ✓   45 [chromium] › tests/e2e/rb07-production.spec.ts:22:1 › 現在原文を選び直した翻訳をhash承認し、期限外・没用語を除いたUnicode候補を指摘版ごと原子保存する (1.9s)
verify	Run BROWSER_ENGINES=all npm run test:e2e	2026-10-09T09:45:25.0574166Z   ✓   46 [chromium] › tests/e2e/rb08-handoff.spec.ts:24:1 › 制作見積の入力を移動とcold再開から保持し、quota拒否後の原子保存を完全ファイルへつなぐ (2.1s)
verify	Run BROWSER_ENGINES=all npm run test:e2e	2026-10-09T09:45:27.3333519Z   ✓   47 [chromium] › tests/e2e/rb08-handoff.spec.ts:26:1 › 旧媒体と元pinを保持し、未保存候補を再開して独立改訂・予定日・完全復元を確認する (2.3s)
verify	Run BROWSER_ENGINES=all npm run test:e2e	2026-10-09T09:45:30.0849338Z   ✓   48 [chromium] › tests/e2e/rb08-handoff.spec.ts:28:1 › 相談MDの出所と対象版をcold再開し、作者別案へ保存・選択採用して正本と採用記録を復元する (2.7s)
verify	Run BROWSER_ENGINES=all npm run test:e2e	2026-10-09T09:45:32.5004400Z   ✓   49 [chromium] › tests/e2e/rb08-handoff.spec.ts:30:1 › 通常出力を独立ゲームへ渡し、実勝利・経路・受領証跡を戻して原子保存・cold・完全復元する (2.4s)
verify	Run BROWSER_ENGINES=all npm run test:e2e	2026-10-09T09:45:37.4648038Z   ✓   50 [chromium] › tests/e2e/rb08-handoff.spec.ts:32:1 › 通常画面で旧版と現稿の公開範囲を作り、固定引用のUnicode位置を試遊ZIPから開いて戻り、承認をcold復元する (5.0s)
verify	Run BROWSER_ENGINES=all npm run test:e2e	2026-10-09T09:45:39.1685813Z   ✓   51 [chromium] › tests/e2e/rb08-handoff.spec.ts:38:1 › 通常画面で企画・プレイ行動・実装作業を照合し、容量失敗後に対象版付き確認を保存しcold完全復元する (1.7s)
verify	Run BROWSER_ENGINES=all npm run test:e2e	2026-10-09T09:45:41.0329152Z   ✓   52 [chromium] › tests/e2e/rb08-handoff.spec.ts:43:1 › 通常出力の試遊ZIPが同じ素材IDの旧動画decodeと新音声bytesを別々に検証して固定参照から戻る (1.9s)
verify	Run BROWSER_ENGINES=all npm run test:e2e	2026-10-09T09:45:41.9195497Z   ✓   53 [chromium] › tests/e2e/rb09-inputs.spec.ts:35:1 › active author screen keeps account controls reachable at PC and phone widths (867ms)
verify	Run BROWSER_ENGINES=all npm run test:e2e	2026-10-09T09:45:43.6290412Z   ✓   54 [chromium] › tests/e2e/rb09-inputs.spec.ts:37:1 › input DB commit resumes all A despite a cache quota fault and cold reauthentication (1.7s)
verify	Run BROWSER_ENGINES=all npm run test:e2e	2026-10-09T09:45:44.7821275Z   ✓   55 [chromium] › tests/e2e/rb09-inputs.spec.ts:39:1 › input TX failure leaves tool and workspace B intact and preserves visible input for retry (1.1s)
verify	Run BROWSER_ENGINES=all npm run test:e2e	2026-10-09T09:45:47.5685817Z   ✓   56 [chromium] › tests/e2e/rb09-inputs.spec.ts:41:1 › delayed complete archive and base commit preserve a later shared-screen navigation (2.8s)
verify	Run BROWSER_ENGINES=all npm run test:e2e	2026-10-09T09:45:49.0783603Z   ✓   57 [chromium] › tests/e2e/rb09-sharing.spec.ts:12:1 › approved fixed reference retains Unicode position, source return, comment version and cold cache without persisting Auth (1.5s)
verify	Run BROWSER_ENGINES=all npm run test:e2e	2026-10-09T09:45:50.0025008Z   ✓   58 [chromium] › tests/e2e/rb09-sharing.spec.ts:14:1 › revocation refuses a new snapshot and clears the cached displayed edition (906ms)
verify	Run BROWSER_ENGINES=all npm run test:e2e	2026-10-09T09:45:51.6079860Z   ✓   59 [chromium] › tests/e2e/rb09-sharing.spec.ts:16:1 › a requested fixed snapshot opens after a delayed metadata listing instead of being dropped by the initial busy lock (1.6s)
verify	Run BROWSER_ENGINES=all npm run test:e2e	2026-10-09T09:45:53.8269191Z   ✓   60 [chromium] › tests/e2e/rb10-completion.spec.ts:12:1 › paged chapter tail keeps original move indices, selection and cold return position through a complete save (2.2s)
verify	Run BROWSER_ENGINES=all npm run test:e2e	2026-10-09T09:45:55.4879346Z   ✓   61 [chromium] › tests/e2e/rb10-completion.spec.ts:18:1 › paged branch and production searches reach tail items without creating all DOM records (1.6s)
verify	Run BROWSER_ENGINES=all npm run test:e2e	2026-10-09T09:45:57.4408188Z   ✓   62 [chromium] › tests/e2e/rb10-completion.spec.ts:21:1 › an actual failed atomic save retains input and exports only optional diagnostic metadata (1.9s)
verify	Run BROWSER_ENGINES=all npm run test:e2e	2026-10-09T09:46:00.2093979Z   ✓   63 [chromium] › tests/e2e/rb10-completion.spec.ts:24:1 › cancelling an in-flight command keeps the draft, revision, history and outbox until explicit retry (2.8s)
verify	Run BROWSER_ENGINES=all npm run test:e2e	2026-10-09T09:46:00.9869540Z   ✓   64 [chromium] › tests/e2e/rb10-completion.spec.ts:32:1 › a handled authentication failure records only optional identifiers and never exports credentials or the remote message (770ms)
verify	Run BROWSER_ENGINES=all npm run test:e2e	2026-10-09T09:46:06.8200066Z   ✓   65 [chromium] › tests/e2e/rb10-completion.spec.ts:37:1 › AT-F29 normal author operation imports frozen shared quotation and task atomically, retains a failed preview, records both stages and reloads the old edition (5.8s)
verify	Run BROWSER_ENGINES=all npm run test:e2e	2026-10-09T09:46:07.8753878Z   ✓   66 [chromium] › tests/e2e/rb10-completion.spec.ts:51:1 › F29 public old-version deep link carries only public IDs and Unicode offsets without private identifiers (1.0s)
verify	Run BROWSER_ENGINES=all npm run test:e2e	2026-10-09T09:46:09.4619628Z   ✓   67 [chromium] › tests/e2e/rb10-completion.spec.ts:55:1 › F37 normal state editor shows enum meaning candidates while keeping an unknown initial value through a complete file and reload (1.6s)
verify	Run BROWSER_ENGINES=all npm run test:e2e	2026-10-09T09:46:17.1128553Z   ✓   68 [chromium] › tests/e2e/rb10-completion.spec.ts:59:1 › real native IndexedDB cancels a worker while a full import transaction contains parts, then explicitly retries and cold-loads every body (7.6s)
verify	Run BROWSER_ENGINES=all npm run test:e2e	2026-10-09T09:46:20.4010043Z   ✓   69 [chromium] › tests/e2e/rb10-graph.spec.ts:10:1 › graph movement keeps connected lines, device layout and live semantic edits consistent through cold reload (3.3s)
verify	Run BROWSER_ENGINES=all npm run test:e2e	2026-10-09T09:46:28.3465560Z   ✓   70 [chromium] › tests/e2e/rb10-library-reopen.spec.ts:52:1 › library selection keeps canonical projects clean and resumes a failed draft across another project, cold reload and empty new/clone restoration (7.9s)
verify	Run BROWSER_ENGINES=all npm run test:e2e	2026-10-09T09:47:56.4790093Z   ✓   71 [chromium] › tests/e2e/rb10-reference-index.spec.ts:11:1 › Large references can be cancelled and retried while the current editor stays writable, with no partial or stale rows (1.5m)
verify	Run BROWSER_ENGINES=all npm run test:e2e	2026-10-09T09:48:00.5439199Z   ✓   72 [chromium] › tests/e2e/reader-fallback.spec.ts:15:1 › 幅390pxの手動試読で候補がない場合の代替進行を確認・巻戻・記録再生できる (4.0s)
verify	Run BROWSER_ENGINES=all npm run test:e2e	2026-10-09T09:48:02.3234896Z   ✓   73 [chromium] › tests/e2e/review-runtime.spec.ts:21:1 › RV08 作品設定の未保存入力と不正暦入力を画面移動から再開し、設定を原子保存・再読込する (1.8s)
verify	Run BROWSER_ENGINES=all npm run test:e2e	2026-10-09T09:48:04.0943003Z   ✓   74 [chromium] › tests/e2e/review-runtime.spec.ts:39:1 › RV05/RV06 旧版の入口と固定リンクを通常画面で開き、経路保存・再読込・再実行する (1.8s)
verify	Run BROWSER_ENGINES=all npm run test:e2e	2026-10-09T09:48:06.1788892Z   ✓   75 [chromium] › tests/e2e/review-runtime.spec.ts:61:1 › RB05 相互排他を金額・物品と原子拒否し、二入口の台詞・経路を再読込して合流比較する (2.1s)
verify	Run BROWSER_ENGINES=all npm run test:e2e	2026-10-09T09:48:11.8826588Z   ✓   76 [chromium] › tests/e2e/structured-forms.spec.ts:38:1 › 別名の不正な子項目を削除・種類切替・任意項目解除で修正すると保存でき、切替取消は入力を保つ (5.7s)
verify	Run BROWSER_ENGINES=all npm run test:e2e	2026-10-09T09:48:15.9457725Z   ✓   77 [chromium] › tests/e2e/structured-forms.spec.ts:75:1 › 未完成の数値を未保存入力として再表示し、非表示でも保存を止め、修正と配列削除後の値を再読込する (4.1s)
verify	Run BROWSER_ENGINES=all npm run test:e2e	2026-10-09T09:48:19.7269101Z   ✓   78 [chromium] › tests/e2e/structured-forms.spec.ts:107:1 › 状態値の記録キーは状態変数から選択でき、不正な数値を含む記録項目を削除して保存する (3.8s)
verify	Run BROWSER_ENGINES=all npm run test:e2e	2026-10-09T09:48:22.7863649Z   ✓   79 [chromium] › tests/e2e/structured-forms.spec.ts:137:1 › 公開用の辞書の先頭キーをキーボードで変更しても位置・フォーカス・値を保ち、一時重複は復元後に修正できる (3.0s)
verify	Run BROWSER_ENGINES=all npm run test:e2e	2026-10-09T09:48:26.4173658Z   ✓   80 [chromium] › tests/e2e/structured-forms.spec.ts:174:1 › 固定版の人物と段落が現在版からなくても、別名と試読状態の通常フォームから無関係な変更を保存する (3.6s)
verify	Run BROWSER_ENGINES=all npm run test:e2e	2026-10-09T09:48:36.5557229Z   ✓   81 [chromium] › tests/e2e/templates.spec.ts:25:1 › AT-F02/F56 雛形の通常フォームを差分確認して適用し、非表示・型変更の取消・明示置換を再読込まで保持する (10.1s)
verify	Run BROWSER_ENGINES=all npm run test:e2e	2026-10-09T09:48:38.4308946Z   ✓   82 [chromium] › tests/e2e/templates.spec.ts:133:1 › 雛形の保存キーが一時的に重複しても各項目の初期値を保ち、再表示・改名・差分適用後も両方の値を保持する (1.9s)
verify	Run BROWSER_ENGINES=all npm run test:e2e	2026-10-09T09:48:41.0108851Z   ✓   83 [chromium] › tests/e2e/world-workspace.spec.ts:17:1 › 世界版の選択・借用参照・固定表示を通常画面で保存し、完全保存にも同じ版を保持する (2.6s)
verify	Run BROWSER_ENGINES=all npm run test:e2e	2026-10-09T09:48:44.5059822Z   ✓   84 [chromium] › tests/e2e/writing-workspace.spec.ts:32:1 › 作者別案の未保存入力を画面移動から保持し、版保存・再読込・完全保存へ接続する (3.5s)
verify	Run BROWSER_ENGINES=all npm run test:e2e	2026-10-09T09:48:46.0675626Z   ✓   85 [chromium] › tests/e2e/writing-workspace.spec.ts:95:1 › 章試読は固定版の本文を提示して開始状態と経路を通常保存する (1.5s)
verify	Run BROWSER_ENGINES=all npm run test:e2e	2026-10-09T09:48:48.2635420Z   ✓   86 [chromium] › tests/e2e/writing-workspace.spec.ts:117:1 › 参照値を変えた別案の採用を通常保存し、確認依頼と採用記録を再読込・完全保存する (2.2s)
verify	Run BROWSER_ENGINES=all npm run test:e2e	2026-10-09T09:48:49.8168887Z   ✓   87 [chromium] › tests/e2e/writing-workspace.spec.ts:149:1 › 章と場面の順序・所属・筋の変更を通常保存して再読込する (1.5s)
verify	Run BROWSER_ENGINES=all npm run test:e2e	2026-10-09T09:48:54.7556331Z   ✓   88 [firefox] › tests/e2e/catalog-notes.spec.ts:24:1 › 保存した複合一覧の再適用、一括変更、索引分類を通常フォームで行う (3.7s)
verify	Run BROWSER_ENGINES=all npm run test:e2e	2026-10-09T09:48:57.1478367Z   ✓   89 [firefox] › tests/e2e/catalog-notes.spec.ts:48:1 › 狭い画面で文章メモを場面へ変換し元メモと履歴を保持する (2.4s)
verify	Run BROWSER_ENGINES=all npm run test:e2e	2026-10-09T09:48:59.1006980Z   ✓   90 [firefox] › tests/e2e/catalog-notes.spec.ts:64:1 › 短い文章メモの未保存入力を詳細パネルの閉じ直し後も保持する (1.9s)
verify	Run BROWSER_ENGINES=all npm run test:e2e	2026-10-09T09:49:01.9787589Z   ✓   91 [firefox] › tests/e2e/catalog-notes.spec.ts:75:1 › 録音許可の拒否を説明し、文章と画像メモを保存ファイルまで保持する (2.9s)
verify	Run BROWSER_ENGINES=all npm run test:e2e	2026-10-09T09:49:04.7848261Z   ✓   92 [firefox] › tests/e2e/catalog-notes.spec.ts:104:1 › 日本語索引の表記候補を連続入力して保存・再表示しても文字と焦点を保つ (2.8s)
verify	Run BROWSER_ENGINES=all npm run test:e2e	2026-10-09T09:49:06.9361617Z   ✓   93 [firefox] › tests/e2e/editor-navigation.spec.ts:37:1 › B10/F27 本文リンクから戻り、逆参照でも同じ段落の絵文字後の語句を正確に開く (2.1s)
verify	Run BROWSER_ENGINES=all npm run test:e2e	2026-10-09T09:49:08.5899143Z   ✓   94 [firefox] › tests/e2e/editor-navigation.spec.ts:63:1 › B01 参照元と固定版の影響を示して参照中のアーカイブを止め、未参照の保持指定も個別に確認する (1.6s)
verify	Run BROWSER_ENGINES=all npm run test:e2e	2026-10-09T09:49:11.4656140Z   ✓   95 [firefox] › tests/e2e/editor-regressions.spec.ts:45:1 › RG-R01 本文の注記と提示位置が絵文字を含む前方挿入に追従し、再読込後も人物を開ける (2.9s)
verify	Run BROWSER_ENGINES=all npm run test:e2e	2026-10-09T09:49:14.6070891Z   ✓   96 [firefox] › tests/e2e/editor-regressions.spec.ts:67:61 › RG-R05 booleanの複数値をフォームで追加し、演算切替を取り消して保存・再読込・試読する (3.1s)
verify	Run BROWSER_ENGINES=all npm run test:e2e	2026-10-09T09:49:18.9113809Z   ✓   97 [firefox] › tests/e2e/editor-regressions.spec.ts:67:61 › RG-R05 integerの複数値をフォームで追加し、演算切替を取り消して保存・再読込・試読する (4.3s)
verify	Run BROWSER_ENGINES=all npm run test:e2e	2026-10-09T09:49:22.9836292Z   ✓   98 [firefox] › tests/e2e/editor-regressions.spec.ts:67:61 › RG-R05 enumの複数値をフォームで追加し、演算切替を取り消して保存・再読込・試読する (4.1s)
verify	Run BROWSER_ENGINES=all npm run test:e2e	2026-10-09T09:49:26.3300013Z   ✓   99 [firefox] › tests/e2e/editor.spec.ts:21:1 › 人物の日本語入力を保存し再読み込みして完全保存・別端末領域へ復元できる (3.3s)
verify	Run BROWSER_ENGINES=all npm run test:e2e	2026-10-09T09:49:27.2140001Z   ✓  100 [firefox] › tests/e2e/editor.spec.ts:57:3 › 幅320pxで作品作成と資料の操作が画面内に収まる (876ms)
verify	Run BROWSER_ENGINES=all npm run test:e2e	2026-10-09T09:49:28.0944124Z   ✓  101 [firefox] › tests/e2e/editor.spec.ts:57:3 › 幅390pxで作品作成と資料の操作が画面内に収まる (872ms)
verify	Run BROWSER_ENGINES=all npm run test:e2e	2026-10-09T09:49:28.9899660Z   ✓  102 [firefox] › tests/e2e/editor.spec.ts:57:3 › 幅768pxで作品作成と資料の操作が画面内に収まる (885ms)
verify	Run BROWSER_ENGINES=all npm run test:e2e	2026-10-09T09:49:29.8817787Z   ✓  103 [firefox] › tests/e2e/editor.spec.ts:57:3 › 幅1024pxで作品作成と資料の操作が画面内に収まる (885ms)
verify	Run BROWSER_ENGINES=all npm run test:e2e	2026-10-09T09:49:30.6925079Z   ✓  104 [firefox] › tests/e2e/editor.spec.ts:57:3 › 幅1440pxで作品作成と資料の操作が画面内に収まる (803ms)
verify	Run BROWSER_ENGINES=all npm run test:e2e	2026-10-09T09:49:31.7552700Z   ✓  105 [firefox] › tests/e2e/editor.spec.ts:67:1 › 初期画面の自動アクセシビリティ検査 (1.1s)
verify	Run BROWSER_ENGINES=all npm run test:e2e	2026-10-09T09:49:33.8749541Z   ✓  106 [firefox] › tests/e2e/editor.spec.ts:74:1 › 配信サーバー停止後にキャッシュ取得済みの作品を再開する (2.1s)
verify	Run BROWSER_ENGINES=all npm run test:e2e	2026-10-09T09:49:35.3468038Z   ✓  107 [firefox] › tests/e2e/editor.spec.ts:121:1 › サンプルの条件付き選択肢と巻き戻しを操作できる (1.5s)
verify	Run BROWSER_ENGINES=all npm run test:e2e	2026-10-09T09:49:37.4097803Z   ✓  108 [firefox] › tests/e2e/editor.spec.ts:143:1 › 不正JSONの未保存入力を画面移動後も保持する (2.1s)
verify	Run BROWSER_ENGINES=all npm run test:e2e	2026-10-09T09:49:39.6831840Z   ✓  109 [firefox] › tests/e2e/editor.spec.ts:162:1 › 保存に失敗した名前を二回の画面移動後も未保存として保持する (2.3s)
verify	Run BROWSER_ENGINES=all npm run test:e2e	2026-10-09T09:49:41.8908741Z   ✓  110 [firefox] › tests/e2e/project-drafts.spec.ts:18:1 › 同じ情報IDを持つ別作品でも未保存の雛形入力を作品ごとに保持する (2.2s)
verify	Run BROWSER_ENGINES=all npm run test:e2e	2026-10-09T09:49:44.2165947Z   ✓  111 [firefox] › tests/e2e/rb05-reconfirmation.spec.ts:19:1 › 別版の途中開始を差分確認・原子保存・再読込し、移行した状態から試読する (2.3s)
verify	Run BROWSER_ENGINES=all npm run test:e2e	2026-10-09T09:49:46.4835835Z   ✓  112 [firefox] › tests/e2e/rb05-reconfirmation.spec.ts:26:1 › 改訂稿の経路を再実行・別証跡保存・再読込し、旧金額3と新金額7をそれぞれ再生する (2.3s)
verify	Run BROWSER_ENGINES=all npm run test:e2e	2026-10-09T09:49:48.2330681Z   ✓  113 [firefox] › tests/e2e/rb05-reconfirmation.spec.ts:33:1 › 保存失敗で移行差分を保持し、再試行後にだけ保存完了を表示する (1.7s)
verify	Run BROWSER_ENGINES=all npm run test:e2e	2026-10-09T09:49:49.6274312Z   ✓  114 [firefox] › tests/e2e/rb05-reconfirmation.spec.ts:41:1 › 移行差分確認後に入口を切り替えると保存を止め、固定した入口を表示する (1.4s)
verify	Run BROWSER_ENGINES=all npm run test:e2e	2026-10-09T09:49:53.1321239Z   ✓  115 [firefox] › tests/e2e/rb05-reconfirmation.spec.ts:51:1 › 個別章開始を明示移行し、通常画面で再確認・原子保存・再読込・完全保存する (3.5s)
verify	Run BROWSER_ENGINES=all npm run test:e2e	2026-10-09T09:49:55.8325471Z   ✓  116 [firefox] › tests/e2e/rb05-reconfirmation.spec.ts:63:1 › 章の移行で提示時点と選択範囲を画面移動・再起動後も保持し、変更時は再確認する (2.7s)
verify	Run BROWSER_ENGINES=all npm run test:e2e	2026-10-09T09:49:58.3219589Z   ✓  117 [firefox] › tests/e2e/rb05-reuse.spec.ts:11:1 › 固定callの内部graphから通常ボタンで呼出元へ戻り、経路を保存・cold再生する (2.5s)
verify	Run BROWSER_ENGINES=all npm run test:e2e	2026-10-09T09:50:00.9550579Z   ✓  118 [firefox] › tests/e2e/rb05-reuse.spec.ts:20:35 › 子出口の経路保存待ちを画面移動から保持し、最新propsの確認後に復帰する (2.6s)
verify	Run BROWSER_ENGINES=all npm run test:e2e	2026-10-09T09:50:03.6896301Z   ✓  119 [firefox] › tests/e2e/rb05-reuse.spec.ts:20:35 › 子出口の経路保存待ちを画面移動から保持し、失敗後の同じ経路を再試行する (2.7s)
verify	Run BROWSER_ENGINES=all npm run test:e2e	2026-10-09T09:50:05.6062635Z   ✓  120 [firefox] › tests/e2e/rb05-reuse.spec.ts:28:1 › 経路再生待ちの再入へ保存版を反映し、次回の明示版選択を別画面往復から保持する (1.9s)
verify	Run BROWSER_ENGINES=all npm run test:e2e	2026-10-09T09:50:11.7506758Z   ✓  121 [firefox] › tests/e2e/rb05-reuse.spec.ts:35:1 › RB05 共通元を固定参照・独立複製・部分上書きで原子保存し、共通元改稿後の本文と再読込を確認する (6.1s)
verify	Run BROWSER_ENGINES=all npm run test:e2e	2026-10-09T09:50:13.5131780Z   ✓  122 [firefox] › tests/e2e/rb05-reuse.spec.ts:55:1 › 多重固定参照を完全保存から再読込し、旧本文の固定リンクと元のUnicode位置へ戻る (1.8s)
verify	Run BROWSER_ENGINES=all npm run test:e2e	2026-10-09T09:50:16.3836367Z   ✓  123 [firefox] › tests/e2e/rb05-structure-reading.spec.ts:11:1 › RB05 途中開始の状態値を通常フォームで編集し、画面移動・再読込・試読・巻戻へ接続する (2.9s)
verify	Run BROWSER_ENGINES=all npm run test:e2e	2026-10-09T09:50:19.1518292Z   ✓  124 [firefox] › tests/e2e/rb05-structure-reading.spec.ts:31:1 › RB05 反応系列の下書きを移動から再開し、作成・保存・再読込・初回／再訪を通常試読する (2.8s)
verify	Run BROWSER_ENGINES=all npm run test:e2e	2026-10-09T09:50:21.8756916Z   ✓  125 [firefox] › tests/e2e/rb05-structure-reading.spec.ts:48:1 › RB05 折りたたんだ章の未完成出口を掘り下げ、通常接続編集と再読込で集計へ反映する (2.7s)
verify	Run BROWSER_ENGINES=all npm run test:e2e	2026-10-09T09:50:26.2902655Z   ✓  126 [firefox] › tests/e2e/rb06-recovery.spec.ts:11:1 › 50件より古い版を通常検索し、単体復元と作品全体復元を区別して保存失敗・再入・cold再生する (4.4s)
verify	Run BROWSER_ENGINES=all npm run test:e2e	2026-10-09T09:50:29.4509077Z   ✓  127 [firefox] › tests/e2e/rb06-recovery.spec.ts:19:1 › 別作品の全ID対応を画面移動・cold再起動から再開し、失敗後に原子統合して元履歴・段落を完全保存する (3.2s)
verify	Run BROWSER_ENGINES=all npm run test:e2e	2026-10-09T09:50:31.0170390Z   ✓  128 [firefox] › tests/e2e/rb06-recovery.spec.ts:27:1 › 復元保存待ちの後に選んだ資料と作品を保持し、新規復元だけを一覧へ追加する (1.6s)
verify	Run BROWSER_ENGINES=all npm run test:e2e	2026-10-09T09:50:32.8645188Z   ✓  129 [firefox] › tests/e2e/rb06-recovery.spec.ts:35:1 › native保存ack待ちに届いた後続ファイルを保持し、先の新規復元が確認画面を開き直さない (1.8s)
verify	Run BROWSER_ENGINES=all npm run test:e2e	2026-10-09T09:50:36.0812136Z   ✓  130 [firefox] › tests/e2e/rb07-production.spec.ts:12:1 › 台詞分割の入力と差分を移動・失敗から再開し、旧新ID・翻訳確認待ちをcold保存と完全ファイルで確認する (3.2s)
verify	Run BROWSER_ENGINES=all npm run test:e2e	2026-10-09T09:50:38.3255468Z   ✓  131 [firefox] › tests/e2e/rb07-production.spec.ts:18:1 › 資料の取得日時と実動画bytesを通常保存し、再読込で安全な動画表示と不足状態を区別する (2.2s)
verify	Run BROWSER_ENGINES=all npm run test:e2e	2026-10-09T09:50:40.7402757Z   ✓  132 [firefox] › tests/e2e/rb07-production.spec.ts:22:1 › 現在原文を選び直した翻訳をhash承認し、期限外・没用語を除いたUnicode候補を指摘版ごと原子保存する (2.4s)
verify	Run BROWSER_ENGINES=all npm run test:e2e	2026-10-09T09:50:43.3529404Z   ✓  133 [firefox] › tests/e2e/rb08-handoff.spec.ts:24:1 › 制作見積の入力を移動とcold再開から保持し、quota拒否後の原子保存を完全ファイルへつなぐ (2.6s)
verify	Run BROWSER_ENGINES=all npm run test:e2e	2026-10-09T09:50:46.1768650Z   ✓  134 [firefox] › tests/e2e/rb08-handoff.spec.ts:26:1 › 旧媒体と元pinを保持し、未保存候補を再開して独立改訂・予定日・完全復元を確認する (2.8s)
verify	Run BROWSER_ENGINES=all npm run test:e2e	2026-10-09T09:50:49.7648379Z   ✓  135 [firefox] › tests/e2e/rb08-handoff.spec.ts:28:1 › 相談MDの出所と対象版をcold再開し、作者別案へ保存・選択採用して正本と採用記録を復元する (3.6s)
verify	Run BROWSER_ENGINES=all npm run test:e2e	2026-10-09T09:50:53.8378867Z   ✓  136 [firefox] › tests/e2e/rb08-handoff.spec.ts:30:1 › 通常出力を独立ゲームへ渡し、実勝利・経路・受領証跡を戻して原子保存・cold・完全復元する (4.1s)
verify	Run BROWSER_ENGINES=all npm run test:e2e	2026-10-09T09:50:59.7833369Z   ✓  137 [firefox] › tests/e2e/rb08-handoff.spec.ts:32:1 › 通常画面で旧版と現稿の公開範囲を作り、固定引用のUnicode位置を試遊ZIPから開いて戻り、承認をcold復元する (5.9s)
verify	Run BROWSER_ENGINES=all npm run test:e2e	2026-10-09T09:51:01.6827322Z   ✓  138 [firefox] › tests/e2e/rb08-handoff.spec.ts:38:1 › 通常画面で企画・プレイ行動・実装作業を照合し、容量失敗後に対象版付き確認を保存しcold完全復元する (1.9s)
verify	Run BROWSER_ENGINES=all npm run test:e2e	2026-10-09T09:51:04.0854323Z   ✓  139 [firefox] › tests/e2e/rb08-handoff.spec.ts:43:1 › 通常出力の試遊ZIPが同じ素材IDの旧動画decodeと新音声bytesを別々に検証して固定参照から戻る (2.4s)
verify	Run BROWSER_ENGINES=all npm run test:e2e	2026-10-09T09:51:05.1452288Z   ✓  140 [firefox] › tests/e2e/rb09-inputs.spec.ts:35:1 › active author screen keeps account controls reachable at PC and phone widths (1.0s)
verify	Run BROWSER_ENGINES=all npm run test:e2e	2026-10-09T09:51:07.1228849Z   ✓  141 [firefox] › tests/e2e/rb09-inputs.spec.ts:37:1 › input DB commit resumes all A despite a cache quota fault and cold reauthentication (2.0s)
verify	Run BROWSER_ENGINES=all npm run test:e2e	2026-10-09T09:51:08.4680591Z   ✓  142 [firefox] › tests/e2e/rb09-inputs.spec.ts:39:1 › input TX failure leaves tool and workspace B intact and preserves visible input for retry (1.3s)
verify	Run BROWSER_ENGINES=all npm run test:e2e	2026-10-09T09:51:11.3955998Z   ✓  143 [firefox] › tests/e2e/rb09-inputs.spec.ts:41:1 › delayed complete archive and base commit preserve a later shared-screen navigation (2.9s)
verify	Run BROWSER_ENGINES=all npm run test:e2e	2026-10-09T09:51:13.1101334Z   ✓  144 [firefox] › tests/e2e/rb09-sharing.spec.ts:12:1 › approved fixed reference retains Unicode position, source return, comment version and cold cache without persisting Auth (1.7s)
verify	Run BROWSER_ENGINES=all npm run test:e2e	2026-10-09T09:51:14.1015913Z   ✓  145 [firefox] › tests/e2e/rb09-sharing.spec.ts:14:1 › revocation refuses a new snapshot and clears the cached displayed edition (983ms)
verify	Run BROWSER_ENGINES=all npm run test:e2e	2026-10-09T09:51:16.4887537Z   ✓  146 [firefox] › tests/e2e/rb09-sharing.spec.ts:16:1 › a requested fixed snapshot opens after a delayed metadata listing instead of being dropped by the initial busy lock (2.4s)
verify	Run BROWSER_ENGINES=all npm run test:e2e	2026-10-09T09:51:19.1988538Z   ✓  147 [firefox] › tests/e2e/rb10-completion.spec.ts:12:1 › paged chapter tail keeps original move indices, selection and cold return position through a complete save (2.7s)
verify	Run BROWSER_ENGINES=all npm run test:e2e	2026-10-09T09:51:21.2292391Z   ✓  148 [firefox] › tests/e2e/rb10-completion.spec.ts:18:1 › paged branch and production searches reach tail items without creating all DOM records (2.0s)
verify	Run BROWSER_ENGINES=all npm run test:e2e	2026-10-09T09:51:23.4731928Z   ✓  149 [firefox] › tests/e2e/rb10-completion.spec.ts:21:1 › an actual failed atomic save retains input and exports only optional diagnostic metadata (2.2s)
verify	Run BROWSER_ENGINES=all npm run test:e2e	2026-10-09T09:51:26.4810088Z   ✓  150 [firefox] › tests/e2e/rb10-completion.spec.ts:24:1 › cancelling an in-flight command keeps the draft, revision, history and outbox until explicit retry (3.0s)
verify	Run BROWSER_ENGINES=all npm run test:e2e	2026-10-09T09:51:27.3379338Z   ✓  151 [firefox] › tests/e2e/rb10-completion.spec.ts:32:1 › a handled authentication failure records only optional identifiers and never exports credentials or the remote message (849ms)
verify	Run BROWSER_ENGINES=all npm run test:e2e	2026-10-09T09:51:34.3609130Z   ✓  152 [firefox] › tests/e2e/rb10-completion.spec.ts:37:1 › AT-F29 normal author operation imports frozen shared quotation and task atomically, retains a failed preview, records both stages and reloads the old edition (7.0s)
verify	Run BROWSER_ENGINES=all npm run test:e2e	2026-10-09T09:51:35.5522165Z   ✓  153 [firefox] › tests/e2e/rb10-completion.spec.ts:51:1 › F29 public old-version deep link carries only public IDs and Unicode offsets without private identifiers (1.2s)
verify	Run BROWSER_ENGINES=all npm run test:e2e	2026-10-09T09:51:37.3520330Z   ✓  154 [firefox] › tests/e2e/rb10-completion.spec.ts:55:1 › F37 normal state editor shows enum meaning candidates while keeping an unknown initial value through a complete file and reload (1.8s)
verify	Run BROWSER_ENGINES=all npm run test:e2e	2026-10-09T09:51:44.0212360Z   ✓  155 [firefox] › tests/e2e/rb10-completion.spec.ts:59:1 › real native IndexedDB cancels a worker while a full import transaction contains parts, then explicitly retries and cold-loads every body (6.7s)
verify	Run BROWSER_ENGINES=all npm run test:e2e	2026-10-09T09:51:48.8475975Z   ✓  156 [firefox] › tests/e2e/rb10-graph.spec.ts:10:1 › graph movement keeps connected lines, device layout and live semantic edits consistent through cold reload (4.8s)
verify	Run BROWSER_ENGINES=all npm run test:e2e	2026-10-09T09:51:58.6023320Z   ✓  157 [firefox] › tests/e2e/rb10-library-reopen.spec.ts:52:1 › library selection keeps canonical projects clean and resumes a failed draft across another project, cold reload and empty new/clone restoration (9.7s)
verify	Run BROWSER_ENGINES=all npm run test:e2e	2026-10-09T09:53:40.8007685Z   ✓  158 [firefox] › tests/e2e/rb10-reference-index.spec.ts:11:1 › Large references can be cancelled and retried while the current editor stays writable, with no partial or stale rows (1.7m)
verify	Run BROWSER_ENGINES=all npm run test:e2e	2026-10-09T09:53:45.5124395Z   ✓  159 [firefox] › tests/e2e/reader-fallback.spec.ts:15:1 › 幅390pxの手動試読で候補がない場合の代替進行を確認・巻戻・記録再生できる (4.7s)
verify	Run BROWSER_ENGINES=all npm run test:e2e	2026-10-09T09:53:47.8342813Z   ✓  160 [firefox] › tests/e2e/review-runtime.spec.ts:21:1 › RV08 作品設定の未保存入力と不正暦入力を画面移動から再開し、設定を原子保存・再読込する (2.3s)
verify	Run BROWSER_ENGINES=all npm run test:e2e	2026-10-09T09:53:49.9006966Z   ✓  161 [firefox] › tests/e2e/review-runtime.spec.ts:39:1 › RV05/RV06 旧版の入口と固定リンクを通常画面で開き、経路保存・再読込・再実行する (2.1s)
verify	Run BROWSER_ENGINES=all npm run test:e2e	2026-10-09T09:53:52.6526259Z   ✓  162 [firefox] › tests/e2e/review-runtime.spec.ts:61:1 › RB05 相互排他を金額・物品と原子拒否し、二入口の台詞・経路を再読込して合流比較する (2.7s)
verify	Run BROWSER_ENGINES=all npm run test:e2e	2026-10-09T09:53:58.9503830Z   ✓  163 [firefox] › tests/e2e/structured-forms.spec.ts:38:1 › 別名の不正な子項目を削除・種類切替・任意項目解除で修正すると保存でき、切替取消は入力を保つ (6.3s)
verify	Run BROWSER_ENGINES=all npm run test:e2e	2026-10-09T09:54:04.0173623Z   ✓  164 [firefox] › tests/e2e/structured-forms.spec.ts:75:1 › 未完成の数値を未保存入力として再表示し、非表示でも保存を止め、修正と配列削除後の値を再読込する (5.1s)
verify	Run BROWSER_ENGINES=all npm run test:e2e	2026-10-09T09:54:08.2100816Z   ✓  165 [firefox] › tests/e2e/structured-forms.spec.ts:107:1 › 状態値の記録キーは状態変数から選択でき、不正な数値を含む記録項目を削除して保存する (4.2s)
verify	Run BROWSER_ENGINES=all npm run test:e2e	2026-10-09T09:54:11.5490594Z   ✓  166 [firefox] › tests/e2e/structured-forms.spec.ts:137:1 › 公開用の辞書の先頭キーをキーボードで変更しても位置・フォーカス・値を保ち、一時重複は復元後に修正できる (3.3s)
verify	Run BROWSER_ENGINES=all npm run test:e2e	2026-10-09T09:54:15.4888291Z   ✓  167 [firefox] › tests/e2e/structured-forms.spec.ts:174:1 › 固定版の人物と段落が現在版からなくても、別名と試読状態の通常フォームから無関係な変更を保存する (3.9s)
verify	Run BROWSER_ENGINES=all npm run test:e2e	2026-10-09T09:54:27.4287962Z   ✓  168 [firefox] › tests/e2e/templates.spec.ts:25:1 › AT-F02/F56 雛形の通常フォームを差分確認して適用し、非表示・型変更の取消・明示置換を再読込まで保持する (11.9s)
verify	Run BROWSER_ENGINES=all npm run test:e2e	2026-10-09T09:54:29.6967877Z   ✓  169 [firefox] › tests/e2e/templates.spec.ts:133:1 › 雛形の保存キーが一時的に重複しても各項目の初期値を保ち、再表示・改名・差分適用後も両方の値を保持する (2.3s)
verify	Run BROWSER_ENGINES=all npm run test:e2e	2026-10-09T09:54:32.9430381Z   ✓  170 [firefox] › tests/e2e/world-workspace.spec.ts:17:1 › 世界版の選択・借用参照・固定表示を通常画面で保存し、完全保存にも同じ版を保持する (3.2s)
verify	Run BROWSER_ENGINES=all npm run test:e2e	2026-10-09T09:54:37.3050684Z   ✓  171 [firefox] › tests/e2e/writing-workspace.spec.ts:32:1 › 作者別案の未保存入力を画面移動から保持し、版保存・再読込・完全保存へ接続する (4.3s)
verify	Run BROWSER_ENGINES=all npm run test:e2e	2026-10-09T09:54:39.2607692Z   ✓  172 [firefox] › tests/e2e/writing-workspace.spec.ts:95:1 › 章試読は固定版の本文を提示して開始状態と経路を通常保存する (1.9s)
verify	Run BROWSER_ENGINES=all npm run test:e2e	2026-10-09T09:54:42.0405609Z   ✓  173 [firefox] › tests/e2e/writing-workspace.spec.ts:117:1 › 参照値を変えた別案の採用を通常保存し、確認依頼と採用記録を再読込・完全保存する (2.8s)
verify	Run BROWSER_ENGINES=all npm run test:e2e	2026-10-09T09:54:44.4606552Z   ✓  174 [firefox] › tests/e2e/writing-workspace.spec.ts:149:1 › 章と場面の順序・所属・筋の変更を通常保存して再読込する (2.4s)
verify	Run BROWSER_ENGINES=all npm run test:e2e	2026-10-09T09:54:57.6369322Z   ✓  175 [webkit] › tests/e2e/catalog-notes.spec.ts:24:1 › 保存した複合一覧の再適用、一括変更、索引分類を通常フォームで行う (11.6s)
verify	Run BROWSER_ENGINES=all npm run test:e2e	2026-10-09T09:55:01.2139859Z   ✓  176 [webkit] › tests/e2e/catalog-notes.spec.ts:48:1 › 狭い画面で文章メモを場面へ変換し元メモと履歴を保持する (3.6s)
verify	Run BROWSER_ENGINES=all npm run test:e2e	2026-10-09T09:55:04.5400941Z   ✓  177 [webkit] › tests/e2e/catalog-notes.spec.ts:64:1 › 短い文章メモの未保存入力を詳細パネルの閉じ直し後も保持する (3.3s)
verify	Run BROWSER_ENGINES=all npm run test:e2e	2026-10-09T09:55:08.4098846Z   ✓  178 [webkit] › tests/e2e/catalog-notes.spec.ts:75:1 › 録音許可の拒否を説明し、文章と画像メモを保存ファイルまで保持する (3.9s)
verify	Run BROWSER_ENGINES=all npm run test:e2e	2026-10-09T09:55:12.8769004Z   ✓  179 [webkit] › tests/e2e/catalog-notes.spec.ts:104:1 › 日本語索引の表記候補を連続入力して保存・再表示しても文字と焦点を保つ (4.4s)
verify	Run BROWSER_ENGINES=all npm run test:e2e	2026-10-09T09:55:17.4482939Z   ✓  180 [webkit] › tests/e2e/editor-navigation.spec.ts:37:1 › B10/F27 本文リンクから戻り、逆参照でも同じ段落の絵文字後の語句を正確に開く (4.6s)
verify	Run BROWSER_ENGINES=all npm run test:e2e	2026-10-09T09:55:21.0846448Z   ✓  181 [webkit] › tests/e2e/editor-navigation.spec.ts:63:1 › B01 参照元と固定版の影響を示して参照中のアーカイブを止め、未参照の保持指定も個別に確認する (3.6s)
verify	Run BROWSER_ENGINES=all npm run test:e2e	2026-10-09T09:55:25.5334278Z   ✓  182 [webkit] › tests/e2e/editor-regressions.spec.ts:45:1 › RG-R01 本文の注記と提示位置が絵文字を含む前方挿入に追従し、再読込後も人物を開ける (4.4s)
verify	Run BROWSER_ENGINES=all npm run test:e2e	2026-10-09T09:55:29.1975553Z   ✓  183 [webkit] › tests/e2e/editor-regressions.spec.ts:67:61 › RG-R05 booleanの複数値をフォームで追加し、演算切替を取り消して保存・再読込・試読する (3.7s)
verify	Run BROWSER_ENGINES=all npm run test:e2e	2026-10-09T09:55:33.7652010Z   ✓  184 [webkit] › tests/e2e/editor-regressions.spec.ts:67:61 › RG-R05 integerの複数値をフォームで追加し、演算切替を取り消して保存・再読込・試読する (4.6s)
verify	Run BROWSER_ENGINES=all npm run test:e2e	2026-10-09T09:55:38.2726266Z   ✓  185 [webkit] › tests/e2e/editor-regressions.spec.ts:67:61 › RG-R05 enumの複数値をフォームで追加し、演算切替を取り消して保存・再読込・試読する (4.5s)
verify	Run BROWSER_ENGINES=all npm run test:e2e	2026-10-09T09:55:43.6633875Z   ✓  186 [webkit] › tests/e2e/editor.spec.ts:21:1 › 人物の日本語入力を保存し再読み込みして完全保存・別端末領域へ復元できる (5.3s)
verify	Run BROWSER_ENGINES=all npm run test:e2e	2026-10-09T09:55:45.0666259Z   ✓  187 [webkit] › tests/e2e/editor.spec.ts:57:3 › 幅320pxで作品作成と資料の操作が画面内に収まる (1.4s)
verify	Run BROWSER_ENGINES=all npm run test:e2e	2026-10-09T09:55:46.2474782Z   ✓  188 [webkit] › tests/e2e/editor.spec.ts:57:3 › 幅390pxで作品作成と資料の操作が画面内に収まる (1.2s)
verify	Run BROWSER_ENGINES=all npm run test:e2e	2026-10-09T09:55:47.5479882Z   ✓  189 [webkit] › tests/e2e/editor.spec.ts:57:3 › 幅768pxで作品作成と資料の操作が画面内に収まる (1.3s)
verify	Run BROWSER_ENGINES=all npm run test:e2e	2026-10-09T09:55:48.9601382Z   ✓  190 [webkit] › tests/e2e/editor.spec.ts:57:3 › 幅1024pxで作品作成と資料の操作が画面内に収まる (1.4s)
verify	Run BROWSER_ENGINES=all npm run test:e2e	2026-10-09T09:55:50.4152690Z   ✓  191 [webkit] › tests/e2e/editor.spec.ts:57:3 › 幅1440pxで作品作成と資料の操作が画面内に収まる (1.4s)
verify	Run BROWSER_ENGINES=all npm run test:e2e	2026-10-09T09:55:51.6454633Z   ✓  192 [webkit] › tests/e2e/editor.spec.ts:67:1 › 初期画面の自動アクセシビリティ検査 (1.2s)
verify	Run BROWSER_ENGINES=all npm run test:e2e	2026-10-09T09:55:53.3763037Z   ✓  193 [webkit] › tests/e2e/editor.spec.ts:74:1 › 配信サーバー停止後にキャッシュ取得済みの作品を再開する (1.7s)
verify	Run BROWSER_ENGINES=all npm run test:e2e	2026-10-09T09:55:55.7690039Z   ✓  194 [webkit] › tests/e2e/editor.spec.ts:121:1 › サンプルの条件付き選択肢と巻き戻しを操作できる (2.4s)
verify	Run BROWSER_ENGINES=all npm run test:e2e	2026-10-09T09:55:58.7838487Z   ✓  195 [webkit] › tests/e2e/editor.spec.ts:143:1 › 不正JSONの未保存入力を画面移動後も保持する (3.0s)
verify	Run BROWSER_ENGINES=all npm run test:e2e	2026-10-09T09:56:01.9485678Z   ✓  196 [webkit] › tests/e2e/editor.spec.ts:162:1 › 保存に失敗した名前を二回の画面移動後も未保存として保持する (3.1s)
verify	Run BROWSER_ENGINES=all npm run test:e2e	2026-10-09T09:56:06.5654451Z   ✓  197 [webkit] › tests/e2e/project-drafts.spec.ts:18:1 › 同じ情報IDを持つ別作品でも未保存の雛形入力を作品ごとに保持する (4.6s)
verify	Run BROWSER_ENGINES=all npm run test:e2e	2026-10-09T09:56:10.2230145Z   ✓  198 [webkit] › tests/e2e/rb05-reconfirmation.spec.ts:19:1 › 別版の途中開始を差分確認・原子保存・再読込し、移行した状態から試読する (3.6s)
verify	Run BROWSER_ENGINES=all npm run test:e2e	2026-10-09T09:56:13.6629135Z   ✓  199 [webkit] › tests/e2e/rb05-reconfirmation.spec.ts:26:1 › 改訂稿の経路を再実行・別証跡保存・再読込し、旧金額3と新金額7をそれぞれ再生する (3.4s)
verify	Run BROWSER_ENGINES=all npm run test:e2e	2026-10-09T09:56:16.6498675Z   ✓  200 [webkit] › tests/e2e/rb05-reconfirmation.spec.ts:33:1 › 保存失敗で移行差分を保持し、再試行後にだけ保存完了を表示する (3.0s)
verify	Run BROWSER_ENGINES=all npm run test:e2e	2026-10-09T09:56:19.3257422Z   ✓  201 [webkit] › tests/e2e/rb05-reconfirmation.spec.ts:41:1 › 移行差分確認後に入口を切り替えると保存を止め、固定した入口を表示する (2.7s)
verify	Run BROWSER_ENGINES=all npm run test:e2e	2026-10-09T09:56:24.2749005Z   ✓  202 [webkit] › tests/e2e/rb05-reconfirmation.spec.ts:51:1 › 個別章開始を明示移行し、通常画面で再確認・原子保存・再読込・完全保存する (4.9s)
verify	Run BROWSER_ENGINES=all npm run test:e2e	2026-10-09T09:56:27.8278369Z   ✓  203 [webkit] › tests/e2e/rb05-reconfirmation.spec.ts:63:1 › 章の移行で提示時点と選択範囲を画面移動・再起動後も保持し、変更時は再確認する (3.5s)
verify	Run BROWSER_ENGINES=all npm run test:e2e	2026-10-09T09:56:31.8223328Z   ✓  204 [webkit] › tests/e2e/rb05-reuse.spec.ts:11:1 › 固定callの内部graphから通常ボタンで呼出元へ戻り、経路を保存・cold再生する (4.0s)
verify	Run BROWSER_ENGINES=all npm run test:e2e	2026-10-09T09:56:35.9248966Z   ✓  205 [webkit] › tests/e2e/rb05-reuse.spec.ts:20:35 › 子出口の経路保存待ちを画面移動から保持し、最新propsの確認後に復帰する (4.1s)
verify	Run BROWSER_ENGINES=all npm run test:e2e	2026-10-09T09:56:40.3228254Z   ✓  206 [webkit] › tests/e2e/rb05-reuse.spec.ts:20:35 › 子出口の経路保存待ちを画面移動から保持し、失敗後の同じ経路を再試行する (4.4s)
verify	Run BROWSER_ENGINES=all npm run test:e2e	2026-10-09T09:56:43.8785029Z   ✓  207 [webkit] › tests/e2e/rb05-reuse.spec.ts:28:1 › 経路再生待ちの再入へ保存版を反映し、次回の明示版選択を別画面往復から保持する (3.5s)
verify	Run BROWSER_ENGINES=all npm run test:e2e	2026-10-09T09:56:52.5432162Z   ✓  208 [webkit] › tests/e2e/rb05-reuse.spec.ts:35:1 › RB05 共通元を固定参照・独立複製・部分上書きで原子保存し、共通元改稿後の本文と再読込を確認する (8.7s)
verify	Run BROWSER_ENGINES=all npm run test:e2e	2026-10-09T09:56:56.4298756Z   ✓  209 [webkit] › tests/e2e/rb05-reuse.spec.ts:55:1 › 多重固定参照を完全保存から再読込し、旧本文の固定リンクと元のUnicode位置へ戻る (3.9s)
verify	Run BROWSER_ENGINES=all npm run test:e2e	2026-10-09T09:57:00.7260462Z   ✓  210 [webkit] › tests/e2e/rb05-structure-reading.spec.ts:11:1 › RB05 途中開始の状態値を通常フォームで編集し、画面移動・再読込・試読・巻戻へ接続する (4.3s)
verify	Run BROWSER_ENGINES=all npm run test:e2e	2026-10-09T09:57:05.1324752Z   ✓  211 [webkit] › tests/e2e/rb05-structure-reading.spec.ts:31:1 › RB05 反応系列の下書きを移動から再開し、作成・保存・再読込・初回／再訪を通常試読する (4.4s)
verify	Run BROWSER_ENGINES=all npm run test:e2e	2026-10-09T09:57:08.9958512Z   ✓  212 [webkit] › tests/e2e/rb05-structure-reading.spec.ts:48:1 › RB05 折りたたんだ章の未完成出口を掘り下げ、通常接続編集と再読込で集計へ反映する (3.9s)
verify	Run BROWSER_ENGINES=all npm run test:e2e	2026-10-09T09:57:14.7972755Z   ✓  213 [webkit] › tests/e2e/rb06-recovery.spec.ts:11:1 › 50件より古い版を通常検索し、単体復元と作品全体復元を区別して保存失敗・再入・cold再生する (5.8s)
verify	Run BROWSER_ENGINES=all npm run test:e2e	2026-10-09T09:57:19.2247817Z   ✓  214 [webkit] › tests/e2e/rb06-recovery.spec.ts:19:1 › 別作品の全ID対応を画面移動・cold再起動から再開し、失敗後に原子統合して元履歴・段落を完全保存する (4.4s)
verify	Run BROWSER_ENGINES=all npm run test:e2e	2026-10-09T09:57:22.0676222Z   ✓  215 [webkit] › tests/e2e/rb06-recovery.spec.ts:27:1 › 復元保存待ちの後に選んだ資料と作品を保持し、新規復元だけを一覧へ追加する (2.8s)
verify	Run BROWSER_ENGINES=all npm run test:e2e	2026-10-09T09:57:24.9772724Z   ✓  216 [webkit] › tests/e2e/rb06-recovery.spec.ts:35:1 › native保存ack待ちに届いた後続ファイルを保持し、先の新規復元が確認画面を開き直さない (2.9s)
verify	Run BROWSER_ENGINES=all npm run test:e2e	2026-10-09T09:57:29.9828595Z   ✓  217 [webkit] › tests/e2e/rb07-production.spec.ts:12:1 › 台詞分割の入力と差分を移動・失敗から再開し、旧新ID・翻訳確認待ちをcold保存と完全ファイルで確認する (5.0s)
verify	Run BROWSER_ENGINES=all npm run test:e2e	2026-10-09T09:57:33.7415236Z   ✓  218 [webkit] › tests/e2e/rb07-production.spec.ts:18:1 › 資料の取得日時と実動画bytesを通常保存し、再読込で安全な動画表示と不足状態を区別する (3.8s)
verify	Run BROWSER_ENGINES=all npm run test:e2e	2026-10-09T09:57:37.7750242Z   ✓  219 [webkit] › tests/e2e/rb07-production.spec.ts:22:1 › 現在原文を選び直した翻訳をhash承認し、期限外・没用語を除いたUnicode候補を指摘版ごと原子保存する (4.0s)
verify	Run BROWSER_ENGINES=all npm run test:e2e	2026-10-09T09:57:41.7789164Z   ✓  220 [webkit] › tests/e2e/rb08-handoff.spec.ts:24:1 › 制作見積の入力を移動とcold再開から保持し、quota拒否後の原子保存を完全ファイルへつなぐ (4.0s)
verify	Run BROWSER_ENGINES=all npm run test:e2e	2026-10-09T09:57:46.1857360Z   ✓  221 [webkit] › tests/e2e/rb08-handoff.spec.ts:26:1 › 旧媒体と元pinを保持し、未保存候補を再開して独立改訂・予定日・完全復元を確認する (4.4s)
verify	Run BROWSER_ENGINES=all npm run test:e2e	2026-10-09T09:57:51.3991217Z   ✓  222 [webkit] › tests/e2e/rb08-handoff.spec.ts:28:1 › 相談MDの出所と対象版をcold再開し、作者別案へ保存・選択採用して正本と採用記録を復元する (5.2s)
verify	Run BROWSER_ENGINES=all npm run test:e2e	2026-10-09T09:57:56.2529312Z   ✓  223 [webkit] › tests/e2e/rb08-handoff.spec.ts:30:1 › 通常出力を独立ゲームへ渡し、実勝利・経路・受領証跡を戻して原子保存・cold・完全復元する (4.8s)
verify	Run BROWSER_ENGINES=all npm run test:e2e	2026-10-09T09:58:04.5851403Z   ✓  224 [webkit] › tests/e2e/rb08-handoff.spec.ts:32:1 › 通常画面で旧版と現稿の公開範囲を作り、固定引用のUnicode位置を試遊ZIPから開いて戻り、承認をcold復元する (8.3s)
verify	Run BROWSER_ENGINES=all npm run test:e2e	2026-10-09T09:58:07.8167412Z   ✓  225 [webkit] › tests/e2e/rb08-handoff.spec.ts:38:1 › 通常画面で企画・プレイ行動・実装作業を照合し、容量失敗後に対象版付き確認を保存しcold完全復元する (3.2s)
verify	Run BROWSER_ENGINES=all npm run test:e2e	2026-10-09T09:58:11.5642727Z   ✓  226 [webkit] › tests/e2e/rb08-handoff.spec.ts:43:1 › 通常出力の試遊ZIPが同じ素材IDの旧動画decodeと新音声bytesを別々に検証して固定参照から戻る (3.7s)
verify	Run BROWSER_ENGINES=all npm run test:e2e	2026-10-09T09:58:12.9953638Z   ✓  227 [webkit] › tests/e2e/rb09-inputs.spec.ts:35:1 › active author screen keeps account controls reachable at PC and phone widths (1.4s)
verify	Run BROWSER_ENGINES=all npm run test:e2e	2026-10-09T09:58:15.4640944Z   ✓  228 [webkit] › tests/e2e/rb09-inputs.spec.ts:37:1 › input DB commit resumes all A despite a cache quota fault and cold reauthentication (2.5s)
verify	Run BROWSER_ENGINES=all npm run test:e2e	2026-10-09T09:58:17.2290117Z   ✓  229 [webkit] › tests/e2e/rb09-inputs.spec.ts:39:1 › input TX failure leaves tool and workspace B intact and preserves visible input for retry (1.8s)
verify	Run BROWSER_ENGINES=all npm run test:e2e	2026-10-09T09:58:20.4579458Z   ✓  230 [webkit] › tests/e2e/rb09-inputs.spec.ts:41:1 › delayed complete archive and base commit preserve a later shared-screen navigation (3.2s)
verify	Run BROWSER_ENGINES=all npm run test:e2e	2026-10-09T09:58:22.8359715Z   ✓  231 [webkit] › tests/e2e/rb09-sharing.spec.ts:12:1 › approved fixed reference retains Unicode position, source return, comment version and cold cache without persisting Auth (2.4s)
verify	Run BROWSER_ENGINES=all npm run test:e2e	2026-10-09T09:58:24.2894949Z   ✓  232 [webkit] › tests/e2e/rb09-sharing.spec.ts:14:1 › revocation refuses a new snapshot and clears the cached displayed edition (1.4s)
verify	Run BROWSER_ENGINES=all npm run test:e2e	2026-10-09T09:58:26.4052070Z   ✓  233 [webkit] › tests/e2e/rb09-sharing.spec.ts:16:1 › a requested fixed snapshot opens after a delayed metadata listing instead of being dropped by the initial busy lock (2.1s)
verify	Run BROWSER_ENGINES=all npm run test:e2e	2026-10-09T09:58:30.3866912Z   ✓  234 [webkit] › tests/e2e/rb10-completion.spec.ts:12:1 › paged chapter tail keeps original move indices, selection and cold return position through a complete save (4.0s)
verify	Run BROWSER_ENGINES=all npm run test:e2e	2026-10-09T09:58:33.5537259Z   ✓  235 [webkit] › tests/e2e/rb10-completion.spec.ts:18:1 › paged branch and production searches reach tail items without creating all DOM records (3.2s)
verify	Run BROWSER_ENGINES=all npm run test:e2e	2026-10-09T09:58:36.9508847Z   ✓  236 [webkit] › tests/e2e/rb10-completion.spec.ts:21:1 › an actual failed atomic save retains input and exports only optional diagnostic metadata (3.4s)
verify	Run BROWSER_ENGINES=all npm run test:e2e	2026-10-09T09:58:41.2000244Z   ✓  237 [webkit] › tests/e2e/rb10-completion.spec.ts:24:1 › cancelling an in-flight command keeps the draft, revision, history and outbox until explicit retry (4.2s)
verify	Run BROWSER_ENGINES=all npm run test:e2e	2026-10-09T09:58:42.4015778Z   ✓  238 [webkit] › tests/e2e/rb10-completion.spec.ts:32:1 › a handled authentication failure records only optional identifiers and never exports credentials or the remote message (1.2s)
verify	Run BROWSER_ENGINES=all npm run test:e2e	2026-10-09T09:58:52.1361663Z   ✓  239 [webkit] › tests/e2e/rb10-completion.spec.ts:37:1 › AT-F29 normal author operation imports frozen shared quotation and task atomically, retains a failed preview, records both stages and reloads the old edition (9.7s)
verify	Run BROWSER_ENGINES=all npm run test:e2e	2026-10-09T09:58:54.6280158Z   ✓  240 [webkit] › tests/e2e/rb10-completion.spec.ts:51:1 › F29 public old-version deep link carries only public IDs and Unicode offsets without private identifiers (2.5s)
verify	Run BROWSER_ENGINES=all npm run test:e2e	2026-10-09T09:58:57.7349820Z   ✓  241 [webkit] › tests/e2e/rb10-completion.spec.ts:55:1 › F37 normal state editor shows enum meaning candidates while keeping an unknown initial value through a complete file and reload (3.1s)
verify	Run BROWSER_ENGINES=all npm run test:e2e	2026-10-09T09:59:07.1685015Z   ✓  242 [webkit] › tests/e2e/rb10-completion.spec.ts:59:1 › real native IndexedDB cancels a worker while a full import transaction contains parts, then explicitly retries and cold-loads every body (9.4s)
verify	Run BROWSER_ENGINES=all npm run test:e2e	2026-10-09T09:59:14.4979176Z   ✓  243 [webkit] › tests/e2e/rb10-graph.spec.ts:10:1 › graph movement keeps connected lines, device layout and live semantic edits consistent through cold reload (7.3s)
verify	Run BROWSER_ENGINES=all npm run test:e2e	2026-10-09T09:59:27.1798394Z   ✓  244 [webkit] › tests/e2e/rb10-library-reopen.spec.ts:52:1 › library selection keeps canonical projects clean and resumes a failed draft across another project, cold reload and empty new/clone restoration (12.7s)
verify	Run BROWSER_ENGINES=all npm run test:e2e	2026-10-09T10:01:02.7855141Z   ✓  245 [webkit] › tests/e2e/rb10-reference-index.spec.ts:11:1 › Large references can be cancelled and retried while the current editor stays writable, with no partial or stale rows (1.6m)
verify	Run BROWSER_ENGINES=all npm run test:e2e	2026-10-09T10:01:07.9933379Z   ✓  246 [webkit] › tests/e2e/reader-fallback.spec.ts:15:1 › 幅390pxの手動試読で候補がない場合の代替進行を確認・巻戻・記録再生できる (5.2s)
verify	Run BROWSER_ENGINES=all npm run test:e2e	2026-10-09T10:01:11.6368464Z   ✓  247 [webkit] › tests/e2e/review-runtime.spec.ts:21:1 › RV08 作品設定の未保存入力と不正暦入力を画面移動から再開し、設定を原子保存・再読込する (3.6s)
verify	Run BROWSER_ENGINES=all npm run test:e2e	2026-10-09T10:01:15.4849358Z   ✓  248 [webkit] › tests/e2e/review-runtime.spec.ts:39:1 › RV05/RV06 旧版の入口と固定リンクを通常画面で開き、経路保存・再読込・再実行する (3.8s)
verify	Run BROWSER_ENGINES=all npm run test:e2e	2026-10-09T10:01:19.7642844Z   ✓  249 [webkit] › tests/e2e/review-runtime.spec.ts:61:1 › RB05 相互排他を金額・物品と原子拒否し、二入口の台詞・経路を再読込して合流比較する (4.3s)
verify	Run BROWSER_ENGINES=all npm run test:e2e	2026-10-09T10:01:27.9248702Z   ✓  250 [webkit] › tests/e2e/structured-forms.spec.ts:38:1 › 別名の不正な子項目を削除・種類切替・任意項目解除で修正すると保存でき、切替取消は入力を保つ (8.1s)
verify	Run BROWSER_ENGINES=all npm run test:e2e	2026-10-09T10:01:34.2034584Z   ✓  251 [webkit] › tests/e2e/structured-forms.spec.ts:75:1 › 未完成の数値を未保存入力として再表示し、非表示でも保存を止め、修正と配列削除後の値を再読込する (6.3s)
verify	Run BROWSER_ENGINES=all npm run test:e2e	2026-10-09T10:01:39.7986225Z   ✓  252 [webkit] › tests/e2e/structured-forms.spec.ts:107:1 › 状態値の記録キーは状態変数から選択でき、不正な数値を含む記録項目を削除して保存する (5.6s)
verify	Run BROWSER_ENGINES=all npm run test:e2e	2026-10-09T10:01:44.6108939Z   ✓  253 [webkit] › tests/e2e/structured-forms.spec.ts:137:1 › 公開用の辞書の先頭キーをキーボードで変更しても位置・フォーカス・値を保ち、一時重複は復元後に修正できる (4.8s)
verify	Run BROWSER_ENGINES=all npm run test:e2e	2026-10-09T10:01:49.9716535Z   ✓  254 [webkit] › tests/e2e/structured-forms.spec.ts:174:1 › 固定版の人物と段落が現在版からなくても、別名と試読状態の通常フォームから無関係な変更を保存する (5.4s)
verify	Run BROWSER_ENGINES=all npm run test:e2e	2026-10-09T10:02:02.6123892Z   ✓  255 [webkit] › tests/e2e/templates.spec.ts:25:1 › AT-F02/F56 雛形の通常フォームを差分確認して適用し、非表示・型変更の取消・明示置換を再読込まで保持する (12.6s)
verify	Run BROWSER_ENGINES=all npm run test:e2e	2026-10-09T10:02:06.8171370Z   ✓  256 [webkit] › tests/e2e/templates.spec.ts:133:1 › 雛形の保存キーが一時的に重複しても各項目の初期値を保ち、再表示・改名・差分適用後も両方の値を保持する (4.2s)
verify	Run BROWSER_ENGINES=all npm run test:e2e	2026-10-09T10:02:13.5817327Z   ✓  257 [webkit] › tests/e2e/world-workspace.spec.ts:17:1 › 世界版の選択・借用参照・固定表示を通常画面で保存し、完全保存にも同じ版を保持する (6.7s)
verify	Run BROWSER_ENGINES=all npm run test:e2e	2026-10-09T10:02:20.2446278Z   ✓  258 [webkit] › tests/e2e/writing-workspace.spec.ts:32:1 › 作者別案の未保存入力を画面移動から保持し、版保存・再読込・完全保存へ接続する (6.6s)
verify	Run BROWSER_ENGINES=all npm run test:e2e	2026-10-09T10:02:23.4719679Z   ✓  259 [webkit] › tests/e2e/writing-workspace.spec.ts:95:1 › 章試読は固定版の本文を提示して開始状態と経路を通常保存する (3.2s)
verify	Run BROWSER_ENGINES=all npm run test:e2e	2026-10-09T10:02:27.7814259Z   ✓  260 [webkit] › tests/e2e/writing-workspace.spec.ts:117:1 › 参照値を変えた別案の採用を通常保存し、確認依頼と採用記録を再読込・完全保存する (4.3s)
verify	Run BROWSER_ENGINES=all npm run test:e2e	2026-10-09T10:02:30.8507882Z   ✓  261 [webkit] › tests/e2e/writing-workspace.spec.ts:149:1 › 章と場面の順序・所属・筋の変更を通常保存して再読込する (3.1s)
verify	Run BROWSER_ENGINES=all npm run test:e2e	2026-10-09T10:02:31.2126352Z 
verify	Run BROWSER_ENGINES=all npm run test:e2e	2026-10-09T10:02:31.2132379Z   261 passed (18.7m)
verify	Run RB03_ENGINES=chromium,firefox,webkit node tests/browser/run-rb03-components.mjs	﻿2026-10-09T10:02:31.6908553Z ##[group]Run RB03_ENGINES=chromium,firefox,webkit node tests/browser/run-rb03-components.mjs
verify	Run RB03_ENGINES=chromium,firefox,webkit node tests/browser/run-rb03-components.mjs	2026-10-09T10:02:31.6909111Z [36;1mRB03_ENGINES=chromium,firefox,webkit node tests/browser/run-rb03-components.mjs[0m
verify	Run RB03_ENGINES=chromium,firefox,webkit node tests/browser/run-rb03-components.mjs	2026-10-09T10:02:31.6946376Z shell: /usr/bin/bash -e {0}
verify	Run RB03_ENGINES=chromium,firefox,webkit node tests/browser/run-rb03-components.mjs	2026-10-09T10:02:31.6946687Z env:
verify	Run RB03_ENGINES=chromium,firefox,webkit node tests/browser/run-rb03-components.mjs	2026-10-09T10:02:31.6947177Z   CHROMIUM_PATH: /home/runner/.cache/ms-playwright/chromium-1243/chrome-linux64/chrome
verify	Run RB03_ENGINES=chromium,firefox,webkit node tests/browser/run-rb03-components.mjs	2026-10-09T10:02:31.6947616Z ##[endgroup]
verify	Run RB03_ENGINES=chromium,firefox,webkit node tests/browser/run-rb03-components.mjs	2026-10-09T10:02:38.7672228Z RB03 chromium: 5 component regression groups passed.
verify	Run RB03_ENGINES=chromium,firefox,webkit node tests/browser/run-rb03-components.mjs	2026-10-09T10:02:41.7118254Z RB03 chromium timeline smoke passed
verify	Run RB03_ENGINES=chromium,firefox,webkit node tests/browser/run-rb03-components.mjs	2026-10-09T10:02:45.3714425Z RB03 chromium world smoke passed
verify	Run RB03_ENGINES=chromium,firefox,webkit node tests/browser/run-rb03-components.mjs	2026-10-09T10:02:52.4443001Z RB03 firefox: 5 component regression groups passed.
verify	Run RB03_ENGINES=chromium,firefox,webkit node tests/browser/run-rb03-components.mjs	2026-10-09T10:02:57.0527703Z RB03 firefox timeline smoke passed
verify	Run RB03_ENGINES=chromium,firefox,webkit node tests/browser/run-rb03-components.mjs	2026-10-09T10:03:02.7206897Z RB03 firefox world smoke passed
verify	Run RB03_ENGINES=chromium,firefox,webkit node tests/browser/run-rb03-components.mjs	2026-10-09T10:03:09.7161690Z RB03 webkit: 5 component regression groups passed.
verify	Run RB03_ENGINES=chromium,firefox,webkit node tests/browser/run-rb03-components.mjs	2026-10-09T10:03:13.2922455Z RB03 webkit timeline smoke passed
verify	Run RB03_ENGINES=chromium,firefox,webkit node tests/browser/run-rb03-components.mjs	2026-10-09T10:03:17.3012322Z RB03 webkit world smoke passed
verify	Run for engine in chromium firefox webkit; do	﻿2026-10-09T10:03:17.3860676Z ##[group]Run for engine in chromium firefox webkit; do
verify	Run for engine in chromium firefox webkit; do	2026-10-09T10:03:17.3861053Z [36;1mfor engine in chromium firefox webkit; do[0m
verify	Run for engine in chromium firefox webkit; do	2026-10-09T10:03:17.3861600Z [36;1m  RB04_ENGINE="$engine" RB04_OUTPUT_DIR=test-results/rb04 node tests/browser/rb04-author-regressions.mjs[0m
verify	Run for engine in chromium firefox webkit; do	2026-10-09T10:03:17.3862038Z [36;1mdone[0m
verify	Run for engine in chromium firefox webkit; do	2026-10-09T10:03:17.3897215Z shell: /usr/bin/bash -e {0}
verify	Run for engine in chromium firefox webkit; do	2026-10-09T10:03:17.3897489Z env:
verify	Run for engine in chromium firefox webkit; do	2026-10-09T10:03:17.3897820Z   CHROMIUM_PATH: /home/runner/.cache/ms-playwright/chromium-1243/chrome-linux64/chrome
verify	Run for engine in chromium firefox webkit; do	2026-10-09T10:03:17.3898178Z ##[endgroup]
verify	Run for engine in chromium firefox webkit; do	2026-10-09T10:03:23.3423503Z {"engine":"chromium","checksPassed":12,"output":"/home/runner/work/shinariokanri/shinariokanri/test-results/rb04/rb04-author-regressions-chromium-hS8ojV"}
verify	Run for engine in chromium firefox webkit; do	2026-10-09T10:03:30.3983211Z {"engine":"firefox","checksPassed":12,"output":"/home/runner/work/shinariokanri/shinariokanri/test-results/rb04/rb04-author-regressions-firefox-HOwt9K"}
verify	Run for engine in chromium firefox webkit; do	2026-10-09T10:03:35.8588908Z {"engine":"webkit","checksPassed":12,"output":"/home/runner/work/shinariokanri/shinariokanri/test-results/rb04/rb04-author-regressions-webkit-as6iD0"}
verify	Run npx playwright test -c tests/rb04/playwright.config.ts --project=chromium --output=test-results/rb04-writing-chromium	﻿2026-10-09T10:03:35.8913834Z ##[group]Run npx playwright test -c tests/rb04/playwright.config.ts --project=chromium --output=test-results/rb04-writing-chromium
verify	Run npx playwright test -c tests/rb04/playwright.config.ts --project=chromium --output=test-results/rb04-writing-chromium	2026-10-09T10:03:35.8914664Z [36;1mnpx playwright test -c tests/rb04/playwright.config.ts --project=chromium --output=test-results/rb04-writing-chromium[0m
verify	Run npx playwright test -c tests/rb04/playwright.config.ts --project=chromium --output=test-results/rb04-writing-chromium	2026-10-09T10:03:35.8953160Z shell: /usr/bin/bash -e {0}
verify	Run npx playwright test -c tests/rb04/playwright.config.ts --project=chromium --output=test-results/rb04-writing-chromium	2026-10-09T10:03:35.8953474Z env:
verify	Run npx playwright test -c tests/rb04/playwright.config.ts --project=chromium --output=test-results/rb04-writing-chromium	2026-10-09T10:03:35.8953835Z   CHROMIUM_PATH: /home/runner/.cache/ms-playwright/chromium-1243/chrome-linux64/chrome
verify	Run npx playwright test -c tests/rb04/playwright.config.ts --project=chromium --output=test-results/rb04-writing-chromium	2026-10-09T10:03:35.8954210Z ##[endgroup]
verify	Run npx playwright test -c tests/rb04/playwright.config.ts --project=chromium --output=test-results/rb04-writing-chromium	2026-10-09T10:03:37.2424131Z 
verify	Run npx playwright test -c tests/rb04/playwright.config.ts --project=chromium --output=test-results/rb04-writing-chromium	2026-10-09T10:03:37.2424927Z Running 4 tests using 1 worker
verify	Run npx playwright test -c tests/rb04/playwright.config.ts --project=chromium --output=test-results/rb04-writing-chromium	2026-10-09T10:03:37.2425523Z 
verify	Run npx playwright test -c tests/rb04/playwright.config.ts --project=chromium --output=test-results/rb04-writing-chromium	2026-10-09T10:03:39.3578198Z   ✓  1 [chromium] › tests/rb04/workspace.spec.ts:38:1 › 章・筋・人物の見せ方が共有scene IDを保ち、回想順を世界時点と分離する (1.5s)
verify	Run npx playwright test -c tests/rb04/playwright.config.ts --project=chromium --output=test-results/rb04-writing-chromium	2026-10-09T10:03:40.9499241Z   ✓  2 [chromium] › tests/rb04/workspace.spec.ts:83:1 › 通読は章を絞り、選んだ経路を編集して再訪し実際の提示だけ記録する (1.6s)
verify	Run npx playwright test -c tests/rb04/playwright.config.ts --project=chromium --output=test-results/rb04-writing-chromium	2026-10-09T10:03:43.0609425Z   ✓  3 [chromium] › tests/rb04/workspace.spec.ts:141:1 › 別案の作成・編集・版戻し・採用・取消は正本と公開snapshotを分けて保つ (2.1s)
verify	Run npx playwright test -c tests/rb04/playwright.config.ts --project=chromium --output=test-results/rb04-writing-chromium	2026-10-09T10:03:44.6307527Z   ✓  4 [chromium] › tests/rb04/workspace.spec.ts:197:1 › 構成プレビューは取消では本文順を変えず、適用後の別案版だけに順序を保存する (1.6s)
verify	Run npx playwright test -c tests/rb04/playwright.config.ts --project=chromium --output=test-results/rb04-writing-chromium	2026-10-09T10:03:44.7320020Z 
verify	Run npx playwright test -c tests/rb04/playwright.config.ts --project=chromium --output=test-results/rb04-writing-chromium	2026-10-09T10:03:44.7323035Z   4 passed (8.2s)
verify	Run npx playwright test -c tests/rb04/playwright.config.ts --project=webkit --output=test-results/rb04-writing-webkit	﻿2026-10-09T10:03:44.7511373Z ##[group]Run npx playwright test -c tests/rb04/playwright.config.ts --project=webkit --output=test-results/rb04-writing-webkit
verify	Run npx playwright test -c tests/rb04/playwright.config.ts --project=webkit --output=test-results/rb04-writing-webkit	2026-10-09T10:03:44.7512069Z [36;1mnpx playwright test -c tests/rb04/playwright.config.ts --project=webkit --output=test-results/rb04-writing-webkit[0m
verify	Run npx playwright test -c tests/rb04/playwright.config.ts --project=webkit --output=test-results/rb04-writing-webkit	2026-10-09T10:03:44.7546386Z shell: /usr/bin/bash -e {0}
verify	Run npx playwright test -c tests/rb04/playwright.config.ts --project=webkit --output=test-results/rb04-writing-webkit	2026-10-09T10:03:44.7546640Z env:
verify	Run npx playwright test -c tests/rb04/playwright.config.ts --project=webkit --output=test-results/rb04-writing-webkit	2026-10-09T10:03:44.7546971Z   CHROMIUM_PATH: /home/runner/.cache/ms-playwright/chromium-1243/chrome-linux64/chrome
verify	Run npx playwright test -c tests/rb04/playwright.config.ts --project=webkit --output=test-results/rb04-writing-webkit	2026-10-09T10:03:44.7547508Z ##[endgroup]
verify	Run npx playwright test -c tests/rb04/playwright.config.ts --project=webkit --output=test-results/rb04-writing-webkit	2026-10-09T10:03:45.8488623Z 
verify	Run npx playwright test -c tests/rb04/playwright.config.ts --project=webkit --output=test-results/rb04-writing-webkit	2026-10-09T10:03:45.8489452Z Running 4 tests using 1 worker
verify	Run npx playwright test -c tests/rb04/playwright.config.ts --project=webkit --output=test-results/rb04-writing-webkit	2026-10-09T10:03:45.8489766Z 
verify	Run npx playwright test -c tests/rb04/playwright.config.ts --project=webkit --output=test-results/rb04-writing-webkit	2026-10-09T10:03:48.0541789Z   ✓  1 [webkit] › tests/rb04/workspace.spec.ts:38:1 › 章・筋・人物の見せ方が共有scene IDを保ち、回想順を世界時点と分離する (1.7s)
verify	Run npx playwright test -c tests/rb04/playwright.config.ts --project=webkit --output=test-results/rb04-writing-webkit	2026-10-09T10:03:49.8948657Z   ✓  2 [webkit] › tests/rb04/workspace.spec.ts:83:1 › 通読は章を絞り、選んだ経路を編集して再訪し実際の提示だけ記録する (1.8s)
verify	Run npx playwright test -c tests/rb04/playwright.config.ts --project=webkit --output=test-results/rb04-writing-webkit	2026-10-09T10:03:52.3598607Z   ✓  3 [webkit] › tests/rb04/workspace.spec.ts:141:1 › 別案の作成・編集・版戻し・採用・取消は正本と公開snapshotを分けて保つ (2.5s)
verify	Run npx playwright test -c tests/rb04/playwright.config.ts --project=webkit --output=test-results/rb04-writing-webkit	2026-10-09T10:03:54.1341967Z   ✓  4 [webkit] › tests/rb04/workspace.spec.ts:197:1 › 構成プレビューは取消では本文順を変えず、適用後の別案版だけに順序を保存する (1.8s)
verify	Run npx playwright test -c tests/rb04/playwright.config.ts --project=webkit --output=test-results/rb04-writing-webkit	2026-10-09T10:03:54.2374975Z 
verify	Run npx playwright test -c tests/rb04/playwright.config.ts --project=webkit --output=test-results/rb04-writing-webkit	2026-10-09T10:03:54.2378641Z   4 passed (8.9s)
verify	Run actions/upload-artifact@v4	﻿2026-10-09T10:03:54.2585306Z ##[group]Run actions/upload-artifact@v4
verify	Run actions/upload-artifact@v4	2026-10-09T10:03:54.2585581Z with:
verify	Run actions/upload-artifact@v4	2026-10-09T10:03:54.2585767Z   name: browser-evidence
verify	Run actions/upload-artifact@v4	2026-10-09T10:03:54.2585995Z   path: playwright-report/
verify	Run actions/upload-artifact@v4	test-results/
verify	Run actions/upload-artifact@v4	
verify	Run actions/upload-artifact@v4	2026-10-09T10:03:54.2586248Z   if-no-files-found: warn
verify	Run actions/upload-artifact@v4	2026-10-09T10:03:54.2586467Z   compression-level: 6
verify	Run actions/upload-artifact@v4	2026-10-09T10:03:54.2586661Z   overwrite: false
verify	Run actions/upload-artifact@v4	2026-10-09T10:03:54.2586855Z   include-hidden-files: false
verify	Run actions/upload-artifact@v4	2026-10-09T10:03:54.2587274Z env:
verify	Run actions/upload-artifact@v4	2026-10-09T10:03:54.2587585Z   CHROMIUM_PATH: /home/runner/.cache/ms-playwright/chromium-1243/chrome-linux64/chrome
verify	Run actions/upload-artifact@v4	2026-10-09T10:03:54.2587964Z ##[endgroup]
verify	Run actions/upload-artifact@v4	2026-10-09T10:03:54.3950838Z (node:23182) [DEP0040] DeprecationWarning: The `punycode` module is deprecated. Please use a userland alternative instead.
verify	Run actions/upload-artifact@v4	2026-10-09T10:03:54.3951513Z (Use `node --trace-deprecation ...` to show where the warning was created)
verify	Run actions/upload-artifact@v4	2026-10-09T10:03:54.4066745Z Multiple search paths detected. Calculating the least common ancestor of all paths
verify	Run actions/upload-artifact@v4	2026-10-09T10:03:54.4068623Z The least common ancestor is /home/runner/work/shinariokanri/shinariokanri. This will be the root directory of the artifact
verify	Run actions/upload-artifact@v4	2026-10-09T10:03:54.4069466Z With the provided path, there will be 43 files uploaded
verify	Run actions/upload-artifact@v4	2026-10-09T10:03:54.4073210Z Artifact name is valid!
verify	Run actions/upload-artifact@v4	2026-10-09T10:03:54.4073835Z Root directory input is valid!
verify	Run actions/upload-artifact@v4	2026-10-09T10:03:54.7239203Z Beginning upload of artifact content to blob storage
verify	Run actions/upload-artifact@v4	2026-10-09T10:03:54.8997952Z (node:23182) [DEP0169] DeprecationWarning: `url.parse()` behavior is not standardized and prone to errors that have security implications. Use the WHATWG URL API instead. CVEs are not issued for `url.parse()` vulnerabilities.
verify	Run actions/upload-artifact@v4	2026-10-09T10:03:55.6286765Z Uploaded bytes 3906893
verify	Run actions/upload-artifact@v4	2026-10-09T10:03:55.6929772Z Finished uploading artifact content to blob storage!
verify	Run actions/upload-artifact@v4	2026-10-09T10:03:55.6931204Z SHA256 digest of uploaded artifact zip is 397eadb4326f8ddadd5ee412a7ee3043ce635b29f9ffa488d799c48a4ca661b8
verify	Run actions/upload-artifact@v4	2026-10-09T10:03:55.6932756Z Finalizing artifact upload
verify	Run actions/upload-artifact@v4	2026-10-09T10:03:55.9909809Z Artifact browser-evidence.zip successfully finalized. Artifact ID 11608902728
verify	Run actions/upload-artifact@v4	2026-10-09T10:03:55.9910660Z Artifact browser-evidence has been successfully uploaded! Final size is 3906893 bytes. Artifact ID is 11608902728
verify	Run actions/upload-artifact@v4	2026-10-09T10:03:55.9915616Z Artifact download URL: https://github.com/chameleonjp-lab/shinariokanri/actions/runs/37912747066/artifacts/11608902728
verify	Post Run actions/setup-node@v4	﻿2026-10-09T10:03:56.0060263Z Post job cleanup.
verify	Post Run actions/setup-node@v4	2026-10-09T10:03:56.1126359Z (node:23194) [DEP0040] DeprecationWarning: The `punycode` module is deprecated. Please use a userland alternative instead.
verify	Post Run actions/setup-node@v4	2026-10-09T10:03:56.1127474Z (Use `node --trace-deprecation ...` to show where the warning was created)
verify	Post Run actions/setup-node@v4	2026-10-09T10:03:56.1135750Z Cache hit occurred on the primary key node-cache-Linux-x64-npm-6d82bbc41af669d666d011c5fca070c497082ca77603293ec8c70d28ba98cc31, not saving cache.
verify	Post Run actions/checkout@v4	﻿2026-10-09T10:03:56.1230549Z Post job cleanup.
verify	Post Run actions/checkout@v4	2026-10-09T10:03:56.1993714Z [command]/usr/bin/git version
verify	Post Run actions/checkout@v4	2026-10-09T10:03:56.2026990Z git version 2.55.0
verify	Post Run actions/checkout@v4	2026-10-09T10:03:56.2061944Z Temporarily overriding HOME='/home/runner/work/_temp/e680bda2-9432-43b2-b31c-cad67e371677' before making global git config changes
verify	Post Run actions/checkout@v4	2026-10-09T10:03:56.2063254Z Adding repository directory to the temporary git global config as a safe directory
verify	Post Run actions/checkout@v4	2026-10-09T10:03:56.2066759Z [command]/usr/bin/git config --global --add safe.directory /home/runner/work/shinariokanri/shinariokanri
verify	Post Run actions/checkout@v4	2026-10-09T10:03:56.2096610Z [command]/usr/bin/git config --local --name-only --get-regexp core\.sshCommand
verify	Post Run actions/checkout@v4	2026-10-09T10:03:56.2126207Z [command]/usr/bin/git submodule foreach --recursive sh -c "git config --local --name-only --get-regexp 'core\.sshCommand' && git config --local --unset-all 'core.sshCommand' || :"
verify	Post Run actions/checkout@v4	2026-10-09T10:03:56.2306780Z [command]/usr/bin/git config --local --name-only --get-regexp http\.https\:\/\/github\.com\/\.extraheader
verify	Post Run actions/checkout@v4	2026-10-09T10:03:56.2325179Z http.https://github.com/.extraheader
verify	Post Run actions/checkout@v4	2026-10-09T10:03:56.2335868Z [command]/usr/bin/git config --local --unset-all http.https://github.com/.extraheader
verify	Post Run actions/checkout@v4	2026-10-09T10:03:56.2366207Z [command]/usr/bin/git submodule foreach --recursive sh -c "git config --local --name-only --get-regexp 'http\.https\:\/\/github\.com\/\.extraheader' && git config --local --unset-all 'http.https://github.com/.extraheader' || :"
verify	Post Run actions/checkout@v4	2026-10-09T10:03:56.2625598Z [command]/usr/bin/git config --local --name-only --get-regexp ^includeIf\.gitdir:
verify	Post Run actions/checkout@v4	2026-10-09T10:03:56.2659120Z [command]/usr/bin/git submodule foreach --recursive git config --local --show-origin --name-only --get-regexp remote.origin.url
verify	Complete job	﻿2026-10-09T10:03:56.2982209Z Cleaning up orphan processes
verify	Complete job	2026-10-09T10:03:56.3243746Z ##[warning]Node.js 20 is deprecated. The following actions target Node.js 20 but are being forced to run on Node.js 24: actions/checkout@v4, actions/setup-node@v4, actions/upload-artifact@v4. For more information see: https://github.blog/changelog/2025-09-19-deprecation-of-node-20-on-github-actions-runners/
